url,title,price,bok_id,location,bedrooms,bathrooms,sqft,parking,agent,agent_agency,agent_phone,agent_image,image,images,date_published,lastmod,property_style,property_type,description,features,scraped_at
https://mybunchofkeys.com/property/executive-columbus-circle-house-for-rent/,Executive Columbus Circle House for Rent - My Bunch of Keys,"$4,500 / Mth (USD)",BOK-1068538,"Columbus Circle,",4,4,,,Deneco Limited,,(868) 788-8949,https://mybunchofkeys.com/wp-content/uploads/2024/04/Deneco-Logo-320x320.jpg,https://mybunchofkeys.com/wp-content/uploads/2026/08/eb8f1240-996d-4e21-b192-71c9a1cdd653.jpeg,https://mybunchofkeys.com/wp-content/uploads/2026/08/eb8f1240-996d-4e21-b192-71c9a1cdd653.jpeg; https://mybunchofkeys.com/wp-content/uploads/2026/08/771b87b8-769b-4967-9f82-22cb3e55a136.jpeg; https://mybunchofkeys.com/wp-content/uploads/2026/08/efe70f34-12f3-4636-b7f9-19d2a67328a9.jpeg; https://mybunchofkeys.com/wp-content/uploads/2026/08/09dc8292-b3a0-4833-8d1b-a795323684e1.jpeg; https://mybunchofkeys.com/wp-content/uploads/2026/08/16ea8409-bad8-4668-9856-fe5dddf81980.jpeg; https://mybunchofkeys.com/wp-content/uploads/2026/08/940b3729-9946-4a90-9db8-2e221cbfa11e.jpeg; https://mybunchofkeys.com/wp-content/uploads/2026/08/cf6a04db-b3b0-4780-ac13-0023431600c5.jpeg; https://mybunchofkeys.com/wp-content/uploads/2026/08/a4f929a9-2a58-42d1-819b-d45052ce3739.jpeg; https://mybunchofkeys.com/wp-content/uploads/2026/08/7a96d8f1-09fe-477a-b0f0-5b928b91dac0.jpeg; https://mybunchofkeys.com/wp-content/uploads/2026/08/eb8f1240-996d-4e21-b192-71c9a1cdd653-1.jpeg; https://mybunchofkeys.com/wp-content/uploads/2026/08/04656936-7994-49c7-92f3-ae48390bca8b.jpeg; https://mybunchofkeys.com/wp-content/uploads/2026/08/a3b446e6-2ba7-4c4f-af35-a29ce810cffe.jpeg; https://mybunchofkeys.com/wp-content/uploads/2026/08/b281c9dd-1eea-47bf-9be1-34adde86af30.jpeg; https://mybunchofkeys.com/wp-content/uploads/2026/08/c3179018-7888-488d-a61d-8a9f0cf7f89a.jpeg; https://mybunchofkeys.com/wp-content/uploads/2026/08/b0cc3b7e-1e43-4d9d-9f92-ae5e41bb02c1.jpeg; https://mybunchofkeys.com/wp-content/uploads/2026/08/6833cae6-846e-4014-857c-5f38f099a160.jpeg; https://mybunchofkeys.com/wp-content/uploads/2026/08/9e06ff3b-f87f-4cd4-bb35-6acc01d2a0f3.jpeg; https://mybunchofkeys.com/wp-content/uploads/2026/08/cf36e49d-7101-4b1f-b283-407aa4f605ac.jpeg; https://mybunchofkeys.com/wp-content/uploads/2026/08/c9f86018-c721-47a2-8897-496a956b832d.jpeg; https://mybunchofkeys.com/wp-content/uploads/2026/08/15d35820-6d21-457e-ba62-3707cd5707e4.jpeg; https://mybunchofkeys.com/wp-content/uploads/2026/08/af15329d-e7f2-47b6-abd4-10bc82dbbaab.jpeg,2026-08-06T20:30:35+00:00,,House,For Rent,Ground floor: Open plan living dining and kitchen with all major appliances Multi purpose see room Full bathroom Utility room en suite Separate Laundry room Patio and swimming pool Internal wooden stair case with landing on the first floor sealed off with a sturdy steel door making the upper floor into a safe space First Floor Master bedroom en suite with walk in closet Two large bedrooms with closets One spacious shared bathroom Horizontal blinds in all rooms Two 400 gallon water tanks Modern with lots of natural light Burglar proofed and security system Listed at USD $4500.00 Call Deneco Limited 788 8949 to arrange a showing,Semi Furnished; Move in Ready; Private Pool; Electricity; Air Conditioning; Kitchen Appliances; Patio; Covered Garage; Remote Gate; Pet Friendly; Kid Friendly; Laundry Area/Facility; Maid Quarters; Built-in Closets; Walk-in Closets; Water Tank; Water Pump; Water Heater,2026-08-06T23:24:16.914014+00:00
https://mybunchofkeys.com/property/executive-furnished-home-for-rent-signature-park-mausica-11000/,"*Executive Furnished Home for Rent | Signature Park, Mausica-11000 - My Bunch of Keys","$11,000 / Mth",BOK-1068540,Mausica,3,2.5,,4,Parker Real Estate,,(868) 703-7156,https://mybunchofkeys.com/wp-content/uploads/2025/07/Parker-Real-Estate-Logo-320x320.jpg,https://mybunchofkeys.com/wp-content/uploads/2026/08/kitchen-1-2.jpeg,https://mybunchofkeys.com/wp-content/uploads/2026/08/kitchen-1-2.jpeg; https://mybunchofkeys.com/wp-content/uploads/2026/08/bedroom-810x1080.jpeg; https://mybunchofkeys.com/wp-content/uploads/2026/08/bedroom2-1-810x1080.jpeg; https://mybunchofkeys.com/wp-content/uploads/2026/08/front-yard-810x1080.jpeg; https://mybunchofkeys.com/wp-content/uploads/2026/08/house-1440x1080.jpeg; https://mybunchofkeys.com/wp-content/uploads/2026/08/kitchen-1-2-810x1080.jpeg; https://mybunchofkeys.com/wp-content/uploads/2026/08/living-room-1-810x1080.jpeg; https://mybunchofkeys.com/wp-content/uploads/2026/08/tv-room-810x1080.jpeg,2026-08-06T20:30:06+00:00,,House,For Rent,"**Executive Furnished Home for Rent | Signature Park, Mausica**

About the Region
Mausica Mausica also known as Mausica Road is located between D’abadie and Arima in the North Eastern side of Trinidad. This is considered a residential area where many small businesses are thriving due to its economic growth. Major businesses such as Pricesmart and Arawak have taken up location amongst this community. Mausica area has developed significantly as there are gated communities located there. Mausica Road begins from the Eastern Main Road, crosses the highway and joins onto the Caroni North Bank Road. On this side of Mausica Road, there are mostly government plantations and administrative buildings, private owned quarries and minimal residents. Many working class persons use this road to divert from traffic and use as shortcuts to move from the East into the Central and Southern areas.",Semi Furnished; Move in Ready; Gated Community; Air Conditioning; Kitchen Island; Home Gym; Powder Room; Patio; Security Patrols; Parking on Compound; Partially Fenced; Office Space; Laundry Area/Facility; Built-in Closets; Water Tank; Water Pump; Water Heater,2026-08-06T23:24:21.570316+00:00
https://mybunchofkeys.com/property/house-for-sale-gulf-view-la-romaine-3-7mtt/,"House For Sale - Gulf View, La Romaine - $3.995MTT - My Bunch of Keys","$3,995,000",BOK-1003048,Bel Air Gulf View La Romain,3,3,5965sq.ft.,2,Veridian Realty,,(868) 476-4235,https://mybunchofkeys.com/wp-content/uploads/2021/09/veridian-logo-320x320.png,https://mybunchofkeys.com/wp-content/uploads/2026/03/IMG_6584.jpg,https://mybunchofkeys.com/wp-content/uploads/2026/03/WhatsApp-Image-2026-03-04-at-12.53.30.jpg; https://mybunchofkeys.com/wp-content/uploads/2026/03/IMG_6570.jpg; https://mybunchofkeys.com/wp-content/uploads/2026/03/IMG_6572.jpg; https://mybunchofkeys.com/wp-content/uploads/2026/03/IMG_6583.jpg; https://mybunchofkeys.com/wp-content/uploads/2026/03/IMG_6584.jpg,2026-08-06T19:35:54+00:00,,House,For Sale,"House For Sale – Gulf View, La Romaine – $3.995MTT Impressive two-storey corner property offering 5,965sf of leasehold land with 3,337sf of building space in a prime location close to all amenities. This spacious home features 3 bedrooms and 3 bathrooms, a well-appointed kitchen with living and dining areas, family room, TV room, and a private study. Additional highlights include a laundry area, three enclosed porches, gym space, and a covered two-car garage. The property is secured with a remote-control gate, providing both comfort and convenience. Please contact us for more information:

About the Region
Gulf View Gulf View is located in La Romain in the South West region of Trinidad. This is known as a residential and commercial area. Residents have so much to enjoy here as there is the Gulf City Mall, KFC, Mc Donalds, Pennywise, Carnival City Casino, Massy Stores etc. This location is especially busy around the peak seasons where many come to shop, lime, or complete business transactions required.",Unfurnished; Move in Ready; Air Conditioning; Kitchen Island; Home Gym; Patio; Parking on Compound; Remote Gate; Fully Fenced; Pet Friendly; Kid Friendly; Office Space; Laundry Area/Facility; Built-in Closets; Water Tank; Water Pump; Water Heater,2026-08-06T23:31:30.409170+00:00
https://mybunchofkeys.com/property/beaumont-ridge-maraval-for-sale-or-rent/,"Beaumont Ridge, Maraval for Rent or Sale - My Bunch of Keys","$6,000(USD)",BOK-301646,Maraval,5,6,31611sq.ft.,6,Jennifer Alcazar-Dolsingh,Alcazar Realtors,(868) 783-3242,https://mybunchofkeys.com/wp-content/uploads/2021/01/Jennifer-Alcazar-Dolsingh-MBOK-Profile-20-320x320.jpg,https://mybunchofkeys.com/wp-content/uploads/2021/03/IMG_6528.jpg,https://mybunchofkeys.com/wp-content/uploads/2021/03/IMG_6528.jpg; https://mybunchofkeys.com/wp-content/uploads/2021/03/IMG_6504.jpg; https://mybunchofkeys.com/wp-content/uploads/2021/03/IMG_6507.jpg; https://mybunchofkeys.com/wp-content/uploads/2021/03/IMG_6509.jpg; https://mybunchofkeys.com/wp-content/uploads/2021/03/IMG_6510.jpg; https://mybunchofkeys.com/wp-content/uploads/2021/03/IMG_6511.jpg; https://mybunchofkeys.com/wp-content/uploads/2021/03/IMG_6513.jpg; https://mybunchofkeys.com/wp-content/uploads/2021/03/IMG_6516.jpg; https://mybunchofkeys.com/wp-content/uploads/2021/03/IMG_6517.jpg; https://mybunchofkeys.com/wp-content/uploads/2021/03/IMG_6518.jpg; https://mybunchofkeys.com/wp-content/uploads/2021/03/IMG_6520.jpg; https://mybunchofkeys.com/wp-content/uploads/2021/03/IMG_6521.jpg; https://mybunchofkeys.com/wp-content/uploads/2021/03/IMG_6522.jpg; https://mybunchofkeys.com/wp-content/uploads/2021/03/IMG_6523.jpg; https://mybunchofkeys.com/wp-content/uploads/2021/03/IMG_6524.jpg; https://mybunchofkeys.com/wp-content/uploads/2021/03/IMG_6526.jpg; https://mybunchofkeys.com/wp-content/uploads/2021/04/unnamed-1-2.jpg; https://mybunchofkeys.com/wp-content/uploads/2021/04/unnamed-2-1.jpg; https://mybunchofkeys.com/wp-content/uploads/2021/04/unnamed-3-2.jpg; https://mybunchofkeys.com/wp-content/uploads/2021/04/unnamed-4-1.jpg; https://mybunchofkeys.com/wp-content/uploads/2021/04/unnamed-5.jpg,2026-08-06T18:32:21+00:00,,House,For Rent,"Beaumont Ridge, Maraval Located in the exclusive gated neighbourhood of Beaumont Ridge, in early Maraval, this 3 storey house is perfectly set to take advantage of the Port of Spain views. The 6,442 sq ft house sits on 31,611 sq ft of split level freehold land with: Beautifully landscaped gardens Pool with jacuzzi, poolside terrace, patio, and bar High ceilings throughout with open plan Kitchen, Living and Dining Rooms Home office Kitchen has Stainless Steel appliances, teak cabinetry and granite countertops Breakfast nook 5 bedrooms (3 with walk-in closets) Housekeeper’s quarters with separate entrance 6 bathrooms Home gym Games Room/Den Parking for 6 (2 covered) Electronic Gate Fully Air Conditioned Balconies off of the Master Bedroom and Living areas Porcelain Tiles and Hardwood floors throughout

About the Region
Maraval Maraval is one of the northern suburbs of Trinidad's capital, Port of Spain, a valley in northern Trinidad in Trinidad and Tobago. It is situated at the bottom of the hills of Paramin and located east of the Diego Martin valley to which it is connected directly by Morne Coco Road, and west of Santa Cruz valley, to which it is connected by Saddle Road. Maraval is considered one of the major high-income residential areas in the country in combination with the Westmoorings, Goodwood Park and Glencoe area, it is home of much of the island's elite, including a number of diplomats. Maraval is sometimes referred to as ""Diego Martin East"". It is home to Trinity College secondary school, St. Andrew's Golf Course and Club in Moka, which is considered to be one of the finest golf courses in the Caribbean that was established in 1891 making it one of the oldest in the world. It arguably provides the best route of access from the capital to the North Coast. Along with Santa Cruz, Maraval is located close to the best beaches on the island, allowing its residents quick access to both leisure activities, as well as downtown business and entertainment. Maraval has branches of the major locally-operating banks, supermarkets, pharmacies, boutiuqes, clothing outlets, catholic schools, churches and parish groups.",Semi Furnished; Gated Community; Private Pool; Air Conditioning; Kitchen Appliances; Home Gym; Powder Room; Patio; Security Cameras; Covered Garage; Parking on Compound; Freehold Land; Fully Fenced; Pet Friendly; Kid Friendly; Office Space; Laundry Area/Facility; Built-in Closets; Walk-in Closets,2026-08-06T23:21:12.773917+00:00
https://mybunchofkeys.com/property/592309/,"House for Sale - MARACAS GARDENS, MARACAS, ST JOSEPH - My Bunch of Keys","$5,200,000",BOK-592309,Maracas Valley San Juan St. Augustine Tunapuna,4,5,22875sq.ft.,6,Michelle Sharma,de Silva Realty,(868) 354-1226,https://mybunchofkeys.com/wp-content/uploads/2023/06/Michelle-Sharma-Profile-Pic-320x320.jpg,https://mybunchofkeys.com/wp-content/uploads/2023/05/IMG_2753.jpg,https://mybunchofkeys.com/wp-content/uploads/2023/05/IMG_2686.jpg; https://mybunchofkeys.com/wp-content/uploads/2023/05/IMG_2689.jpg; https://mybunchofkeys.com/wp-content/uploads/2023/05/IMG_2691.jpg; https://mybunchofkeys.com/wp-content/uploads/2023/05/IMG_2696.jpg; https://mybunchofkeys.com/wp-content/uploads/2023/05/IMG_2698.jpg; https://mybunchofkeys.com/wp-content/uploads/2023/05/IMG_2732.jpg; https://mybunchofkeys.com/wp-content/uploads/2023/05/IMG_2734.jpg; https://mybunchofkeys.com/wp-content/uploads/2023/05/IMG_2753.jpg; https://mybunchofkeys.com/wp-content/uploads/2023/05/IMG_2692.jpg; https://mybunchofkeys.com/wp-content/uploads/2023/05/IMG_2700.jpg; https://mybunchofkeys.com/wp-content/uploads/2023/05/IMG_2701.jpg; https://mybunchofkeys.com/wp-content/uploads/2023/05/IMG_2704.jpg; https://mybunchofkeys.com/wp-content/uploads/2023/05/IMG_2706.jpg; https://mybunchofkeys.com/wp-content/uploads/2023/05/IMG_2707.jpg; https://mybunchofkeys.com/wp-content/uploads/2023/05/IMG_2708.jpg; https://mybunchofkeys.com/wp-content/uploads/2023/05/IMG_2709.jpg; https://mybunchofkeys.com/wp-content/uploads/2023/05/IMG_2711.jpg; https://mybunchofkeys.com/wp-content/uploads/2023/05/IMG_2716.jpg; https://mybunchofkeys.com/wp-content/uploads/2023/05/IMG_2724.jpg; https://mybunchofkeys.com/wp-content/uploads/2023/05/IMG_2725.jpg; https://mybunchofkeys.com/wp-content/uploads/2023/05/IMG_2729.jpg; https://mybunchofkeys.com/wp-content/uploads/2023/05/IMG_2740.jpg; https://mybunchofkeys.com/wp-content/uploads/2023/05/IMG_2741.jpg,2026-08-06T16:26:31+00:00,,House,For Sale,"NICOLE TERRACE, MARACAS GARDENS, MARACAS, ST JOSEPH Gorgeous House, Gorgeous Views! Tri level house on 22,875 sq ft of land with incredible views. Details as follows: 4 bedrooms (2 ensuite) 4 1/2 bathrooms Balconies on all levels 3 car covered garage Electronic gate and Garage Doors Fitness Room with jacuzzi and shower Media Room with large screen projector and music Built in Bar Study with 11 ft wide built in desk 3 Storage rooms (2 internal, 1 external) Laminate floors and teak finishes throughout All bedrooms are Air Conditioned with Ceiling Fans 1,600 gallons of water Mature fruit trees Gated and guarded community HOUSE: 6,000 sq ft LAND: 22,875 sq ft FOR SALE: NOW $5.2M

About the Region
Maracas Valley Maracas Valley is a valley located in North-East Trinidad. It is separated by two mountains between Maracas–Saint Joseph and Maracas Beach. The valley is home to the nation's tallest waterfall, Maracas Falls, which towers over the valley with a height of 91.5 meters (300 ft) and is the source of the Maracas River. This river provides water for the surrounding communities. Maracas Valley is also the location of the main campus for the University of the Southern Caribbean. Trinidad's second highest mountain peak, El Tucuche, towers over the lush valley and bounds it to the north. Due to this geographic location, the valley is usually cool",Semi Furnished; Fully Furnished; Move in Ready; Recently Renovated; Gated Compound; Gated Community; Jacuzzi; Air Conditioning; Kitchen Appliances; Home Gym; Powder Room; Patio; Covered Garage; Parking on Compound; Remote Gate; Leasehold Land; Fully Fenced; Pet Friendly; Kid Friendly; Office Space; Laundry Area/Facility; Built-in Closets; Walk-in Closets; Water Tank; Water Pump,2026-08-06T23:20:22.934456+00:00
https://mybunchofkeys.com/property/aurora-drive-sunrise-park-trinicity-house-for-rent/,"Aurora Avenue, Sunrise Park, Trinicity - House for Rent - My Bunch of Keys","$8,000 / Mth",BOK-1068320,Trincity,3,2,,,Laura Homes,,868-772-5520,https://mybunchofkeys.com/wp-content/uploads/2018/04/laura-home-logo.png,https://mybunchofkeys.com/wp-content/uploads/2026/08/WhatsApp-Image-2026-08-06-at-10.37.26-AM.jpg,https://mybunchofkeys.com/wp-content/uploads/2026/08/WhatsApp-Image-2026-08-06-at-10.37.26-AM.jpg; https://mybunchofkeys.com/wp-content/uploads/2026/08/WhatsApp-Image-2026-08-06-at-10.37.27-AM-2.jpg; https://mybunchofkeys.com/wp-content/uploads/2026/08/WhatsApp-Image-2026-08-06-at-10.37.27-AM-3.jpg; https://mybunchofkeys.com/wp-content/uploads/2026/08/WhatsApp-Image-2026-08-06-at-10.37.26-AM-2.jpg; https://mybunchofkeys.com/wp-content/uploads/2026/08/WhatsApp-Image-2026-08-06-at-10.37.26-AM-1-505x1080.jpg; https://mybunchofkeys.com/wp-content/uploads/2026/08/WhatsApp-Image-2026-08-06-at-10.37.26-AM-4.jpg; https://mybunchofkeys.com/wp-content/uploads/2026/08/WhatsApp-Image-2026-08-06-at-10.37.27-AM.jpg; https://mybunchofkeys.com/wp-content/uploads/2026/08/WhatsApp-Image-2026-08-06-at-10.37.26-AM-5.jpg; https://mybunchofkeys.com/wp-content/uploads/2026/08/WhatsApp-Image-2026-08-06-at-10.37.27-AM-6.jpg; https://mybunchofkeys.com/wp-content/uploads/2026/08/WhatsApp-Image-2026-08-06-at-10.37.27-AM-4.jpg; https://mybunchofkeys.com/wp-content/uploads/2026/08/WhatsApp-Image-2026-08-06-at-10.37.27-AM-5.jpg,2026-08-06T16:06:44+00:00,,House,For Rent,"Aurora Avenue, Sunrise Park, Trinicity – House for Rent

About the Region
Trincity Trincity is a planned community in northern Trinidad. It is located along the East–West Corridor south of Tunapuna and north of Piarco. Trincity was developed by Home Construction Limited. In recent years Trincity has been one of the major growth areas in Trinidad and Tobago. Trincity Mall has been substantially enlarged, to a total of 2 million square feet making it the largest contiguous mall in the Caribbean. Trincity Mall’s anchor tenants include Caribbean Cinemas (eight-screen cineplex), Radio Shack, Francis Fashions, Tru Valu Grand Market, Pennywise Superstore just to name a few. Construction of an office park, three gated communities and a PGA golf course have been completed. Banks are located in both Trincity Mall, HB Legacy Centre and surroundings for easy business transactions. Restaurants, bars, schools and pharmacies can also be found in Trincity.",Unfurnished; Gated Community; Water Tank,2026-08-06T23:20:49.974780+00:00
https://mybunchofkeys.com/property/aranguez-house-3/,Aranguez House - My Bunch of Keys,"$2,500,000",BOK-1068288,Aranguez,4,3,6649sq.ft.,3,Carmino Realty International TT,,(868) 326-5600,https://mybunchofkeys.com/wp-content/uploads/2025/12/Carmino-Logo-2025-320x320.jpg,https://mybunchofkeys.com/wp-content/uploads/2026/08/Aranguez-External.png,https://mybunchofkeys.com/wp-content/uploads/2026/08/Aranguez-External.png; https://mybunchofkeys.com/wp-content/uploads/2026/08/Aranguez-External-1440x1080.png; https://mybunchofkeys.com/wp-content/uploads/2026/08/Outside-Yard-Edited.png; https://mybunchofkeys.com/wp-content/uploads/2026/08/Kitchen-edited.png; https://mybunchofkeys.com/wp-content/uploads/2026/08/Dining-Area-edited-1440x1080.png; https://mybunchofkeys.com/wp-content/uploads/2026/08/TV-Room-Edited-1440x1080.png; https://mybunchofkeys.com/wp-content/uploads/2026/08/Bedroom-Edited.png; https://mybunchofkeys.com/wp-content/uploads/2026/08/Bedroom-2-Edited.png,2026-08-06T15:13:15+00:00,,House,For Sale,"🏡✨ House for Sale – Aranguez ✨🏡 📍 Location: Aranguez 💰 Price: TT$2,500,000 📄 Freehold Property 📐 Land Size: 6,649 sq. ft. Discover this spacious freehold home in the highly desirable community of Aranguez , offering generous living spaces and an excellent layout for large families, multi-generational living, or investment opportunities. 🌟 Property Features: 🛏️ 4 Spacious Bedrooms 🛁 3 Bathrooms 🍽️ 2 Kitchens 🛋️ 2 Living Rooms 🚗 Parking for 3 Vehicles 💧 1 Water Tank 🚪 Electric Gate 📹 Security Camera System 📋 Recent Property Valuation Available 📍 Location Highlights: 🛒 Close to Supermarkets, Shopping Centres & Restaurants 🏫 Near Schools & Essential Amenities 🚌 Easy Access to Public Transportation 🛣️ Minutes from the Churchill Roosevelt Highway and Port of Spain ✨ Offering space, versatility, and convenience, this Aranguez property is an excellent opportunity for families seeking room to grow or investors looking for a home with multi-family potential. 📞 Contact Carmino Realty International 📲 1-868-326-5600 📧 tt@carminorealty.com 🌐 www.carminorealty.com 🏡 Guiding You Home.

About the Region
Aranguez Well known for having one of the largest savannahs in Trinidad, famous for hosting Political rallies and Sporting competitions, it has also been reformed as a major attraction site for exercising. Aranquez is classed as a residential area and the Aranquez Main Road provides businesses such as food, bars, retail trade, warehousing, car care, maintenance, parts etc. As a result of economic growth, agricultural land is being developed as the land statuses are changing to residential. While there are many successful gardens still operational and supplies its perishable items locally, most land owners have either sold or converted to apartment rental businesses. The area offers a health Facility known as the Aranquez Health Center. Most travelling activity to places are done either walking, taxi or driving. Many main services such as Banking, administration or groceries, and popular food outlets are located in the San Juan area which is approximately five minutes’ commute. Aranquez is well protected by the San Juan Police and Fire services which is a very short distance away.",Unfurnished; Air Conditioning; Security Cameras; Remote Gate; Water Tank; Water Heater,2026-08-06T23:20:39.922748+00:00
https://mybunchofkeys.com/property/pearl-gardens-diego-martin-3/,"Pearl Gardens, Diego Martin - My Bunch of Keys","$2,800,000",BOK-1068264,Diego Martin,4,3,7800sq.ft.,4,Arline Robertson,PropertyMatch Real Estate,(868) 367 2511,https://mybunchofkeys.com/wp-content/uploads/2021/01/WhatsApp-Image-2021-01-25-at-10.20.48-AM-320x320.jpeg,https://mybunchofkeys.com/wp-content/uploads/2026/08/20230426_094217.jpg,https://mybunchofkeys.com/wp-content/uploads/2026/08/20230426_094217.jpg; https://mybunchofkeys.com/wp-content/uploads/2026/08/20230426_094217-810x1080.jpg; https://mybunchofkeys.com/wp-content/uploads/2026/08/20230426_094856-810x1080.jpg; https://mybunchofkeys.com/wp-content/uploads/2026/08/20230426_094838-810x1080.jpg; https://mybunchofkeys.com/wp-content/uploads/2026/08/20230426_102226-810x1080.jpg; https://mybunchofkeys.com/wp-content/uploads/2026/08/20230426_094521-2-810x1080.jpg; https://mybunchofkeys.com/wp-content/uploads/2026/08/20230426_095217-810x1080.jpg; https://mybunchofkeys.com/wp-content/uploads/2026/08/20230426_095731-810x1080.jpg; https://mybunchofkeys.com/wp-content/uploads/2026/08/20230426_100027-810x1080.jpg; https://mybunchofkeys.com/wp-content/uploads/2026/08/20230426_100257-2-810x1080.jpg; https://mybunchofkeys.com/wp-content/uploads/2026/08/20230426_100612-810x1080.jpg; https://mybunchofkeys.com/wp-content/uploads/2026/08/20230426_101323-810x1080.jpg; https://mybunchofkeys.com/wp-content/uploads/2026/08/20230426_101840-2-810x1080.jpg; https://mybunchofkeys.com/wp-content/uploads/2026/08/20230426_102150-2-810x1080.jpg; https://mybunchofkeys.com/wp-content/uploads/2026/08/20230426_102444-2-810x1080.jpg,2026-08-06T14:57:46+00:00,,House,For Sale,"Charming 4 bedroom, 3 bathroom family home located in Pearl Gardens, Diego Martin with amazing views of the Diego Martin valley and Port of Spain. Situated on approximately 7800 sq ft of mostly flat land, this house offers a good sized and usable garden, parking for 4+ cars, and electric gate. Perfect home for those who like to entertain and with a view like this you would be maximizing usage of the large front patio and plunge pool. Open plan layout of the living and dining rooms with built in bar area plus bonus TV room. The ensuite master bedroom has a walk in closet and there are 3 additional spacious bedrooms. To access this amazing view, please be prepared to ascend a short incline driveway. Below valuation price! Pearl Gardens is a well established gated community with nighttime security.

About the Region
Diego Martin Diego Martin is a town and is the urban commercial center and capital of the Diego Martin region in Trinidad and Tobago. Its location in the region is just on the southeastern border, west of the capital city of Port of Spain and east of the town of Carenage. Diego Martin in the Northern Range was once filled with a number of small valleys but is now a densely populated area. It was named after a Spanish explorer Don Diego Martín. The area was settled by French planters and their slaves in the 1780s. The town area is administered by the Diego Martin Regional Corporation and is the birth home of Empress Shebah 'Ra III and the home town of Miss Universe 1998, Wendy Fitzwilliam. Diego Martin is well known for St. Dominic's Pastoral Centre- The home of the Order of Preachers in Trinidad and Tobago, Shri Ram Dhaam SWAHA Mandir-The Shri Ram Dhaam SWAHA Mandir was built in 1998 and has a 15-foot animated murti of the Hindu deity Hanuman, the first of its kind in the Western Hemisphere. Christ Child Convalescent Home-This home was founded by the Corpus Christi Carmelites who came to Diego Martin in 1945. ""In 1946 the Mother Foundress opened the Christ Child Convalescent Home to take care of the poor children both in the community and outside of the community who were convalescing from illness. This was the first Children's Home in the country"". Corpus Christi College-""Corpus Christi College was founded on September 8, 1959 by Corpus Christi Carmelites at the request of then Diego Martin parish priest, Fr Cyril Ward, CSSp. The first intake of students totalled 36, including Sr Petronilla, then known as Gloris Joseph"". Diego Martin also has heritage and cultural sites such as River Estate Museum, Water Wheel, Valley Haps Steel Orchestra, Merrytones Steel Orchestra and Paramin village just to name a few. At least one mall, banks, supermarkets, pharmacies, gyms and other stores can be found in this town. The location of the mall made it an easy drop in place on the way home for the pickup of groceries or to deal with one's personal affairs.",Unfurnished; Gated Compound; Private Pool; Air Conditioning; Patio; Parking on Compound; Remote Gate; Pet Friendly; Kid Friendly; Laundry Area/Facility; Water Tank,2026-08-06T23:36:46.697845+00:00
https://mybunchofkeys.com/property/property-for-sale-woodford-street-newtown-pos-ttd2-4m/,"PROPERTY FOR SALE - Woodford Street, Newtown, POS - TTD$2.4M - My Bunch of Keys","$2,400,000",BOK-1068246,Newtown Port of Spain Woodbrook,,,3932sq.ft.,,Veridian Realty,,(868) 476-4235,https://mybunchofkeys.com/wp-content/uploads/2021/09/veridian-logo-320x320.png,https://mybunchofkeys.com/wp-content/uploads/2026/08/DJI_20260728141127_0859_D-e1786027882628.jpg,https://mybunchofkeys.com/wp-content/uploads/2026/08/DJI_20260728141127_0859_D-e1786027882628.jpg; https://mybunchofkeys.com/wp-content/uploads/2026/08/DJI_20260728141150_0863_D-1.jpg; https://mybunchofkeys.com/wp-content/uploads/2026/08/DSC02491.jpg; https://mybunchofkeys.com/wp-content/uploads/2026/08/DSC02493.jpg; https://mybunchofkeys.com/wp-content/uploads/2026/08/DSC02495-2.jpg; https://mybunchofkeys.com/wp-content/uploads/2026/08/DSC02497.jpg; https://mybunchofkeys.com/wp-content/uploads/2026/08/DSC02501.jpg; https://mybunchofkeys.com/wp-content/uploads/2026/08/DSC02505.jpg; https://mybunchofkeys.com/wp-content/uploads/2026/08/DSC02506.jpg; https://mybunchofkeys.com/wp-content/uploads/2026/08/DSC02512.jpg; https://mybunchofkeys.com/wp-content/uploads/2026/08/DSC02513.jpg; https://mybunchofkeys.com/wp-content/uploads/2026/08/DSC02517.jpg; https://mybunchofkeys.com/wp-content/uploads/2026/08/DSC02519.jpg; https://mybunchofkeys.com/wp-content/uploads/2026/08/DSC02521.jpg; https://mybunchofkeys.com/wp-content/uploads/2026/08/DSC02522.jpg; https://mybunchofkeys.com/wp-content/uploads/2026/08/DSC02524.jpg,2026-08-06T14:52:07+00:00,,House,For Sale,"PROPERTY FOR SALE – Woodford Street, Newtown, POS – TTD$2.4M Centrally located on 3,932sf of freehold land, this versatile commercial property features 2 air-conditioned buildings, making it ideal for offices, professional services, or a variety of business uses. The front building offers approximately 1,000sf of space, while the rear building provides an additional 800sf, allowing for flexible occupancy or multiple business operations. Situated in a prime, high-demand location with convenient street parking, this property offers excellent accessibility for both clients and staff. Please contact us for more information:

About the Region
Newtown Newtown, is a district in Port of Spain, Trinidad and Tobago. Over the years Newtown has evolved into a fairly well developed business area with large residences being converted into business places or being torn down with the intention to build a more business like location. One of the older buildings which has retained most of its historical look is the St. Patrick's R.C. Church. Newtown is one of the areas which had at least one primary school for boys and one for girls, which is the Newtown Boys and Newtown Girls. Known for success in academics and Music Festival competitions, these schools are located on either side of the St. Patrick's R.C. Church with access from Maraval Road.",Air Conditioning; Freehold Land; Office Space,2026-08-06T23:37:51.948702+00:00
https://mybunchofkeys.com/property/house-for-sale-in-blue-range-4/,House For Sale In Blue Range - My Bunch of Keys,"$3,900,000",BOK-1068224,Blue Range,4,3,2800sq.ft.,2,Derek Daniel,Terra Caribbean,(868) 369-4040,https://mybunchofkeys.com/wp-content/uploads/2026/04/Derek-Daniel-320x320.jpg,https://mybunchofkeys.com/wp-content/uploads/2026/08/a-6.jpg,https://mybunchofkeys.com/wp-content/uploads/2026/08/a-6.jpg; https://mybunchofkeys.com/wp-content/uploads/2026/08/b-6.jpg; https://mybunchofkeys.com/wp-content/uploads/2026/08/c-6.jpg; https://mybunchofkeys.com/wp-content/uploads/2026/08/d-6.jpg; https://mybunchofkeys.com/wp-content/uploads/2026/08/e-6.jpg; https://mybunchofkeys.com/wp-content/uploads/2026/08/f-6.jpg; https://mybunchofkeys.com/wp-content/uploads/2026/08/g-6.jpg; https://mybunchofkeys.com/wp-content/uploads/2026/08/h-6.jpg; https://mybunchofkeys.com/wp-content/uploads/2026/08/i-3.jpg; https://mybunchofkeys.com/wp-content/uploads/2026/08/j-3.jpg; https://mybunchofkeys.com/wp-content/uploads/2026/08/k-3.jpg; https://mybunchofkeys.com/wp-content/uploads/2026/08/l-3.jpg,2026-08-06T14:24:40+00:00,,House,For Sale,"This Blue Range property sits on almost 13,000 sq ft of prime real estate in one of the most sought after communities in North West, Trinidad. The house has 4 bedrooms, 3.5 bathrooms and is located right next to the Blue Range park and tennis courts. The property is ideally suited for a family to shape and make it their own to enjoy all that this location offers. TT29800

About the Region
Blue Range Blue Range is located in St. Lucien Road Diego Martin Trinidad and Tobago. It is a well known residential area, at Blue Range there is a tennis court and fitness centre amongst other things. Blue Range is well known for the “Blue Range Carnival Cooler Fete” which promotes success to the community. The community is classed as “a great place to call home”",Unfurnished; Air Conditioning; Parking on Compound; Fully Fenced; Pet Friendly; Water Tank; Water Pump,2026-08-06T23:32:10.654736+00:00
https://mybunchofkeys.com/property/hillsboro-maraval-house/,Hillsboro Maraval House - My Bunch of Keys,"$3,800,000",BOK-1027094,Hillsboro Maraval,5,5,8900sq.ft.,6,Lesedi D.,11.11 Realty,(868) 478-1966,https://mybunchofkeys.com/wp-content/uploads/2025/11/37A953BC-6EFB-453F-B919-D463969CC304-320x320.jpeg,https://mybunchofkeys.com/wp-content/uploads/2026/04/IMG_2355.jpeg,https://mybunchofkeys.com/wp-content/uploads/2026/04/IMG_2355.jpeg; https://mybunchofkeys.com/wp-content/uploads/2026/04/IMG_2408-1-e1777669944631-1323x1080.jpeg; https://mybunchofkeys.com/wp-content/uploads/2026/04/IMG_2406-1-608x1080.jpeg; https://mybunchofkeys.com/wp-content/uploads/2026/04/IMG_2407-1-608x1080.jpeg; https://mybunchofkeys.com/wp-content/uploads/2026/04/IMG_2301-608x1080.jpeg; https://mybunchofkeys.com/wp-content/uploads/2026/04/IMG_2300-608x1080.jpeg; https://mybunchofkeys.com/wp-content/uploads/2026/04/IMG_2328-1-810x1080.jpeg; https://mybunchofkeys.com/wp-content/uploads/2026/04/IMG_2362-810x1080.jpeg; https://mybunchofkeys.com/wp-content/uploads/2026/04/IMG_2331-1-810x1080.jpeg; https://mybunchofkeys.com/wp-content/uploads/2026/04/IMG_2341-810x1080.jpeg; https://mybunchofkeys.com/wp-content/uploads/2026/04/IMG_2249-810x1080.jpeg; https://mybunchofkeys.com/wp-content/uploads/2026/04/IMG_2343-810x1080.jpeg; https://mybunchofkeys.com/wp-content/uploads/2026/04/IMG_2344-810x1080.jpeg; https://mybunchofkeys.com/wp-content/uploads/2026/04/IMG_2356-810x1080.jpeg; https://mybunchofkeys.com/wp-content/uploads/2026/04/IMG_2363-810x1080.jpeg; https://mybunchofkeys.com/wp-content/uploads/2026/04/IMG_2366-810x1080.jpeg; https://mybunchofkeys.com/wp-content/uploads/2026/04/IMG_2361-810x1080.jpeg; https://mybunchofkeys.com/wp-content/uploads/2026/04/IMG_2384-810x1080.jpeg; https://mybunchofkeys.com/wp-content/uploads/2026/04/IMG_2313-1-810x1080.jpeg; https://mybunchofkeys.com/wp-content/uploads/2026/04/IMG_2322-1-810x1080.jpeg; https://mybunchofkeys.com/wp-content/uploads/2026/04/IMG_2319-1-810x1080.jpeg; https://mybunchofkeys.com/wp-content/uploads/2026/04/IMG_2320-805x1080.jpeg; https://mybunchofkeys.com/wp-content/uploads/2026/04/IMG_2374-810x1080.jpeg; https://mybunchofkeys.com/wp-content/uploads/2026/04/IMG_2379-810x1080.jpeg; https://mybunchofkeys.com/wp-content/uploads/2026/04/IMG_2387-608x1080.jpeg; https://mybunchofkeys.com/wp-content/uploads/2026/05/69862243-42c6-4ba4-8224-c1f34102c9d5-810x1080.jpeg; https://mybunchofkeys.com/wp-content/uploads/2026/04/IMG_2277-1163x1080.jpeg; https://mybunchofkeys.com/wp-content/uploads/2026/04/IMG_2279-1280x1080.jpeg; https://mybunchofkeys.com/wp-content/uploads/2026/04/IMG_2281-1167x1080.jpeg; https://mybunchofkeys.com/wp-content/uploads/2026/04/IMG_2284-608x1080.jpeg; https://mybunchofkeys.com/wp-content/uploads/2026/04/IMG_2285-608x1080.jpeg; https://mybunchofkeys.com/wp-content/uploads/2026/04/IMG_2287-1254x1080.jpeg; https://mybunchofkeys.com/wp-content/uploads/2026/04/IMG_2289-608x1080.jpeg; https://mybunchofkeys.com/wp-content/uploads/2026/04/IMG_2297-608x1080.jpeg; https://mybunchofkeys.com/wp-content/uploads/2026/04/IMG_2309-810x1080.jpeg; https://mybunchofkeys.com/wp-content/uploads/2026/04/IMG_2355-810x1080.jpeg; https://mybunchofkeys.com/wp-content/uploads/2026/04/IMG_2394-608x1080.jpeg; https://mybunchofkeys.com/wp-content/uploads/2026/04/IMG_2391-608x1080.jpeg; https://mybunchofkeys.com/wp-content/uploads/2026/04/IMG_2392-608x1080.jpeg; https://mybunchofkeys.com/wp-content/uploads/2026/04/IMG_2400-608x1080.jpeg; https://mybunchofkeys.com/wp-content/uploads/2026/04/IMG_2401-608x1080.jpeg,2026-08-06T14:10:45+00:00,,House,For Sale,"📍 HILLSBORO | MARAVAL ✨ Situated within the gated Hillsboro community in Maraval, this spacious property sits on approximately 8,900 sq. ft. of land and offers excellent potential for a large family home or investment opportunity. Featuring generous living spaces, large bedrooms, and additional multi-use areas, this home is ideal for someone looking to personalise and add value with some work and love 🛠️✨ 🏡 Main House Features: • 4 Bedrooms • 3.5 Bathrooms • Spacious living areas • Large bedrooms • Expansive layout 🏡 Additional Spaces: • 1 Bedroom, 1 Bathroom annex • Unfinished multi-use space with great potential ✨ 🔹 Property Features: • Approx. 8,900 sq. ft. land • Located in a gated community 🔐 • Security from 6pm – 6am 🛡️ • Huge home with strong potential 💰 Asking: TT$3.8M 📞 For further information or to arrange a viewing, contact 478-1966.

About the Region
Hillsboro Hillsboro is a residential area located in Maraval Trinidad. Situated on a hilly landscape, it provides some beautiful views of the country. Art by Chole Cadet is located here. The Unique hand-painted greeting cards for any and every occasion and its custom designs are available for sale. Residents have to venture to the heart of Maraval to gather services where needed to support their everyday lifestyle.",Unfurnished; Gated Community; Air Conditioning; Powder Room; Patio; Covered Garage; Parking on Compound; Remote Gate; Fully Fenced; Pet Friendly; Kid Friendly; Office Space; Laundry Area/Facility; Annex; Maid Quarters; Built-in Closets; Walk-in Closets; Water Tank; Water Pump; Water Heater,2026-08-06T23:29:14.648654+00:00
https://mybunchofkeys.com/property/boissiere-village-1-saddle-road-maraval/,"Boissière Village, #1 Saddle Road, Maraval - My Bunch of Keys","$4,600,000",BOK-1068183,Maraval,5,2,2915sq.ft.,,Tucker Real Estate,,(868) 628-9307,https://mybunchofkeys.com/wp-content/uploads/2018/07/Tucker-Real-Estate-320x320.png,https://mybunchofkeys.com/wp-content/uploads/2026/08/IMG_7184.jpg,https://mybunchofkeys.com/wp-content/uploads/2026/08/IMG_7184.jpg; https://mybunchofkeys.com/wp-content/uploads/2026/08/IMG_7184-1440x1080.jpg; https://mybunchofkeys.com/wp-content/uploads/2026/08/IMG_7189-1440x1080.jpg; https://mybunchofkeys.com/wp-content/uploads/2026/08/IMG_7190-1440x1080.jpg; https://mybunchofkeys.com/wp-content/uploads/2026/08/IMG_7192-810x1080.jpg; https://mybunchofkeys.com/wp-content/uploads/2026/08/IMG_7193-810x1080.jpg,2026-08-06T13:19:04+00:00,,House,For Sale,"✨ FOR SALE: SADDLE ROAD, BOISSIÈRE VILLAGE ✨ “A prime fixer-upper with high-visibility!” Situated in a landmark position along Saddle Road in Boissière Village, this two-storey fixer-upper offers an exceptional blank canvas for visionaries and investors. Set on 5,125 sq. ft. of freehold land with 2,915 sq. ft. of interior space, this property boasts high-traffic exposure—making it ideal for a complete custom restoration into a corporate office, medical clinic, boutique store, or unique residential space. The building is currently divided into two separate spaces. The upper floor features 3 bedrooms, a living room, kitchen, bathroom, and a private porch overlooking the area. The ground floor consists of 2 bedrooms, a spacious living area, kitchen, and bathroom. With classic architectural character, a secure gated layout, and a large paved courtyard for client or resident parking, this property is a rare find for strategic investors looking to build in a prime area.

About the Region
Maraval Maraval is one of the northern suburbs of Trinidad's capital, Port of Spain, a valley in northern Trinidad in Trinidad and Tobago. It is situated at the bottom of the hills of Paramin and located east of the Diego Martin valley to which it is connected directly by Morne Coco Road, and west of Santa Cruz valley, to which it is connected by Saddle Road. Maraval is considered one of the major high-income residential areas in the country in combination with the Westmoorings, Goodwood Park and Glencoe area, it is home of much of the island's elite, including a number of diplomats. Maraval is sometimes referred to as ""Diego Martin East"". It is home to Trinity College secondary school, St. Andrew's Golf Course and Club in Moka, which is considered to be one of the finest golf courses in the Caribbean that was established in 1891 making it one of the oldest in the world. It arguably provides the best route of access from the capital to the North Coast. Along with Santa Cruz, Maraval is located close to the best beaches on the island, allowing its residents quick access to both leisure activities, as well as downtown business and entertainment. Maraval has branches of the major locally-operating banks, supermarkets, pharmacies, boutiuqes, clothing outlets, catholic schools, churches and parish groups.",Unfurnished; Patio; Freehold Land,2026-08-06T23:21:41.925197+00:00
https://mybunchofkeys.com/property/bayshore-house-3/,Bayshore House - My Bunch of Keys,"$4,500 / Mth (USD)",BOK-1027096,Bayshore,4,4,3800sq.ft.,2,Lesedi D.,11.11 Realty,(868) 478-1966,https://mybunchofkeys.com/wp-content/uploads/2025/11/37A953BC-6EFB-453F-B919-D463969CC304-320x320.jpeg,https://mybunchofkeys.com/wp-content/uploads/2026/04/IMG_2523-2.jpeg,https://mybunchofkeys.com/wp-content/uploads/2026/04/IMG_2523-2.jpeg; https://mybunchofkeys.com/wp-content/uploads/2026/04/IMG_2525-2-1100x1080.jpeg; https://mybunchofkeys.com/wp-content/uploads/2026/04/IMG_2532-1-949x1080.jpeg; https://mybunchofkeys.com/wp-content/uploads/2026/04/IMG_2534-1-1085x1080.jpeg; https://mybunchofkeys.com/wp-content/uploads/2026/04/IMG_2533-2-1077x1080.jpeg; https://mybunchofkeys.com/wp-content/uploads/2026/06/IMG_4356-608x1080.jpeg; https://mybunchofkeys.com/wp-content/uploads/2026/06/IMG_4365-608x1080.jpeg; https://mybunchofkeys.com/wp-content/uploads/2026/06/IMG_4362-608x1080.jpeg; https://mybunchofkeys.com/wp-content/uploads/2026/04/IMG_2536-1-797x1080.jpeg; https://mybunchofkeys.com/wp-content/uploads/2026/04/IMG_2535-1-860x1080.jpeg; https://mybunchofkeys.com/wp-content/uploads/2026/06/IMG_4399-608x1080.jpeg; https://mybunchofkeys.com/wp-content/uploads/2026/06/IMG_4374-608x1080.jpeg; https://mybunchofkeys.com/wp-content/uploads/2026/06/IMG_4377-608x1080.jpeg; https://mybunchofkeys.com/wp-content/uploads/2026/06/IMG_4378-608x1080.jpeg; https://mybunchofkeys.com/wp-content/uploads/2026/06/IMG_4382-608x1080.jpeg; https://mybunchofkeys.com/wp-content/uploads/2026/06/IMG_4380-608x1080.jpeg; https://mybunchofkeys.com/wp-content/uploads/2026/06/IMG_4381-608x1080.jpeg; https://mybunchofkeys.com/wp-content/uploads/2026/04/IMG_2528-1-659x1080.jpeg; https://mybunchofkeys.com/wp-content/uploads/2026/06/IMG_4385-608x1080.jpeg; https://mybunchofkeys.com/wp-content/uploads/2026/06/IMG_4384-608x1080.jpeg; https://mybunchofkeys.com/wp-content/uploads/2026/06/IMG_4388-608x1080.jpeg; https://mybunchofkeys.com/wp-content/uploads/2026/06/IMG_4389-608x1080.jpeg; https://mybunchofkeys.com/wp-content/uploads/2026/06/IMG_4391-608x1080.jpeg; https://mybunchofkeys.com/wp-content/uploads/2026/06/IMG_4383-608x1080.jpeg; https://mybunchofkeys.com/wp-content/uploads/2026/06/IMG_4397-608x1080.jpeg; https://mybunchofkeys.com/wp-content/uploads/2026/06/IMG_4396-608x1080.jpeg; https://mybunchofkeys.com/wp-content/uploads/2026/06/IMG_4395-608x1080.jpeg; https://mybunchofkeys.com/wp-content/uploads/2026/06/IMG_4373-830x1080.jpeg; https://mybunchofkeys.com/wp-content/uploads/2026/06/IMG_4371-794x1080.jpeg; https://mybunchofkeys.com/wp-content/uploads/2026/06/IMG_4403-709x1080.jpeg; https://mybunchofkeys.com/wp-content/uploads/2026/06/IMG_4369-827x1080.jpeg,2026-08-06T12:57:50+00:00,,House,For Rent,"📍 BAYSHORE ✨ Located within the safe and secure neighbourhood of Bayshore, this spacious 4-bedroom, 4.5-bathroom home offers comfortable family living in one of West Trinidad’s most desirable residential communities. This well-appointed home features generous living spaces, a private pool 🏊‍♂️, covered parking 🚗, and a family-friendly environment with nearby parks 🌿 Conveniently located close to malls, supermarkets, pharmacies, banks, and many other everyday amenities 📍 🏡 Property Features: • Approx. 3,800 sq. ft. house • 4 Bedrooms • 4.5 Bathrooms • TV room 📺 • Spacious living room ✨ • Helper’s quarters • Private pool 🏊‍♂️ • Covered parking 🚗 • Safe & secure neighbourhood 🔐 • Family-friendly community 🌿 • Includes pool & garden maintenance 🌱 💰 Asking: USD $4,500 Negotiable 📞 For further information or to arrange a viewing, contact 478-1966.

About the Region
Bayshore Bayshore is located in the northwest peninsula of Trinidad, only 5.3 kms/3.3 mls from the capital Port of Spain. It is equidistant to Glencoe and Starlite Shopping Plazas and to West Mall Shopping Centre with its large array of shops. Each of these has a large grocery and pharmacy, making the neighbourhood a shopping paradise. This unique neighbourhood lies in the cachement area of the highly rated Dunross Primary School and many Montessori pre-schools and nurseries. To add to the attraction of Bayshore is the exciting fact that it sits at the gateway to Chaguaramas, the leisure centre of the country, where swimming, boating, hiking and many other recreational facilities are easily available. Residents can be comforted by the gated community, secured by monitored cameras.",Fully Furnished; Move in Ready; Private Pool; Air Conditioning; Kitchen Appliances; Kitchen Island; Powder Room; Patio; Security Alarms; Security Cameras; Covered Garage; Parking on Compound; Remote Gate; Fully Fenced; Pet Friendly; Kid Friendly; Office Space; Laundry Area/Facility; Maid Quarters; Built-in Closets; Walk-in Closets; Water Tank; Water Pump; Water Heater,2026-08-06T23:21:07.385889+00:00
https://mybunchofkeys.com/property/for-rent-brookhaven-chaguanas-2-bedrooms-unfurnished-house/,"FOR RENT – Brookhaven, Chaguanas . 2 Bedrooms Unfurnished House - My Bunch of Keys","$5,000 / Mth",BOK-1067551,Chaguanas,2,1,,3,Cindy Cupen-Ramirez,House to Home Real Estate,(868) 358-3344,https://mybunchofkeys.com/wp-content/uploads/2018/08/bok-avatar-f-320x320.png,https://mybunchofkeys.com/wp-content/uploads/2026/08/c34a8e1a-b99d-4eb7-adf8-8a54a72b96e2.jpeg,https://mybunchofkeys.com/wp-content/uploads/2026/08/c34a8e1a-b99d-4eb7-adf8-8a54a72b96e2.jpeg; https://mybunchofkeys.com/wp-content/uploads/2026/08/13b70953-2d8c-4140-b556-c18db21124eb.jpeg; https://mybunchofkeys.com/wp-content/uploads/2026/08/485986a2-86f1-4e9e-92b8-6f258bccb12a.jpeg; https://mybunchofkeys.com/wp-content/uploads/2026/08/e8decf47-7514-44aa-9e50-9507cfed3222.jpeg; https://mybunchofkeys.com/wp-content/uploads/2026/08/c34a8e1a-b99d-4eb7-adf8-8a54a72b96e2-672x1080.jpeg; https://mybunchofkeys.com/wp-content/uploads/2026/08/3fcb9200-099e-4b71-8a4a-36d04d2d6821-667x1080.jpeg; https://mybunchofkeys.com/wp-content/uploads/2026/08/133f117b-9586-41e9-af37-bb0e4010ab88-740x1080.jpeg; https://mybunchofkeys.com/wp-content/uploads/2026/08/89d2e377-cb4d-4e54-9297-54e0b732b582-624x1080.jpeg; https://mybunchofkeys.com/wp-content/uploads/2026/08/e795b23a-c377-4dba-b2d4-f0cf861759a0.jpeg; https://mybunchofkeys.com/wp-content/uploads/2026/08/0b2f9ab5-3c7d-461c-b335-5f71049b1f4d-810x1080.jpeg; https://mybunchofkeys.com/wp-content/uploads/2026/08/6c4ae406-c67e-4231-81c1-30e6b6e1f9fd-810x1080.jpeg; https://mybunchofkeys.com/wp-content/uploads/2026/08/d7c7d8d7-d088-4e53-bdba-27c1954c433f-810x1080.jpeg; https://mybunchofkeys.com/wp-content/uploads/2026/08/81b1767d-b67e-4161-bb66-3a9c975c94de-810x1080.jpeg; https://mybunchofkeys.com/wp-content/uploads/2026/08/00cd474f-e066-4ec0-947c-84faade6678a-810x1080.jpeg; https://mybunchofkeys.com/wp-content/uploads/2026/08/b3d706f8-fb7a-422c-9693-ef4c372a97a1.jpeg; https://mybunchofkeys.com/wp-content/uploads/2026/08/c385fd8c-f486-423b-b12d-b2ec05cef411.jpeg; https://mybunchofkeys.com/wp-content/uploads/2026/08/bc7cc971-f2e7-46b1-bff0-bf2f779c8c29.jpeg; https://mybunchofkeys.com/wp-content/uploads/2026/08/75fa650f-cf45-4ace-8fb9-da6d88a84083.jpeg; https://mybunchofkeys.com/wp-content/uploads/2026/08/7e3b4ead-1722-4cb4-960d-1adfd7b3fa67-810x1080.jpeg; https://mybunchofkeys.com/wp-content/uploads/2026/08/c6dcfda4-c640-443a-bd50-1112278a2f09.jpeg; https://mybunchofkeys.com/wp-content/uploads/2026/08/e5cac552-2297-485a-9813-9bcbc530c889.jpeg; https://mybunchofkeys.com/wp-content/uploads/2026/08/d5c193b7-b6e8-4eb1-b813-cb7ddb92700d-810x1080.jpeg,2026-08-06T10:33:24+00:00,,House,For Rent,"FOR RENT – Brookhaven, Chaguanas | TT$5,000 Monthly

About the Region
Chaguanas The Borough of Chaguanas is the largest borough with an average population of 83,489 and fastest-growing town in Trinidad and Tobago, it is located in the West-Central area of Trinidad. Chaguanas is popular for its shopping malls, variety stores and street shopping. Many citizens as well as tourists visit these sites to partake in the buying of many items offered for sale. This town is fast paced as many business sectors such as banking, insurance, auto rentals and food are readily available. All sites are easily accessible as transport hubs are located throughout the streets of this beautiful town, not to mention the safety of the police & fire services that are available upon request. Home to the famous Divali Nagar site, many tourists as well as citizens visit this location to buy merchandise offered from the well-known Indian heritage such as clothing, food, religious items etc. Fun fact, Chaguanas was named after the indigenous tribe who originally settled there.",Unfurnished; Move in Ready; Air Conditioning; Security Cameras; Parking on Compound; Pet Friendly; Kid Friendly; Elevator Access; Water Tank; Water Heater,2026-08-06T23:25:31.247102+00:00
https://mybunchofkeys.com/property/for-sale-wellington-gardens-debe/,FOR SALE WELLINGTON GARDENS DEBE - My Bunch of Keys,"$900,000",BOK-1032012,Debe,3,1,5000sq.ft.,,Cindy Cupen-Ramirez,House to Home Real Estate,(868) 358-3344,https://mybunchofkeys.com/wp-content/uploads/2018/08/bok-avatar-f-320x320.png,https://mybunchofkeys.com/wp-content/uploads/2026/05/40854896-9B51-4251-A173-F8E1DCAFD138.jpeg,https://mybunchofkeys.com/wp-content/uploads/2026/05/40854896-9B51-4251-A173-F8E1DCAFD138.jpeg; https://mybunchofkeys.com/wp-content/uploads/2026/05/A3B160CB-FFAF-4813-A57F-42396D4168A0-505x1080.jpeg; https://mybunchofkeys.com/wp-content/uploads/2026/05/928B408A-64E1-411A-9C1B-AD5F6C61ACE3-505x1080.jpeg; https://mybunchofkeys.com/wp-content/uploads/2026/05/40854896-9B51-4251-A173-F8E1DCAFD138-505x1080.jpeg; https://mybunchofkeys.com/wp-content/uploads/2026/05/7F480134-F2B9-4909-913A-7612E39998D0-505x1080.jpeg; https://mybunchofkeys.com/wp-content/uploads/2026/05/50DC08A1-F3F9-4C67-BD22-24D4B49F57FA-505x1080.jpeg; https://mybunchofkeys.com/wp-content/uploads/2026/05/ED21016A-2DE6-4EEA-B2E7-1C993132D494-505x1080.jpeg; https://mybunchofkeys.com/wp-content/uploads/2026/05/10B8EF2F-B407-4B46-BC38-50C4AFC9FA53-505x1080.jpeg; https://mybunchofkeys.com/wp-content/uploads/2026/05/52D6C6DB-9155-4783-AFF6-F6AB0BDE4ECF-505x1080.jpeg; https://mybunchofkeys.com/wp-content/uploads/2026/05/AB0DB1E9-F367-4CF6-98F3-BA9E4FB0D1BB-505x1080.jpeg; https://mybunchofkeys.com/wp-content/uploads/2026/05/05B7FC69-9001-41EB-A12F-3F88168621D8-505x1080.jpeg; https://mybunchofkeys.com/wp-content/uploads/2026/05/IMG_3329-504x1080.jpeg,2026-08-06T10:29:15+00:00,,House,For Sale,"FOR SALE WELLINGTON GARDENS DEBE This lush tropical 3-bedroom, 1-bathroom home is ideally located in the peaceful community of Wellington Gardens, Debe. Situated on approximately 5,000 sq. ft. of freehold land, this property offers comfortable living with ample outdoor space for gardening, entertaining, or future expansion. Built by the Housing Development Corporation, this home is perfect for families, first-time homeowners, or investors seeking a property in a convenient south location. Property Features: ✔ 3 Bedrooms ✔ 1 Bathroom ✔ Approx. 5,000 sq. ft. Freehold Land ✔ Spacious yard with mature fruit and palm trees ✔ Quiet residential neighbourhood ✔ 4–5 minutes away from schools, shopping areas, and other amenities ✔ Easy access to main roads and conveniences Asking Price: TT$900,000 Negotiable Contact today to schedule your viewing! What’s app ⁨(868) 687-9456⁩

About the Region
Debe Debe (or Débé ) is a town in south Trinidad located in the region of Penal–Debe. Debe has grown from a small settlement into a key transit point which has merged to some extent with Penal. A denomination high school was established by the Sanatan Dharma Maha Sabha (Parvati Girls College). Debe had initially gained importance as a train stop during sugar cane production. However with the closure of the sugar industry Debe continued to be widely known for doubles and other delicacies. The area has also gained prominence for its wholesale marketing of agricultural produce in government managed Namdevco, which is the largest wholesale market in the country. Chutney music is believed to have originated in the Barrackpore-Debe-Penal area.",Unfurnished; Parking on Compound; Freehold Land; Pet Friendly; Kid Friendly,2026-08-06T23:28:27.678865+00:00
https://mybunchofkeys.com/property/for-sale-penn-trace-cunupia-prime-fixer-upper-opportunity-on-freehold-land/,"FOR SALE – Penn Trace, Cunupia Prime Fixer-Upper Opportunity on Freehold Land! - My Bunch of Keys","$850,000",BOK-1025039,Cunupia,3,,5500sq.ft.,,Cindy Cupen-Ramirez,House to Home Real Estate,(868) 358-3344,https://mybunchofkeys.com/wp-content/uploads/2018/08/bok-avatar-f-320x320.png,https://mybunchofkeys.com/wp-content/uploads/2026/05/IMG_3184.jpeg,https://mybunchofkeys.com/wp-content/uploads/2026/05/IMG_3184.jpeg; https://mybunchofkeys.com/wp-content/uploads/2026/04/7056d402-cc97-46b4-a5d8-2737b79a5c5d.jpeg; https://mybunchofkeys.com/wp-content/uploads/2026/04/bb693cd4-6710-4063-a02b-b0baf83b9553.jpeg; https://mybunchofkeys.com/wp-content/uploads/2026/04/b4cd5fc4-111a-45c9-82d2-76e5c5f9ac58.jpeg; https://mybunchofkeys.com/wp-content/uploads/2026/04/a5fa3a03-44cf-4942-90fe-a68ca99100b5.jpeg; https://mybunchofkeys.com/wp-content/uploads/2026/04/fd9457d9-bd53-4a27-a191-9f23ddb1ef1a.jpeg; https://mybunchofkeys.com/wp-content/uploads/2026/04/af49eabc-6e5a-4c23-b4e5-3491e8e09a90.jpeg; https://mybunchofkeys.com/wp-content/uploads/2026/04/da90775e-4be9-4eda-bc0e-3243d078e6d4.jpeg; https://mybunchofkeys.com/wp-content/uploads/2026/04/9c041d24-ea80-4e4d-b86c-0b99e5857274.jpeg; https://mybunchofkeys.com/wp-content/uploads/2026/05/IMG_3180-775x1080.jpeg; https://mybunchofkeys.com/wp-content/uploads/2026/05/IMG_3181-772x1080.jpeg; https://mybunchofkeys.com/wp-content/uploads/2026/05/IMG_3184-802x1080.jpeg; https://mybunchofkeys.com/wp-content/uploads/2026/05/IMG_3183-790x1080.jpeg; https://mybunchofkeys.com/wp-content/uploads/2026/05/IMG_3182-770x1080.jpeg; https://mybunchofkeys.com/wp-content/uploads/2026/05/IMG_3179-775x1080.jpeg; https://mybunchofkeys.com/wp-content/uploads/2026/05/IMG_3185-797x1080.jpeg; https://mybunchofkeys.com/wp-content/uploads/2026/05/IMG_3186.jpeg; https://mybunchofkeys.com/wp-content/uploads/2026/05/IMG_3187.jpeg,2026-08-06T10:20:48+00:00,,House,For Sale,"FOR SALE – Penn Trace, Cunupia Prime Fixer-Upper Opportunity on Freehold Land! Looking for a property with great potential in a desirable residential area? This 3-bedroom incomplete flat house sits on 5,500 sq. ft. of freehold land in the growing community of Penn Trace, Cunupia — offering the perfect chance to renovate, complete, and add value. Whether you’re a homeowner with vision, an investor, or a developer, this property presents an excellent opportunity to secure land and structure at an attractive price. Property Features: · 5,500 sq. ft. Freehold Land · 3-Bedroom Flat House (Incomplete / Fixer-Upper) · Spacious Yard with Room for Expansion · Quiet Residential Neighbourhood · Easy Access to Southern Main Road, Highway & Amenities · All Approvals in Place · Great Potential for Resale or Rental Income Asking Price: TT$850,000.00 Contact House to Home Real Estate today for further details or to schedule a viewing. Where Every Key Opens a New Beginning.

About the Region
Cunupia Cunupia is a town in central Trinidad. It is part of the Borough of Chaguanas. Cunupia is just northeast of Chaguanas proper. Like Chaguanas itself, Cunupia has experienced rapid growth in recent years, especially in terms of residential developments. You can find many variety stores, the famous Sheik Lisha Ltd., restaurants, supermarkets and places of worships in this community. Cunupia is also a route that can easily take you to different parts of central Trinidad.",Unfurnished; Parking on Compound; Pet Friendly; Kid Friendly,2026-08-06T23:27:12.133991+00:00
https://mybunchofkeys.com/property/maraval-gem-ideal-location-with-endless-potential/,Maraval Gem: Ideal Location with Endless Potential! - My Bunch of Keys,"$1,800,000",BOK-679376,Maraval,,,8204sq.ft.,,Cindy Cupen-Ramirez,House to Home Real Estate,(868) 358-3344,https://mybunchofkeys.com/wp-content/uploads/2018/08/bok-avatar-f-320x320.png,https://mybunchofkeys.com/wp-content/uploads/2023/12/415773ab-f3a5-4960-b8dd-23c37639b39e-Copy.jpeg,https://mybunchofkeys.com/wp-content/uploads/2023/12/415773ab-f3a5-4960-b8dd-23c37639b39e-Copy.jpeg; https://mybunchofkeys.com/wp-content/uploads/2023/12/IMG_7857-1440x1080.jpeg; https://mybunchofkeys.com/wp-content/uploads/2023/12/cfa85406-66f5-4948-af2c-0f5b14303aee-Copy-810x1080.jpeg; https://mybunchofkeys.com/wp-content/uploads/2023/12/415773ab-f3a5-4960-b8dd-23c37639b39e-1440x1080.jpeg; https://mybunchofkeys.com/wp-content/uploads/2023/12/415773ab-f3a5-4960-b8dd-23c37639b39e-Copy-1440x1080.jpeg; https://mybunchofkeys.com/wp-content/uploads/2023/12/7c75e2bf-5743-4f8d-9846-3fa1ea5792fe-1440x1080.jpeg,2026-08-06T10:00:03+00:00,,House,For Sale,"Maraval Gem: Ideal Location with Endless Potential!

About the Region
Maraval Maraval is one of the northern suburbs of Trinidad's capital, Port of Spain, a valley in northern Trinidad in Trinidad and Tobago. It is situated at the bottom of the hills of Paramin and located east of the Diego Martin valley to which it is connected directly by Morne Coco Road, and west of Santa Cruz valley, to which it is connected by Saddle Road. Maraval is considered one of the major high-income residential areas in the country in combination with the Westmoorings, Goodwood Park and Glencoe area, it is home of much of the island's elite, including a number of diplomats. Maraval is sometimes referred to as ""Diego Martin East"". It is home to Trinity College secondary school, St. Andrew's Golf Course and Club in Moka, which is considered to be one of the finest golf courses in the Caribbean that was established in 1891 making it one of the oldest in the world. It arguably provides the best route of access from the capital to the North Coast. Along with Santa Cruz, Maraval is located close to the best beaches on the island, allowing its residents quick access to both leisure activities, as well as downtown business and entertainment. Maraval has branches of the major locally-operating banks, supermarkets, pharmacies, boutiuqes, clothing outlets, catholic schools, churches and parish groups.",Freehold Land,2026-08-06T23:34:48.746696+00:00
https://mybunchofkeys.com/property/for-sale-prime-st-james-location-with-excellent-potential-lucknow-street-st-james/,"FOR SALE – Prime St. James Location with Excellent Potential Lucknow Street, St. James - My Bunch of Keys","$1,399,999",BOK-1023410,St. James,2,1,,,Cindy Cupen-Ramirez,House to Home Real Estate,(868) 358-3344,https://mybunchofkeys.com/wp-content/uploads/2018/08/bok-avatar-f-320x320.png,https://mybunchofkeys.com/wp-content/uploads/2026/04/IMG_1821.jpeg,https://mybunchofkeys.com/wp-content/uploads/2026/04/IMG_1821.jpeg; https://mybunchofkeys.com/wp-content/uploads/2026/04/IMG_1821-810x1080.jpeg; https://mybunchofkeys.com/wp-content/uploads/2026/04/IMG_1820-810x1080.jpeg; https://mybunchofkeys.com/wp-content/uploads/2026/04/IMG_1817-810x1080.jpeg; https://mybunchofkeys.com/wp-content/uploads/2026/04/IMG_1813-810x1080.jpeg; https://mybunchofkeys.com/wp-content/uploads/2026/04/IMG_1809-810x1080.jpeg; https://mybunchofkeys.com/wp-content/uploads/2026/04/IMG_1808-810x1080.jpeg; https://mybunchofkeys.com/wp-content/uploads/2026/04/IMG_1803-810x1080.jpeg; https://mybunchofkeys.com/wp-content/uploads/2026/04/IMG_1808-1-810x1080.jpeg; https://mybunchofkeys.com/wp-content/uploads/2026/04/IMG_1799-810x1080.jpeg; https://mybunchofkeys.com/wp-content/uploads/2026/04/IMG_1800-810x1080.jpeg; https://mybunchofkeys.com/wp-content/uploads/2026/04/IMG_1778-1440x1080.jpeg; https://mybunchofkeys.com/wp-content/uploads/2026/04/IMG_1783-1440x1080.jpeg; https://mybunchofkeys.com/wp-content/uploads/2026/04/IMG_1784-1440x1080.jpeg; https://mybunchofkeys.com/wp-content/uploads/2026/04/IMG_1786-1440x1080.jpeg; https://mybunchofkeys.com/wp-content/uploads/2026/04/IMG_1794-1440x1080.jpeg; https://mybunchofkeys.com/wp-content/uploads/2026/04/IMG_1795-1440x1080.jpeg; https://mybunchofkeys.com/wp-content/uploads/2026/04/IMG_1797-1440x1080.jpeg; https://mybunchofkeys.com/wp-content/uploads/2026/04/IMG_1796-1440x1080.jpeg,2026-08-06T09:36:36+00:00,,House,For Sale,"FOR SALE – Prime St. James Location with Excellent Potential Lucknow Street, St. James Here is your opportunity to own property in one of West Trinidad’s most convenient and sought-after locations. Situated on freehold land , this 2-bedroom, 1-bathroom home offers solid potential for renovation, modernization, or comfortable living as is. Property Features: 2 Bedrooms 1 Bathroom Open Floor Concept Living / Dining Area Kitchen with Built-in Cabinetry Air-Conditioned Bedrooms, Living Room & Kitchen Outdoor Patio / Front Porch Freehold Land Great potential for upgrades or expansion Prime West Location Ideally located within walking distance to supermarkets, restaurants, pharmacies, transport, schools, and everyday amenities. Minutes to Port of Spain, Woodbrook, Maraval, and surrounding West districts. Why This Property Stands Out: The true value here is the location . Properties in St. James are always in demand, making this an excellent choice for homeowners, investors, or buyers seeking a renovation project in a premium area. Perfect for: First First-time buyers wanting a West address Investors seeking rental income potential Buyers looking to renovate and add value Persons downsizing to a convenient location A sking Price: TT$1.4 M P lease contact House to Home Real Estate for further details or to arrange a viewing. Where Every Key Opens a New Beginning

About the Region
St. James Saint James is a district of Port of Spain, Trinidad and Tobago. The main road is the Western Main Road. It runs from Woodbrook to Cocorite. The area's major thoroughfare, has long been the city's main nightlife district, sometimes nicknamed ""the city that never sleeps”. The largest Pizza Hut in the world is located in Saint James on Tragarete Road. This district is well protected by the police barracks, it is home to the Harvard’s Sports club, King George the 5th Park, Fatima College & the fast efficient licensing office etc. For the carnival season, St. James provides an array of celebrations as it is well known for its many local pubs. It is an area fit for commercial activity as it is known for its busy daily activities especially in the peak seasons. The district offers banking services, many food business of different ethnicity, Supermarket retail and wholesale trade, furniture etc. Highlights of this area also comes from the Queens Park Oval where all the cricket activities are held such as the exciting CPL, One day internationals and Test cricket. This is a definite location for liming and having fun.",Semi Furnished; Move in Ready; Air Conditioning; Kitchen Appliances; Patio; Freehold Land; Fully Fenced; Pet Friendly; Kid Friendly,2026-08-06T23:27:17.181658+00:00
https://mybunchofkeys.com/property/st-clair-the-diplomatic-quarter-port-of-spain-commissioned-in-1904-overlooking-the-queens-park-savannah/,St. Clair – The Diplomatic Quarter | Port of Spain Commissioned in 1904 | Overlooking the Queen’s Park Savannah - My Bunch of Keys,"$21,000,000",BOK-921573,St. Clair,7,6,23835sq.ft.,,Cindy Cupen-Ramirez,House to Home Real Estate,(868) 358-3344,https://mybunchofkeys.com/wp-content/uploads/2018/08/bok-avatar-f-320x320.png,https://mybunchofkeys.com/wp-content/uploads/2025/08/IMG_8390.jpeg,https://mybunchofkeys.com/wp-content/uploads/2025/08/IMG_8390.jpeg; https://mybunchofkeys.com/wp-content/uploads/2025/08/IMG_8389-Copy.jpeg; https://mybunchofkeys.com/wp-content/uploads/2025/08/IMG_8388.jpeg; https://mybunchofkeys.com/wp-content/uploads/2025/08/b45ccd71-d488-4c9a-a256-eac98ab3fe46-1-1440x1080.jpeg; https://mybunchofkeys.com/wp-content/uploads/2025/08/IMG_8392-Copy.jpeg; https://mybunchofkeys.com/wp-content/uploads/2025/08/IMG_8393.jpeg; https://mybunchofkeys.com/wp-content/uploads/2025/08/IMG_8387.jpeg; https://mybunchofkeys.com/wp-content/uploads/2025/08/IMG_8391.jpeg; https://mybunchofkeys.com/wp-content/uploads/2025/08/IMG_8385.jpeg; https://mybunchofkeys.com/wp-content/uploads/2025/08/IMG_8386.jpeg,2026-08-06T09:35:38+00:00,,House,For Sale,"About the Region
St. Clair St. Clair is a quiet, spacious, and upscale business and residential district between the Queen's Park Savannah and the Maraval River in Port of Spain, Trinidad and Tobago. It is home to most of the city's grandest and largest mansions and also home to the Magnificent Seven Houses. Federation Park and Ellerslie Park. St Clair is one of Port of Spain's five police districts. At St. Clair you can find the St. Clair Medical Hospital and St . Clair Place Sweet Briar, a prestigious ultra-modern office building which was developed as a quintessential office facility in Trinidad and Tobago in 1893.",Gated Compound; Private Pool; Central Air Conditioning; Kitchen Island; Patio; Pet Friendly; Kid Friendly; Maid Quarters,2026-08-06T23:39:51.226394+00:00
https://mybunchofkeys.com/property/prime-property-in-woodbrook-ideal-for-residential-or-commercial-use/,Prime Property in Woodbrook: Ideal for Residential or Commercial Use! - My Bunch of Keys,"$2,400,000",BOK-899561,Woodbrook,4,3,,,Cindy Cupen-Ramirez,House to Home Real Estate,(868) 358-3344,https://mybunchofkeys.com/wp-content/uploads/2018/08/bok-avatar-f-320x320.png,https://mybunchofkeys.com/wp-content/uploads/2025/06/488924902_1267216861500364_8264475866963150532_n.jpg,https://mybunchofkeys.com/wp-content/uploads/2025/06/488924902_1267216861500364_8264475866963150532_n.jpg; https://mybunchofkeys.com/wp-content/uploads/2025/06/488924902_1267216861500364_8264475866963150532_n-810x1080.jpg; https://mybunchofkeys.com/wp-content/uploads/2025/06/488536426_1267216034833780_6492857183712518646_n-810x1080.jpg; https://mybunchofkeys.com/wp-content/uploads/2025/06/487832097_1267215794833804_5147492736983644481_n.jpg; https://mybunchofkeys.com/wp-content/uploads/2025/06/487950043_1267216044833779_1538171664358014097_n.jpg; https://mybunchofkeys.com/wp-content/uploads/2025/06/487955455_1267216864833697_8452962453571398251_n.jpg; https://mybunchofkeys.com/wp-content/uploads/2025/06/488892592_1267216684833715_6039262025507259969_n.jpg; https://mybunchofkeys.com/wp-content/uploads/2025/06/488894982_1267216891500361_8181472131584302491_n.jpg; https://mybunchofkeys.com/wp-content/uploads/2025/06/488774555_1267217074833676_4719736681081007170_n.jpg; https://mybunchofkeys.com/wp-content/uploads/2025/06/488502991_1267215904833793_3040440551273772974_n.jpg; https://mybunchofkeys.com/wp-content/uploads/2025/06/488377095_1267216868167030_5842054503881129536_n.jpg; https://mybunchofkeys.com/wp-content/uploads/2025/06/487967351_1267215798167137_6918371401804565455_n.jpg; https://mybunchofkeys.com/wp-content/uploads/2025/06/487924990_1267215918167125_743569727706825538_n.jpg,2026-08-06T09:28:20+00:00,,House,For Sale,"Prime Property in Woodbrook: Ideal for Residential or Commercial Use!

About the Region
Woodbrook The large Woodbrook district, west of Downtown Port of Spain, Trinidad and Tobago, was formerly a sugar estate owned by the Siegert family of Angostura bitters fame. The estate was sold to the Town Board in 1911 and developed into a residential neighbourhood, with many of the north–south streets named for the Siegert siblings, some of whom were Carlos, Luis, Petra and Alfredo. In the last twenty years the main east–west thoroughfares, Ariapita Avenue and Tragarete Road, have become almost entirely commercialized, and Ariapita Avenue west of Murray Street has become a relatively upscale dining and entertainment ""strip"". A few small parks are sprinkled through the neighbourhood; Adam Smith Square and Siegert Square are the two largest. The Community Association held a series of events in August 2011 to celebrate its 100th anniversary. Just north of Woodbrook along Tragarete Road is the Queen's Park Oval, a major Test cricket ground which is owned by the private Queen's Park Cricket Club (QPCC). At Woodbrook's western end, at the edge of Invaders Bay, is the Hasley Crawford Stadium, the national venue for football and track and field events.",Unfurnished; Parking on Compound; Fully Fenced; Pet Friendly; Kid Friendly,2026-08-06T23:37:33.529159+00:00
https://mybunchofkeys.com/property/tragarete-rd/,Tragarete Rd - My Bunch of Keys,"$9,000,000",BOK-564459,Newtown,,,8445sq.ft.,6,Lesedi D.,11.11 Realty,(868) 478-1966,https://mybunchofkeys.com/wp-content/uploads/2025/11/37A953BC-6EFB-453F-B919-D463969CC304-320x320.jpeg,https://mybunchofkeys.com/wp-content/uploads/2023/03/EF41C6A3-4FE9-49CC-91E6-8170432062B2.jpeg,https://mybunchofkeys.com/wp-content/uploads/2023/03/EF41C6A3-4FE9-49CC-91E6-8170432062B2.jpeg; https://mybunchofkeys.com/wp-content/uploads/2023/04/IMG_3495-1440x1080.jpeg; https://mybunchofkeys.com/wp-content/uploads/2023/04/IMG_3497-1255x1080.jpeg; https://mybunchofkeys.com/wp-content/uploads/2023/04/IMG_3498-1440x1080.jpeg; https://mybunchofkeys.com/wp-content/uploads/2023/04/IMG_3521-810x1080.jpeg; https://mybunchofkeys.com/wp-content/uploads/2023/04/IMG_3502-1440x1080.jpeg; https://mybunchofkeys.com/wp-content/uploads/2023/04/IMG_3507-1191x1080.jpeg; https://mybunchofkeys.com/wp-content/uploads/2023/04/IMG_3506-1440x1080.jpeg; https://mybunchofkeys.com/wp-content/uploads/2023/04/IMG_3505-1440x1080.jpeg; https://mybunchofkeys.com/wp-content/uploads/2023/04/IMG_3504-1440x1080.jpeg; https://mybunchofkeys.com/wp-content/uploads/2023/04/IMG_3503-1440x1080.jpeg; https://mybunchofkeys.com/wp-content/uploads/2023/04/IMG_3501-1440x1080.jpeg; https://mybunchofkeys.com/wp-content/uploads/2023/04/IMG_3499-1440x1080.jpeg; https://mybunchofkeys.com/wp-content/uploads/2023/04/IMG_3509-1068x1080.jpeg; https://mybunchofkeys.com/wp-content/uploads/2023/04/IMG_3508-1324x1080.jpeg; https://mybunchofkeys.com/wp-content/uploads/2023/04/IMG_3516-1536x1080.jpeg; https://mybunchofkeys.com/wp-content/uploads/2023/04/IMG_3515-1440x1080.jpeg; https://mybunchofkeys.com/wp-content/uploads/2023/04/IMG_3514-1440x1080.jpeg; https://mybunchofkeys.com/wp-content/uploads/2023/04/IMG_3513-1244x1080.jpeg; https://mybunchofkeys.com/wp-content/uploads/2023/04/IMG_3518-1440x1080.jpeg; https://mybunchofkeys.com/wp-content/uploads/2023/04/IMG_3522.jpeg,2026-08-06T07:11:45+00:00,,Commercial,For Sale,"📍 Tragarete Road, Newtown – Commercial Building Prime commercial opportunity located on the corner of Tragarete Road and Gatacre Street , offering excellent visibility and easy access within one of Port of Spain’s most active commercial corridors. 🏢 Tri-Level Commercial Building 📐 Building Size: 8,445 sq ft 📐 Land Size: 4,512 sq ft The building features a ground floor lobby layout that allows for separation of each level , making it ideal for: • Corporate Headquarters • Professional Offices • Media House / Production Studio • Radio Station • Multi-Tenant Commercial Occupancy ✨ Property Features: ✅ Corner building with high daily traffic exposure ✅ Excellent signage and branding potential ✅ Generator installed for operational continuity ✅ Central Port of Spain location ✅ Flexible floor layouts ✅ Parking for 6 vehicles ✅ Suitable for corporate offices, media house, radio station, or professional services 💰 For Sale: TT$9M (Recent Valuation) Rental Options: • Middle Floor: TT$14,000 / month • Top Floor: TT$16,000 / month 📞 Contact: 478-1966 11.11 Realty

About the Region
Newtown Newtown, is a district in Port of Spain, Trinidad and Tobago. Over the years Newtown has evolved into a fairly well developed business area with large residences being converted into business places or being torn down with the intention to build a more business like location. One of the older buildings which has retained most of its historical look is the St. Patrick's R.C. Church. Newtown is one of the areas which had at least one primary school for boys and one for girls, which is the Newtown Boys and Newtown Girls. Known for success in academics and Music Festival competitions, these schools are located on either side of the St. Patrick's R.C. Church with access from Maraval Road.",Air Conditioning; Powder Room; Parking on Compound,2026-08-06T23:40:38.297672+00:00
https://mybunchofkeys.com/property/champs-fleurs-house-for-sale/,HOUSE FOR SALE - CHAMPS FLEURS - My Bunch of Keys,"$2,700,000",BOK-524217,Champs Fleurs,4,2,6123sq.ft.,2,Charmaine Noel Properties,,(868) 768-1615,https://mybunchofkeys.com/wp-content/uploads/2023/07/Adobe_Express_20230630_1544060_1-320x320.png,https://mybunchofkeys.com/wp-content/uploads/2022/12/PHOTO-2025-09-11-09-27-10.jpg,https://mybunchofkeys.com/wp-content/uploads/2022/12/PHOTO-2025-09-11-09-27-10.jpg; https://mybunchofkeys.com/wp-content/uploads/2022/12/IMG_3786.jpg; https://mybunchofkeys.com/wp-content/uploads/2022/12/IMG_3815-1904x1080.jpg; https://mybunchofkeys.com/wp-content/uploads/2022/12/IMG_3798.jpg; https://mybunchofkeys.com/wp-content/uploads/2022/12/IMG_3811-1901x1080.jpg; https://mybunchofkeys.com/wp-content/uploads/2022/12/PHOTO-2025-09-11-09-27-09-810x1080.jpg; https://mybunchofkeys.com/wp-content/uploads/2022/12/PHOTO-2025-09-11-09-27-10-810x1080.jpg; https://mybunchofkeys.com/wp-content/uploads/2022/12/PHOTO-2025-09-11-09-30-16-810x1080.jpg; https://mybunchofkeys.com/wp-content/uploads/2022/12/PHOTO-2025-09-11-09-30-15-3-810x1080.jpg; https://mybunchofkeys.com/wp-content/uploads/2022/12/PHOTO-2025-09-11-09-30-15-2-810x1080.jpg; https://mybunchofkeys.com/wp-content/uploads/2022/12/PHOTO-2025-09-11-09-30-17-5-810x1080.jpg; https://mybunchofkeys.com/wp-content/uploads/2022/12/PHOTO-2025-09-11-09-30-18-810x1080.jpg; https://mybunchofkeys.com/wp-content/uploads/2022/12/PHOTO-2025-09-11-09-30-18-2-810x1080.jpg; https://mybunchofkeys.com/wp-content/uploads/2022/12/PHOTO-2025-09-11-09-30-18-3-810x1080.jpg; https://mybunchofkeys.com/wp-content/uploads/2022/12/PHOTO-2025-09-11-09-30-16-2-810x1080.jpg; https://mybunchofkeys.com/wp-content/uploads/2022/12/PHOTO-2025-09-11-09-30-16-3-810x1080.jpg; https://mybunchofkeys.com/wp-content/uploads/2022/12/PHOTO-2025-09-11-09-27-11-810x1080.jpg; https://mybunchofkeys.com/wp-content/uploads/2022/12/PHOTO-2025-09-11-09-27-10-2-810x1080.jpg; https://mybunchofkeys.com/wp-content/uploads/2022/12/PHOTO-2025-09-11-09-27-11-2-810x1080.jpg; https://mybunchofkeys.com/wp-content/uploads/2022/12/PHOTO-2025-09-11-09-30-16-4-810x1080.jpg; https://mybunchofkeys.com/wp-content/uploads/2022/12/PHOTO-2025-09-11-09-30-17-810x1080.jpg; https://mybunchofkeys.com/wp-content/uploads/2022/12/PHOTO-2025-09-11-09-27-15-810x1080.jpg; https://mybunchofkeys.com/wp-content/uploads/2022/12/PHOTO-2025-09-11-09-27-15-2-810x1080.jpg; https://mybunchofkeys.com/wp-content/uploads/2022/12/PHOTO-2025-09-11-09-30-17-2-810x1080.jpg; https://mybunchofkeys.com/wp-content/uploads/2022/12/PHOTO-2025-09-11-09-30-17-3-810x1080.jpg; https://mybunchofkeys.com/wp-content/uploads/2022/12/PHOTO-2025-09-11-09-30-14-810x1080.jpg; https://mybunchofkeys.com/wp-content/uploads/2022/12/PHOTO-2025-09-11-09-30-15-810x1080.jpg; https://mybunchofkeys.com/wp-content/uploads/2022/12/PHOTO-2025-09-11-09-30-17-4-810x1080.jpg,2026-08-06T03:48:00+00:00,,House,For Sale,"Daniel Drive, Champs Fleurs A beautiful 2 Storey detached house with breath-taking view of east, south and west – This property is situated on a cul-de-sac within a gated community. Upstairs has 4 bedrooms, 2 bathrooms with master bedroom ensuite. Teak with granite countertop kitchen, with front porch and back patio. Downstairs features 2 – 2-bedroom 1-bathroom spacious apartments that are currently tenanted with a rental income of $4000 each. 6,123 sq. ft. of freehold land and 6,084 sq. ft. floor area Asking Reduced to TT$2,700,000 Contact: 768-1615/ 391-8964 Charmaine Noel Properties Ltd.

About the Region
Champs Fleurs Champs Fleurs lies east of San Juan and west of Curepe Trinidad, it can be accessed from Port-of-Spain by the Eastern Main Road. In Champs Fleurs, there are many industrial facilities located along the Eastern Main Road including the Carib Brewery Company, famous for its Carib beer, and Lever Brothers, the detergent manufacturer. Mount D'Or is one of the communities of Champs Fleurs. Schools such as Mount D’Or Government Primary School and School of Business and Computer Science are located in Champ Fleurs, Medical Facilities such as Mt. Hope Hospital and St. Joseph Health Facility are also located in the Champ Fleurs area.",Unfurnished; Move in Ready; Gated Community; Air Conditioning; Patio; Parking on Compound; Remote Gate; Freehold Land; T&C Approved; Fully Fenced; Pet Friendly; Kid Friendly; Laundry Area/Facility; Annex; Accessible; Water Tank; Water Pump,2026-08-06T23:22:37.707631+00:00
https://mybunchofkeys.com/property/homes-for-sale-mandalay-gardens-arima/,"HOMES FOR SALE - Mandalay Gardens, Arima 3 beds , 2 baths - My Bunch of Keys","$2,700,000",BOK-941850,Arima,3,2,5600sq.ft.,,Charmaine Noel Properties,,(868) 768-1615,https://mybunchofkeys.com/wp-content/uploads/2023/07/Adobe_Express_20230630_1544060_1-320x320.png,https://mybunchofkeys.com/wp-content/uploads/2025/09/WhatsApp-Image-2025-09-16-at-11.39.35-e1758554549669.jpeg,https://mybunchofkeys.com/wp-content/uploads/2025/09/WhatsApp-Image-2025-09-16-at-11.39.35-e1758554549669.jpeg; https://mybunchofkeys.com/wp-content/uploads/2025/09/WhatsApp-Image-2025-09-16-at-11.39.39-3-718x1080.jpeg; https://mybunchofkeys.com/wp-content/uploads/2025/09/WhatsApp-Image-2025-09-16-at-11.39.39-2-719x1080.jpeg; https://mybunchofkeys.com/wp-content/uploads/2025/09/WhatsApp-Image-2025-09-16-at-11.39.39-1-684x1080.jpeg; https://mybunchofkeys.com/wp-content/uploads/2025/09/WhatsApp-Image-2025-09-16-at-11.39.39-705x1080.jpeg; https://mybunchofkeys.com/wp-content/uploads/2025/09/WhatsApp-Image-2025-09-16-at-11.39.38-4-729x1080.jpeg; https://mybunchofkeys.com/wp-content/uploads/2025/09/WhatsApp-Image-2025-09-16-at-11.39.38-3-705x1080.jpeg; https://mybunchofkeys.com/wp-content/uploads/2025/09/WhatsApp-Image-2025-09-16-at-11.39.38-2-730x1080.jpeg; https://mybunchofkeys.com/wp-content/uploads/2025/09/WhatsApp-Image-2025-09-16-at-11.39.38-1-686x1080.jpeg; https://mybunchofkeys.com/wp-content/uploads/2025/09/WhatsApp-Image-2025-09-16-at-11.39.38-697x1080.jpeg; https://mybunchofkeys.com/wp-content/uploads/2025/09/WhatsApp-Image-2025-09-16-at-11.39.37-2-705x1080.jpeg; https://mybunchofkeys.com/wp-content/uploads/2025/09/WhatsApp-Image-2025-09-16-at-11.39.37-1-702x1080.jpeg; https://mybunchofkeys.com/wp-content/uploads/2025/09/WhatsApp-Image-2025-09-16-at-11.39.37-725x1080.jpeg; https://mybunchofkeys.com/wp-content/uploads/2025/09/WhatsApp-Image-2025-09-16-at-11.39.36-3-598x1080.jpeg; https://mybunchofkeys.com/wp-content/uploads/2025/09/WhatsApp-Image-2025-09-16-at-11.39.36-2-613x1080.jpeg; https://mybunchofkeys.com/wp-content/uploads/2025/09/WhatsApp-Image-2025-09-16-at-11.39.36-1-590x1080.jpeg; https://mybunchofkeys.com/wp-content/uploads/2025/09/WhatsApp-Image-2025-09-16-at-11.39.36-616x1080.jpeg,2026-08-06T02:46:58+00:00,,House,For Sale,"Located in Mandalay Gardens at the heart of the Buena Vista Estate on Tumpuna Road, Arima A highly sought-after residential area in East Trinidad. These exquisite single-family homes are available in varying land sizes, ranging from 5,540sf to 5,600sf. All homes are designed as one-story residences within a secure, meticulously planned gated community offering many amenities for an exclusive, high-quality lifestyle. Notable features include underground utilities, 24-hour security, a nature trail, a jogging track, and property maintenance in an architecturally controlled environment. $2.7M Contact: 768-1615/ 391-8964 Charmaine Noel Properties Ltd. “Making your dreams come true”

About the Region
Arima Arima, officially The Royal Chartered Borough of Arima is the easternmost and second largest area of the three boroughs of Trinidad and Tobago. This town is well known for its shopping areas located in the inner most portion of the town. It serves as a main trading hub for environs which makes the town considerably busy. Many persons visit Arima to relax and enjoy the wide array of local bars and street food offered such as burgers, doubles, gyros etc. Home to the famous drag malls, persons can visit Arima to purchase items of Rastafarian heritage. Arima, has primary and secondary schools, hospitals, police and fire services readily available. It attracts persons from all over as it hosts exciting borough day & Jouvert celebrations Fun fact, Arima is home to the indigenous people known as the “Caribs”. They are mainly found in the area of Arima called Calvary Hill which attracts many tourists as the Caribs were a well-known tribe in their time.",Fully Furnished; Move in Ready; Gated Community; Air Conditioning; Security Patrols,2026-08-06T23:30:11.460618+00:00
https://mybunchofkeys.com/property/luxury-home-for-sale-eighteen-moka/,LUXURY HOME FOR SALE - eighteen Moka - My Bunch of Keys,"$8,500,000",BOK-955888,"18 Moka, Moka",2,3,,3,Charmaine Noel Properties,,(868) 768-1615,https://mybunchofkeys.com/wp-content/uploads/2023/07/Adobe_Express_20230630_1544060_1-320x320.png,https://mybunchofkeys.com/wp-content/uploads/2025/10/Screenshot-2025-10-28-at-9.34.23 am.png,https://mybunchofkeys.com/wp-content/uploads/2025/10/Screenshot-2025-10-28-at-9.34.23 am.png; https://mybunchofkeys.com/wp-content/uploads/2025/10/20250506_113044.jpg; https://mybunchofkeys.com/wp-content/uploads/2025/10/20250506_113113.jpg; https://mybunchofkeys.com/wp-content/uploads/2025/10/20250506_113201.jpg; https://mybunchofkeys.com/wp-content/uploads/2025/10/20250506_113240.jpg; https://mybunchofkeys.com/wp-content/uploads/2025/10/20250506_113257.jpg; https://mybunchofkeys.com/wp-content/uploads/2025/10/20250506_113323.jpg; https://mybunchofkeys.com/wp-content/uploads/2025/10/20250506_113331.jpg; https://mybunchofkeys.com/wp-content/uploads/2025/10/20250506_113335-608x1080.jpg; https://mybunchofkeys.com/wp-content/uploads/2025/10/20250506_113342.jpg; https://mybunchofkeys.com/wp-content/uploads/2025/10/20250506_113346.jpg; https://mybunchofkeys.com/wp-content/uploads/2025/10/20250506_113353.jpg; https://mybunchofkeys.com/wp-content/uploads/2025/10/20250506_113357.jpg; https://mybunchofkeys.com/wp-content/uploads/2025/10/20250506_113401.jpg; https://mybunchofkeys.com/wp-content/uploads/2025/10/20250506_113514.jpg; https://mybunchofkeys.com/wp-content/uploads/2025/10/20250506_113526.jpg; https://mybunchofkeys.com/wp-content/uploads/2025/10/IMG_0201.jpg,2026-08-06T01:52:50+00:00,,House,For Sale,"BRAND NEW LUXURY HOME!

About the Region
Moka What's in Moka? A world class golfing facility of the country’s seven 18 hole and two 9 hole courses. Each golf course boasts of unique features whether it be holes within metres of the coastline or holes with panoramic views of the Northern Mountain Range. St. Andrew’s Golf Club: The majority of locals know it as the Moka Golf Course because of its location in Moka, Maraval. It is considered to be one of the finest golf courses in the Caribbean and is one of the oldest as it was established in 1891. The course is anchored in the Moka valley, along the Maraval River and the well-manicured greens contrast against the Paramin hills.",Fully Furnished; Move in Ready; Gated Compound; Private Pool; Jacuzzi; Smart Devices; Electricity; Air Conditioning; Kitchen Island; Pantry; Home Gym; Powder Room; Remote Gate; Laundry Area/Facility; Built-in Closets; Walk-in Closets; Water Tank; Water Pump; Water Heater,2026-08-06T23:34:27.009192+00:00
https://mybunchofkeys.com/property/home-for-sale-blanchisseuse/,HOME FOR SALE - Blanchisseuse - My Bunch of Keys,"$1,000,000",BOK-777999,Blanchisseuse,3,2,6628sq.ft.,,Charmaine Noel Properties,,(868) 768-1615,https://mybunchofkeys.com/wp-content/uploads/2023/07/Adobe_Express_20230630_1544060_1-320x320.png,https://mybunchofkeys.com/wp-content/uploads/2024/08/Master.png,https://mybunchofkeys.com/wp-content/uploads/2024/08/Master.png; https://mybunchofkeys.com/wp-content/uploads/2024/08/Bl-Kitchen.png; https://mybunchofkeys.com/wp-content/uploads/2024/08/Dining-Room.png; https://mybunchofkeys.com/wp-content/uploads/2024/08/Entrance.png; https://mybunchofkeys.com/wp-content/uploads/2024/08/Exterior-.png; https://mybunchofkeys.com/wp-content/uploads/2024/08/Front-Porch.png; https://mybunchofkeys.com/wp-content/uploads/2024/08/Living-Room.png; https://mybunchofkeys.com/wp-content/uploads/2024/08/Master-.png,2026-08-06T00:09:58+00:00,,House,For Sale,"A great investment opportunity. Fixer up’er! Located on the Blanchisseuse Road, and is in close proximity to Three Pools and has a nearby waterfall and beaches. The land size is 6,628 sq. ft. and the 2 storey single family house is 1,315 sq. ft. in size. 3 bedrooms (one room has an extra bed) 2 bathrooms 1 tv room 1 dining room 1 living room 1 porch 1 BBQ Deck Suitable for adventurous friends and family getaways Can easily accommodate 8-10 persons PRICE: $1m Contact: 768-1615/ 391-8964 Charmaine Noel Properties Ltd.

About the Region
Blanchisseuse Blanchisseuse (pronounced, in the local English dialect, ""blan-chee-shears"") is a village in Trinidad and Tobago. It is located about midway along the north coast of Trinidad on the northern slope of the Northern Range, about 24 km north of Arima. The village was settled by the French following the Cedula of Population in 1783. When Captain Frederick Mallet was charting and surveying the island of Trinidad following its capitulation to the British in 1797, he was told that the village had no name. Observing the women washing clothes in the river, he simply wrote on his survey chart: ""Ladies River"". Later, the settlers called the place after the washerwomen the surveyor had seen, Blanchisseuse being the French for ""washerwoman"". The village is accessible from Port of Spain via the North Coast Road. Blanchisseuse is located much further than the Maracas Beach and Las Cuevas beaches but it still remains a popular beach. Blanchisseuse is famous for the Blanchisseuse Spring Bridge, beaches and Marianne river. The Blanchiessuse Spring Bridge is located on the Paria Main Road Blanchisseuse where most people visit to take photos of this historic site.",Patio,2026-08-06T23:29:41.058339+00:00
https://mybunchofkeys.com/property/orange-grove-trincity-house/,orange grove trincity house - My Bunch of Keys,"$1,900,000",BOK-1043537,Orange Grove Estates Tacarigua Trincity,3,4,2750sq.ft.,3,Lesedi D.,11.11 Realty,(868) 478-1966,https://mybunchofkeys.com/wp-content/uploads/2025/11/37A953BC-6EFB-453F-B919-D463969CC304-320x320.jpeg,https://mybunchofkeys.com/wp-content/uploads/2026/06/124c4e1e-a84b-488a-aef5-c2359ededa03.jpeg,https://mybunchofkeys.com/wp-content/uploads/2026/06/124c4e1e-a84b-488a-aef5-c2359ededa03.jpeg; https://mybunchofkeys.com/wp-content/uploads/2026/06/04fe1f9c-6b31-4cde-9d81-fc97bb74d8ea-1-810x1080.jpeg; https://mybunchofkeys.com/wp-content/uploads/2026/06/56e6d21c-9c0c-49b1-8690-870cce6567fd-810x1080.jpeg; https://mybunchofkeys.com/wp-content/uploads/2026/06/ae3da038-9b14-4d6d-acff-3ba86d3cc64f-810x1080.jpeg; https://mybunchofkeys.com/wp-content/uploads/2026/06/bacfb362-3075-4bff-bdc3-d486e590ada1-810x1080.jpeg; https://mybunchofkeys.com/wp-content/uploads/2026/06/1bbeb10e-be31-418e-be18-1b50641a4bf1-1-810x1080.jpeg; https://mybunchofkeys.com/wp-content/uploads/2026/06/e422bd7c-c4ab-4582-b8c6-fcba646e74f1-810x1080.jpeg; https://mybunchofkeys.com/wp-content/uploads/2026/06/62db3539-5071-49c6-87e1-4c85d69d7b33-1-810x1080.jpeg; https://mybunchofkeys.com/wp-content/uploads/2026/06/124c4e1e-a84b-488a-aef5-c2359ededa03-810x1080.jpeg; https://mybunchofkeys.com/wp-content/uploads/2026/06/ff3629d6-c752-43ec-825e-40160c7621c5-810x1080.jpeg; https://mybunchofkeys.com/wp-content/uploads/2026/06/71854b5e-91e2-418b-8551-71b0f6ef6db6-1-702x1080.jpeg; https://mybunchofkeys.com/wp-content/uploads/2026/06/60dcc44a-7ab4-44b9-bbdb-c41c38b94f90-608x1080.jpeg; https://mybunchofkeys.com/wp-content/uploads/2026/06/a717eeda-f403-45eb-8905-6cbc8a1f5396-810x1080.jpeg; https://mybunchofkeys.com/wp-content/uploads/2026/06/0ad3db53-8e7f-46b0-b475-3c587a5d983e-810x1080.jpeg; https://mybunchofkeys.com/wp-content/uploads/2026/06/b93fe10b-0a26-427e-9dc3-a6c088d230fc-608x1080.jpeg; https://mybunchofkeys.com/wp-content/uploads/2026/06/6e7cafcd-7993-4f26-b642-d0d2305bdc59-608x1080.jpeg; https://mybunchofkeys.com/wp-content/uploads/2026/06/8e5c25a3-4097-4f62-b9a9-018270ccdff3-1-608x1080.jpeg; https://mybunchofkeys.com/wp-content/uploads/2026/06/83183c0d-a540-4457-b9de-4cf4b61f1d12-608x1080.jpeg; https://mybunchofkeys.com/wp-content/uploads/2026/06/85a54d4c-fe94-4aa9-9254-5df982a5c7c0-608x1080.jpeg; https://mybunchofkeys.com/wp-content/uploads/2026/06/9123422e-bcc4-42cb-9f20-21ec76c63299-608x1080.jpeg; https://mybunchofkeys.com/wp-content/uploads/2026/06/75d76ad6-2bb1-4bb4-9ffb-7c3bc5f021e4-1-608x1080.jpeg; https://mybunchofkeys.com/wp-content/uploads/2026/06/b1ac12bf-724f-4862-9db4-f4bdccfa1d3b-608x1080.jpeg; https://mybunchofkeys.com/wp-content/uploads/2026/06/a4e87a3e-5621-4d66-b5e8-0440668ab6ec-812x1080.jpeg; https://mybunchofkeys.com/wp-content/uploads/2026/06/af6fd301-4d43-4904-915e-5f272625cbc7-608x1080.jpeg; https://mybunchofkeys.com/wp-content/uploads/2026/06/39f940df-65b8-4ba4-9a9f-9c2fca6ccdda-608x1080.jpeg; https://mybunchofkeys.com/wp-content/uploads/2026/06/85487999-1378-41d6-bd2d-f4f4bce95486-872x1080.jpeg,2026-08-05T19:25:10+00:00,,House,For Sale,"FOR SALE | Orange Grove, Trincity 🗝️ 📍 Orange Grove, Trincity Spacious family home located in the well-established Orange Grove community, Trincity. This area is known for its residential feel, convenient access, and close proximity to everyday amenities. Property Details: • 3 Bedrooms • 4 Bathrooms • Office / Multi-use Ensuite Room • Family-friendly neighbourhood • Flexible layout suitable for family living, work-from-home setup, guest room or additional private space Location Highlights: • Located in a mature residential community • Minutes from the highway • Close to supermarkets, malls, pharmacies, schools and other conveniences • Easy access to Trincity Mall, East Gates, Piarco and surrounding East Trinidad areas • Quiet residential setting while still being close to major amenities 💰 Asking: $1.9M negotiable Valuation Price 📲 Call/WhatsApp: 478-1966

About the Region
Orange Grove Estates Orange Groove Estates is known mostly as a residential area, this community is very private. Located between the Churchill Roosevelt Highway and the Priority Bus Route on the North Eastern side of Trinidad. This road is used by many commuters to access environs such as Tacarigua, El.Dorado etc. As of recent, there has been a developing Orange Groove Industrial estate where manufacturing companies have begun successfully producing goods for re-sale.",Unfurnished; Move in Ready; Recently Renovated; Air Conditioning; Parking on Compound; Remote Gate; Fully Fenced; Pet Friendly; Kid Friendly; Office Space; Laundry Area/Facility; Accessible; Built-in Closets; Walk-in Closets; Water Tank; Water Heater,2026-08-06T23:36:23.261048+00:00
https://mybunchofkeys.com/property/home-for-sale-wellington-gardens-debe/,"HOME FOR SALE - Wellington Gardens, Debe - My Bunch of Keys","$900,000",BOK-987132,"Debe, N/A",3,1,4695sq.ft.,2,Charmaine Noel Properties,,(868) 768-1615,https://mybunchofkeys.com/wp-content/uploads/2023/07/Adobe_Express_20230630_1544060_1-320x320.png,https://mybunchofkeys.com/wp-content/uploads/2026/01/WhatsApp-Image-2026-01-18-at-17.39.24.jpeg,https://mybunchofkeys.com/wp-content/uploads/2026/01/WhatsApp-Image-2026-01-18-at-17.39.24.jpeg; https://mybunchofkeys.com/wp-content/uploads/2026/01/WhatsApp-Image-2026-01-18-at-17.39.25-810x1080.jpeg; https://mybunchofkeys.com/wp-content/uploads/2026/01/WhatsApp-Image-2026-01-18-at-17.39.25-1-810x1080.jpeg; https://mybunchofkeys.com/wp-content/uploads/2026/01/WhatsApp-Image-2026-01-18-at-17.39.25-2-1440x1080.jpeg; https://mybunchofkeys.com/wp-content/uploads/2026/01/WhatsApp-Image-2026-01-18-at-17.39.25-3-810x1080.jpeg; https://mybunchofkeys.com/wp-content/uploads/2026/01/WhatsApp-Image-2026-01-18-at-17.39.25-4-810x1080.jpeg; https://mybunchofkeys.com/wp-content/uploads/2026/01/WhatsApp-Image-2026-01-18-at-17.39.25-5-810x1080.jpeg; https://mybunchofkeys.com/wp-content/uploads/2026/01/WhatsApp-Image-2026-01-18-at-17.39.25-6-810x1080.jpeg; https://mybunchofkeys.com/wp-content/uploads/2026/01/WhatsApp-Image-2026-01-18-at-17.39.26-810x1080.jpeg; https://mybunchofkeys.com/wp-content/uploads/2026/01/WhatsApp-Image-2026-01-18-at-17.39.26-1-1440x1080.jpeg; https://mybunchofkeys.com/wp-content/uploads/2026/01/WhatsApp-Image-2026-01-15-at-10.07.00-810x1080.jpeg; https://mybunchofkeys.com/wp-content/uploads/2026/01/WhatsApp-Image-2026-01-15-at-10.07.00-1-1440x1080.jpeg; https://mybunchofkeys.com/wp-content/uploads/2026/01/WhatsApp-Image-2026-01-15-at-10.07.00-2-1440x1080.jpeg; https://mybunchofkeys.com/wp-content/uploads/2026/01/WhatsApp-Image-2026-01-15-at-10.07.02-1440x1080.jpeg; https://mybunchofkeys.com/wp-content/uploads/2026/01/WhatsApp-Image-2026-01-15-at-10.06.58-1440x1080.jpeg; https://mybunchofkeys.com/wp-content/uploads/2026/01/WhatsApp-Image-2026-01-15-at-10.06.58-1-810x1080.jpeg; https://mybunchofkeys.com/wp-content/uploads/2026/01/WhatsApp-Image-2026-01-15-at-10.06.57-1440x1080.jpeg,2026-08-05T13:07:09+00:00,,House,For Sale,"Start up home for sale Land 5000 sq.ft. 3 bedrooms 1 bathroom Open plan Has good drainage. Gated community Price: $900,000 Contact: 768-1615/ 391-8964 Charmaine Noel Properties Ltd.",Unfurnished; Move in Ready; Gated Community; Electricity; Water Tank,2026-08-06T23:29:55.988563+00:00
https://mybunchofkeys.com/property/house-for-rent-susan-crescent-ocean-park-carenage-%f0%9f%8c%b4%e2%9c%a8/,"HOUSE FOR RENT | Susan Crescent, Ocean Park, Carenage 🌴✨ - My Bunch of Keys","$35,000 / Mth",BOK-1045432,"OCEAN PARK, CARENAGE, Carenage",9,6,,,Charmaine Noel Properties,,(868) 768-1615,https://mybunchofkeys.com/wp-content/uploads/2023/07/Adobe_Express_20230630_1544060_1-320x320.png,https://mybunchofkeys.com/wp-content/uploads/2026/06/IMG_7903.jpg,https://mybunchofkeys.com/wp-content/uploads/2026/06/IMG_7903.jpg; https://mybunchofkeys.com/wp-content/uploads/2026/06/d94115f3-23f4-4e58-84bd-cd92ee0a8a31-810x1080.jpg; https://mybunchofkeys.com/wp-content/uploads/2026/06/a3d8976c-0867-4fad-84ac-4d096555b126-1440x1080.jpg; https://mybunchofkeys.com/wp-content/uploads/2026/06/e4581cbf-1604-477d-8479-7fb2eb701cde-810x1080.jpg; https://mybunchofkeys.com/wp-content/uploads/2026/06/cfaef1ec-4a21-4d6d-a3ef-5489d5aae216-810x1080.jpg; https://mybunchofkeys.com/wp-content/uploads/2026/06/bda8cfcb-5b7c-48d3-bbee-44e1d8268a3a-608x1080.jpg; https://mybunchofkeys.com/wp-content/uploads/2026/06/39471229-1755-4728-8784-75517edebd1c-810x1080.jpg; https://mybunchofkeys.com/wp-content/uploads/2026/06/8198511c-c574-4340-87ea-04529cd90e72-1440x1080.jpg; https://mybunchofkeys.com/wp-content/uploads/2026/06/69117c4e-8a21-47a8-9006-1ff58682fd99-1440x1080.jpg; https://mybunchofkeys.com/wp-content/uploads/2026/06/934f027c-19c6-4f95-8c67-dd002fead594-1440x1080.jpg; https://mybunchofkeys.com/wp-content/uploads/2026/06/363c5d42-a127-4342-97a4-0a22808ba59f-810x1080.jpg; https://mybunchofkeys.com/wp-content/uploads/2026/06/140f306a-00de-46f0-842d-58fdb50ce7ce-810x1080.jpg; https://mybunchofkeys.com/wp-content/uploads/2026/06/33c9ec07-85a9-4cd0-9cea-c167ca02c686-810x1080.jpg; https://mybunchofkeys.com/wp-content/uploads/2026/06/9e831e49-a568-43bf-a123-8bb6e4691f69-608x1080.jpg; https://mybunchofkeys.com/wp-content/uploads/2026/06/IMG_7909-608x1080.jpg; https://mybunchofkeys.com/wp-content/uploads/2026/06/IMG_7905-608x1080.jpg; https://mybunchofkeys.com/wp-content/uploads/2026/06/IMG_7907-608x1080.jpg; https://mybunchofkeys.com/wp-content/uploads/2026/06/IMG_7906-608x1080.jpg; https://mybunchofkeys.com/wp-content/uploads/2026/06/IMG_7900-608x1080.jpg; https://mybunchofkeys.com/wp-content/uploads/2026/06/IMG_7901-608x1080.jpg,2026-08-05T12:57:51+00:00,,House,For Rent,"A unique opportunity to rent an entire property or choose from three spacious fully furnished and equipped apartments in a serene setting with a shared pool and mature fruit trees. 🏠 Entire Property Available – TT$35,000 🔹 Ground Floor Apartment – TT$10,000 ✔️ 3 Bedrooms | 2 Bathrooms ✔️ Master Ensuite ✔️ Open Plan Living & Kitchen ✔️ Fully Furnished & Equipped ✔️ All Utilities Included ✔️ Shared Pool ✔️ Electronic Gate 🔹 First Floor Apartment – TT$13,000 ✔️ 3 Bedrooms | 2 Bathrooms (1 Ensuite) ✔️ Spacious Open Plan Living & Kitchen ✔️ Wrap-Around Porch Overlooking Pool ✔️ Outdoor Entertainment Patio ✔️ Fully Furnished & Equipped ✔️ All Utilities Included ✔️ Shared Pool ✔️ Electronic Gate ✔️ Mature Fruit Trees 🔹 Top Floor Apartment – TT$12,000 ✔️ 3 Bedrooms | 2 Bathrooms ✔️ Master Ensuite ✔️ Open Plan Living Area ✔️ Galley Style Kitchen ✔️ Wrap-Around Porch Overlooking Pool ✔️ Separate Outdoor Entertainment Patio ✔️ Fully Furnished & Equipped ✔️ All Utilities Included ✔️ Shared Pool ✔️ Electronic Gate ✔️ Mature Fruit Trees Enjoy comfortable living, beautiful outdoor spaces, and the convenience of utilities included in one of Carenage’s desirable residential communities. 📞 Call 768-1615 to schedule your viewing today!

About the Region
Carenage Carenage is a town in the Republic of Trinidad and Tobago. It is located in northwestern Trinidad, and is administered by the Diego Martin Regional Corporation. Located close to Chaguaramas, it is more of a residential area than a commercial or industrial locale. The name is derived from the practice of careening (i.e., beaching, ""carénage"" in French) sailing vessels for maintenance, which had been done in the area for many years.",Fully Furnished; Move in Ready; Private Pool; Electricity; Air Conditioning; Kitchen Island; Remote Gate; Fully Fenced; Office Space; Built-in Closets; Water Tank; Water Pump,2026-08-06T23:30:26.823454+00:00
https://mybunchofkeys.com/property/homes-for-sale-sunkist-drive-phillipine/,"HOMES FOR SALE - Sunkist Drive, Phillipine - My Bunch of Keys","$2,200,000",BOK-987084,"Sunkist Drive, Phillipine, N/A",2,2,10000sq.ft.,4,Charmaine Noel Properties,,(868) 768-1615,https://mybunchofkeys.com/wp-content/uploads/2023/07/Adobe_Express_20230630_1544060_1-320x320.png,https://mybunchofkeys.com/wp-content/uploads/2026/01/8ada1dd5-251c-45d9-96e9-c209baf79d35.jpg,https://mybunchofkeys.com/wp-content/uploads/2026/01/8ada1dd5-251c-45d9-96e9-c209baf79d35.jpg; https://mybunchofkeys.com/wp-content/uploads/2026/01/127fa9f0-765c-4809-b7b9-b3aef569d2ca-810x1080.jpg; https://mybunchofkeys.com/wp-content/uploads/2026/01/f32410b6-0f77-41a4-b4e5-e077e64b74c1-810x1080.jpg; https://mybunchofkeys.com/wp-content/uploads/2026/01/d7c18f6b-bf7a-43b1-9a0d-e081e18b2790-810x1080.jpg; https://mybunchofkeys.com/wp-content/uploads/2026/01/b89e615a-eb34-4a92-a33d-ae9cdeaec02c-810x1080.jpg; https://mybunchofkeys.com/wp-content/uploads/2026/01/671e5d49-1e88-4447-aa20-a6ab5fe321ad-810x1080.jpg; https://mybunchofkeys.com/wp-content/uploads/2026/01/44691f4b-1dcb-4f33-9cc0-8717dabba691-810x1080.jpg; https://mybunchofkeys.com/wp-content/uploads/2026/01/d0634b29-778a-4830-b09f-5a6f02e4f27d-810x1080.jpg; https://mybunchofkeys.com/wp-content/uploads/2026/01/f6fe7d4c-9d75-4b97-b832-9a42c05d17b9-810x1080.jpg; https://mybunchofkeys.com/wp-content/uploads/2026/01/a8036633-0102-4b08-ad58-753afe9bf023-810x1080.jpg; https://mybunchofkeys.com/wp-content/uploads/2026/01/a3f52e48-f473-407d-87f6-7dc57ab6a0d7-810x1080.jpg; https://mybunchofkeys.com/wp-content/uploads/2026/01/46d460f2-9992-450a-ac98-7fe206e56d85-810x1080.jpg; https://mybunchofkeys.com/wp-content/uploads/2026/01/4e59f8a1-81ed-4e8b-91df-bf77ae5c5a0a-810x1080.jpg; https://mybunchofkeys.com/wp-content/uploads/2026/01/347a2c29-ac46-4946-aeaa-47001f56213c-810x1080.jpg; https://mybunchofkeys.com/wp-content/uploads/2026/01/ad6e5e26-ac39-47c4-bcb6-4cedae609e08-810x1080.jpg,2026-08-05T12:57:26+00:00,,House,For Sale,"Two buildings on the property. Each has 1 bedroom, bath and toilet, living area and kitchen. AC in the bedrooms Each building has a covered car port. Additional enclosed space that could either be used for storage or enclosed car port. Water tanks and a water pump. Mature fruit trees – bananas, plantain, carambola, chatainge. Land – 10,000 sq.ft. $2.2M Contact: 768-1615/ 391-8964 Charmaine Noel Properties Ltd.",Unfurnished; Air Conditioning; Covered Garage; Pet Friendly; Water Tank; Water Pump,2026-08-06T23:30:16.357000+00:00
https://mybunchofkeys.com/property/home-for-sale-kitchener-street-battoo-avenue-marabella/,"HOME FOR SALE | Kitchener Street, Battoo Avenue, Marabella - My Bunch of Keys","$2,765,000",BOK-1045417,"Marabella, Marabella",4,3,5189sq.ft.,2,Charmaine Noel Properties,,(868) 768-1615,https://mybunchofkeys.com/wp-content/uploads/2023/07/Adobe_Express_20230630_1544060_1-320x320.png,https://mybunchofkeys.com/wp-content/uploads/2026/06/Screenshot-2026-06-19-at-7.31.22 AM.png,https://mybunchofkeys.com/wp-content/uploads/2026/06/Screenshot-2026-06-19-at-7.31.22 AM.png; https://mybunchofkeys.com/wp-content/uploads/2026/06/IMG_7989-608x1080.jpg; https://mybunchofkeys.com/wp-content/uploads/2026/06/IMG_7988-608x1080.jpg; https://mybunchofkeys.com/wp-content/uploads/2026/06/IMG_7983-608x1080.jpg; https://mybunchofkeys.com/wp-content/uploads/2026/06/f21cacb3-538e-4562-b4ce-e5168b2ee27b-810x1080.jpg; https://mybunchofkeys.com/wp-content/uploads/2026/06/IMG_8012-608x1080.jpg; https://mybunchofkeys.com/wp-content/uploads/2026/06/IMG_8007-608x1080.jpg,2026-08-05T12:48:33+00:00,,House,For Sale,"Discover comfort, space, and convenience in this beautiful freehold property situated in a safe and family-friendly neighborhood. ✨ Property Features: ✔ Freehold Land ✔ 5,189 sq. ft. Lot ✔ 2,880 sq. ft. House ✔ 4 Spacious Bedrooms ✔ En-Suite Master Bedroom with Walk-In Closet ✔ 2 Full Bathrooms ✔ Guest Powder Room Downstairs ✔ Upstairs Office/Study ✔ Granite Countertop Kitchen ✔ 20×20 Floor Tiles ✔ Stylish Mosaic Kitchen Backsplash ✔ 2 Water Tanks 📍 Prime Location • Safe neighborhood • Airbnb located across the road, offering excellent potential for visiting family, guests, or investment opportunities 💰 Price: TT$2.765M Don’t miss the opportunity to own this spacious and well-appointed home in Marabella. 📞 Contact us today to schedule your viewing! 768-1615

About the Region
Marabella Marabella is a former town in southern Trinidad, between San Fernando (to the south) and Pointe-à-Pierre (to the north). Early 19th century maps highlighted it as Marabella Junction because of the Railway intersection to Williamsville and other central areas. Originally a separate town, it was incorporated into the City of San Fernando in the 1990s. Marabella was home to the Union Park Turf Club (a horse racing venue) later converted to the Manny Ramjohn Stadium, one of the five major stadiums in Trinidad and Tobago. Nicknamed ""The City That Never Sleeps,"" the city is always active as its nightlife of food vending and bars goes almost 24/7. Marabella provides a melting pot for the wide ethnic groups to ""lime"" and ""ole talk"" Marabella's location near the Solomon Hochoy highway and Southern Main Road makes accessibility to all parts of Trinidad easy. This accessibility combined with its commercial infrastructure makes Marabella a prime residential area. Today it is referred to as the 'Commercial Hub of Southern Trinidad'. Marabella has supermarkets, pharmacies and many more readily available.",Move in Ready; Electricity; Air Conditioning; Kitchen Island; Patio; Freehold Land; Pet Friendly; Built-in Closets; Walk-in Closets; Water Tank; Water Pump,2026-08-06T23:29:51.654112+00:00
https://mybunchofkeys.com/property/120-navin-circular-elizabeth-gardends/,"120 Navin Circular, Elizabeth Gardens - My Bunch of Keys","$5,000,000",BOK-320,St. Joseph,4,6,6000sq.ft.,5,Origin Caribbean,,868-486-9932,https://mybunchofkeys.com/wp-content/uploads/2022/09/Origin-Caribbean-New-logo2-MBOK-320x320.png,https://mybunchofkeys.com/wp-content/uploads/2025/07/Maracas-St-Joseph-12.jpg,https://mybunchofkeys.com/wp-content/uploads/2025/07/Maracas-St-Joseph-12.jpg; https://mybunchofkeys.com/wp-content/uploads/2025/07/Maracas-St-Joseph-16-810x1080.jpg; https://mybunchofkeys.com/wp-content/uploads/2025/07/IMG_5385-1440x1080.jpg; https://mybunchofkeys.com/wp-content/uploads/2025/07/Maracas-St-Joseph-14-1440x1080.jpg; https://mybunchofkeys.com/wp-content/uploads/2025/07/Maracas-St-Joseph-12-1440x1080.jpg; https://mybunchofkeys.com/wp-content/uploads/2025/07/Maracas-St-Joseph-24-1440x1080.jpg; https://mybunchofkeys.com/wp-content/uploads/2025/07/Maracas-St-Joseph-26-1440x1080.jpg; https://mybunchofkeys.com/wp-content/uploads/2025/07/IMG_5398-1440x1080.jpg; https://mybunchofkeys.com/wp-content/uploads/2025/07/IMG_5490-1440x1080.jpg; https://mybunchofkeys.com/wp-content/uploads/2025/07/IMG_5387-1440x1080.jpg; https://mybunchofkeys.com/wp-content/uploads/2025/07/IMG_5389-1440x1080.jpg; https://mybunchofkeys.com/wp-content/uploads/2025/07/IMG_5390-1440x1080.jpg; https://mybunchofkeys.com/wp-content/uploads/2025/07/IMG_5391-810x1080.jpg; https://mybunchofkeys.com/wp-content/uploads/2025/07/IMG_5393-1440x1080.jpg; https://mybunchofkeys.com/wp-content/uploads/2025/07/IMG_5394-1440x1080.jpg; https://mybunchofkeys.com/wp-content/uploads/2025/07/IMG_5396-1440x1080.jpg; https://mybunchofkeys.com/wp-content/uploads/2025/07/IMG_5397-1440x1080.jpg; https://mybunchofkeys.com/wp-content/uploads/2025/07/IMG_5399-1440x1080.jpg; https://mybunchofkeys.com/wp-content/uploads/2025/07/IMG_5486-1440x1080.jpg; https://mybunchofkeys.com/wp-content/uploads/2025/07/IMG_5488-1440x1080.jpg; https://mybunchofkeys.com/wp-content/uploads/2025/07/IMG_5492-1440x1080.jpg; https://mybunchofkeys.com/wp-content/uploads/2025/07/IMG_5493-1440x1080.jpg; https://mybunchofkeys.com/wp-content/uploads/2025/07/IMG_5494-1440x1080.jpg; https://mybunchofkeys.com/wp-content/uploads/2025/07/IMG_5497-1440x1080.jpg; https://mybunchofkeys.com/wp-content/uploads/2025/07/IMG_5502-810x1080.jpg; https://mybunchofkeys.com/wp-content/uploads/2025/07/IMG_5506-1440x1080.jpg; https://mybunchofkeys.com/wp-content/uploads/2025/07/IMG_5508-1440x1080.jpg; https://mybunchofkeys.com/wp-content/uploads/2025/07/IMG_5509-1440x1080.jpg; https://mybunchofkeys.com/wp-content/uploads/2025/07/IMG_5512-1440x1080.jpg; https://mybunchofkeys.com/wp-content/uploads/2025/07/IMG_5386-1440x1080.jpg; https://mybunchofkeys.com/wp-content/uploads/2025/07/IMG_5388-1440x1080.jpg,2026-08-05T12:11:16+00:00,,House,For Sale,"More than a residence, this is a statement of modern living—where cutting-edge design meets the laid-back allure of Caribbean luxury. For those who demand both privacy and prestige; A modern home suitable for a large family with a flair for entertainment Main Features Four bedrooms 4000 Sqft home 11,500 Sqft land Three en-Suite bathrooms One out of suite bathroom Guest Half bathroom Full Poolside bathrooms and kitchen Ground floor Entertainment cinema and bar Pool with lounge jacuzzi Large dual carport with electronic door Perched within an exclusive gated community, this breathtaking four-story residence redefines contemporary elegance with its sleek, ultra-modern facade, expansive ceiling heights, large windows, and seamless indoor-outdoor living. Designed for both grandeur and intimate entertaining, the home offers an unparalleled vantage point to soak in Trinidad’s vibrant vistas. The exterior commands attention with its geometric precision—clean lines, a soaring roofline, and a symphony of glass that floods the interiors with natural light. A spacious carport for two vehicles underscores the home’s blend of functionality and style, while the minimalist landscaping frames the property as a private oasis. Entertainer’s Paradise The ground floor is dedicated to leisure and luxury, featuring a state-of-the-art home cinema and a chic wet bar, perfect for hosting gatherings. Four ensuite bedrooms provide sanctuary, each with refined finishes and access to the home’s six full baths. Ascend the floating staircase to discover open-concept living spaces where high ceilings and neutral palettes amplify the sense of airy sophistication. Seamless Indoor-Outdoor Flow Walls of retractable glass blur the boundaries between the interior and the sprawling terraces, inviting the tropical breeze and panoramic views into every room. Whether lounging by the pool or dining al fresco under the stars; the outdoor kitchen and bar are a perfect match.

About the Region
St. Joseph St. Joseph was founded in 1592 by Antonio de Berrio and is the oldest town in Trinidad and Tobago. Originally named San José de Oruña, it served as the capital of Spanish Trinidad between 1592 and 1783. In 1595 the place was attacked and held by Sir Walter Raleigh and was used as a base for his exploration of the Orinoco river in search of the fabled city of El Dorado. Soon after his return the place was burnt and sacked. St. Joseph is not an incorporated municipality. It falls within the boundaries of the Tunapuna–Piarco region. Today it is the home of several different schools, including St. Joseph's Convent, St. Joseph, St. Joseph Boys Roman Catholic School, St. Joseph Girls Roman Catholic School, St. Joseph Government School, St. Joseph College, T.M.L Primary School, St Joseph and St. Xavier's Preparatory School.",Unfurnished; Gated Community; Private Pool; Air Conditioning; Parking on Compound; Remote Gate; T&C Approved; Fully Fenced; Kid Friendly; Laundry Area/Facility; Built-in Closets; Walk-in Closets; Water Pump; Water Heater,2026-08-06T23:19:24.304176+00:00
https://mybunchofkeys.com/property/pax-vale-new-4-bedroom-home/,New 3 Bedroom home at Pax Vale - My Bunch of Keys,"$2,995,000",BOK-976300,Santa Cruz,3,2,2700sq.ft.,3,Gerard Krogh,Guillen Realty,(868) 319-9845,https://mybunchofkeys.com/wp-content/uploads/2018/06/Gerard-Krogh-320x320.jpg,https://mybunchofkeys.com/wp-content/uploads/2026/01/IMG_2202.jpeg,https://mybunchofkeys.com/wp-content/uploads/2026/01/IMG_2202.jpeg; https://mybunchofkeys.com/wp-content/uploads/2026/01/IMG_2216-1440x1080.jpeg; https://mybunchofkeys.com/wp-content/uploads/2026/01/IMG_2218-810x1080.jpeg; https://mybunchofkeys.com/wp-content/uploads/2026/01/IMG_2219-810x1080.jpeg; https://mybunchofkeys.com/wp-content/uploads/2026/01/IMG_2220-1440x1080.jpeg; https://mybunchofkeys.com/wp-content/uploads/2026/01/IMG_2234-1440x1080.jpeg; https://mybunchofkeys.com/wp-content/uploads/2026/01/IMG_2237-810x1080.jpeg; https://mybunchofkeys.com/wp-content/uploads/2026/01/IMG_2240-1440x1080.jpeg; https://mybunchofkeys.com/wp-content/uploads/2026/01/IMG_2263-1440x1080.jpeg; https://mybunchofkeys.com/wp-content/uploads/2026/01/IMG_2267-1440x1080.jpeg; https://mybunchofkeys.com/wp-content/uploads/2026/01/IMG_2233-1440x1080.jpeg; https://mybunchofkeys.com/wp-content/uploads/2026/01/IMG_2276-810x1080.jpeg; https://mybunchofkeys.com/wp-content/uploads/2026/01/IMG_2274-1440x1080.jpeg; https://mybunchofkeys.com/wp-content/uploads/2026/01/IMG_2270-1440x1080.jpeg; https://mybunchofkeys.com/wp-content/uploads/2026/01/IMG_2268-810x1080.jpeg; https://mybunchofkeys.com/wp-content/uploads/2026/01/IMG_2265-1440x1080.jpeg; https://mybunchofkeys.com/wp-content/uploads/2026/01/IMG_2255-810x1080.jpeg; https://mybunchofkeys.com/wp-content/uploads/2026/01/IMG_2258-810x1080.jpeg; https://mybunchofkeys.com/wp-content/uploads/2026/01/IMG_2254-1440x1080.jpeg; https://mybunchofkeys.com/wp-content/uploads/2026/01/IMG_2252-1440x1080.jpeg; https://mybunchofkeys.com/wp-content/uploads/2026/01/IMG_2251-810x1080.jpeg; https://mybunchofkeys.com/wp-content/uploads/2026/01/IMG_2250-810x1080.jpeg; https://mybunchofkeys.com/wp-content/uploads/2026/01/IMG_2247-810x1080.jpeg; https://mybunchofkeys.com/wp-content/uploads/2026/01/IMG_2246-1440x1080.jpeg; https://mybunchofkeys.com/wp-content/uploads/2026/01/IMG_2245-1440x1080.jpeg; https://mybunchofkeys.com/wp-content/uploads/2026/01/IMG_2243-1440x1080.jpeg; https://mybunchofkeys.com/wp-content/uploads/2026/01/IMG_2241-1440x1080.jpeg; https://mybunchofkeys.com/wp-content/uploads/2026/01/IMG_2238-1440x1080.jpeg; https://mybunchofkeys.com/wp-content/uploads/2026/01/IMG_2236-1440x1080.jpeg; https://mybunchofkeys.com/wp-content/uploads/2026/01/IMG_2235-1440x1080.jpeg; https://mybunchofkeys.com/wp-content/uploads/2026/01/IMG_2225-1440x1080.jpeg; https://mybunchofkeys.com/wp-content/uploads/2026/01/IMG_2226-1440x1080.jpeg; https://mybunchofkeys.com/wp-content/uploads/2026/01/IMG_2223-1440x1080.jpeg; https://mybunchofkeys.com/wp-content/uploads/2026/01/IMG_2222-1440x1080.jpeg; https://mybunchofkeys.com/wp-content/uploads/2026/01/IMG_2221-810x1080.jpeg; https://mybunchofkeys.com/wp-content/uploads/2026/01/IMG_2205-1440x1080.jpeg; https://mybunchofkeys.com/wp-content/uploads/2026/01/IMG_2207-1440x1080.jpeg; https://mybunchofkeys.com/wp-content/uploads/2026/01/IMG_2209-1440x1080.jpeg; https://mybunchofkeys.com/wp-content/uploads/2026/01/IMG_2210-810x1080.jpeg; https://mybunchofkeys.com/wp-content/uploads/2026/01/IMG_2211-1440x1080.jpeg; https://mybunchofkeys.com/wp-content/uploads/2026/01/IMG_2202-1440x1080.jpeg; https://mybunchofkeys.com/wp-content/uploads/2026/01/IMG_2213-1440x1080.jpeg,2026-08-05T12:00:38+00:00,,House,For Sale,"The Vistas of Pax Vale, Santa Cruz A recently completed, 3 bed 2 1/2 bath home nestled within a new gated development in Pax Vale. The property also offers a spacious wrap around garden area to create a beautiful pool deck with amazing sunset views. House: 2600 sqft Freehold Land: 7678 sqft – Beautiful Views !! – 3 bed – 2 1/2 Bath – A/C units – Modern kitchen with an Island – Large open concept Living / Kitchen area – LED colored ceiling accent lighting feature – Porcelain tiles – Built in closets – Walk-in Pantry – Large laundry – Study / Office – Back porch with views – Covered garage for 2 (can add garage door) – Spacious Garden with room for a pool – Fully walled perimeter – 1000 gal tank with pump system – New Gated Community

About the Region
Santa Cruz Santa Cruz is a town in Trinidad and Tobago. It extends across the Santa Cruz Valley, between Maraval and San Juan, along the Saddle Road. It lies between the hills of the Northern Range, a mountain range Santa Cruz is home for a few primary and secondary schools. Some primary schools include the La Pastora Government Primary School, Santa Cruz Presbyterian School, Cantaro Roman Catholic School and Bourg Mulatresse Primary School. San Juan North Secondary School is also situated in the Lower Santa Cruz Valley and it was constructed along the mountain side in Bourg Mulatresse near the Bourg Mulatresse Primary School. There are two postal delivery offices and fuel stations in Bourg Mulatresse and Cantaro. Santa Cruz is also home of a police station and a fire station. The Santa Cruz Fire Station houses the Land Search and Rescue Team, this team responds to all search and rescue calls within the Northern Division dealing with automobile accidents, fire emergencies, North Coast Road mishaps and assisting EMTs in responding to medical emergencies beyond road access.",Unfurnished; Move in Ready; Gated Compound; Gated Community; Internet Access; Cable TV; Electricity; Air Conditioning; Kitchen Island; Pantry; Patio; Covered Garage; Parking on Compound; Remote Gate; Freehold Land; T&C Approved; Fully Fenced; Pet Friendly; Kid Friendly; Office Space; Laundry Area/Facility; Accessible; Built-in Closets; Water Tank; Water Pump; Water Heater,2026-08-06T23:36:41.843429+00:00
https://mybunchofkeys.com/property/new-homes-malabar-arima/,New homes Malabar Arima - My Bunch of Keys,"$2,000,000",BOK-1067788,Arima,3,2,1900sq.ft.,,Patience Real Estate,,(868) 464-6416,https://mybunchofkeys.com/wp-content/uploads/2019/11/Patience-Real-Estate-Logo.png,https://mybunchofkeys.com/wp-content/uploads/2026/08/file_0000000036b0820eaaa081d02f552b3f.png,https://mybunchofkeys.com/wp-content/uploads/2026/08/file_0000000036b0820eaaa081d02f552b3f.png; https://mybunchofkeys.com/wp-content/uploads/2026/08/file_00000000b8f0820e8657581cd58f86ca-1440x1080.png; https://mybunchofkeys.com/wp-content/uploads/2026/08/file_000000001aa8820eaf6e730c6c3cb394-864x1080.png; https://mybunchofkeys.com/wp-content/uploads/2026/08/file_000000006100820e973e43729a0b55de-810x1080.png; https://mybunchofkeys.com/wp-content/uploads/2026/08/file_00000000764c820e9ab2bc9ad9c73af0-810x1080.png; https://mybunchofkeys.com/wp-content/uploads/2026/08/file_000000006d5c820e96a84291302546f6-810x1080.png; https://mybunchofkeys.com/wp-content/uploads/2026/08/file_000000004f5c820ea37707bf9b37fb25-810x1080.png; https://mybunchofkeys.com/wp-content/uploads/2026/08/IMG-20260305-WA00081.jpg,2026-08-05T04:53:50+00:00,,House,For Sale,"✨ Your New Chapter Starts at Saints Court ✨ Welcome to Saints Court, an exclusive gated community located on Saints Gardens Avenue, Malabar Main Road, Arima. Thoughtfully designed for modern living, these beautifully finished homes offer the perfect blend of comfort, style, and security. 🏡 Property Features: • 3 Spacious Bedrooms • 2 Modern Bathrooms • Approx. 1,900 sq. ft. of living space • Freehold Land • Contemporary Open-Concept Design • Quality Finishes Throughout • Covered Parking • Secure Gated Community 📐 Lot Sizes: • Standard lots approximately 7,500 sq. ft. • One premium lot approximately 8,000 sq. ft. • Three lots approximately 5,100 sq. ft. 💰 Asking Price: TTD $2,000,000 🚨 Selling Fast! Lots 2A, 2C & 1B are SOLD. Whether you’re a first-time homeowner, upgrading your lifestyle, or investing in your future, Saints Court offers exceptional value in one of Arima’s most convenient locations. 📞 Call/WhatsApp Patience Real Estate Ltd today: (868) 464-6416 📧 patiencerealestateltd@gmail.com

About the Region
Arima Arima, officially The Royal Chartered Borough of Arima is the easternmost and second largest area of the three boroughs of Trinidad and Tobago. This town is well known for its shopping areas located in the inner most portion of the town. It serves as a main trading hub for environs which makes the town considerably busy. Many persons visit Arima to relax and enjoy the wide array of local bars and street food offered such as burgers, doubles, gyros etc. Home to the famous drag malls, persons can visit Arima to purchase items of Rastafarian heritage. Arima, has primary and secondary schools, hospitals, police and fire services readily available. It attracts persons from all over as it hosts exciting borough day & Jouvert celebrations Fun fact, Arima is home to the indigenous people known as the “Caribs”. They are mainly found in the area of Arima called Calvary Hill which attracts many tourists as the Caribs were a well-known tribe in their time.",Unfurnished; Move in Ready; Gated Compound,2026-08-06T23:35:56.012491+00:00
https://mybunchofkeys.com/property/commercial-property-for-sale-in-st-james/,COMMERCIAL PROPERTY FOR SALE IN ST JAMES - My Bunch of Keys,"$2,500,000",BOK-1067754,"31 Ranjit Kumar Street, St. James, St. James",,2.5,4789sq.ft.,1,Foster Lumsden,Pinheiro Realty Services,(868) 788-8221,https://mybunchofkeys.com/wp-content/uploads/2018/06/Foster-Lumsden-320x320.jpg,https://mybunchofkeys.com/wp-content/uploads/2026/08/3-3.jpg,https://mybunchofkeys.com/wp-content/uploads/2026/08/3-3.jpg; https://mybunchofkeys.com/wp-content/uploads/2026/08/1-2-1440x1080.jpg; https://mybunchofkeys.com/wp-content/uploads/2026/08/2-2-810x1080.jpg; https://mybunchofkeys.com/wp-content/uploads/2026/08/8-1-810x1080.jpg; https://mybunchofkeys.com/wp-content/uploads/2026/08/10-1-1440x1080.jpg; https://mybunchofkeys.com/wp-content/uploads/2026/08/5-2-810x1080.jpg; https://mybunchofkeys.com/wp-content/uploads/2026/08/14-1-810x1080.jpg; https://mybunchofkeys.com/wp-content/uploads/2026/08/12-1-1440x1080.jpg; https://mybunchofkeys.com/wp-content/uploads/2026/08/21-1440x1080.jpg; https://mybunchofkeys.com/wp-content/uploads/2026/08/3-3-810x1080.jpg; https://mybunchofkeys.com/wp-content/uploads/2026/08/31-811x1080.jpg; https://mybunchofkeys.com/wp-content/uploads/2026/08/30-811x1080.jpg; https://mybunchofkeys.com/wp-content/uploads/2026/08/10-2-811x1080.jpg; https://mybunchofkeys.com/wp-content/uploads/2026/08/18-1440x1080.jpg,2026-08-05T03:43:02+00:00,,House,For Sale,"COMMERCIAL PROPERTY FOR SALE LOCATION : #31 Ranjit Kumar Street, St. James. SIZES: *Land : – 4,788 sqft. * Building: – 2,453 sqft. * Road Frontage : – 50 ft. *Lot Depth : – 96 ft. One (1) lot removed from Salazar Street. TENURE: FREEHOLD. TOTALLY FENCED . YARD FULLY PAVED in concrete, with shaded area at the rear of the building. LAYOUT/CONFIGURATION : – One Gym; One Dance Studio; One Spa; Reception area; One Office; One Kitchen; One Storeroom; Two Bathrooms; Two Showers. Building refurbished in 2012. Currently well maintained. Currently Tenanted . Rental Income: – $12,000.00/month. 400 Gallon water tank. PARKING on compound for One (1) vehicle. Soft parking on the roadway. CLOSE TO : Churches; Malls; Schools; Hospitals and Health Centre; Entertainment; Sporting facilities, ETC. SELLING PRICE: – $2,500,000.00TTD – NEGOTIABLE. PROPERTY IDEALLY SUITED FOR: Doctor’s Offices; Place of worship; Private School; GYM/Dance Studio/Spa; Specialized Marketing Outlet.

About the Region
St. James Saint James is a district of Port of Spain, Trinidad and Tobago. The main road is the Western Main Road. It runs from Woodbrook to Cocorite. The area's major thoroughfare, has long been the city's main nightlife district, sometimes nicknamed ""the city that never sleeps”. The largest Pizza Hut in the world is located in Saint James on Tragarete Road. This district is well protected by the police barracks, it is home to the Harvard’s Sports club, King George the 5th Park, Fatima College & the fast efficient licensing office etc. For the carnival season, St. James provides an array of celebrations as it is well known for its many local pubs. It is an area fit for commercial activity as it is known for its busy daily activities especially in the peak seasons. The district offers banking services, many food business of different ethnicity, Supermarket retail and wholesale trade, furniture etc. Highlights of this area also comes from the Queens Park Oval where all the cricket activities are held such as the exciting CPL, One day internationals and Test cricket. This is a definite location for liming and having fun.",Unfurnished; Move in Ready; Recently Renovated; Air Conditioning; Parking on Compound; Freehold Land; Fully Fenced; Office Space; Water Tank; Water Pump,2026-08-06T23:22:58.378713+00:00
https://mybunchofkeys.com/property/for-sale-hillsboro-maraval-3-75m/,FOR SALE HILLSBORO MARAVAL $3.75M - My Bunch of Keys,"$3,750,000",BOK-1067618,Maraval,3,3,8600sq.ft.,5,Gina Maria Pinheiro,Pinheiro Realty Services,(868) 620-6310,https://mybunchofkeys.com/wp-content/uploads/2018/06/Gina-Maria-Pinheiro-320x320.jpg,https://mybunchofkeys.com/wp-content/uploads/2026/08/WhatsApp-Image-2026-08-04-at-12.37.20-PM.jpeg,https://mybunchofkeys.com/wp-content/uploads/2026/08/WhatsApp-Image-2026-08-04-at-12.37.20-PM-1.jpeg; https://mybunchofkeys.com/wp-content/uploads/2026/08/WhatsApp-Image-2026-08-04-at-12.37.20-PM-2.jpeg; https://mybunchofkeys.com/wp-content/uploads/2026/08/WhatsApp-Image-2026-08-04-at-12.37.20-PM-3.jpeg; https://mybunchofkeys.com/wp-content/uploads/2026/08/WhatsApp-Image-2026-08-04-at-12.37.20-PM.jpeg; https://mybunchofkeys.com/wp-content/uploads/2026/08/WhatsApp-Image-2026-08-04-at-12.37.21-PM-1.jpeg; https://mybunchofkeys.com/wp-content/uploads/2026/08/WhatsApp-Image-2026-08-04-at-12.37.21-PM-2.jpeg; https://mybunchofkeys.com/wp-content/uploads/2026/08/WhatsApp-Image-2026-08-04-at-12.37.21-PM-3.jpeg; https://mybunchofkeys.com/wp-content/uploads/2026/08/WhatsApp-Image-2026-08-04-at-12.37.21-PM-4.jpeg; https://mybunchofkeys.com/wp-content/uploads/2026/08/WhatsApp-Image-2026-08-04-at-12.37.21-PM-5.jpeg; https://mybunchofkeys.com/wp-content/uploads/2026/08/WhatsApp-Image-2026-08-04-at-12.37.21-PM-6.jpeg; https://mybunchofkeys.com/wp-content/uploads/2026/08/WhatsApp-Image-2026-08-04-at-12.37.21-PM-7.jpeg; https://mybunchofkeys.com/wp-content/uploads/2026/08/WhatsApp-Image-2026-08-04-at-12.37.21-PM-8.jpeg; https://mybunchofkeys.com/wp-content/uploads/2026/08/WhatsApp-Image-2026-08-04-at-12.37.21-PM.jpeg; https://mybunchofkeys.com/wp-content/uploads/2026/08/WhatsApp-Image-2026-08-04-at-12.37.22-PM-1-608x1080.jpeg; https://mybunchofkeys.com/wp-content/uploads/2026/08/WhatsApp-Image-2026-08-04-at-12.37.22-PM-2.jpeg; https://mybunchofkeys.com/wp-content/uploads/2026/08/WhatsApp-Image-2026-08-04-at-12.37.22-PM-3.jpeg; https://mybunchofkeys.com/wp-content/uploads/2026/08/WhatsApp-Image-2026-08-04-at-12.37.22-PM-4.jpeg; https://mybunchofkeys.com/wp-content/uploads/2026/08/WhatsApp-Image-2026-08-04-at-12.37.22-PM-5.jpeg; https://mybunchofkeys.com/wp-content/uploads/2026/08/WhatsApp-Image-2026-08-04-at-12.37.22-PM-6.jpeg; https://mybunchofkeys.com/wp-content/uploads/2026/08/WhatsApp-Image-2026-08-04-at-12.37.22-PM-7.jpeg; https://mybunchofkeys.com/wp-content/uploads/2026/08/WhatsApp-Image-2026-08-04-at-12.37.22-PM.jpeg; https://mybunchofkeys.com/wp-content/uploads/2026/08/WhatsApp-Image-2026-08-04-at-12.37.23-PM.jpeg,2026-08-04T23:38:24+00:00,,House,For Sale,"FOR SALE – Hillsboro, Maraval Asking Price: TT$3.75 M Discover the perfect blend of comfort, style, and entertainment in one of Maraval’s most desirable residential communities. ✅8,600 sq. ft. of ✅Freehold land, ✅3 bedrooms ✅3 bathrooms ✅ fully ac ✅move-in ready ✅ thoughtfully designed layout ✅ample storage ✅enclosed garage/ home office/ hobby room ✅ pool with mountain views — perfect for hosting family gatherings, weekend barbecues, or simply unwinding in the tranquility of your surroundings. ✳️Approx. 8,600 sq. ft. of Freehold land ✳️Kitchen appliances included ✳️ 5 car parks Schedule your private viewing today and experience everything this exceptional home has to offer. Gina 620-6310 Pinheiro Realty Services

About the Region
Maraval Maraval is one of the northern suburbs of Trinidad's capital, Port of Spain, a valley in northern Trinidad in Trinidad and Tobago. It is situated at the bottom of the hills of Paramin and located east of the Diego Martin valley to which it is connected directly by Morne Coco Road, and west of Santa Cruz valley, to which it is connected by Saddle Road. Maraval is considered one of the major high-income residential areas in the country in combination with the Westmoorings, Goodwood Park and Glencoe area, it is home of much of the island's elite, including a number of diplomats. Maraval is sometimes referred to as ""Diego Martin East"". It is home to Trinity College secondary school, St. Andrew's Golf Course and Club in Moka, which is considered to be one of the finest golf courses in the Caribbean that was established in 1891 making it one of the oldest in the world. It arguably provides the best route of access from the capital to the North Coast. Along with Santa Cruz, Maraval is located close to the best beaches on the island, allowing its residents quick access to both leisure activities, as well as downtown business and entertainment. Maraval has branches of the major locally-operating banks, supermarkets, pharmacies, boutiuqes, clothing outlets, catholic schools, churches and parish groups.",Move in Ready; Private Pool; Air Conditioning; Kitchen Appliances; Covered Garage; Remote Gate; Freehold Land; Office Space,2026-08-06T23:26:48.866138+00:00
https://mybunchofkeys.com/property/coral-gardens-diamond-vale-diego-martin/,"Coral Gardens, Diamond Vale, Diego Martin - My Bunch of Keys","$1,595,000",BOK-1067576,"Diamond Vale, Diego Martin, Diamond Vale Diego Martin",3,1,4005sq.ft.,2,Your Move Real Estate,,(868) 680-0818,https://mybunchofkeys.com/wp-content/uploads/2019/10/Your-Move-Real-Estate-Logo-320x320.png,https://mybunchofkeys.com/wp-content/uploads/2026/08/WhatsApp-Image-2026-08-03-at-6.24.03-PM-1.jpeg,https://mybunchofkeys.com/wp-content/uploads/2026/08/WhatsApp-Image-2026-08-03-at-6.18.04-PM-1.jpeg; https://mybunchofkeys.com/wp-content/uploads/2026/08/PHOTO-2026-08-03-06-31-21-1.jpg; https://mybunchofkeys.com/wp-content/uploads/2026/08/WhatsApp-Image-2026-08-04-at-5.53.52-PM-3.jpeg; https://mybunchofkeys.com/wp-content/uploads/2026/08/WhatsApp-Image-2026-08-04-at-5.40.18-PM.jpeg; https://mybunchofkeys.com/wp-content/uploads/2026/08/PHOTO-2026-08-01-23-45-28-3-1.jpg; https://mybunchofkeys.com/wp-content/uploads/2026/08/PHOTO-2026-08-01-23-45-29-4-1-806x1080.jpg; https://mybunchofkeys.com/wp-content/uploads/2026/08/PHOTO-2026-08-01-23-45-29-1.jpg; https://mybunchofkeys.com/wp-content/uploads/2026/08/PHOTO-2026-08-01-23-45-28-1-806x1080.jpg; https://mybunchofkeys.com/wp-content/uploads/2026/08/PHOTO-2026-08-01-23-45-29-6-1.jpg; https://mybunchofkeys.com/wp-content/uploads/2026/08/PHOTO-2026-08-01-23-45-29-5-1-806x1080.jpg; https://mybunchofkeys.com/wp-content/uploads/2026/08/PHOTO-2026-08-03-06-31-22-2.jpg; https://mybunchofkeys.com/wp-content/uploads/2026/08/PHOTO-2026-08-03-06-31-21-3.jpg; https://mybunchofkeys.com/wp-content/uploads/2026/08/PHOTO-2026-08-03-06-37-29-3-608x1080.jpg; https://mybunchofkeys.com/wp-content/uploads/2026/08/WhatsApp-Image-2026-08-03-at-6.24.03-PM-1.jpeg,2026-08-04T22:53:58+00:00,,House,For Sale,"FOR SALE : CORAL GARDENS, DIAMOND VALE, DIEGO MARTIN

About the Region
Diamond Vale Diamond Vale is located in the city of Diego Martin in the region of Port-of-Spain, Trinidad and Tobago. Diamond Vale is a residential area where you can find supermarkets, pharmacies, parks such as the Wendy Fitz Williams Park, named after Trinidad and Tobago’s 1998 Miss Universe winner, Miss Wendy Fitz Williams, Sapphire Park and Pearl Parkway. There is also a shopping centre, Diamond Vale Shopping Centre where residents can get all their day to day necessities.",Unfurnished; Air Conditioning; Covered Garage; Parking on Compound; Fully Fenced; Pet Friendly; Kid Friendly; Laundry Area/Facility; Water Tank,2026-08-06T23:23:07.654930+00:00
https://mybunchofkeys.com/property/errol-park-road-st-anns/,"Errol Park Road, St Ann’s - My Bunch of Keys","$499,000(USD)",BOK-1024021,Cascade St. Ann's,3,2,22902sq.ft.,4,Cristel de Silva,de Silva Realty,(868) 294-9118,https://mybunchofkeys.com/wp-content/uploads/2021/07/cristel-de-silva-profile-alt-320x320.jpg,https://mybunchofkeys.com/wp-content/uploads/2026/04/IMG_4452.jpg,https://mybunchofkeys.com/wp-content/uploads/2026/04/IMG_4452.jpg; https://mybunchofkeys.com/wp-content/uploads/2026/04/IMG_4452-1440x1080.jpg; https://mybunchofkeys.com/wp-content/uploads/2026/04/IMG_4454-1440x1080.jpg; https://mybunchofkeys.com/wp-content/uploads/2026/04/IMG_4457-1440x1080.jpg; https://mybunchofkeys.com/wp-content/uploads/2026/04/IMG_4463-1440x1080.jpg; https://mybunchofkeys.com/wp-content/uploads/2026/04/IMG_4464-1440x1080.jpg; https://mybunchofkeys.com/wp-content/uploads/2026/04/IMG_4466-1440x1080.jpg; https://mybunchofkeys.com/wp-content/uploads/2026/04/IMG_4468-1440x1080.jpg; https://mybunchofkeys.com/wp-content/uploads/2026/04/IMG_4473-1440x1080.jpg; https://mybunchofkeys.com/wp-content/uploads/2026/04/IMG_4474-1440x1080.jpg; https://mybunchofkeys.com/wp-content/uploads/2026/04/IMG_4476-1440x1080.jpg,2026-08-04T20:46:42+00:00,,House,For Sale,"Errol Park Road, St Ann’s Perched on the hill on Errol Park Road is a home in need of much love. Errol Park Road is in a most desirable location in St Ann’s with a nearby neighbourhood park. The property offers an excellent opportunity for renovation or redevelopment. The existing single storey house is 2,410 Sq ft and sits on 22,902 Sq Ft of mostly flat leasehold land (199 years from 1945) Details as follows 3 Bedrooms | 2 Bathrooms Study Living, Dining and Kitchen Water tank Gazebo House – 2,410 Sq Ft Leasehold Land – 22,902 Sq Ft (199 years from 1945) Note: Property requires full renovation or demolition. FOR SALE US$499,000 (Recent Valuation in Hand)

About the Region
Cascade Cascade is located on the North Western region of Trinidad and is known as part of St. Ann’s. Cascade has the well-known Cascadia Hotel and Conference Centre. Club Coconuts located in Casacde was regularly visited by many for its, UWI nights, Friday and Saturday clubbing and Sunday’s Reagge nights. Mostly a residential area, it provides some necessities from groceries, food, guest houses etc. Gorgeous views are visual as this region is located on the hills. The residents are mostly traditional in specific parts of Cascade.",Unfurnished; Patio; Parking on Compound; Leasehold Land; Fully Fenced; Pet Friendly; Kid Friendly; Water Tank,2026-08-06T23:24:05.956180+00:00
https://mybunchofkeys.com/property/executive-home-for-sale-at-hillsboro-maraval/,"EXECUTIVE HOME FOR SALE AT HILLSBORO, MARAVAL. - My Bunch of Keys","$5,900,000",BOK-715836,"Hillsboro, Maraval, Hillsboro",5,5,9490sq.ft.,5,Foster Lumsden,Pinheiro Realty Services,(868) 788-8221,https://mybunchofkeys.com/wp-content/uploads/2018/06/Foster-Lumsden-320x320.jpg,https://mybunchofkeys.com/wp-content/uploads/2024/03/5-4.jpeg,https://mybunchofkeys.com/wp-content/uploads/2024/03/5-4.jpeg; https://mybunchofkeys.com/wp-content/uploads/2024/03/4-4.jpeg; https://mybunchofkeys.com/wp-content/uploads/2024/03/2-4.jpeg; https://mybunchofkeys.com/wp-content/uploads/2024/03/1-5.jpeg; https://mybunchofkeys.com/wp-content/uploads/2024/03/6-6.jpeg; https://mybunchofkeys.com/wp-content/uploads/2024/03/24-2.jpeg; https://mybunchofkeys.com/wp-content/uploads/2024/03/25-1.jpeg; https://mybunchofkeys.com/wp-content/uploads/2024/03/9-7.jpeg; https://mybunchofkeys.com/wp-content/uploads/2024/03/11-2.jpeg; https://mybunchofkeys.com/wp-content/uploads/2024/03/28.jpeg; https://mybunchofkeys.com/wp-content/uploads/2024/03/32-1.jpeg; https://mybunchofkeys.com/wp-content/uploads/2024/03/21-1.jpeg; https://mybunchofkeys.com/wp-content/uploads/2024/03/26-2.jpeg; https://mybunchofkeys.com/wp-content/uploads/2024/03/19.jpeg; https://mybunchofkeys.com/wp-content/uploads/2024/03/15-3.jpeg; https://mybunchofkeys.com/wp-content/uploads/2024/03/12-2.jpeg; https://mybunchofkeys.com/wp-content/uploads/2024/03/16-1.jpeg; https://mybunchofkeys.com/wp-content/uploads/2024/03/22-1.jpeg; https://mybunchofkeys.com/wp-content/uploads/2024/03/13-4.jpeg,2026-08-04T19:37:20+00:00,,House,For Sale,"4,000 sqft Two-storey Executive Home on 9,490 sqft FREEHOLD land at exclusive Hillsboro. Recently completely renovated. 5 bedrooms and 5 bathrooms. Master en-suite. Stunning views of the surrounding hills and the Maraval valley from the large Balcony. Automatic gate and rolled-down covered garage. Private Swimming Pool. Close to Shops, Restaurants, Churches, Schools and a quick run over the hills to Maracas Bay. SALE PRICE: $6,500,000.00 TTD REDUCED TO: $5,900,000.00TTD – OR NEAREST OFFER.

About the Region
Hillsboro Hillsboro is a residential area located in Maraval Trinidad. Situated on a hilly landscape, it provides some beautiful views of the country. Art by Chole Cadet is located here. The Unique hand-painted greeting cards for any and every occasion and its custom designs are available for sale. Residents have to venture to the heart of Maraval to gather services where needed to support their everyday lifestyle.",Unfurnished; Move in Ready; Recently Renovated; Private Pool; Internet Access; Air Conditioning; Patio; Security Cameras; Covered Garage; Parking on Compound; Remote Gate; Freehold Land; T&C Approved; Fully Fenced; Pet Friendly; Kid Friendly; Laundry Area/Facility; Built-in Closets; Walk-in Closets; Water Tank; Water Pump,2026-08-06T23:24:26.920232+00:00
https://mybunchofkeys.com/property/ideal-home-for-sale-at-la-florissante-phase1-dabadie/,"HOME FOR SALE AT LA FLORISSANTE PHASE1, D’ABADIE. - My Bunch of Keys","$3,800,000",BOK-964918,"Dehlia Crescent, La Florissante Phase 1, D'abadie",3,2,15000sq.ft.,5,Foster Lumsden,Pinheiro Realty Services,(868) 788-8221,https://mybunchofkeys.com/wp-content/uploads/2018/06/Foster-Lumsden-320x320.jpg,https://mybunchofkeys.com/wp-content/uploads/2025/11/1.jpeg,https://mybunchofkeys.com/wp-content/uploads/2025/11/1.jpeg; https://mybunchofkeys.com/wp-content/uploads/2025/11/1-1440x1080.jpeg; https://mybunchofkeys.com/wp-content/uploads/2025/11/36-1440x1080.jpeg; https://mybunchofkeys.com/wp-content/uploads/2025/11/5-1440x1080.jpeg; https://mybunchofkeys.com/wp-content/uploads/2025/11/2-1-1440x1080.jpeg; https://mybunchofkeys.com/wp-content/uploads/2025/11/6-1-1440x1080.jpeg; https://mybunchofkeys.com/wp-content/uploads/2025/11/8-1-1440x1080.jpeg; https://mybunchofkeys.com/wp-content/uploads/2025/11/10-1-1440x1080.jpeg; https://mybunchofkeys.com/wp-content/uploads/2025/11/40-1440x1080.jpeg; https://mybunchofkeys.com/wp-content/uploads/2025/11/21-1-1440x1080.jpeg; https://mybunchofkeys.com/wp-content/uploads/2025/11/16-1440x1080.jpeg; https://mybunchofkeys.com/wp-content/uploads/2025/11/17-1440x1080.jpeg; https://mybunchofkeys.com/wp-content/uploads/2025/11/19-1440x1080.jpeg; https://mybunchofkeys.com/wp-content/uploads/2025/11/23-1440x1080.jpeg; https://mybunchofkeys.com/wp-content/uploads/2025/11/29-810x1080.jpeg; https://mybunchofkeys.com/wp-content/uploads/2025/11/31-1440x1080.jpeg; https://mybunchofkeys.com/wp-content/uploads/2025/11/38-1440x1080.jpeg; https://mybunchofkeys.com/wp-content/uploads/2025/11/41-810x1080.jpeg; https://mybunchofkeys.com/wp-content/uploads/2025/11/58-1440x1080.jpeg,2026-08-04T19:30:39+00:00,,House,For Sale,"IDEAL FOR A GERIATRIC HOME. Lots of indoor and outdoor space. OR FOR A LARGE YOUNG FAMILY. IDEAL LOCATION: Quiet residential Phase 1 La Florissante. Close to Hospital; Churches; Shopping IDEAL SIZE: 2,190 sqft of living space, comprising 3 Bedrooms; 2 full Bathrooms; 1 Patio; 1 Foyer; 2 Studios; large Living room; Dining room; Kitchen; TV room; Piano room; Laundry. IDEAL AMBIANCE: INSIDE – Large house with high vaulted ceilings; Airy rooms with large windows; lots of room for private rooms, dormitories; recreation rooms; etc. OUTSIDE – Over 15,000 sqft of manicured grounds, with shady fruit trees – IDEAL space for outdoor recreation. IDEAL PRICE: $3,800,000TTD – NEGOTIABLE.

About the Region
D'abadie D'Abadie is a community located in the Tunapuna-Piarco regional corporation in Trinidad and Tobago. Its population is approximately 5,827 people. Some businesses include Arawak Chicken Factory, D'Abadie Discount Hardware Limited and PriceSmart Wholesale Club. Some schools include Pinehaven S.D.A. Primary School and D'abadie Government Primary School. One of its attractions is Cleaver Woods, a park dedicated to the history and culture of the indigenous Caribs.",Unfurnished; Internet Access; Kitchen Island; Pantry; Studio; Powder Room; Patio; Parking on Compound; Remote Gate; Freehold Land; Fully Fenced; Pet Friendly; Office Space; Laundry Area/Facility; Water Tank; Water Pump; Water Heater,2026-08-06T23:33:34.411562+00:00
https://mybunchofkeys.com/property/for-sale-caroni-savannah-road-chaguanas-2/,FOR SALE CARONI SAVANNAH ROAD CHAGUANAS - My Bunch of Keys,"$1,700,000",BOK-1067523,Chaguanas Charlieville,6,2,7500sq.ft.,6,Darrius Rampersadsingh,Penny Properties,868-320-2159,https://mybunchofkeys.com/wp-content/uploads/2026/05/24865352-e6cb-4cbc-8d8c-e0ca484fd85e-320x320.jpeg,https://mybunchofkeys.com/wp-content/uploads/2026/08/1b9b9fc2-a2dc-4269-8ea3-8dc4f2029f88.jpeg,https://mybunchofkeys.com/wp-content/uploads/2026/08/11a11c99-bc4e-47b6-b1fd-a7731bac633f-810x1080.jpeg; https://mybunchofkeys.com/wp-content/uploads/2026/08/b1d0e626-4238-44b3-8f1e-45df3ee739e4-810x1080.jpeg; https://mybunchofkeys.com/wp-content/uploads/2026/08/b9adc0bf-bd8e-438b-b5aa-c0585d6991df.jpeg; https://mybunchofkeys.com/wp-content/uploads/2026/08/1b9b9fc2-a2dc-4269-8ea3-8dc4f2029f88.jpeg,2026-08-04T18:49:53+00:00,,House,For Sale,"FOR SALE | Caroni Savannah Road, Chaguanas An excellent income-generating investment opportunity located along Caroni Savannah Road, Charlieville. This two-storey concrete building comprises two self-contained apartments, with each apartment offering: 3 bedrooms Kitchen Bathroom and toilet facilities The property sits on approximately 7,500 sq. ft. of land and is fully enclosed with concrete walls and wire fencing. Property Details Current total rental income: TT$7,500 per month Town and Country Planning approval Local Government approval Status letter available Ideal for investors or extended-family living Asking Price: TT$1.7M Negotiable

About the Region
Chaguanas The Borough of Chaguanas is the largest borough with an average population of 83,489 and fastest-growing town in Trinidad and Tobago, it is located in the West-Central area of Trinidad. Chaguanas is popular for its shopping malls, variety stores and street shopping. Many citizens as well as tourists visit these sites to partake in the buying of many items offered for sale. This town is fast paced as many business sectors such as banking, insurance, auto rentals and food are readily available. All sites are easily accessible as transport hubs are located throughout the streets of this beautiful town, not to mention the safety of the police & fire services that are available upon request. Home to the famous Divali Nagar site, many tourists as well as citizens visit this location to buy merchandise offered from the well-known Indian heritage such as clothing, food, religious items etc. Fun fact, Chaguanas was named after the indigenous tribe who originally settled there.",Unfurnished; Parking on Compound; Fully Fenced; Pet Friendly; Kid Friendly; Water Tank; Water Pump,2026-08-06T23:26:13.748514+00:00
https://mybunchofkeys.com/property/for-sale-two-storey-home-ste-madeleine-san-fernando/,"FOR SALE: Two-Storey Home, Ste. Madeleine - San Fernando - My Bunch of Keys","$322,730(USD)",BOK-1067377,San Fernando Ste. Madeleine,3,2.5,10612sq.ft.,3,Kavelle Savary,Stuart Spiers Real Estate Services,(868) 391-7385,https://mybunchofkeys.com/wp-content/uploads/2023/01/IMG_6474-KS2-320x320.jpg,https://mybunchofkeys.com/wp-content/uploads/2026/08/20260626_123233.jpg,https://mybunchofkeys.com/wp-content/uploads/2026/08/20260626_123233.jpg; https://mybunchofkeys.com/wp-content/uploads/2026/08/20260626_121051-810x1080.jpg; https://mybunchofkeys.com/wp-content/uploads/2026/08/20260626_121112-810x1080.jpg; https://mybunchofkeys.com/wp-content/uploads/2026/08/20260626_121212-810x1080.jpg; https://mybunchofkeys.com/wp-content/uploads/2026/08/20260626_121233-810x1080.jpg; https://mybunchofkeys.com/wp-content/uploads/2026/08/20260626_121401-810x1080.jpg; https://mybunchofkeys.com/wp-content/uploads/2026/08/20260626_121619-810x1080.jpg; https://mybunchofkeys.com/wp-content/uploads/2026/08/20260626_121929-810x1080.jpg; https://mybunchofkeys.com/wp-content/uploads/2026/08/20260626_121911-810x1080.jpg; https://mybunchofkeys.com/wp-content/uploads/2026/08/20260626_121557-810x1080.jpg; https://mybunchofkeys.com/wp-content/uploads/2026/08/20260626_122247-810x1080.jpg; https://mybunchofkeys.com/wp-content/uploads/2026/08/20260626_122832-810x1080.jpg; https://mybunchofkeys.com/wp-content/uploads/2026/08/20260626_123516-1409x1080.jpg; https://mybunchofkeys.com/wp-content/uploads/2026/08/Screenshot_20260727_171925_Samsung-Notes-748x1080.jpg,2026-08-04T15:25:43+00:00,,House,For Sale,"Discover the perfect blend of quiet suburban living and city convenience at this spacious corner lot. This impressive two-storey family home features 3 spacious bedrooms, 2.5 bathrooms, and versatile bonus living spaces designed to adapt to your lifestyle. A two-car enclosed garage and breezy wraparound verandahs round out the features. Step outside to a private yard with mature fruit trees. This is your own peaceful sanctuary. Enjoy this serene retreat without sacrificing connectivity. The property is situated minutes away from downtown San Fernando, major transit via the Uriah Butler Highway and top-tier shopping and business hubs. Bldg Size: 3780 sq ft Land Size: 10,612 sq ft Listing Price: USD322,730 or TT2,420,500. Connect with me for more information on this lovely property: 1 (868) 391 7385.

About the Region
San Fernando San Fernando, officially the City of San Fernando, is the most populous city and second most populous municipality in Trinidad and Tobago, after Chaguanas. Sando, as it is also known, occupies 19 km² and is located in the south western part of the island of Trinidad. It is bounded to the north by the Guaracara River, the south by the Oropouche River, the east by the Sir Solomon Hochoy Highway, and the west by the Gulf of Paria. The former borough was elevated to the status of a city corporation on 18 November 1988. The motto of San Fernando is: ""Sanitas Fortis"" - In a Healthy Environment We Will Find Strength. Many local Trinidadians refer to the city with the shortened name ""Sando."" San Fernando is called Trinidad and Tobago's ""industrial capital"" because of its proximity to the Pointe-à-Pierre oil refinery and many other petrochemical, LNG, iron and steel and aluminium smelters in places such as Point Lisas in Couva, Point Fortin, and La Brea. The city is well known for its wide array of shopping facilitates located in the heart of San Fernando. Services offered are that of Police, fire, banking, transport, jewellery repairs etc. Many citizens visit San Fernando for the night life which consists of restaurants, street food and the many party clubs readily available. The city has one of the most visited fish depot which attracts vendors from all over Trinidad. The San Fernando Hill is a main tourist attraction because of the view it provides of Trinidad. Many newlyweds visit this location to bask in its ambience and take wedding photos. The outer part of San Fernando is well known for its malls and cinemas which attracts both tourists and citizens which makes shopping here an integrated experience.",Semi Furnished; Move in Ready; Gated Compound; Air Conditioning; Covered Garage; Parking on Compound; Freehold Land; Pet Friendly; Kid Friendly; Office Space; Laundry Area/Facility; Built-in Closets; Water Tank; Water Heater,2026-08-06T23:28:16.763356+00:00
https://mybunchofkeys.com/property/saints-gardens-avenue-malabar-main-road-arima-for-sale/,"Saints Gardens Avenue, Malabar Main Road, Arima - For Sale - My Bunch of Keys","$2,000,000",BOK-1003428,Arima,3,2,1900sq.ft.,,Joyce Hassanali,1on1 Realty,(868) 307-8603,https://mybunchofkeys.com/wp-content/uploads/2021/11/JOYCE-1ON1REALTY-2021-8-320x320.jpg,https://mybunchofkeys.com/wp-content/uploads/2026/03/watermarkPhoto-0-10.jpeg,https://mybunchofkeys.com/wp-content/uploads/2026/03/watermarkPhoto-0-10.jpeg; https://mybunchofkeys.com/wp-content/uploads/2026/03/watermarkPhoto-0-10-1656x1080.jpeg; https://mybunchofkeys.com/wp-content/uploads/2026/03/watermarkPhoto-0-6-1620x1080.jpeg; https://mybunchofkeys.com/wp-content/uploads/2026/03/watermarkPhoto-0-1-1620x1080.jpeg; https://mybunchofkeys.com/wp-content/uploads/2026/03/watermarkPhoto-0-2-1620x1080.jpeg; https://mybunchofkeys.com/wp-content/uploads/2026/03/watermarkPhoto-0-8-1620x1080.jpeg; https://mybunchofkeys.com/wp-content/uploads/2026/03/watermarkPhoto-0-5-1620x1080.jpeg; https://mybunchofkeys.com/wp-content/uploads/2026/03/watermarkPhoto-0-7-1620x1080.jpeg; https://mybunchofkeys.com/wp-content/uploads/2026/03/watermarkPhoto-0-4-1620x1080.jpeg,2026-08-04T14:16:47+00:00,,House,For Sale,"Saints Gardens, Arima For Sale: TTD$2M For Qualified Buyers: Up to 100% Financing at 4.75% Interest + 3% Cashback up to TTD$50,000 Introducing a brand-new residential development in a gated community on Saints Gardens Avenue, Arima, currently under construction. Home Features: 3 Bedrooms with Master Walk-in Closet 2 Bathrooms with Master En-suite and full glass enclosures Kitchen with quartz countertops Open-plan Living + Dining Bonus room suitable for an office Built-in cupboards throughout the home Front and back patios Porcelain tile flooring Spacious Laundry room Location Highlights: Situated next to Saints Gardens On the same street as the large church Directly opposite the community center Development Details: 10 modern homes Approximately 1,900 sq. ft. of living space per home Built on freehold land Standard lot sizes ~7,500 sq. ft. One premium lot ~8,000 sq. ft. Three additional lots ~5,100 sq. ft. Enjoy a central location, secure gated living, and spacious modern homes designed for comfort and family living. For more information, please contact our team: Joyce – 307‑8603 Patricia – 735‑1213 Ashleigh – 773-9300 Gabriella – 484-6868 Nathan – 687-9033 Roslyn: 685-4774 Susan – 384-2732 Wendy – 497‑4863 Office – 274-3655

About the Region
Arima Arima, officially The Royal Chartered Borough of Arima is the easternmost and second largest area of the three boroughs of Trinidad and Tobago. This town is well known for its shopping areas located in the inner most portion of the town. It serves as a main trading hub for environs which makes the town considerably busy. Many persons visit Arima to relax and enjoy the wide array of local bars and street food offered such as burgers, doubles, gyros etc. Home to the famous drag malls, persons can visit Arima to purchase items of Rastafarian heritage. Arima, has primary and secondary schools, hospitals, police and fire services readily available. It attracts persons from all over as it hosts exciting borough day & Jouvert celebrations Fun fact, Arima is home to the indigenous people known as the “Caribs”. They are mainly found in the area of Arima called Calvary Hill which attracts many tourists as the Caribs were a well-known tribe in their time.",Unfurnished; Gated Compound; Patio; Covered Garage; Laundry Area/Facility; Built-in Closets,2026-08-06T23:38:14.102334+00:00
https://mybunchofkeys.com/property/luxury-home-for-sale-oropouche/,Luxury Home For Sale Oropouche - My Bunch of Keys,"$2,700,000",BOK-1039276,"Palm Drive Oropouche, South Oropouche",4,3,3000sq.ft.,5,De Co Property Management & Consultancy,,(868) 479-0403,https://mybunchofkeys.com/wp-content/uploads/2026/05/DeCo-Logo-320x320.jpg,https://mybunchofkeys.com/wp-content/uploads/2026/05/WhatsApp-Image-2026-05-27-at-9.05.32-AM.jpeg,https://mybunchofkeys.com/wp-content/uploads/2026/05/WhatsApp-Image-2026-05-27-at-9.05.32-AM.jpeg; https://mybunchofkeys.com/wp-content/uploads/2026/05/WhatsApp-Image-2026-01-27-at-12.37.15-PM-1440x1080.jpeg; https://mybunchofkeys.com/wp-content/uploads/2026/05/WhatsApp-Image-2026-01-27-at-12.37.14-PM-3-1440x1080.jpeg; https://mybunchofkeys.com/wp-content/uploads/2026/05/WhatsApp-Image-2026-01-27-at-12.37.14-PM-2-1440x1080.jpeg; https://mybunchofkeys.com/wp-content/uploads/2026/05/WhatsApp-Image-2026-01-27-at-12.37.14-PM-1-1440x1080.jpeg; https://mybunchofkeys.com/wp-content/uploads/2026/05/WhatsApp-Image-2026-01-27-at-12.37.14-PM-1440x1080.jpeg; https://mybunchofkeys.com/wp-content/uploads/2026/05/WhatsApp-Image-2026-01-27-at-12.37.13-PM-1-1440x1080.jpeg; https://mybunchofkeys.com/wp-content/uploads/2026/05/WhatsApp-Image-2026-01-27-at-12.37.13-PM-1440x1080.jpeg; https://mybunchofkeys.com/wp-content/uploads/2026/05/WhatsApp-Image-2026-01-27-at-12.37.12-PM-1440x1080.jpeg; https://mybunchofkeys.com/wp-content/uploads/2026/05/WhatsApp-Image-2026-01-27-at-12.36.58-PM-3-1440x1080.jpeg; https://mybunchofkeys.com/wp-content/uploads/2026/05/WhatsApp-Image-2026-01-27-at-12.36.58-PM-2-1440x1080.jpeg; https://mybunchofkeys.com/wp-content/uploads/2026/05/WhatsApp-Image-2026-01-27-at-12.36.58-PM-1440x1080.jpeg; https://mybunchofkeys.com/wp-content/uploads/2026/05/WhatsApp-Image-2026-01-27-at-12.36.57-PM-3-1440x1080.jpeg; https://mybunchofkeys.com/wp-content/uploads/2026/05/WhatsApp-Image-2026-01-27-at-12.36.57-PM-2-1440x1080.jpeg; https://mybunchofkeys.com/wp-content/uploads/2026/05/WhatsApp-Image-2026-01-27-at-12.36.57-PM-1-1440x1080.jpeg; https://mybunchofkeys.com/wp-content/uploads/2026/05/WhatsApp-Image-2026-01-27-at-12.36.56-PM-3-1440x1080.jpeg; https://mybunchofkeys.com/wp-content/uploads/2026/05/WhatsApp-Image-2026-01-27-at-12.36.56-PM-1-1440x1080.jpeg; https://mybunchofkeys.com/wp-content/uploads/2026/05/WhatsApp-Image-2026-01-27-at-12.36.56-PM-1440x1080.jpeg; https://mybunchofkeys.com/wp-content/uploads/2026/05/WhatsApp-Image-2026-01-27-at-12.36.21-PM-1-1440x1080.jpeg; https://mybunchofkeys.com/wp-content/uploads/2026/05/WhatsApp-Image-2026-01-27-at-12.36.20-PM-3-1440x1080.jpeg; https://mybunchofkeys.com/wp-content/uploads/2026/05/WhatsApp-Image-2026-01-27-at-12.36.20-PM-2-1440x1080.jpeg; https://mybunchofkeys.com/wp-content/uploads/2026/05/WhatsApp-Image-2026-01-27-at-12.36.20-PM-1-1440x1080.jpeg; https://mybunchofkeys.com/wp-content/uploads/2026/05/WhatsApp-Image-2026-01-27-at-12.36.20-PM-1440x1080.jpeg; https://mybunchofkeys.com/wp-content/uploads/2026/05/WhatsApp-Image-2026-01-27-at-12.36.19-PM-3-1440x1080.jpeg; https://mybunchofkeys.com/wp-content/uploads/2026/05/WhatsApp-Image-2026-01-27-at-12.36.19-PM-2-1440x1080.jpeg; https://mybunchofkeys.com/wp-content/uploads/2026/05/WhatsApp-Image-2026-01-27-at-12.36.19-PM-1-1440x1080.jpeg; https://mybunchofkeys.com/wp-content/uploads/2026/05/WhatsApp-Image-2026-01-27-at-12.36.19-PM-1440x1080.jpeg; https://mybunchofkeys.com/wp-content/uploads/2026/05/WhatsApp-Image-2026-01-27-at-12.36.18-PM-2-1440x1080.jpeg; https://mybunchofkeys.com/wp-content/uploads/2026/05/WhatsApp-Image-2026-01-27-at-12.36.18-PM-1440x1080.jpeg; https://mybunchofkeys.com/wp-content/uploads/2026/05/WhatsApp-Image-2026-01-27-at-12.36.17-PM-1440x1080.jpeg,2026-08-04T09:17:50+00:00,,House,For Sale,"Priced at $2,700,000 TT/$400,000US Some properties are so thoughtfully designed that they leave nothing left to desire — and this home truly checks every box and more. Ideally located just 10 minutes from Gulf City and minutes away from all major amenities , this property offers exceptional value at an excellent price point. Situated on 7,981 sq ft of flat land , the home features remote gate access , full burglar-proofing , air-conditioned, and expansive front and back yard , perfect for entertaining or relaxing. The outdoor space is enhanced by an outside kitchen and a covered garage that runs along the side of the home to the back, accommodating multiple vehicles with ease. Ground Floor The ground floor is designed for comfort and functionality, offering: One bedroom One full bathroom A modern kitchen with granite countertops and teak cupboards Private dining area Indoor laundry Spacious living areas ideal for family gatherings or quiet relaxation An internal staircase leads to the upper level Upper Floor The first floor comprises: A master suite with walk-in closet and a luxurious en-suite bathroom featuring double sinks and a soaking tub Two additional spacious bedrooms A large shared full bathroom A multi-functional space ideal for a home office, study, or lounge area Cosy space to unwind & watch a movie This is a move-in-ready property , thoughtfully designed and meticulously maintained — perfect for a family seeking space, comfort, and convenience with additional land to the back for recreation or a splash pool

About the Region
South Oropouche South Oropouche is a community in South Trinidad and Tobago. It is known as a residential area, many small and medium size businesses exist amongst residents as well as a police station.",Unfurnished; Move in Ready; Air Conditioning; Kitchen Island; Security Cameras; Covered Garage; Parking on Compound; Remote Gate; Freehold Land; Fully Fenced; Laundry Area/Facility; Accessible; Walk-in Closets; Water Tank; Water Pump; Water Heater,2026-08-06T23:34:32.931887+00:00
https://mybunchofkeys.com/property/for-sale-13-acre-estate-in-maracus-valley-st-joseph/,FOR SALE: 13 ACRE ESTATE IN MARACAS VALLEY ST JOSEPH - My Bunch of Keys,"$3,700,000",BOK-1067245,"Sombradura Estate, Curepe Maracas Valley St. Joseph",6,4,,,Exclusive Paragon Properties,,(868) 323-7196,https://mybunchofkeys.com/wp-content/uploads/2026/07/Paragon-Properties-Logo.png,https://mybunchofkeys.com/wp-content/uploads/2026/08/WhatsApp-Image-2026-08-03-at-11.12.48-PM.jpeg,https://mybunchofkeys.com/wp-content/uploads/2026/08/WhatsApp-Image-2026-08-03-at-11.12.48-PM.jpeg; https://mybunchofkeys.com/wp-content/uploads/2026/08/WhatsApp-Image-2026-08-03-at-11.12.48-PM-1440x1080.jpeg; https://mybunchofkeys.com/wp-content/uploads/2026/08/WhatsApp-Image-2026-08-03-at-11.12.48-PM-2-1287x1080.jpeg; https://mybunchofkeys.com/wp-content/uploads/2026/08/WhatsApp-Image-2026-08-03-at-11.12.48-PM-1-1440x1080.jpeg; https://mybunchofkeys.com/wp-content/uploads/2026/08/710149653_122294993828064496_4809907027778127902_n-1288x1080.jpg; https://mybunchofkeys.com/wp-content/uploads/2026/08/710470090_122294993816064496_2167409397603073800_n-1288x1080.jpg,2026-08-04T03:36:02+00:00,,House,For Sale,"📍 Location: Maracas Valley, St. Joseph 💰 Price: TT$3.7M neg Discover your own private retreat nestled on 13 acres of lush, mature grounds surrounded by breathtaking mountain views. Whether you’re looking for a family home, or an investment opportunity, this unique property offers the perfect blend of space, privacy, and natural beauty. Wake up to the sounds of nature with your morning coffee on the patio, and unwind each evening as the sun sets over the rolling hills. Property Features: Spacious 6-bedroom, two-storey home 4 full bathrooms Durable solid steel structure 13 acres of freehold land 💧 Natural spring water supply (no WASA mains) Stunning panoramic mountain views Combination of flat and gently sloping terrain Easy paved road access Priced below the 2024 valuation Mortgage ready 🏡This exceptional 13-acre estate presents a unique opportunity for a visionary Developer to transform a substantial landholding into a thriving Residential Community. Whether your plans include a gated community, single-family homes, townhouses, or a blend of housing options, this property offers the space and flexibility to bring your vision to life. #TrinidadRealEstate #TrinidadHomes #TTRealEstate #PropertyForSale #HomeForSale #MaracasValley #ParagonProperties #PrivateEstate #Acreage #FreeholdLand #MountainViews #EstateForSale #DreamHome #InvestmentProperty #MortgageReady #HouseAndLand #CaribbeanRealEstate #LandForSale #ForSaleTT #ApprovedLandForSale

About the Region
Curepe Acting as a main commuting hub for the central to southern area, Curepe facilitates many working class people you only mean of transportation is the Maxi and Taxi Services. A typical day is seen as a very hectic one when in Curepe. The Southern Main Road is the main access road for commuting and it is also filled with businesses of all types from food of all ethnicity, car care, retail trade and bars etc. One of the main attraction is the food franchise: Pizza Hut, Subway and KFC all located in the same compound at the end of the southern main road bounding with the Churchill Roosevelt Highway. Curepe is significantly known for “Sauce doubles” which attracts many party persons after they have had a night out and are looking for a food to “sober them up”. On the Curepe Main Road it offers ease of transport to the East –West corridor via the bus route or main road maxi taxi. Many taxi services are also available when commuting to environs such as St. Joseph, Maracas, St. Augustine. It provides ATM services and the well-known Papa John’s Pizza. Both a residential and commercial area.",Freehold Land,2026-08-06T23:25:36.355172+00:00
https://mybunchofkeys.com/property/valsayn-south-3-bedroom-2-5-bath-2-storey/,Valsayn South 3 Bedroom 2.5 Bath 2 Storey - My Bunch of Keys,"$7,750,000",BOK-843028,Valsayn,3,2.5,13000sq.ft.,6,JP Caribbean Real Estate,,(868) 353-9458,https://mybunchofkeys.com/wp-content/uploads/2026/06/JP-Caribbean-Real-Estate-Logo-with-border-320x320.png,https://mybunchofkeys.com/wp-content/uploads/2025/01/IMG_4304.jpg,https://mybunchofkeys.com/wp-content/uploads/2025/01/IMG_4304.jpg; https://mybunchofkeys.com/wp-content/uploads/2025/01/2018_0324_160543_002-1440x1080.jpg; https://mybunchofkeys.com/wp-content/uploads/2025/01/2018_0324_160706_006-1440x1080.jpg; https://mybunchofkeys.com/wp-content/uploads/2025/01/2018_0324_161059_010-1440x1080.jpg; https://mybunchofkeys.com/wp-content/uploads/2025/01/2018_0324_161138_011-1440x1080.jpg; https://mybunchofkeys.com/wp-content/uploads/2025/01/2018_0324_161610_016-1440x1080.jpg; https://mybunchofkeys.com/wp-content/uploads/2025/01/2018_0324_161629_017-1440x1080.jpg; https://mybunchofkeys.com/wp-content/uploads/2025/01/2018_0324_161635_018-1440x1080.jpg; https://mybunchofkeys.com/wp-content/uploads/2025/01/IMG_4299-1440x1080.jpg; https://mybunchofkeys.com/wp-content/uploads/2025/01/IMG_4302-1440x1080.jpg; https://mybunchofkeys.com/wp-content/uploads/2025/01/IMG_4304-1440x1080.jpg; https://mybunchofkeys.com/wp-content/uploads/2025/01/IMG_4307-1440x1080.jpg,2026-08-03T22:00:24+00:00,,House,For Sale,"Valsayn South 3 Bedroom 2.5 Bath 2 Storey House Size 5000 Sq Ft Land Size 13000 Sq Ft Maids Qtrs Living Rooms on both floors High Ceilings Large Covered Patio Front and Back Yard has a lot of potential

About the Region
Valsayn Valsayn is specific to being as an upper class residential area. Many local well-known business owners reside in this area. The area is located closely to Curepe and is split by North and South Valsayn. Valsayn has a Superpharm, a mall, night club and service station amongst other things. This area is heavily protected by owners with home & amalgamated security. The location, even though residential, hosts fetes for the carnival season. It is also very visited by locals nationwide for the Christmas season as many residences decorate their homes in a distinguished manner. It is memorable.",Fully Furnished; Gated Compound; Electricity; Air Conditioning; Pantry; Powder Room; Patio; Covered Garage; Parking on Compound; Remote Gate; Freehold Land; T&C Approved; Fully Fenced; Pet Friendly; Kid Friendly; Maid Quarters; Built-in Closets; Walk-in Closets; Water Tank; Water Pump; Water Heater,2026-08-06T23:41:41.502770+00:00
https://mybunchofkeys.com/property/valsayn-north-house-for-sale-4/,Valsayn North House for Sale - My Bunch of Keys,"$12,000,000",BOK-1026120,Valsayn,5,5,22000sq.ft.,,JP Caribbean Real Estate,,(868) 353-9458,https://mybunchofkeys.com/wp-content/uploads/2026/06/JP-Caribbean-Real-Estate-Logo-with-border-320x320.png,https://mybunchofkeys.com/wp-content/uploads/2026/04/WhatsApp-Image-2026-04-16-at-11.03.57-AM.jpeg,https://mybunchofkeys.com/wp-content/uploads/2026/04/WhatsApp-Image-2026-04-16-at-11.03.57-AM.jpeg; https://mybunchofkeys.com/wp-content/uploads/2026/04/WhatsApp-Image-2026-04-16-at-11.03.21-AM-608x1080.jpeg; https://mybunchofkeys.com/wp-content/uploads/2026/04/WhatsApp-Image-2026-04-16-at-11.03.57-AM-608x1080.jpeg; https://mybunchofkeys.com/wp-content/uploads/2026/04/WhatsApp-Image-2026-04-20-at-9.51.56-PM-12.jpeg; https://mybunchofkeys.com/wp-content/uploads/2026/04/WhatsApp-Image-2026-04-20-at-9.51.56-PM-5.jpeg; https://mybunchofkeys.com/wp-content/uploads/2026/04/WhatsApp-Image-2026-04-20-at-9.51.56-PM-6.jpeg; https://mybunchofkeys.com/wp-content/uploads/2026/04/WhatsApp-Image-2026-04-20-at-9.51.56-PM-4.jpeg; https://mybunchofkeys.com/wp-content/uploads/2026/04/WhatsApp-Image-2026-04-20-at-9.51.56-PM.jpeg; https://mybunchofkeys.com/wp-content/uploads/2026/04/WhatsApp-Image-2026-04-20-at-9.51.56-PM-1.jpeg; https://mybunchofkeys.com/wp-content/uploads/2026/04/WhatsApp-Image-2026-04-16-at-11.09.38-AM-608x1080.jpeg; https://mybunchofkeys.com/wp-content/uploads/2026/04/WhatsApp-Image-2026-04-20-at-9.51.56-PM-2-608x1080.jpeg; https://mybunchofkeys.com/wp-content/uploads/2026/04/WhatsApp-Image-2026-04-20-at-9.51.56-PM-7.jpeg; https://mybunchofkeys.com/wp-content/uploads/2026/04/WhatsApp-Image-2026-04-20-at-9.51.56-PM-9-810x1080.jpeg; https://mybunchofkeys.com/wp-content/uploads/2026/04/WhatsApp-Image-2026-04-16-at-11.12.11-AM-608x1080.jpeg; https://mybunchofkeys.com/wp-content/uploads/2026/04/WhatsApp-Image-2026-04-20-at-9.51.56-PM-10.jpeg; https://mybunchofkeys.com/wp-content/uploads/2026/04/WhatsApp-Image-2026-04-20-at-9.51.57-PM-2.jpeg; https://mybunchofkeys.com/wp-content/uploads/2026/04/WhatsApp-Image-2026-04-20-at-9.51.57-PM-4.jpeg; https://mybunchofkeys.com/wp-content/uploads/2026/04/WhatsApp-Image-2026-04-20-at-9.51.57-PM.jpeg; https://mybunchofkeys.com/wp-content/uploads/2026/04/WhatsApp-Image-2026-04-16-at-11.02.06-AM-608x1080.jpeg,2026-08-03T22:00:10+00:00,,House,For Sale,"Grand Estate with Endless Potential Valsayn North Premier Residential Enclave Unlock the true potential of this sprawling family estate located in the prestigious neighborhood of Valsayn North. Set on a massive 22,000 sq. ft. lot , this impressive 9,500 sq. ft. residence offers grand proportions and a solid foundation, ready for a visionary homeowner to modernize and transform it into a contemporary masterpiece. The Residence Expansive Living Spaces: The ground floor features a vast, open plan living and dining area with high ceilings, decorative crown molding, and elegant pillars, perfect for grand scale entertaining. Massive Chef’s Kitchen: An oversized kitchen area equipped with extensive cabinetry, granite countertops, a large center island, and a professional grade stainless steel farmhouse sink. 5 Spacious Bedrooms: Ample accommodations for a large family, including a generous master suite. 5 Full Bathrooms: Multiple well positioned bathrooms throughout the home to ensure convenience and privacy. Architectural Features: A stunning hardwood staircase with ornate wrought iron railings serves as a central focal point of the home. Functional Additions: Includes dedicated maid’s quarters and a large walk-in closet with built-in storage systems. Outdoor Oasis & Grounds Private Swimming Pool: A large custom shaped pool and integrated whirlpool/spa area serve as the heart of the backyard. Outdoor Entertainment: The pool deck features a covered outdoor kitchenette/bar area and poolside changing rooms/bathrooms, ideal for hosting gatherings. Manicured Gardens: The front of the property boasts a spacious driveway, mature palm trees, and manicured landscaping that provides excellent curb appeal. Unmatched Space: With over half an acre of land, there is significant room for further landscaping, home extensions, or creating a private playground. A Rare Investment Opportunity Properties of this size in Valsayn North are rarely available. This is a unique opportunity to acquire a substantial land holding and a grand home at a value that allows for custom renovations. Price $12M TTD (868) 353 9458 (868) 746 2671 jprealtorsltd@gmail.com

About the Region
Valsayn Valsayn is specific to being as an upper class residential area. Many local well-known business owners reside in this area. The area is located closely to Curepe and is split by North and South Valsayn. Valsayn has a Superpharm, a mall, night club and service station amongst other things. This area is heavily protected by owners with home & amalgamated security. The location, even though residential, hosts fetes for the carnival season. It is also very visited by locals nationwide for the Christmas season as many residences decorate their homes in a distinguished manner. It is memorable.",Private Pool; Air Conditioning; Kitchen Island; Powder Room; Patio; Security Patrols; Security Cameras; Covered Garage; Parking on Compound; Remote Gate; Freehold Land; Fully Fenced; Pet Friendly; Laundry Area/Facility; Maid Quarters; Built-in Closets; Walk-in Closets; Water Pump; Water Heater,2026-08-06T23:41:33.094633+00:00
https://mybunchofkeys.com/property/for-sale-seaview-gardens-pt-cumana-3-bed-3-5-bath-single-family-home/,"FOR SALE: Seaview Gardens, Pt. Cumana, 3-bed, 3.5 bath single-family home - My Bunch of Keys","$2,700,000",BOK-322354,"Sea View Gardens, Point Cumana",4,3,8000sq.ft.,5,Foster Lumsden,Pinheiro Realty Services,(868) 788-8221,https://mybunchofkeys.com/wp-content/uploads/2018/06/Foster-Lumsden-320x320.jpg,https://mybunchofkeys.com/wp-content/uploads/2019/01/Seaview-5.jpg,https://mybunchofkeys.com/wp-content/uploads/2019/01/Seaview-5.jpg; https://mybunchofkeys.com/wp-content/uploads/2019/01/Seaview-Terrace-1-1920x1080.jpg; https://mybunchofkeys.com/wp-content/uploads/2019/01/Seaview-2-1920x1080.jpg; https://mybunchofkeys.com/wp-content/uploads/2019/01/Seaview-3-1920x1080.jpg; https://mybunchofkeys.com/wp-content/uploads/2019/01/Seaview-5-1920x1080.jpg; https://mybunchofkeys.com/wp-content/uploads/2019/01/Seaview-6-1920x1080.jpg; https://mybunchofkeys.com/wp-content/uploads/2019/01/Seaview-11-1920x1080.jpg; https://mybunchofkeys.com/wp-content/uploads/2019/01/Seaview-14-1920x1080.jpg; https://mybunchofkeys.com/wp-content/uploads/2019/01/Seaview-16-1920x1080.jpg; https://mybunchofkeys.com/wp-content/uploads/2019/01/Seaview-17-1920x1080.jpg,2026-08-03T20:00:52+00:00,,House,For Sale,"Beautiful, well-maintained, split level 3,000 sqft, 3 (large) Bedrooms, 3.5 Bathroom residence on 8,000 sqft Leasehold land (199YEARS), for sale in the quiet residential area of Seaview Gardens, Point Cumana, Carenage. An additional 4 th room that can be used either as a guest bedroom or a study. Two master bedrooms, with en-suite bathrooms… One on the ground floor, if unable to negotiate the stairs. Fantastic views of the seascape and surrounded hills from the private balcony of the first floor Master bedroom. A stunning wrap around patio overlooking the gardens, with ample seating space. Ideal for SERIOUS or CASUAL LIMING. Recently updated kitchen, with lots of cupboards and quartz countertops. Kid friendly, Pet friendly property with mature fruit trees and outdoor entertainment area. Covered parking for 2 vehicles, with additional parking for an additional 3 vehicles. All bedrooms are fully air conditioned. Quick access to shopping, entertainment, recreation etc. ASKING PRICE: $2,895,000.00TT NEGOTIABLE RECENTLY REDUCED TO: $2,700,000.00 – NEGOTIABLE. THE OWNER’S HIGHLY MOTIVATED TO SELL.

About the Region
Point Cumana Point Cumana is a village suited between Diego Martin and Carenage on the North West end of Trinidad. Point Cumana is situated nearby to Sea Views Gardens. The village has bars, apartment buildings, guest houses,mini marts and it is considered a residential area. It is close to St. Peters Bay where many citizens visit to relax.",Internet Access; Cable TV; Air Conditioning; Powder Room; Patio; Security Cameras; Covered Garage; Parking on Compound; Leasehold Land; Kid Friendly; Office Space; Laundry Area/Facility; Accessible; Built-in Closets,2026-08-06T23:27:44.184794+00:00
https://mybunchofkeys.com/property/6-4-acres-land-with-house-for-sale-at-tableland/,"6.4 acres land, with house for sale at Tableland. - My Bunch of Keys","$1,100,000",BOK-975308,"Nohar Road, Tableland., Tableland",2,1,,,Foster Lumsden,Pinheiro Realty Services,(868) 788-8221,https://mybunchofkeys.com/wp-content/uploads/2018/06/Foster-Lumsden-320x320.jpg,https://mybunchofkeys.com/wp-content/uploads/2025/12/2-18.jpg,https://mybunchofkeys.com/wp-content/uploads/2025/12/2-18.jpg; https://mybunchofkeys.com/wp-content/uploads/2025/12/1-10.jpg; https://mybunchofkeys.com/wp-content/uploads/2025/12/7-16-617x1080.jpg; https://mybunchofkeys.com/wp-content/uploads/2025/12/6-16-616x1080.jpg; https://mybunchofkeys.com/wp-content/uploads/2025/12/5-16.jpg; https://mybunchofkeys.com/wp-content/uploads/2025/12/4-17.jpg; https://mybunchofkeys.com/wp-content/uploads/2025/12/3-17.jpg,2026-08-03T19:52:41+00:00,,House,For Sale,"Partly-cultivated 6.4 acres FREEHOLD Agricultural land, with house, in Nohar Road, Tableland. 2 Bedroom, 1 bathroom house, with an annex. Water, Electricity and road access. PRICED BELOW VALUATION @ $1,100,000 TTD – NEGOTIABLE Owner highly motivated to sell.

About the Region
Tableland Tableland is a populated area and is located in Princes Town, Trinidad and Tobago. Known as a residential area. There are schools, churches and temples for worship. Also available are the many small businesses such as bars, food outlets, mini marts, shops etc. which accommodates the day to day activities of the residence.",Unfurnished; Move in Ready; Electricity; Freehold Land; Pet Friendly; Kid Friendly,2026-08-06T23:20:29.031861+00:00
https://mybunchofkeys.com/property/income-generating-two-storey-home-aranguez/,"Income generating, two storey home, Aranguez - My Bunch of Keys","$3,290,000",BOK-1067001,Aranguez,7,4,4993sq.ft.,,RIT Real Estate,,(868) 363-5653,https://mybunchofkeys.com/wp-content/uploads/2023/01/rit-real-estate-logo-320x320.jpg,https://mybunchofkeys.com/wp-content/uploads/2026/08/IMG-20260803-WA0057.jpg,https://mybunchofkeys.com/wp-content/uploads/2026/08/IMG-20260803-WA0057.jpg; https://mybunchofkeys.com/wp-content/uploads/2026/08/IMG-20260803-WA0053-608x1080.jpg; https://mybunchofkeys.com/wp-content/uploads/2026/08/IMG-20260803-WA0041-608x1080.jpg; https://mybunchofkeys.com/wp-content/uploads/2026/08/IMG-20260803-WA0036-608x1080.jpg; https://mybunchofkeys.com/wp-content/uploads/2026/08/IMG-20260803-WA0047.jpg; https://mybunchofkeys.com/wp-content/uploads/2026/08/IMG-20260803-WA0050.jpg; https://mybunchofkeys.com/wp-content/uploads/2026/08/IMG-20260803-WA0040-608x1080.jpg; https://mybunchofkeys.com/wp-content/uploads/2026/08/IMG-20260803-WA0034-608x1080.jpg; https://mybunchofkeys.com/wp-content/uploads/2026/08/IMG-20260803-WA0014-608x1080.jpg; https://mybunchofkeys.com/wp-content/uploads/2026/08/IMG-20260803-WA0009-608x1080.jpg; https://mybunchofkeys.com/wp-content/uploads/2026/08/IMG-20260803-WA0008-608x1080.jpg; https://mybunchofkeys.com/wp-content/uploads/2026/08/IMG-20260803-WA0004-608x1080.jpg; https://mybunchofkeys.com/wp-content/uploads/2026/08/IMG-20260803-WA0007-608x1080.jpg; https://mybunchofkeys.com/wp-content/uploads/2026/08/IMG-20260803-WA0012.jpg; https://mybunchofkeys.com/wp-content/uploads/2026/08/IMG-20260803-WA0010-608x1080.jpg; https://mybunchofkeys.com/wp-content/uploads/2026/08/IMG-20260803-WA0013.jpg; https://mybunchofkeys.com/wp-content/uploads/2026/08/IMG-20260803-WA0017-608x1080.jpg; https://mybunchofkeys.com/wp-content/uploads/2026/08/IMG-20260803-WA0018-608x1080.jpg; https://mybunchofkeys.com/wp-content/uploads/2026/08/IMG-20260803-WA0020-608x1080.jpg; https://mybunchofkeys.com/wp-content/uploads/2026/08/IMG-20260803-WA0025.jpg; https://mybunchofkeys.com/wp-content/uploads/2026/08/IMG-20260803-WA0021-608x1080.jpg; https://mybunchofkeys.com/wp-content/uploads/2026/08/IMG-20260803-WA0022.jpg; https://mybunchofkeys.com/wp-content/uploads/2026/08/IMG-20260803-WA0028.jpg; https://mybunchofkeys.com/wp-content/uploads/2026/08/IMG-20260803-WA0019.jpg; https://mybunchofkeys.com/wp-content/uploads/2026/08/IMG-20260803-WA0055.jpg; https://mybunchofkeys.com/wp-content/uploads/2026/08/IMG-20260803-WA0057-1440x1080.jpg,2026-08-03T18:12:19+00:00,,House,For Sale,"LP 14, AGRICULTURAl TRACE, OFF SAVANNAH VILLAS, ARANGUEZ MAIN ROAD, SAN JUAN Income-Generating Two-Storey Home | Aranguez | USD $470,000. A rare opportunity to own a substantial, income-producing property in a highly desirable Aranguez location — immediately adjacent to the prime residential enclave of Savannah Villas. Set on 463.9 m² of freehold land , this well-maintained two-storey concrete home offers 3,541 sq. ft. of living space across 7 bedrooms & 4 bathrooms. Its versatile dual-unit layout makes it ideal for an investor seeking multiple rental streams, an extended family, or an owner who wants to live in one section while generating income from the rest. The Ground Floor (1,625 sq ft) is configured as two independent apartments, consisting of three (3) bedrooms, two (2) bathrooms, two (2) full kitchen/living/dining setups and dedicated storeroom which may be turned into bedroom number eight! The First Floor (1,916 sq ft) consists of four ( 4) spacious bedrooms two (2) bathrooms, a large open kitchen and living/dining area in addition to a walk-in closet, laundry/foyer, and welcoming porch. The home was Built solid, built to last: concrete block construction, Aluzinc roofing, porcelain tile and wood-panel flooring, steel security doors, and gated perimeter walls. Boasting a Prime, convenient location: steps from Savannah Villas and other established Aranguez communities, with schools, banks, and shopping all within approximately 2 km. Whether you’re expanding your investment portfolio, housing an extended family, or living rent-free by renting out the rest — this is a rare, versatile find in one of Aranguez’s most sought-after addresses.

About the Region
Aranguez Well known for having one of the largest savannahs in Trinidad, famous for hosting Political rallies and Sporting competitions, it has also been reformed as a major attraction site for exercising. Aranquez is classed as a residential area and the Aranquez Main Road provides businesses such as food, bars, retail trade, warehousing, car care, maintenance, parts etc. As a result of economic growth, agricultural land is being developed as the land statuses are changing to residential. While there are many successful gardens still operational and supplies its perishable items locally, most land owners have either sold or converted to apartment rental businesses. The area offers a health Facility known as the Aranquez Health Center. Most travelling activity to places are done either walking, taxi or driving. Many main services such as Banking, administration or groceries, and popular food outlets are located in the San Juan area which is approximately five minutes’ commute. Aranquez is well protected by the San Juan Police and Fire services which is a very short distance away.",Fully Furnished; Move in Ready; Gated Compound; Electricity; Central Air Conditioning; Freehold Land; Kid Friendly; Laundry Area/Facility; Built-in Closets,2026-08-06T23:33:47.865679+00:00
https://mybunchofkeys.com/property/home-for-sale-in-las-lomas-3-san-raphael/,"HOME FOR SALE IN LAS LOMAS #3, SAN RAPHAEL - My Bunch of Keys","$1,794,999",BOK-1012033,"Lot C, Las Lomas No 3, San Raphael, Trinidad, Las Lomas",4,2.5,10000sq.ft.,6,Foster Lumsden,Pinheiro Realty Services,(868) 788-8221,https://mybunchofkeys.com/wp-content/uploads/2018/06/Foster-Lumsden-320x320.jpg,https://mybunchofkeys.com/wp-content/uploads/2026/03/16-1.jpg,https://mybunchofkeys.com/wp-content/uploads/2026/03/16-1.jpg; https://mybunchofkeys.com/wp-content/uploads/2026/03/14-2.jpg; https://mybunchofkeys.com/wp-content/uploads/2026/03/1-11-810x1080.jpg; https://mybunchofkeys.com/wp-content/uploads/2026/03/5-11-810x1080.jpg; https://mybunchofkeys.com/wp-content/uploads/2026/03/2-17-1440x1080.jpg; https://mybunchofkeys.com/wp-content/uploads/2026/03/4-13-810x1080.jpg; https://mybunchofkeys.com/wp-content/uploads/2026/03/3-17-1440x1080.jpg; https://mybunchofkeys.com/wp-content/uploads/2026/03/6-9-810x1080.jpg; https://mybunchofkeys.com/wp-content/uploads/2026/03/7-8-810x1080.jpg; https://mybunchofkeys.com/wp-content/uploads/2026/03/8-8-810x1080.jpg; https://mybunchofkeys.com/wp-content/uploads/2026/03/9-8-810x1080.jpg; https://mybunchofkeys.com/wp-content/uploads/2026/03/10-8-1440x1080.jpg; https://mybunchofkeys.com/wp-content/uploads/2026/03/11-5-810x1080.jpg; https://mybunchofkeys.com/wp-content/uploads/2026/03/12-5-810x1080.jpg; https://mybunchofkeys.com/wp-content/uploads/2026/03/11-6-810x1080.jpg; https://mybunchofkeys.com/wp-content/uploads/2026/03/13-2-810x1080.jpg; https://mybunchofkeys.com/wp-content/uploads/2026/03/14-3-810x1080.jpg; https://mybunchofkeys.com/wp-content/uploads/2026/03/16-1-810x1080.jpg; https://mybunchofkeys.com/wp-content/uploads/2026/03/17-1-810x1080.jpg; https://mybunchofkeys.com/wp-content/uploads/2026/03/8-9.jpg; https://mybunchofkeys.com/wp-content/uploads/2026/03/4-15.jpg,2026-08-03T18:10:09+00:00,,House,For Sale,"COMBINE MODERN URBAN LIVING, WITH SEMI-RURAL PEACE AND HARMONY. Enjoy this TOTALLY move-in-ready, aesthetically pleasing home, occupying a total of 2,248 sqft of fully airconditioned and fully tiled space, all on 10,000 sqft of FREEHOLD well-maintained, well-manicured space. Enter your enclosed front-porch. Choose between going to your private study/office. Or, one of your four (4) spacious airconditioned bedrooms; each with lots of built-in cupboard space and serviced by two (2) spacious full bathrooms. The main bedroom with its en-suite bathroom and private dressing room. Copious storage space throughout the whole house. Modern roll-down blinds adorn all windows. Enjoy your favorite sport program or show in your spacious living room. Prepare and enjoy your meals in your modern chef’s kitchen where the cabinetry is all teak, and the countertops are crowned in granite. Or for multiple diners, retire to your adjacent dining area. Have no hassle doing your laundry in your spacious, practical, laundry room/pantry. When ready to relax, sojourn to your fully tiled and covered back patio, with hammocks to enjoy the easterly fresh breezes. Or walk out into your garden and enjoy nature’s bounty and the produce of your bearing fruit trees. For lime time, utilize your teak and granite private wet bar; your outdoor kitchen and Bar-B-Q area; modern half-bathroom right there. As a bonus, there’s a spacious (200 sqft) annex adjoining the pantry; usable for multiple purposes. If electricity goes? No problem, just turn on your electric generator. Be secure overall with your electronic main gate and security cameras throughout. Park six (6) vehicles in your driveway. FOR ALL OF THE ABOVE; A STEAL OF A DEAL AT $1,995,000.00 TTD – NEGOTIABLE REDUCED TO $1,795,000.00 – NEGOTIABLE RECENT VALUATION IN HAND

About the Region
Las Lomas Las Lomas is known for its # 1-3 locations, located in east Trinidad. It is located on both a hilly and flat landscape. The area has developed significantly as many residences have successful small businesses such as poultry, doubles, mini marts, bars. Many land owners have begun parceling out their land and offered it for sale. This creates economic growth as most land has been sold out and begun developing into homes. Las Lomas is easily accessible through the Caroni South & North Bank Road, Boy Cato road and Chin Chin Road.",Move in Ready; Wet Bar; Internet Access; Cable TV; Air Conditioning; Kitchen Island; Pantry; Powder Room; Patio; Security Alarms; Security Cameras; Covered Garage; Parking on Compound; Remote Gate; Freehold Land; Partially Fenced; Pet Friendly; Kid Friendly; Office Space; Laundry Area/Facility; Annex; Built-in Closets; Walk-in Closets; Water Tank; Water Pump; Water Heater,2026-08-06T23:29:46.636079+00:00
https://mybunchofkeys.com/property/for-sale-seaview-terrace-pt-cumana-3-bed-3-5-bath-detached-home/,"FOR SALE: Seaview Gardens, Pt. Cumana 3 Br. single-family home - My Bunch of Keys","$2,700,000",BOK-57676,"Sea View Gardens, Point Cumana",3,3,8000sq.ft.,5,Foster Lumsden,Pinheiro Realty Services,(868) 788-8221,https://mybunchofkeys.com/wp-content/uploads/2018/06/Foster-Lumsden-320x320.jpg,https://mybunchofkeys.com/wp-content/uploads/2019/01/Seaview-5.jpg,https://mybunchofkeys.com/wp-content/uploads/2019/01/Seaview-5.jpg; https://mybunchofkeys.com/wp-content/uploads/2019/01/Seaview-Terrace-1-1920x1080.jpg; https://mybunchofkeys.com/wp-content/uploads/2019/01/Seaview-2-1920x1080.jpg; https://mybunchofkeys.com/wp-content/uploads/2019/01/Seaview-3-1920x1080.jpg; https://mybunchofkeys.com/wp-content/uploads/2019/01/Seaview-5-1920x1080.jpg; https://mybunchofkeys.com/wp-content/uploads/2019/01/Seaview-6-1920x1080.jpg; https://mybunchofkeys.com/wp-content/uploads/2019/01/Seaview-11-1920x1080.jpg; https://mybunchofkeys.com/wp-content/uploads/2019/01/Seaview-14-1920x1080.jpg; https://mybunchofkeys.com/wp-content/uploads/2019/01/Seaview-16-1920x1080.jpg; https://mybunchofkeys.com/wp-content/uploads/2019/01/Seaview-17-1920x1080.jpg,2026-08-03T18:00:55+00:00,,House,For Sale,"Beautiful, well-maintained, split level 3,000 sqft, 3 (large) Bedrooms, 3.5 Bathroom residence on 8,000 sqft LEASEHOLD (199YEARS) land, for sale in the quiet residential area of Seaview Gardens, Point Cumana, Carenage. An additional 4 th room that can be used either as a guest bedroom or a study. Two master bedrooms, with en-suite bathrooms… One on the ground floor, if unable to negotiate the stairs. Fantastic views of the seascape and surrounded hills from the private balcony of the first floor Master bedroom. A stunning wrap around patio overlooking the gardens, with ample seating space. Ideal for SERIOUS or CASUAL LIMING. Recently updated kitchen, with lots of cupboards and quartz countertops. Kid friendly, Pet friendly property with mature fruit trees and outdoor entertainment area. Covered parking for 2 vehicles, with additional parking for an additional 3 vehicles. All bedrooms are fully air conditioned. Quick access to shopping, entertainment, recreation etc. ASKING PRICE: $2,895,000.00TT RECENTLY REDUCED TO: $2,700,000.00 TTD – NEGOTIABLE

About the Region
Point Cumana Point Cumana is a village suited between Diego Martin and Carenage on the North West end of Trinidad. Point Cumana is situated nearby to Sea Views Gardens. The village has bars, apartment buildings, guest houses,mini marts and it is considered a residential area. It is close to St. Peters Bay where many citizens visit to relax.",Internet Access; Cable TV; Air Conditioning; Powder Room; Patio; Security Cameras; Covered Garage; Parking on Compound; Leasehold Land; Kid Friendly; Office Space; Laundry Area/Facility; Accessible; Built-in Closets,2026-08-06T23:27:49.520432+00:00
https://mybunchofkeys.com/property/mayo-road-mayo/,"Mayo Road, Mayo - My Bunch of Keys","$2,500,000",BOK-1066941,Williamsville,4,3,,,RIT Real Estate,,(868) 363-5653,https://mybunchofkeys.com/wp-content/uploads/2023/01/rit-real-estate-logo-320x320.jpg,https://mybunchofkeys.com/wp-content/uploads/2026/08/IMG-20260730-WA0002.jpg,https://mybunchofkeys.com/wp-content/uploads/2026/08/IMG-20260730-WA0002.jpg; https://mybunchofkeys.com/wp-content/uploads/2026/08/IMG-20260730-WA0007-1440x1080.jpg; https://mybunchofkeys.com/wp-content/uploads/2026/08/IMG-20260730-WA0003-1440x1080.jpg; https://mybunchofkeys.com/wp-content/uploads/2026/08/IMG-20260730-WA0002-1440x1080.jpg; https://mybunchofkeys.com/wp-content/uploads/2026/08/IMG-20260730-WA0005-810x1080.jpg; https://mybunchofkeys.com/wp-content/uploads/2026/08/IMG-20260730-WA0013-810x1080.jpg; https://mybunchofkeys.com/wp-content/uploads/2026/08/IMG-20260730-WA0010-810x1080.jpg; https://mybunchofkeys.com/wp-content/uploads/2026/08/IMG-20260730-WA0011-1440x1080.jpg,2026-08-03T17:40:56+00:00,,House,For Sale,"Two separate houses 1 acre land quiet, serene environment Both houses has 2 bedrooms each Kitchen, living room, dining room 2 toilet and bath in the first house and the second has 1 toilet and bath The second house need some reno

About the Region
Williamsville Williamsville is a populated are located in Princes Town and can be accessed via the Corial Road or Garth Road, Trinidad and Tobago. It is known as a residential area. There is a main recreational ground known as the Brother’s Recreational ground where many cricket competitions are played. Williamsville has much small businesses that support its community such as, mini marts, bars, parlours, liquor marts, auto care etc.",Unfurnished; Pet Friendly,2026-08-06T23:35:25.952510+00:00
https://mybunchofkeys.com/property/elegant-family-estate-in-moka-maraval/,"Elegant Family Estate in Moka, Maraval - My Bunch of Keys","$6,800,000",BOK-1043501,Moka,6,5,10000sq.ft.,,Meghan Francis-Lau,11.11 Realty,(868) 359-5987,https://mybunchofkeys.com/wp-content/uploads/2026/05/IMG_1740-320x320.jpeg,https://mybunchofkeys.com/wp-content/uploads/2026/06/88261eb0-f15b-4a32-9c16-ab9b55185678.jpeg,https://mybunchofkeys.com/wp-content/uploads/2026/06/88261eb0-f15b-4a32-9c16-ab9b55185678.jpeg; https://mybunchofkeys.com/wp-content/uploads/2026/06/0c6b9d91-ed83-4551-a37d-e6d8c5da4ed6-608x1080.jpeg; https://mybunchofkeys.com/wp-content/uploads/2026/06/cd4d4f68-b334-4a3c-92ba-e2c4de69ebfe-810x1080.jpeg; https://mybunchofkeys.com/wp-content/uploads/2026/06/90a7b064-0dcd-4bba-8382-86362cd5ec6a-608x1080.jpeg; https://mybunchofkeys.com/wp-content/uploads/2026/06/88261eb0-f15b-4a32-9c16-ab9b55185678-608x1080.jpeg; https://mybunchofkeys.com/wp-content/uploads/2026/06/ad87354a-cdaa-48cc-ab2e-2165fd197dbe-608x1080.jpeg; https://mybunchofkeys.com/wp-content/uploads/2026/06/3f0a5a72-619b-4a5c-bf01-210ddc1919c9-608x1080.jpeg; https://mybunchofkeys.com/wp-content/uploads/2026/06/01610159-229d-4b97-a48f-dc316b0073ce-608x1080.jpeg; https://mybunchofkeys.com/wp-content/uploads/2026/06/0ed54bba-03d2-47a7-a98e-5b46be9257f5-918x1080.jpeg; https://mybunchofkeys.com/wp-content/uploads/2026/06/f1cdd830-27e7-47f3-9340-2f6136b7bce1-608x1080.jpeg; https://mybunchofkeys.com/wp-content/uploads/2026/06/c3725c2d-172f-4a9e-bcba-ff7f84e42b7e-691x1080.jpeg; https://mybunchofkeys.com/wp-content/uploads/2026/06/9e2bf143-7e10-4c83-ac94-ac2ff713617d-608x1080.jpeg; https://mybunchofkeys.com/wp-content/uploads/2026/06/4390d90f-9b2b-43a6-842b-b2f3b4395e70-608x1080.jpeg; https://mybunchofkeys.com/wp-content/uploads/2026/06/4cd37b1d-ac84-4397-989c-533e2f2960f8-722x1080.jpeg; https://mybunchofkeys.com/wp-content/uploads/2026/06/4b4f8358-ed7c-4d73-905d-702f28c45cc3-608x1080.jpeg; https://mybunchofkeys.com/wp-content/uploads/2026/06/ce7a51ce-4b8c-41fd-9b2a-fe3c88da3973-741x1080.jpeg; https://mybunchofkeys.com/wp-content/uploads/2026/06/208f1644-c0b6-4295-8121-734a22815983-711x1080.jpeg; https://mybunchofkeys.com/wp-content/uploads/2026/06/f8062553-bde9-49d3-ad49-5c21dfbccabc-608x1080.jpeg; https://mybunchofkeys.com/wp-content/uploads/2026/06/acea35e2-88f9-46cc-8df3-c9c072304ec1-608x1080.jpeg; https://mybunchofkeys.com/wp-content/uploads/2026/06/507613c5-03ee-495b-b13d-ab552fbce67d-774x1080.jpeg; https://mybunchofkeys.com/wp-content/uploads/2026/06/904dc1f4-64be-48b5-b492-4f27abcace66-608x1080.jpeg; https://mybunchofkeys.com/wp-content/uploads/2026/06/568bb9a5-9091-4322-b98e-ec50abdb0535-697x1080.jpeg; https://mybunchofkeys.com/wp-content/uploads/2026/06/58291512-ffbe-4a40-a3cd-e713948a2300-608x1080.jpeg; https://mybunchofkeys.com/wp-content/uploads/2026/06/55e73073-19cb-453e-b23c-e84321f9ba01-608x1080.jpeg; https://mybunchofkeys.com/wp-content/uploads/2026/06/88b19634-07c6-4c99-a5c8-428238b6c042.jpeg; https://mybunchofkeys.com/wp-content/uploads/2026/06/1bf8f2fc-5574-450d-8ea1-924f649f260d-671x1080.jpeg; https://mybunchofkeys.com/wp-content/uploads/2026/06/4ae54f90-5201-41b9-bea3-fb44a9c76b34-608x1080.jpeg; https://mybunchofkeys.com/wp-content/uploads/2026/06/e880d829-eaae-47a5-9a83-d1a92a6c62e4-608x1080.jpeg,2026-08-03T15:38:45+00:00,,House,,"Elegant Family Estate in Moka, Maraval Nestled in one of Trinidad’s most sought-after residential communities, this exceptional two-storey residence offers the perfect blend of space, comfort, and timeless elegance. Moka, Maraval is renowned for its upscale residential setting, tranquil surroundings, and convenient access to the capital, making it one of the country’s premier addresses. Set on an expansive 10,000 sq. ft. lot, this impressive home boasts approximately 6,400 sq. ft. of living space, thoughtfully designed to accommodate both large families and those who love to entertain. The residence features 6 spacious bedrooms and 5.5 bathrooms, offering generous accommodation with flexibility for extended family, guests, or a home office setup. A self-contained annex adds further versatility, ideal for multi-generational living, private guest quarters, or rental income potential. Step outside to your own private retreat, complete with a swimming pool and ample outdoor space for relaxation and entertaining. The beautifully paved driveway leads to covered parking, while the home’s classic Mediterranean-inspired architecture, warm exterior tones, and mature landscaping create an inviting curb appeal. Property Features 6 Bedrooms 5.5 Bathrooms Spacious Annex Private Swimming Pool Covered Parking Land: 10,000 sq. ft. House: 6,400 sq. ft. Prestigious Moka, Maraval Location This is a rare opportunity to own a substantial family home in one of Trinidad’s most desirable neighbourhoods, offering privacy, space, and excellent value. Sale Price: TT$6.8 Million Call/Whatsapp Meghan 359 5987

About the Region
Moka What's in Moka? A world class golfing facility of the country’s seven 18 hole and two 9 hole courses. Each golf course boasts of unique features whether it be holes within metres of the coastline or holes with panoramic views of the Northern Mountain Range. St. Andrew’s Golf Club: The majority of locals know it as the Moka Golf Course because of its location in Moka, Maraval. It is considered to be one of the finest golf courses in the Caribbean and is one of the oldest as it was established in 1891. The course is anchored in the Moka valley, along the Maraval River and the well-manicured greens contrast against the Paramin hills.",Semi Furnished; Air Conditioning; Covered Garage; Fully Fenced; Pet Friendly; Kid Friendly,2026-08-06T23:23:59.821953+00:00
https://mybunchofkeys.com/property/3-bed-house-orange-grove-tacarigua-for-sale/,"3 Bed House Orange Grove, Tacarigua For Sale - My Bunch of Keys","$1,990,000",BOK-1046356,Tacarigua,3,4,2750sq.ft.,3,Meghan Francis-Lau,11.11 Realty,(868) 359-5987,https://mybunchofkeys.com/wp-content/uploads/2026/05/IMG_1740-320x320.jpeg,https://mybunchofkeys.com/wp-content/uploads/2026/06/b7e92e7c-967f-4bfc-b501-77990e1d7b18.jpeg,https://mybunchofkeys.com/wp-content/uploads/2026/06/b7e92e7c-967f-4bfc-b501-77990e1d7b18.jpeg; https://mybunchofkeys.com/wp-content/uploads/2026/06/a118869d-d254-414f-8a86-06c706658f1a-608x1080.jpeg; https://mybunchofkeys.com/wp-content/uploads/2026/06/b7e92e7c-967f-4bfc-b501-77990e1d7b18-810x1080.jpeg; https://mybunchofkeys.com/wp-content/uploads/2026/06/59ce7ad2-a902-40c2-81ac-b2ee75ab7819-608x1080.jpeg; https://mybunchofkeys.com/wp-content/uploads/2026/06/0efe80c6-868b-46e7-a1a9-935912c6d350-608x1080.jpeg; https://mybunchofkeys.com/wp-content/uploads/2026/06/6dfd28ac-9fef-433a-b593-4236ce9cbd72-810x1080.jpeg; https://mybunchofkeys.com/wp-content/uploads/2026/06/d919d206-224e-47a6-8148-488f26d44b46-608x1080.jpeg; https://mybunchofkeys.com/wp-content/uploads/2026/06/ecc4337c-752e-460d-bb1f-8425cbce58dc-810x1080.jpeg; https://mybunchofkeys.com/wp-content/uploads/2026/06/5daf3433-e497-4d81-8dfd-553ce8cc6cc6-702x1080.jpeg; https://mybunchofkeys.com/wp-content/uploads/2026/06/198d75d7-60de-4f64-8408-9f675f9aaf54-608x1080.jpeg; https://mybunchofkeys.com/wp-content/uploads/2026/06/82320a6f-b736-4137-8b73-29d89b31f60f-608x1080.jpeg; https://mybunchofkeys.com/wp-content/uploads/2026/06/b0927b71-c349-4584-8256-5a0277d7572f-810x1080.jpeg; https://mybunchofkeys.com/wp-content/uploads/2026/06/3557cd95-74e7-4f0c-9d86-1f4873220c7f-810x1080.jpeg; https://mybunchofkeys.com/wp-content/uploads/2026/06/9b35c21a-a3a3-43db-b6a0-ab5481ddf168-810x1080.jpeg; https://mybunchofkeys.com/wp-content/uploads/2026/06/707360dd-5738-468e-b27b-5dc3e8448726-810x1080.jpeg; https://mybunchofkeys.com/wp-content/uploads/2026/06/3f135d6b-72c3-46da-8b9f-3503e8e1df3a-608x1080.jpeg; https://mybunchofkeys.com/wp-content/uploads/2026/06/90aeedb5-da4c-46b1-a35c-212a828b72d5-872x1080.jpeg; https://mybunchofkeys.com/wp-content/uploads/2026/06/17c8e8c9-5b97-4360-9876-814a4c0718c2-810x1080.jpeg; https://mybunchofkeys.com/wp-content/uploads/2026/06/f9c96cee-4dae-4897-a6fb-5dcfe061e088-608x1080.jpeg; https://mybunchofkeys.com/wp-content/uploads/2026/06/1b7171c8-e36c-4459-97bb-33196060e18d-608x1080.jpeg; https://mybunchofkeys.com/wp-content/uploads/2026/06/349164cc-21a4-41b0-8b4c-8c6f2a5c5523-608x1080.jpeg; https://mybunchofkeys.com/wp-content/uploads/2026/06/bf01ff6e-03dc-41d8-9db8-c04d686de019-752x1080.jpeg; https://mybunchofkeys.com/wp-content/uploads/2026/06/bb524580-6218-422e-8843-84157384faa5-810x1080.jpeg; https://mybunchofkeys.com/wp-content/uploads/2026/06/6d1e93d0-b064-4d71-9c6d-13604b155c2b-608x1080.jpeg; https://mybunchofkeys.com/wp-content/uploads/2026/06/81d3bfa4-3a0d-4bb8-8625-fdf27818451a-810x1080.jpeg,2026-08-03T15:38:26+00:00,,House,For Sale,"3 Bed House Orange Grove, Tacarigua For Sale Boasting 3 spacious bedrooms and 4 baths, this property also features a versatile ensuite office/multi-use room that can easily serve as a home office, guest suite, playroom, or additional bedroom to suit your lifestyle. Located in a quiet, family-friendly neighbourhood, this home is just minutes from the highway, supermarkets, shopping malls, schools, and a wide range of everyday amenities, making it an excellent choice for families and professionals alike. Property Features: 3 Bedrooms 4 Bathrooms Ensuite Office/Multi-Use Room Minutes from the Highway Close to Supermarkets, Malls & Major Amenities Asking $1.99M Call/Whatsapp Meghan 359 5987

About the Region
Tacarigua Tacarigua (originally San Pablo de Tacarigua) is a town in the East–West Corridor of Trinidad and Tobago, located east of Tunapuna, north of Trincity and west of Arouca. It is on the banks of the Tacarigua River. The city is governed by the Tunapuna–Piarco Regional Corporation. Tacarigua was originally a Spanish encomienda, prior to the relocation of the Amerindians to Arima in 1789. Some of the first mosques were built at Tacarigua in 1850. Famous cricket player Kieron Pollard was born here.",Unfurnished; Move in Ready; Recently Renovated; Air Conditioning; Parking on Compound; Remote Gate; Fully Fenced; Kid Friendly; Office Space; Laundry Area/Facility; Built-in Closets; Walk-in Closets; Water Heater,2026-08-06T23:19:41.214110+00:00
https://mybunchofkeys.com/property/hillsboro-house-with-1-bed-annex-for-sale/,Hillsboro House With 1 Bed Annex For Sale - My Bunch of Keys,"$3,800,000",BOK-1027111,Maraval,5,4,8900sq.ft.,,Meghan Francis-Lau,11.11 Realty,(868) 359-5987,https://mybunchofkeys.com/wp-content/uploads/2026/05/IMG_1740-320x320.jpeg,https://mybunchofkeys.com/wp-content/uploads/2026/05/7141deeb-6f65-4377-89b8-750ef9dfb949.jpeg,https://mybunchofkeys.com/wp-content/uploads/2026/05/7141deeb-6f65-4377-89b8-750ef9dfb949.jpeg; https://mybunchofkeys.com/wp-content/uploads/2026/05/5613c9d9-6317-4e81-8f09-e034c01ddd7b-1140x1080.jpeg; https://mybunchofkeys.com/wp-content/uploads/2026/05/3e02d9da-02a9-4267-bb60-44bd1da40ba1-810x1080.jpeg; https://mybunchofkeys.com/wp-content/uploads/2026/05/9f12b4c3-c12b-494e-8bbc-641a0abbfa4b-810x1080.jpeg; https://mybunchofkeys.com/wp-content/uploads/2026/05/af6aa3d2-095b-42f1-9d8e-53240117f130-810x1080.jpeg; https://mybunchofkeys.com/wp-content/uploads/2026/05/b6058157-1af0-47c9-8f7d-7d87622646ef-810x1080.jpeg; https://mybunchofkeys.com/wp-content/uploads/2026/05/a2a662d7-4931-4224-bc9b-93e12f474580-1292x1080.jpeg; https://mybunchofkeys.com/wp-content/uploads/2026/05/8fd9bbd1-175d-4977-abdc-17a6056ae235-608x1080.jpeg; https://mybunchofkeys.com/wp-content/uploads/2026/05/ba4b0447-397f-4eba-852b-51f5c88d7c8a-810x1080.jpeg; https://mybunchofkeys.com/wp-content/uploads/2026/05/ec0e9768-4fce-48b0-bce3-91d8a447f364-810x1080.jpeg; https://mybunchofkeys.com/wp-content/uploads/2026/05/ad87a88c-7774-49da-b995-83e8738ca3b3-810x1080.jpeg; https://mybunchofkeys.com/wp-content/uploads/2026/05/6be1a0b8-5f8d-4d61-8256-34dc2d3ded0a-810x1080.jpeg; https://mybunchofkeys.com/wp-content/uploads/2026/05/b5e8025f-98bf-4975-90dd-3ebc00eae094-810x1080.jpeg; https://mybunchofkeys.com/wp-content/uploads/2026/05/d84f842f-2511-4e7c-a0f2-fc9cc5547e53-810x1080.jpeg; https://mybunchofkeys.com/wp-content/uploads/2026/05/63e4d1c7-dce4-4a92-8fba-a2c36ca51c94-810x1080.jpeg; https://mybunchofkeys.com/wp-content/uploads/2026/05/69862243-42c6-4ba4-8224-c1f34102c9d5-810x1080.jpeg; https://mybunchofkeys.com/wp-content/uploads/2026/05/b91934c5-8917-49b3-bfbf-b50baf43b8b1-810x1080.jpeg; https://mybunchofkeys.com/wp-content/uploads/2026/05/269acd53-c3a3-4384-8c10-e6ab356fb663-810x1080.jpeg; https://mybunchofkeys.com/wp-content/uploads/2026/05/f1534bdf-dfee-4842-8cce-d37b662ea4fd-608x1080.jpeg; https://mybunchofkeys.com/wp-content/uploads/2026/05/c9b700e9-cfc5-4ca0-9a5a-97a2a1375c4e-810x1080.jpeg; https://mybunchofkeys.com/wp-content/uploads/2026/05/c3335861-83e4-4536-a68b-5fdfcaee0022-608x1080.jpeg; https://mybunchofkeys.com/wp-content/uploads/2026/05/f4f5babd-76f0-4af7-9bd3-f7532cb14a10-608x1080.jpeg; https://mybunchofkeys.com/wp-content/uploads/2026/05/ba7c64e8-7305-4747-ba84-7704b7896dfc-608x1080.jpeg; https://mybunchofkeys.com/wp-content/uploads/2026/05/ce8caeca-a2e0-4b11-b68e-ef8625572fb9-608x1080.jpeg; https://mybunchofkeys.com/wp-content/uploads/2026/05/719831c5-ac2c-4dac-a3fb-0b1958aaeef3-810x1080.jpeg; https://mybunchofkeys.com/wp-content/uploads/2026/05/52acfaa9-7c8a-4330-90cc-cccfc32fda6a-1440x1080.jpeg; https://mybunchofkeys.com/wp-content/uploads/2026/05/c4ed1748-564f-43cb-bdc8-f0109e3d3bd1-1440x1080.jpeg,2026-08-03T15:30:01+00:00,,House,For Sale,"Hillsboro House With 1 Bed Annex For Sale 4 Bed 3.5 Bath Land 8900sf Spacious living spaces Large Room 1 Unfinished Multiuse Space 1 Bed 1 Bath annex Gated Community Security 6pm-6am Ideal for Renovation Asking $3.8M Call/Whatsapp Meghan 359-5987

About the Region
Maraval Maraval is one of the northern suburbs of Trinidad's capital, Port of Spain, a valley in northern Trinidad in Trinidad and Tobago. It is situated at the bottom of the hills of Paramin and located east of the Diego Martin valley to which it is connected directly by Morne Coco Road, and west of Santa Cruz valley, to which it is connected by Saddle Road. Maraval is considered one of the major high-income residential areas in the country in combination with the Westmoorings, Goodwood Park and Glencoe area, it is home of much of the island's elite, including a number of diplomats. Maraval is sometimes referred to as ""Diego Martin East"". It is home to Trinity College secondary school, St. Andrew's Golf Course and Club in Moka, which is considered to be one of the finest golf courses in the Caribbean that was established in 1891 making it one of the oldest in the world. It arguably provides the best route of access from the capital to the North Coast. Along with Santa Cruz, Maraval is located close to the best beaches on the island, allowing its residents quick access to both leisure activities, as well as downtown business and entertainment. Maraval has branches of the major locally-operating banks, supermarkets, pharmacies, boutiuqes, clothing outlets, catholic schools, churches and parish groups.",Unfurnished; Gated Community; Air Conditioning; Kitchen Island; Security Patrols; Fully Fenced; Pet Friendly; Kid Friendly,2026-08-06T23:29:09.205426+00:00
https://mybunchofkeys.com/property/prime-investment-property-in-great-location-archer-street-belmont-875000-00-or-usd-equivalent/,"Prime Investment Property in Great Location – Archer Street, Belmont - $875,000.00 (or USD equivalent) - My Bunch of Keys","$875,000",BOK-1066786,"Archer Street, Belmont, Belmont",3,1,1600sq.ft.,1,Stephen Daniel,Stuart Spiers Real Estate Services,(868) 682-8017,https://mybunchofkeys.com/wp-content/uploads/2023/11/SSRE-Stephen-Daniel-320x320.jpg,https://mybunchofkeys.com/wp-content/uploads/2026/08/15.jpg,https://mybunchofkeys.com/wp-content/uploads/2026/08/15.jpg; https://mybunchofkeys.com/wp-content/uploads/2026/08/1-1440x1080.jpg; https://mybunchofkeys.com/wp-content/uploads/2026/08/2-1440x1080.jpg; https://mybunchofkeys.com/wp-content/uploads/2026/08/3-1440x1080.jpg; https://mybunchofkeys.com/wp-content/uploads/2026/08/4-1440x1080.jpg; https://mybunchofkeys.com/wp-content/uploads/2026/08/5-1440x1080.jpg; https://mybunchofkeys.com/wp-content/uploads/2026/08/6-1440x1080.jpg; https://mybunchofkeys.com/wp-content/uploads/2026/08/7-1440x1080.jpg; https://mybunchofkeys.com/wp-content/uploads/2026/08/8-1440x1080.jpg; https://mybunchofkeys.com/wp-content/uploads/2026/08/9-1440x1080.jpg; https://mybunchofkeys.com/wp-content/uploads/2026/08/10-1440x1080.jpg; https://mybunchofkeys.com/wp-content/uploads/2026/08/11-1440x1080.jpg; https://mybunchofkeys.com/wp-content/uploads/2026/08/12-1440x1080.jpg; https://mybunchofkeys.com/wp-content/uploads/2026/08/13-1440x1080.jpg; https://mybunchofkeys.com/wp-content/uploads/2026/08/14-1378x1080.jpg; https://mybunchofkeys.com/wp-content/uploads/2026/08/15-1302x1080.jpg; https://mybunchofkeys.com/wp-content/uploads/2026/08/16-1440x1080.jpg,2026-08-03T13:22:19+00:00,,House,For Sale,"Prime Investment Property in Great Location – Archer Street, Belmont – $875,000.00 (or USD equivalent) This quaint Caribbean craftsman cottage takes you back a few decades. It expresses the architectural charm of an era when jalousies were the window of choice. The house is in fair condition and was recently lived in. It would be suitable for a small family or you may wish to repurpose as an investment property. 3 bedrooms 1 toilet and bath 1,600 sq ft covered area (including covered carport) Approximately 3,000 sq ft land USD offers are welcome

About the Region
Belmont Belmont, in north-east Port of Spain, in the Republic of Trinidad and Tobago, is located at the foot of the Laventille Hills. It was the city's first suburb and in the 1840s–'50s, parts of the area were settled by Africans rescued by the Royal Navy from illegal slaving ships. In the 1880s–'90s, the population swelled rapidly, and the characteristic Belmont street pattern of narrow, winding lanes developed. Belmont originally had many large homes but a lot have been renovated and converted to business use with some remaining in family hands. It was the birthplace and early home of many important Carnival designers and bandleaders and has approximately 9,035 inhabitants.",Parking on Compound; Freehold Land; Fully Fenced; Water Tank; Water Pump,2026-08-06T23:37:28.819226+00:00
https://mybunchofkeys.com/property/rabita-avenue-mayaro-1-15m/,"Rabita Avenue, Mayaro $1.15m - My Bunch of Keys","$1,150,000",BOK-916254,Mayaro,6,2,,4,Sally Singh,S² Real Estate Services,(868) 763-4544,https://mybunchofkeys.com/wp-content/uploads/2025/05/Sallys-headshot-320x320.jpeg,https://mybunchofkeys.com/wp-content/uploads/2025/07/outside.jpg,https://mybunchofkeys.com/wp-content/uploads/2025/07/outside.jpg; https://mybunchofkeys.com/wp-content/uploads/2025/07/Outside1-810x1080.jpg; https://mybunchofkeys.com/wp-content/uploads/2025/07/outside-769x1080.jpg; https://mybunchofkeys.com/wp-content/uploads/2025/07/bedroom1-810x1080.jpg; https://mybunchofkeys.com/wp-content/uploads/2025/07/Seaview-1223x1080.jpg,2026-08-03T00:41:09+00:00,,House,For Sale,"Rabita Avenue, Mayaro

About the Region
Mayaro Mayaro is a town on the island of Trinidad in Trinidad and Tobago. Known as a fishing village, many vendors travel from all over to purchase the catch. Mayaro has developed into a well-known residential area where schools, health centres, police stations are all accessible. Most small business owners are residence and they thrive from many persons who are just passing through to enjoy the beaches available for bathing, relaxing etc. There are resorts that has significantly developed and many Trinidadians as well as tourists book these rooms especially around the Carnival and Easter season. Mayaro has a market, bus terminal, ATM’s Banking services, police and fire stations and many bars. Mayaro is also associated with the oil production - most of Trinidad's oil and natural gas production comes from offshore oil fields to the east of Mayaro. The major producer is BP Trinidad & Tobago (bpTT), together with BHP.",Unfurnished; Electricity; Patio; Covered Garage; Parking on Compound; Freehold Land; Fully Fenced; Water Tank,2026-08-06T23:38:02.991736+00:00
https://mybunchofkeys.com/property/5-bedroom-house-elizabeth-gardens/,5 Bedroom House - Elizabeth Gardens - My Bunch of Keys,"$3,200,000",BOK-1066596,Maracas Valley St. Joseph,5,3,7500sq.ft.,5,Vesta Properties,,(868) 781-4784,https://mybunchofkeys.com/wp-content/uploads/2020/03/vesta-properties-logo-320x320.jpg,https://mybunchofkeys.com/wp-content/uploads/2026/08/Main-pic.jpg,https://mybunchofkeys.com/wp-content/uploads/2026/08/Corner-view.jpg; https://mybunchofkeys.com/wp-content/uploads/2026/08/Side-house.jpg; https://mybunchofkeys.com/wp-content/uploads/2026/08/Main-pic.jpg; https://mybunchofkeys.com/wp-content/uploads/2026/08/Living.jpg; https://mybunchofkeys.com/wp-content/uploads/2026/08/Living-room-1.jpg; https://mybunchofkeys.com/wp-content/uploads/2026/08/dining-living.jpg; https://mybunchofkeys.com/wp-content/uploads/2026/08/Kitchen.jpg; https://mybunchofkeys.com/wp-content/uploads/2026/08/Kitchen-1-1.jpg; https://mybunchofkeys.com/wp-content/uploads/2026/08/Dining.jpg; https://mybunchofkeys.com/wp-content/uploads/2026/08/Landing-area-1.jpg; https://mybunchofkeys.com/wp-content/uploads/2026/08/Landing-area.jpg,2026-08-02T17:38:12+00:00,,House,For Sale,"ELIZABETH GARDENS – Positioned on a 7,500 sq. ft. corner lot, is this inviting five (5) bedroom, three & a half (3.5) bathroom, family home, which offers the perfect blend of comfort, space, and outdoor living. Surrounded by lush landscaping, the property features generous living areas, a functional layout, and ample room for a growing family. Upon entering, you’re welcomed by a gracious foyer that leads into a well-appointed kitchen with a central island, seamlessly flowing into the generous living and dining area. The ground floor also features a laundry room and a convenient powder room. Upstairs, you’ll find all five (5) bedrooms (2 en-suite), along with a spacious family room that opens on to a large deck, providing the perfect space to relax, entertain, or take in the peaceful surroundings. The backyard is adorned with mature fruit trees, creating your own private garden retreat with plenty of space for outdoor enjoyment. Additional highlights include both covered and uncovered parking for five (5) vehicles, via a remote-controlled gate, and excellent curb appeal, all in a desirable corner location with easy access to nearby amenities. Whether you’re searching for your forever home or a property with room to grow, this charming residence offers exceptional value and endless possibilities. Listed at $3.2M.TTD. For viewings or further information, please call 781-4784.

About the Region
Maracas Valley Maracas Valley is a valley located in North-East Trinidad. It is separated by two mountains between Maracas–Saint Joseph and Maracas Beach. The valley is home to the nation's tallest waterfall, Maracas Falls, which towers over the valley with a height of 91.5 meters (300 ft) and is the source of the Maracas River. This river provides water for the surrounding communities. Maracas Valley is also the location of the main campus for the University of the Southern Caribbean. Trinidad's second highest mountain peak, El Tucuche, towers over the lush valley and bounds it to the north. Due to this geographic location, the valley is usually cool",Air Conditioning; Kitchen Island; Powder Room; Patio; Covered Garage; Parking on Compound; Remote Gate; Freehold Land; T&C Approved; Fully Fenced; Pet Friendly; Kid Friendly; Laundry Area/Facility; Walk-in Closets; Water Tank; Water Pump; Water Heater,2026-08-06T23:20:17.857178+00:00
https://mybunchofkeys.com/property/cherry-gardens/,Cherry gardens - My Bunch of Keys,"$1,700,000",BOK-1066563,Arima,3,2,1900sq.ft.,2,Jamiyla Narinesingh,Next Step Realty,(868) 797-1968,https://mybunchofkeys.com/wp-content/uploads/2019/07/Jamiyla-Narinesingh-320x320.jpg,https://mybunchofkeys.com/wp-content/uploads/2026/08/Diego-martin-1.png,https://mybunchofkeys.com/wp-content/uploads/2026/08/Diego-martin-1.png; https://mybunchofkeys.com/wp-content/uploads/2026/08/25063de8-0843-40f9-aff0-7b1427d06a73-810x1080.jpeg; https://mybunchofkeys.com/wp-content/uploads/2026/08/7f03a507-f8c9-4536-9666-4ff19e0d9673-810x1080.jpeg; https://mybunchofkeys.com/wp-content/uploads/2026/08/5b5743d4-df7a-48bd-ac5f-5f445ce51b8b-810x1080.jpeg; https://mybunchofkeys.com/wp-content/uploads/2026/08/c92f4c9d-82ab-4a32-baa9-5c15838a1c56-810x1080.jpeg; https://mybunchofkeys.com/wp-content/uploads/2026/08/ff3362bf-07a2-4b5c-8831-cfbab182b61c-810x1080.jpeg; https://mybunchofkeys.com/wp-content/uploads/2026/08/452e8c03-5f15-4ef3-b949-40e13cf825fb-810x1080.jpeg; https://mybunchofkeys.com/wp-content/uploads/2026/08/2ab37785-63c4-43fb-b034-bbf99c532fb3-810x1080.jpeg; https://mybunchofkeys.com/wp-content/uploads/2026/08/5384eed0-306e-4cc3-bfc2-1b7752e453be-810x1080.jpeg; https://mybunchofkeys.com/wp-content/uploads/2026/08/6e926f17-0237-412a-8a42-a28f869c3cc0-810x1080.jpeg; https://mybunchofkeys.com/wp-content/uploads/2026/08/34e7462e-2508-4184-bd19-944a93b3ee53-810x1080.jpeg; https://mybunchofkeys.com/wp-content/uploads/2026/08/08fa22bb-3201-4df7-a775-5a6bdadb8085-810x1080.jpeg,2026-08-02T16:29:26+00:00,,House,For Sale,"CHERRY GARDENS ESTATE,ARIMA Asking: $1.7M TTD Tucked away in a gated Arima community, this 3-bedroom, 2-bathroom home offers the kind of space and security today’s buyers are looking for — 1,900 sqft of living space on a 5,000+ sqft lot. ✔️ 3 Bedrooms, 2 Bathrooms ✔️ Fully air-conditioned ✔️ Quartz countertops throughout ✔️ CCTV camera system ✔️ Gated community for peace of mind ✔️ Water tank, pump & heater installed ✔️ Covered garage parking ✔️ HOA: $300 TTD/month 💰 Ask us about special mortgage interest rates currently available — we can connect you with lending partners offering preferential terms for qualified buyers, making a move like this more affordable than you think. Ready to see it in person? Let’s talk. 📞 797-1968 to book a private viewing.

About the Region
Arima Arima, officially The Royal Chartered Borough of Arima is the easternmost and second largest area of the three boroughs of Trinidad and Tobago. This town is well known for its shopping areas located in the inner most portion of the town. It serves as a main trading hub for environs which makes the town considerably busy. Many persons visit Arima to relax and enjoy the wide array of local bars and street food offered such as burgers, doubles, gyros etc. Home to the famous drag malls, persons can visit Arima to purchase items of Rastafarian heritage. Arima, has primary and secondary schools, hospitals, police and fire services readily available. It attracts persons from all over as it hosts exciting borough day & Jouvert celebrations Fun fact, Arima is home to the indigenous people known as the “Caribs”. They are mainly found in the area of Arima called Calvary Hill which attracts many tourists as the Caribs were a well-known tribe in their time.",Unfurnished; Move in Ready; Gated Community; Air Conditioning; Freehold Land; Built-in Closets; Water Tank; Water Pump; Water Heater,2026-08-06T23:22:42.055865+00:00
https://mybunchofkeys.com/property/house-for-rent-cassia-drive-ext-petit-valleytt/,"House For Sale - Cassia Drive Ext, Petit Valley - TTD$3.2M - My Bunch of Keys","$3,200,000",BOK-646724,Alyce Glen Diego Martin Petit Valley,3,2.5,18600sq.ft.,2,Veridian Realty,,(868) 476-4235,https://mybunchofkeys.com/wp-content/uploads/2021/09/veridian-logo-320x320.png,https://mybunchofkeys.com/wp-content/uploads/2023/09/DJI_0045.jpg,https://mybunchofkeys.com/wp-content/uploads/2023/09/DJI_0045.jpg; https://mybunchofkeys.com/wp-content/uploads/2025/11/DSC05821.jpg; https://mybunchofkeys.com/wp-content/uploads/2025/11/DSC05827.jpg; https://mybunchofkeys.com/wp-content/uploads/2025/11/DSC05838.jpg; https://mybunchofkeys.com/wp-content/uploads/2025/11/DSC05835.jpg; https://mybunchofkeys.com/wp-content/uploads/2025/11/DSC05857.jpg; https://mybunchofkeys.com/wp-content/uploads/2025/11/DSC05862.jpg; https://mybunchofkeys.com/wp-content/uploads/2025/11/DSC05856.jpg; https://mybunchofkeys.com/wp-content/uploads/2025/11/DSC05840.jpg; https://mybunchofkeys.com/wp-content/uploads/2025/11/DSC05842.jpg; https://mybunchofkeys.com/wp-content/uploads/2025/11/DSC05845.jpg; https://mybunchofkeys.com/wp-content/uploads/2025/11/DSC05865.jpg; https://mybunchofkeys.com/wp-content/uploads/2025/11/DSC05869.jpg; https://mybunchofkeys.com/wp-content/uploads/2023/09/DJI_0037.jpg,2026-08-01T16:20:41+00:00,,House,For Sale,"House For Sale – Cassia Drive Ext, Petit Valley – TTD$3.2M Spacious and well-designed family home comprising approximately 4,000sf of living space, featuring 3 bedrooms, 2.5 bathrooms, a study, TV room, and staff quarters. The home takes full advantage of its beautiful valley views, which can be enjoyed from the upper patio and living areas. Situated on 18,600sf of freehold land, the property offers covered parking, ample storage, and is located in a quiet residential neighbourhood with easy access to the highway and nearby amenities — ideal for comfortable family living. Please contact us for more information:

About the Region
Alyce Glen Alyce Glen is located along Morne Coco Road Petit Valley, Trinidad & Tobago. At this residential area you can find Massy Stores, Maple Leaf, Villas at the Glen, an ATM and much more. Alyce Glen is in close proximity to the Valley Medical Centre, pharmacies and the Diego Martin Highway.",Unfurnished; Air Conditioning; Powder Room; Patio; Covered Garage; Parking on Compound; Freehold Land; Fully Fenced; Pet Friendly; Kid Friendly; Laundry Area/Facility; Maid Quarters; Built-in Closets; Water Tank; Water Pump; Water Heater,2026-08-06T23:30:21.438763+00:00
https://mybunchofkeys.com/property/marys-hill-tobago-house/,Mary’s hill Tobago house- Cash only Negotiable - My Bunch of Keys,"$800,000",BOK-985451,Mary's Hill,2,1,657sq.ft.,2,Kristen Savary,11.11 Realty,(868) 709-6922,https://mybunchofkeys.com/wp-content/uploads/2025/09/2b5816bb-0a44-4e6e-a35d-247b79c306a5-320x320.jpeg,https://mybunchofkeys.com/wp-content/uploads/2026/05/6a875d7e-1e95-44db-92d8-2b1010a246cf.jpeg,https://mybunchofkeys.com/wp-content/uploads/2026/05/6a875d7e-1e95-44db-92d8-2b1010a246cf.jpeg; https://mybunchofkeys.com/wp-content/uploads/2026/01/IMG_5188-810x1080.jpeg; https://mybunchofkeys.com/wp-content/uploads/2026/01/IMG_5184-810x1080.jpeg; https://mybunchofkeys.com/wp-content/uploads/2026/01/IMG_5179-810x1080.jpeg; https://mybunchofkeys.com/wp-content/uploads/2026/05/6a875d7e-1e95-44db-92d8-2b1010a246cf-1440x1080.jpeg; https://mybunchofkeys.com/wp-content/uploads/2026/05/77909410-53f0-46f3-957d-5f77237cdf3f-810x1080.jpeg; https://mybunchofkeys.com/wp-content/uploads/2026/05/6383c88b-c91a-40e6-b7b8-eebdd3e1a25e-810x1080.jpeg; https://mybunchofkeys.com/wp-content/uploads/2026/05/ae3b401f-8434-4858-ab24-001b38057086.jpeg; https://mybunchofkeys.com/wp-content/uploads/2026/05/250fc3ad-2787-44bc-8797-6516db020a7c.jpeg; https://mybunchofkeys.com/wp-content/uploads/2026/05/e7132af6-4602-4962-9adb-0ec65ac06d0e.jpeg; https://mybunchofkeys.com/wp-content/uploads/2026/05/b763e0dd-b22b-4f3d-bbc2-9aa73a27a2ff.jpeg; https://mybunchofkeys.com/wp-content/uploads/2026/05/625cf629-a2c2-433b-a33d-56b43302197a.jpeg; https://mybunchofkeys.com/wp-content/uploads/2026/05/625cf629-a2c2-433b-a33d-56b43302197a-1.jpeg; https://mybunchofkeys.com/wp-content/uploads/2026/05/e178e2de-2d34-47c1-affc-7e3eaabd5ebe.jpeg; https://mybunchofkeys.com/wp-content/uploads/2026/05/cc0b82cb-1c8c-46ff-9701-99fb54062a0b-720x1080.jpeg; https://mybunchofkeys.com/wp-content/uploads/2026/05/991bad1c-1549-4033-add0-d9bab218baa6.jpeg; https://mybunchofkeys.com/wp-content/uploads/2026/05/3f7ffd82-a6cc-439b-a973-2a7d2573182c-720x1080.jpeg; https://mybunchofkeys.com/wp-content/uploads/2026/05/e6b0f140-d09a-4c7e-b830-fe6aa675f8eb-720x1080.jpeg; https://mybunchofkeys.com/wp-content/uploads/2026/05/a2179361-e94f-4303-9e6f-db0f245d020d.jpeg; https://mybunchofkeys.com/wp-content/uploads/2026/05/361e9df7-5630-4fe6-b35c-589afe1b91b4.jpeg; https://mybunchofkeys.com/wp-content/uploads/2026/05/e9581b7e-be57-4c75-b15b-ee17d9e08544.jpeg; https://mybunchofkeys.com/wp-content/uploads/2026/05/3c6b0fd1-b67d-490e-affc-afcd701680d9.jpeg; https://mybunchofkeys.com/wp-content/uploads/2026/05/fd773da0-8325-485b-9594-1b5946f11bce.jpeg; https://mybunchofkeys.com/wp-content/uploads/2026/05/bdb227a9-b829-4759-a352-c50f34dfb394.jpeg,2026-08-01T15:10:17+00:00,,House,For Sale,"Mary’s hill Tobago Stand-alone house 2 bed 1 bath Modern finishings Yard with parking for 2 vehicles 1000sqft house Residential quiet neighborhood Asking $800,000- cash only

About the Region
Mary's Hill Mary’s Hill lodge is located in Arnos Vale Tobago. It is a perfect getaway spot from the noisy everyday hustle. The lodge is well kept, lots of amazing wildlife on the outside and a lovely homey feel. It is secluded and perfect for a peaceful private getaway",Fully Furnished; Electricity; Air Conditioning; Kitchen Appliances; Parking on Compound; Fully Fenced,2026-08-06T23:35:12.912846+00:00
https://mybunchofkeys.com/property/house-for-sale-atlantic-shores-mayaro-2-8mtt/,"House For Sale - Atlantic Shores, Mayaro - $2.5MTT - My Bunch of Keys","$2,500,000",BOK-576107,Mayaro,4,2,6200sq.ft.,2,Veridian Realty,,(868) 476-4235,https://mybunchofkeys.com/wp-content/uploads/2021/09/veridian-logo-320x320.png,https://mybunchofkeys.com/wp-content/uploads/2023/04/DSC09870-1.jpg,https://mybunchofkeys.com/wp-content/uploads/2023/04/DSC09881.jpg; https://mybunchofkeys.com/wp-content/uploads/2023/04/DSC09870-1.jpg; https://mybunchofkeys.com/wp-content/uploads/2023/04/DSC09852.jpg; https://mybunchofkeys.com/wp-content/uploads/2023/04/DSC09853.jpg; https://mybunchofkeys.com/wp-content/uploads/2023/04/DSC09847.jpg; https://mybunchofkeys.com/wp-content/uploads/2023/04/DSC09859.jpg; https://mybunchofkeys.com/wp-content/uploads/2023/04/DSC09861.jpg; https://mybunchofkeys.com/wp-content/uploads/2023/04/DSC09863.jpg; https://mybunchofkeys.com/wp-content/uploads/2023/04/DSC09885.jpg; https://mybunchofkeys.com/wp-content/uploads/2023/04/DSC09891.jpg; https://mybunchofkeys.com/wp-content/uploads/2023/04/DSC09877.jpg; https://mybunchofkeys.com/wp-content/uploads/2023/04/DJI_0509.jpg,2026-08-01T15:09:19+00:00,,House,For Sale,"House For Sale – Atlantic Shores, Mayaro – $2.5MTT Fully air-conditioned and recently renovated 4 bedroom, 2 bathroom, two storey house being sold fully furnished. This property c an be separated into two units with 2 bedrooms, 1 bathroom, and a kitchenette on the upper floor with external and internal access. The ground floor has 2 bedrooms and 1 bathroom. The property includes a swimming pool and gazebo on 6,200sf freehold land Please contact us for more information:

About the Region
Mayaro Mayaro is a town on the island of Trinidad in Trinidad and Tobago. Known as a fishing village, many vendors travel from all over to purchase the catch. Mayaro has developed into a well-known residential area where schools, health centres, police stations are all accessible. Most small business owners are residence and they thrive from many persons who are just passing through to enjoy the beaches available for bathing, relaxing etc. There are resorts that has significantly developed and many Trinidadians as well as tourists book these rooms especially around the Carnival and Easter season. Mayaro has a market, bus terminal, ATM’s Banking services, police and fire stations and many bars. Mayaro is also associated with the oil production - most of Trinidad's oil and natural gas production comes from offshore oil fields to the east of Mayaro. The major producer is BP Trinidad & Tobago (bpTT), together with BHP.",Fully Furnished; Move in Ready; Recently Renovated; Private Pool; Air Conditioning; Kitchen Appliances; Parking on Compound; Freehold Land; Fully Fenced; Pet Friendly; Kid Friendly; Laundry Area/Facility; Built-in Closets; Water Tank,2026-08-06T23:30:43.308832+00:00
https://mybunchofkeys.com/property/maraval-investment-property/,Maraval investment property - My Bunch of Keys,"$2,190,000",BOK-995863,Maraval,2,1,10901sq.ft.,,Kristen Savary,11.11 Realty,(868) 709-6922,https://mybunchofkeys.com/wp-content/uploads/2025/09/2b5816bb-0a44-4e6e-a35d-247b79c306a5-320x320.jpeg,https://mybunchofkeys.com/wp-content/uploads/2026/02/85831dd1-fbf7-4fd0-8d0a-4f0e6e361905.jpeg,https://mybunchofkeys.com/wp-content/uploads/2026/02/85831dd1-fbf7-4fd0-8d0a-4f0e6e361905.jpeg; https://mybunchofkeys.com/wp-content/uploads/2026/02/38fb203d-0705-4f04-ba50-a6c88f6c4bd1-1440x1080.jpeg; https://mybunchofkeys.com/wp-content/uploads/2026/02/bf7eaa30-d8ca-4275-9b90-852473ba5b3e.jpeg; https://mybunchofkeys.com/wp-content/uploads/2026/02/f6ee08f6-f6ca-49ee-a2e9-b9cea7eae678.jpeg; https://mybunchofkeys.com/wp-content/uploads/2026/02/7a027c96-2bac-431c-bb56-0529e68d9fd0.jpeg; https://mybunchofkeys.com/wp-content/uploads/2026/02/af1ac333-eedc-41f6-8a9d-721802b72177.jpeg; https://mybunchofkeys.com/wp-content/uploads/2026/02/a469f007-fe0e-4bb0-a498-ca9efe862523-604x1080.jpeg; https://mybunchofkeys.com/wp-content/uploads/2026/02/77653f90-635f-40b5-a32d-b1667ca0bad2.jpeg; https://mybunchofkeys.com/wp-content/uploads/2026/02/77ad156c-8704-4d3f-9f60-f671fa152ab0.jpeg; https://mybunchofkeys.com/wp-content/uploads/2026/02/69b315fc-265d-4b73-b421-6dd6bbf3655e.jpeg; https://mybunchofkeys.com/wp-content/uploads/2026/02/dee61603-ad84-42ff-917d-b6c1c67b707e.jpeg; https://mybunchofkeys.com/wp-content/uploads/2026/02/28bfaad3-cc58-4550-bab1-3fb27a9e697a-722x1080.jpeg; https://mybunchofkeys.com/wp-content/uploads/2026/02/f7752050-f4d4-440e-ac6a-73da95a48bc8-1062x1080.jpeg; https://mybunchofkeys.com/wp-content/uploads/2026/02/756b5ede-90d8-4010-a19a-63a1c6c3db96-984x1080.jpeg; https://mybunchofkeys.com/wp-content/uploads/2026/02/49914aa8-31c9-49b3-8079-59d9009b1716.jpeg; https://mybunchofkeys.com/wp-content/uploads/2026/02/3625e6d1-867b-40c3-ac5e-0342378cc022.jpeg; https://mybunchofkeys.com/wp-content/uploads/2026/02/620fc51a-24e8-4e50-a191-89d748b1f752.jpeg; https://mybunchofkeys.com/wp-content/uploads/2026/02/e34a9c8b-2d3e-4903-bff6-a98dc4fd0d17.jpeg; https://mybunchofkeys.com/wp-content/uploads/2026/02/502b0288-e2eb-43ed-846e-0ba4295a8efd.jpeg; https://mybunchofkeys.com/wp-content/uploads/2026/02/4c0c0466-31f9-4ec8-9f73-69a2a8aabafb-1198x1080.jpeg; https://mybunchofkeys.com/wp-content/uploads/2026/02/a55c3d95-e390-4477-ae1a-35bd4b7f7c2a-881x1080.jpeg; https://mybunchofkeys.com/wp-content/uploads/2026/02/4c713981-fd55-49ed-bff2-9dd168e7631b-799x1080.jpeg; https://mybunchofkeys.com/wp-content/uploads/2026/02/bb90ac1d-6ee8-4797-8059-30bf80cb4d7d.jpeg; https://mybunchofkeys.com/wp-content/uploads/2026/02/eda4e8f2-0307-4a4a-9414-e086ae433742-1092x1080.jpeg,2026-08-01T15:08:22+00:00,,House,For Sale,"La Seiva Terrace, Maraval Investment Property 2 stand alone units Each 2 bed 1 bath Land 10,901sqft Asking $2.19M negotiable

About the Region
Maraval Maraval is one of the northern suburbs of Trinidad's capital, Port of Spain, a valley in northern Trinidad in Trinidad and Tobago. It is situated at the bottom of the hills of Paramin and located east of the Diego Martin valley to which it is connected directly by Morne Coco Road, and west of Santa Cruz valley, to which it is connected by Saddle Road. Maraval is considered one of the major high-income residential areas in the country in combination with the Westmoorings, Goodwood Park and Glencoe area, it is home of much of the island's elite, including a number of diplomats. Maraval is sometimes referred to as ""Diego Martin East"". It is home to Trinity College secondary school, St. Andrew's Golf Course and Club in Moka, which is considered to be one of the finest golf courses in the Caribbean that was established in 1891 making it one of the oldest in the world. It arguably provides the best route of access from the capital to the North Coast. Along with Santa Cruz, Maraval is located close to the best beaches on the island, allowing its residents quick access to both leisure activities, as well as downtown business and entertainment. Maraval has branches of the major locally-operating banks, supermarkets, pharmacies, boutiuqes, clothing outlets, catholic schools, churches and parish groups.",T&C Approved; Fully Fenced; Built-in Closets,2026-08-06T23:34:59.858893+00:00
https://mybunchofkeys.com/property/house-for-sale-4/,"House For Sale/Rent - off Gran Couva Main Road, Gran Couva - TTD$3.7M / TTD$8K - My Bunch of Keys","$3,700,000",BOK-986722,Gran Couva,3,3,2860sq.ft.,4,Veridian Realty,,(868) 476-4235,https://mybunchofkeys.com/wp-content/uploads/2021/09/veridian-logo-320x320.png,https://mybunchofkeys.com/wp-content/uploads/2026/01/DJI_20260120103348_0710_D.jpg,https://mybunchofkeys.com/wp-content/uploads/2026/01/DJI_20260120103447_0719_D.jpg; https://mybunchofkeys.com/wp-content/uploads/2026/01/DJI_20260120103348_0710_D.jpg; https://mybunchofkeys.com/wp-content/uploads/2026/01/DSC07207.jpg; https://mybunchofkeys.com/wp-content/uploads/2026/01/DSC07203.jpg; https://mybunchofkeys.com/wp-content/uploads/2026/01/DSC07215.jpg; https://mybunchofkeys.com/wp-content/uploads/2026/01/DSC07239.jpg; https://mybunchofkeys.com/wp-content/uploads/2026/01/DSC07195.jpg; https://mybunchofkeys.com/wp-content/uploads/2026/01/DSC07237.jpg; https://mybunchofkeys.com/wp-content/uploads/2026/01/DSC07216.jpg; https://mybunchofkeys.com/wp-content/uploads/2026/01/DSC07221.jpg; https://mybunchofkeys.com/wp-content/uploads/2026/01/DSC07228.jpg; https://mybunchofkeys.com/wp-content/uploads/2026/01/DSC07218.jpg; https://mybunchofkeys.com/wp-content/uploads/2026/01/DSC07202.jpg; https://mybunchofkeys.com/wp-content/uploads/2026/01/DJI_20260120103512_0722_D.jpg,2026-08-01T09:30:08+00:00,,House,For Sale,"House For Sale/Rent – off Gran Couva Main Road, Gran Couva – TTD$3.7M / TTD$8K A Greenheart wooden estate home set on 5 acres of freehold land, this 2,860sf residence offers 3 bedrooms and 3 bathrooms, including a primary suite with jacuzzi, along with an open-plan kitchen, living, and dining area and a dedicated laundry room. The home enjoys lovely scenic views from a wraparound ground-floor porch and an upstairs verandah, providing ideal spaces for relaxation and entertaining. With ample parking for multiple vehicles and a variety of tropical fruit trees throughout the property, this estate combines privacy, natural beauty, and timeless character in a serene setting Please contact us for more information:

About the Region
Gran Couva Gran Couva is located in Central Trinidad and Tobago. Gran Couva Main Road begins from Couva Main Road and continues up to Caparo Valley Brasso Road. There are many residential areas along the way as well as small business ventures, mostly food, bars, mini marts and other small business entities. The villagers there are known to be very quiet and traditional.",Unfurnished; Jacuzzi; Patio; Parking on Compound; Freehold Land; Pet Friendly; Kid Friendly; Laundry Area/Facility; Built-in Closets; Water Tank,2026-08-06T23:30:32.991873+00:00
https://mybunchofkeys.com/property/cascade-home-for-sale-4/,"Cascade, Pomme Rose Avenue, Home For Sale - My Bunch of Keys","$6,000,000",BOK-413713,"Cascade , Cascade Port of Spain",5,6,13000sq.ft.,9,NR Jones Realty Ltd.,,(868) 689 9312,https://mybunchofkeys.com/wp-content/uploads/2023/07/NR-Jones-Realty-Logo-Expanded-320x320.jpg,https://mybunchofkeys.com/wp-content/uploads/2022/02/062F0E80-046A-4A18-A6CE-2B7DB8448934.jpeg,https://mybunchofkeys.com/wp-content/uploads/2022/02/09D68BB4-80B6-4FC9-B23C-37500F00E03E.jpeg; https://mybunchofkeys.com/wp-content/uploads/2022/02/4104E290-1AB7-473B-9A13-E088C8340F9E.jpeg; https://mybunchofkeys.com/wp-content/uploads/2022/02/799FDC95-F901-46D7-B5BD-B8312698B6F3.jpeg; https://mybunchofkeys.com/wp-content/uploads/2022/02/9C4B10D8-C2D7-4275-96AB-95E00A7EB2F5.jpeg; https://mybunchofkeys.com/wp-content/uploads/2022/02/062F0E80-046A-4A18-A6CE-2B7DB8448934.jpeg; https://mybunchofkeys.com/wp-content/uploads/2022/02/AD7B636D-A01A-4B04-97ED-0C5B5D3D1741.jpeg; https://mybunchofkeys.com/wp-content/uploads/2022/02/485676A4-ECA4-4240-A224-6F09E7413DD9.jpeg; https://mybunchofkeys.com/wp-content/uploads/2022/02/3A1E96A0-1BD8-4CFD-B379-F54ED4F88970.jpeg; https://mybunchofkeys.com/wp-content/uploads/2022/02/EE2B9C76-2848-49F0-AE90-7D86935ED2CA.jpeg; https://mybunchofkeys.com/wp-content/uploads/2022/02/8D427342-908D-4748-AB72-17174E55B1D5.jpeg; https://mybunchofkeys.com/wp-content/uploads/2022/02/D4AFEFD8-DF0C-4E7E-A51F-19821EF71418.jpeg; https://mybunchofkeys.com/wp-content/uploads/2022/02/EC65F0E3-1DAE-462E-BEF6-2FFDC6DE6F16.jpeg; https://mybunchofkeys.com/wp-content/uploads/2022/02/370C0F37-158A-493B-B89E-56F6ECBAD9BD.jpeg; https://mybunchofkeys.com/wp-content/uploads/2022/02/C8641E8D-D2D8-44E7-ACA5-B7F8217267DE.jpeg; https://mybunchofkeys.com/wp-content/uploads/2022/02/30F64650-C261-41C8-B487-0BBE416DB0F0.jpeg; https://mybunchofkeys.com/wp-content/uploads/2022/02/4B114A18-B858-4E6E-B448-60BCEE767399.jpeg; https://mybunchofkeys.com/wp-content/uploads/2022/02/1093C609-2AB4-41BD-8E6B-BA08C82C0BB1.jpeg; https://mybunchofkeys.com/wp-content/uploads/2022/02/20C5508F-233A-493F-9052-2C4FB7E1DB51.jpeg; https://mybunchofkeys.com/wp-content/uploads/2022/02/BCCC498E-3D9F-48E8-AAE9-B5846907B06F.jpeg; https://mybunchofkeys.com/wp-content/uploads/2022/02/E4AA9A98-4082-4335-AFA8-AAA3E75DEFCA.jpeg; https://mybunchofkeys.com/wp-content/uploads/2022/02/04EA974B-28A8-42BA-B880-BEF267C825CC.jpeg; https://mybunchofkeys.com/wp-content/uploads/2022/02/DC1B813E-71AC-4824-8CBE-ED556FCBD98F.jpeg; https://mybunchofkeys.com/wp-content/uploads/2022/02/AA3828AD-8CFC-4168-A8A8-CBA2E77F2B04.jpeg; https://mybunchofkeys.com/wp-content/uploads/2022/02/FA3E17C8-78DB-441C-94B5-8FBF68AE499A.jpeg; https://mybunchofkeys.com/wp-content/uploads/2022/02/B7A2F133-0F90-4FA4-A581-DB744A887169.jpeg; https://mybunchofkeys.com/wp-content/uploads/2022/02/E8856555-E135-40E7-A7EB-9A20A648DCB7.jpeg; https://mybunchofkeys.com/wp-content/uploads/2022/02/ADCF8612-3EB8-4542-8DAE-F721697EDF25.jpeg; https://mybunchofkeys.com/wp-content/uploads/2022/02/43710DD8-CE29-418C-AE5E-C3A8284E7DA5.jpeg; https://mybunchofkeys.com/wp-content/uploads/2022/02/CEDEA9D8-A9F2-477F-8D29-75270B41853E.jpeg; https://mybunchofkeys.com/wp-content/uploads/2022/02/BDB2808B-0C2D-4C94-B8D7-6B9B80FC6A17.jpeg; https://mybunchofkeys.com/wp-content/uploads/2022/02/92235119-3134-4A10-8C15-096076A9E9F6.jpeg; https://mybunchofkeys.com/wp-content/uploads/2022/02/29762AE7-EB2A-43F8-BDD8-5989FF072F5D.jpeg; https://mybunchofkeys.com/wp-content/uploads/2022/02/EA99F01E-305E-428F-8411-4C27D8C79429.jpeg; https://mybunchofkeys.com/wp-content/uploads/2022/02/F4B1C836-C9D0-47B4-BE76-AFCD8E391B9A.jpeg; https://mybunchofkeys.com/wp-content/uploads/2022/02/C56F1630-ECEE-4B31-A69D-42288BE34C2B.jpeg; https://mybunchofkeys.com/wp-content/uploads/2022/02/45ACF38F-735E-4523-9348-D22BB777921D.jpeg; https://mybunchofkeys.com/wp-content/uploads/2022/02/A38765D9-38E5-4283-BCB2-27C10B22363F.jpeg; https://mybunchofkeys.com/wp-content/uploads/2022/02/E0A6928C-2F50-4537-AA50-CEF4E647E622.jpeg; https://mybunchofkeys.com/wp-content/uploads/2022/02/4671E9BB-F34F-4411-B973-9B656B5BBC4B.jpeg; https://mybunchofkeys.com/wp-content/uploads/2022/02/FDE8CD3B-1373-4137-82DF-86C738F60155.jpeg; https://mybunchofkeys.com/wp-content/uploads/2022/02/A3AE127F-FA27-4A77-B91D-8A731D32B821.jpeg; https://mybunchofkeys.com/wp-content/uploads/2022/02/A00B4DF5-8D9B-4416-8843-91CE435BACD5.jpeg; https://mybunchofkeys.com/wp-content/uploads/2022/02/3F4AA6EF-64C7-4E53-AD68-34845E0B0F72.jpeg; https://mybunchofkeys.com/wp-content/uploads/2022/02/CB8BF61F-17DD-4B34-9EF3-C64D622CFB04.jpeg,2026-08-01T04:00:00+00:00,,House,For Sale,"Located in Cascade, this three-story dwelling is surrounded by full grown trees and has a lovely view of Port-of-Spain and down the Cascade Valley towards the ocean. Ensconced in the mountain, the Home’s elevation provides a wonderful airy and spacious feel throughout. A lovely pool and garden area is perfect for entertaining and enjoying the natural ambience and views. There is a well designed driveway which can comfortably park at least 8 cars. There are 5 bedrooms, 3 of which are en-suite, 6 full bathrooms and 1 half bathroom. There is also a self contained housekeeper’s quarters, laundry and large terrace. Land Area – 13,000sq ft House Area – 4,000sq ft

About the Region
Cascade Cascade is located on the North Western region of Trinidad and is known as part of St. Ann’s. Cascade has the well-known Cascadia Hotel and Conference Centre. Club Coconuts located in Casacde was regularly visited by many for its, UWI nights, Friday and Saturday clubbing and Sunday’s Reagge nights. Mostly a residential area, it provides some necessities from groceries, food, guest houses etc. Gorgeous views are visual as this region is located on the hills. The residents are mostly traditional in specific parts of Cascade.",Semi Furnished; Move in Ready; Private Pool; Air Conditioning; Powder Room; Patio; Parking on Compound; Freehold Land; T&C Approved; Fully Fenced; Pet Friendly; Kid Friendly; Office Space; Laundry Area/Facility; Accessible; Built-in Closets; Walk-in Closets,2026-08-06T23:22:14.355312+00:00
https://mybunchofkeys.com/property/fairways-maraval-2/,"Fairways, Maraval Home for Sale - My Bunch of Keys","$10,500,000",BOK-16246,"Fairways, Maraval, Fairways Maraval",6,7,6000sq.ft.,4,NR Jones Realty Ltd.,,(868) 689 9312,https://mybunchofkeys.com/wp-content/uploads/2023/07/NR-Jones-Realty-Logo-Expanded-320x320.jpg,https://mybunchofkeys.com/wp-content/uploads/2022/07/8C2C9DCD-987B-4AEF-B16D-177E0A7BE507.jpeg,https://mybunchofkeys.com/wp-content/uploads/2022/07/8C2C9DCD-987B-4AEF-B16D-177E0A7BE507.jpeg; https://mybunchofkeys.com/wp-content/uploads/2018/07/image001-1.jpg; https://mybunchofkeys.com/wp-content/uploads/2021/10/IMG-5677-1440x1080.jpg; https://mybunchofkeys.com/wp-content/uploads/2021/10/IMG-5678-1440x1080.jpg; https://mybunchofkeys.com/wp-content/uploads/2021/10/IMG-5679-1440x1080.jpg; https://mybunchofkeys.com/wp-content/uploads/2021/10/IMG-5680-1440x1080.jpg; https://mybunchofkeys.com/wp-content/uploads/2021/10/IMG-5681-1440x1080.jpg; https://mybunchofkeys.com/wp-content/uploads/2021/10/IMG-5682-1440x1080.jpg; https://mybunchofkeys.com/wp-content/uploads/2021/10/IMG-5683-1440x1080.jpg; https://mybunchofkeys.com/wp-content/uploads/2021/10/IMG-5684-1440x1080.jpg; https://mybunchofkeys.com/wp-content/uploads/2021/10/IMG-5685-1440x1080.jpg; https://mybunchofkeys.com/wp-content/uploads/2021/10/IMG-5686-1440x1080.jpg; https://mybunchofkeys.com/wp-content/uploads/2021/10/IMG-5687-1440x1080.jpg; https://mybunchofkeys.com/wp-content/uploads/2021/10/IMG-5688-1440x1080.jpg; https://mybunchofkeys.com/wp-content/uploads/2021/10/IMG-5689-1440x1080.jpg; https://mybunchofkeys.com/wp-content/uploads/2021/10/IMG-5690-1440x1080.jpg; https://mybunchofkeys.com/wp-content/uploads/2021/10/IMG-5691-1440x1080.jpg; https://mybunchofkeys.com/wp-content/uploads/2021/10/IMG-5692-1440x1080.jpg; https://mybunchofkeys.com/wp-content/uploads/2021/10/IMG-5693-1440x1080.jpg; https://mybunchofkeys.com/wp-content/uploads/2021/10/IMG-5694-1440x1080.jpg; https://mybunchofkeys.com/wp-content/uploads/2021/10/IMG-5695-1440x1080.jpg; https://mybunchofkeys.com/wp-content/uploads/2021/10/IMG-5696-1440x1080.jpg; https://mybunchofkeys.com/wp-content/uploads/2021/10/IMG-5697-1440x1080.jpg; https://mybunchofkeys.com/wp-content/uploads/2021/10/IMG-5698-1440x1080.jpg; https://mybunchofkeys.com/wp-content/uploads/2021/10/IMG-5699-1440x1080.jpg; https://mybunchofkeys.com/wp-content/uploads/2021/10/IMG-5700-1440x1080.jpg; https://mybunchofkeys.com/wp-content/uploads/2021/10/IMG-5701-1440x1080.jpg,2026-08-01T04:00:00+00:00,,House,For Sale,"Well built and spacious home located in the very desirable neighbourhood of Fairways, Maraval. This house offers 6/7 bedrooms ; 7 bathrooms (including gardener’s bathroom); office; housekeeper’s quarters; kitchen; walk in pantry; living room; dining room; family room; swimming pool; large porch; laundry; 4 car garage; remote controlled gates; intercom; burglar alarm; 2 bars. Land size: 14605 sq ft Building size: approximately 6000 sq ft. Water Tanks: 3800 gallons Air Conditioning: 2 central units; 1 double split; 2 splits REDUCED for sale: $10.5M ono

About the Region
Fairways An upscale, residential area, known for its gated community, Fairways is a beautiful place to live. With strict security, access to the community is restricted to residents and their guests.",Gated Compound; Private Pool; Air Conditioning; Powder Room; Patio; Security Patrols; Security Alarms; Parking on Compound,2026-08-06T23:24:51.117679+00:00
https://mybunchofkeys.com/property/home-in-barataria-eastern-main-road-for-sale/,"Home in Barataria, Eastern Main Road For Sale - My Bunch of Keys","$4,300,000",BOK-1024885,Barataria,9,4,6750sq.ft.,8,NR Jones Realty Ltd.,,(868) 689 9312,https://mybunchofkeys.com/wp-content/uploads/2023/07/NR-Jones-Realty-Logo-Expanded-320x320.jpg,https://mybunchofkeys.com/wp-content/uploads/2026/04/0671b5ac-155a-4789-bdb2-94899c64316f.jpeg,https://mybunchofkeys.com/wp-content/uploads/2026/04/0671b5ac-155a-4789-bdb2-94899c64316f.jpeg; https://mybunchofkeys.com/wp-content/uploads/2026/04/f34ed165-6f47-4176-ace1-ff616d1dc961-1440x1080.jpeg; https://mybunchofkeys.com/wp-content/uploads/2026/04/b2719a63-b06c-449c-a1b3-93993cdc022f-1440x1080.jpeg; https://mybunchofkeys.com/wp-content/uploads/2026/04/8b08e8ae-a57c-46d4-9dd9-af3de1ea3054-1440x1080.jpeg; https://mybunchofkeys.com/wp-content/uploads/2026/04/93e0aff1-1854-4c59-a867-61d921fd8c16-1440x1080.jpeg; https://mybunchofkeys.com/wp-content/uploads/2026/04/f5048a8a-6cc1-477d-94f3-e2f2abb43963-1440x1080.jpeg; https://mybunchofkeys.com/wp-content/uploads/2026/04/0671b5ac-155a-4789-bdb2-94899c64316f-1440x1080.jpeg; https://mybunchofkeys.com/wp-content/uploads/2026/04/5701a244-dc4f-4976-888f-01f0f65204b5-1440x1080.jpeg; https://mybunchofkeys.com/wp-content/uploads/2026/04/6fbd9b21-dcf2-4fca-b22d-c13e5de3f85b-1440x1080.jpeg; https://mybunchofkeys.com/wp-content/uploads/2026/04/12e219f0-68ba-4360-b512-8b594292fe3c-1440x1080.jpeg; https://mybunchofkeys.com/wp-content/uploads/2026/04/d6f6c9c3-96b4-41e7-b540-fa014546dde6-1440x1080.jpeg; https://mybunchofkeys.com/wp-content/uploads/2026/04/65c73346-da6f-4e6e-a1c9-b8db6a75b993-1440x1080.jpeg; https://mybunchofkeys.com/wp-content/uploads/2026/04/c2e78a4b-bcbf-4a6a-8216-b73d21eea96a-1440x1080.jpeg; https://mybunchofkeys.com/wp-content/uploads/2026/04/379a50ea-64c9-42ca-b895-cc7ef59aca70-1440x1080.jpeg; https://mybunchofkeys.com/wp-content/uploads/2026/04/5976c969-ffa5-4b97-a74c-ddaf53a4b81e-1440x1080.jpeg; https://mybunchofkeys.com/wp-content/uploads/2026/04/8d2d3985-f602-4256-a9eb-f4279eee5e8b-1440x1080.jpeg; https://mybunchofkeys.com/wp-content/uploads/2026/04/68562b2b-a8a0-44b3-a7f6-5368abcf677a-1440x1080.jpeg; https://mybunchofkeys.com/wp-content/uploads/2026/04/eda38090-ac39-434a-be26-ff6054439401-1440x1080.jpeg; https://mybunchofkeys.com/wp-content/uploads/2026/04/c4f14ce5-76e3-4b7f-8529-eaf8711ce12f-1440x1080.jpeg; https://mybunchofkeys.com/wp-content/uploads/2026/04/35cb48e1-263f-4fad-ab5f-47eee0fb74d8-1440x1080.jpeg; https://mybunchofkeys.com/wp-content/uploads/2026/04/39eab9a2-0392-4ef0-b63f-825f9808d360-1440x1080.jpeg; https://mybunchofkeys.com/wp-content/uploads/2026/04/a87a84eb-d882-4935-bd2e-5838c657bc18-1440x1080.jpeg; https://mybunchofkeys.com/wp-content/uploads/2026/04/427d6bae-0b77-464d-85ae-bfdc3f0b4383-1440x1080.jpeg; https://mybunchofkeys.com/wp-content/uploads/2026/04/3e202d7a-674b-4a36-a6eb-48956212be0a-1440x1080.jpeg; https://mybunchofkeys.com/wp-content/uploads/2026/04/a7499bd4-bc97-4a91-94b7-bf9b63adedcd-1440x1080.jpeg; https://mybunchofkeys.com/wp-content/uploads/2026/04/c03a7fab-ff9c-46cc-b2dd-f302d9d27911-1440x1080.jpeg; https://mybunchofkeys.com/wp-content/uploads/2026/04/6acdc39b-35c3-4102-a69b-28ce994a2324-1440x1080.jpeg; https://mybunchofkeys.com/wp-content/uploads/2026/04/cb3281b4-7aff-4b29-b82f-e3de9eb3ad77-1440x1080.jpeg; https://mybunchofkeys.com/wp-content/uploads/2026/04/e4ce0910-da33-40e1-9ea9-c31040fa2eaa-1440x1080.jpeg; https://mybunchofkeys.com/wp-content/uploads/2026/04/2581e554-5bcb-4fc0-8086-66576e25a294.jpeg; https://mybunchofkeys.com/wp-content/uploads/2026/04/9f87ab59-ae59-40c4-bd59-fbc43a0d0662.jpeg; https://mybunchofkeys.com/wp-content/uploads/2026/04/1829afe3-87d5-48ca-8cb7-062e239fb503.jpeg; https://mybunchofkeys.com/wp-content/uploads/2026/04/0cb3ef36-f6a9-4f14-a7a7-8dc3709d0176-810x1080.jpeg; https://mybunchofkeys.com/wp-content/uploads/2026/04/85b54c40-69bb-4c7e-a366-bc292d459c24-810x1080.jpeg; https://mybunchofkeys.com/wp-content/uploads/2026/04/2af99e48-03d2-44d1-a388-8d34509a6462.jpeg; https://mybunchofkeys.com/wp-content/uploads/2026/04/c26942c7-1474-43bf-a391-364c1a59e3ac-810x1080.jpeg; https://mybunchofkeys.com/wp-content/uploads/2026/04/6052385e-2312-4771-8bc9-377f5c88106f-810x1080.jpeg; https://mybunchofkeys.com/wp-content/uploads/2026/04/6dd24146-898b-4ebb-825b-fda2825836ed-810x1080.jpeg; https://mybunchofkeys.com/wp-content/uploads/2026/04/ccd01c7e-8912-4c47-9983-aab7d0c9c160-810x1080.jpeg; https://mybunchofkeys.com/wp-content/uploads/2026/04/a2562ad6-94dd-457c-b673-2a0bbf48d11a-810x1080.jpeg; https://mybunchofkeys.com/wp-content/uploads/2026/04/42f7e1f2-ae95-401c-9e14-866ab12916b0-810x1080.jpeg; https://mybunchofkeys.com/wp-content/uploads/2026/04/dc42bddc-a000-4c5c-b22e-7dd9c58b21cd.jpeg; https://mybunchofkeys.com/wp-content/uploads/2026/04/433af800-3122-48f5-9902-617727a370cd.jpeg,2026-08-01T04:00:00+00:00,,House,For Sale,"Well located two storey home in Barataria for sale. With a land size of 5,174 sq ft. and a building area of 6,750 sq ft. Great income generating opportunity as the property is presently split into two self contained apartments which can also be reconstituted as one single home for future owners. There is a large front yard with parking for 6 vehicles as well as a side yard with parking for an additional two vehicles. The lower level of the property is privately accessed leading to 5 bedrooms and 2 full bathrooms. There are also two living rooms, a kitchen and a study. The Upper level of the property also has its own private entrance and there are two storage units located under the steps. This first floor also has a loft, four air conditioned bedrooms, two bathrooms, air conditioned living room kitchen, laundry are and a front and side porch.

About the Region
Barataria Barataria is well known as a residential area. Many businesses have begun settling amongst the residence as there has been an increase in economic growth. Banking, administration services, retail and wholesale trade or popular food outlets such as KFC, Subway are some examples of business types. Due to economic growth, many prior land owners have begun or completed developing their spaces into rental buildings. Barataria is home to the well-known soca artist, Cassie, who sang the catchy tune named “Town Ting”. There are recreational parks available for cricket, football & another physical activities. A hot spot is the Skating ring which offers roller skating, indoor basketball, cricket and football activities. The area is well protected by the Barataria police service & San Juan fire station. A Health facility is also available for medical assistance when required. It offers ease for commuting to any part of Trinidad as transport from the Bus route, Main Road or Taxi are readily available.",Air Conditioning; Patio; Covered Garage; Parking on Compound; Freehold Land; T&C Approved; Pet Friendly; Kid Friendly; Laundry Area/Facility; Water Tank,2026-08-06T23:30:06.479250+00:00
https://mybunchofkeys.com/property/north-west-property-for-sale-on-saddle-rd-port-of-spain-3-5m/,North West Property for sale on Saddle Rd Port of Spain - My Bunch of Keys,"$2,500,000",BOK-961159,Maraval Port of Spain,,,7032sq.ft.,,NR Jones Realty Ltd.,,(868) 689 9312,https://mybunchofkeys.com/wp-content/uploads/2023/07/NR-Jones-Realty-Logo-Expanded-320x320.jpg,https://mybunchofkeys.com/wp-content/uploads/2025/11/a6bc2df1-42c2-400c-8c08-dfb68dacf6f4.jpeg,https://mybunchofkeys.com/wp-content/uploads/2025/11/a6bc2df1-42c2-400c-8c08-dfb68dacf6f4.jpeg; https://mybunchofkeys.com/wp-content/uploads/2025/11/a6bc2df1-42c2-400c-8c08-dfb68dacf6f4-1440x1080.jpeg; https://mybunchofkeys.com/wp-content/uploads/2025/11/0ee9a8e0-fb83-4c36-95cf-7040959774da-1440x1080.jpeg; https://mybunchofkeys.com/wp-content/uploads/2025/11/768d51d2-7e24-4698-8a99-78c7081b63ed-1440x1080.jpeg; https://mybunchofkeys.com/wp-content/uploads/2025/11/7b754cdb-ca9f-43d8-8ea4-771bb1918276-1440x1080.jpeg; https://mybunchofkeys.com/wp-content/uploads/2025/11/10b37166-d7ac-49ba-b435-2d50eca74075-1440x1080.jpeg; https://mybunchofkeys.com/wp-content/uploads/2025/11/f1916afe-bb79-4325-963c-ce89528f7fc2-1440x1080.jpeg; https://mybunchofkeys.com/wp-content/uploads/2025/11/68f839de-cd8c-46dd-87a3-000accad8a93-1440x1080.jpeg; https://mybunchofkeys.com/wp-content/uploads/2025/11/46a9a393-9e3f-49ce-855c-afd3d2e3c386-1440x1080.jpeg; https://mybunchofkeys.com/wp-content/uploads/2025/11/a87c7ac5-0633-4116-ba65-13f1a0465575.jpeg; https://mybunchofkeys.com/wp-content/uploads/2025/11/fa46c6b0-7c9c-4fe6-9ffa-0daa37000e1a.jpeg; https://mybunchofkeys.com/wp-content/uploads/2025/11/1ce822a5-7e02-4b8b-8198-f2f10eb43d4d.jpeg,2026-08-01T04:00:00+00:00,,House,For Sale,"Prime Real Estate Opportunity on Saddle Road, Maraval, P.O.S. Situated along the highly sought-after Saddle Road, Maraval, this property offers exceptional potential for development in one of Trinidad’s most desirable areas. ✨ Property Details: • Modest Stand-alone unfurnished house featuring 1 bedroom, 1 bathroom, and a kitchen • Sits on approximately 7,032 sq. ft. of freehold land • Excellent frontage and accessibility Town and country approval for the construction of 6 Apartments • Surrounded by established residential and commercial developments Whether you’re looking to redevelop, expand, or invest, this site offers outstanding value and location. Just minutes from Port of Spain and close to all major amenities — the possibilities here are endless!

About the Region
Maraval Maraval is one of the northern suburbs of Trinidad's capital, Port of Spain, a valley in northern Trinidad in Trinidad and Tobago. It is situated at the bottom of the hills of Paramin and located east of the Diego Martin valley to which it is connected directly by Morne Coco Road, and west of Santa Cruz valley, to which it is connected by Saddle Road. Maraval is considered one of the major high-income residential areas in the country in combination with the Westmoorings, Goodwood Park and Glencoe area, it is home of much of the island's elite, including a number of diplomats. Maraval is sometimes referred to as ""Diego Martin East"". It is home to Trinity College secondary school, St. Andrew's Golf Course and Club in Moka, which is considered to be one of the finest golf courses in the Caribbean that was established in 1891 making it one of the oldest in the world. It arguably provides the best route of access from the capital to the North Coast. Along with Santa Cruz, Maraval is located close to the best beaches on the island, allowing its residents quick access to both leisure activities, as well as downtown business and entertainment. Maraval has branches of the major locally-operating banks, supermarkets, pharmacies, boutiuqes, clothing outlets, catholic schools, churches and parish groups.",Freehold Land; T&C Approved,2026-08-06T23:36:06.596828+00:00
https://mybunchofkeys.com/property/ocean-front-villa-for-sale-in-gated-community-in-tobago/,Ocean front villa for sale in gated community in Bacolet tobago - My Bunch of Keys,"$8,300,000",BOK-790170,Bacolet,4,5,,,NR Jones Realty Ltd.,,(868) 689 9312,https://mybunchofkeys.com/wp-content/uploads/2023/07/NR-Jones-Realty-Logo-Expanded-320x320.jpg,https://mybunchofkeys.com/wp-content/uploads/2024/09/IMG_8701.jpeg,https://mybunchofkeys.com/wp-content/uploads/2024/09/IMG_8708.jpeg; https://mybunchofkeys.com/wp-content/uploads/2024/09/IMG_8707.jpeg; https://mybunchofkeys.com/wp-content/uploads/2024/09/IMG_8706.jpeg; https://mybunchofkeys.com/wp-content/uploads/2024/09/IMG_8705.jpeg; https://mybunchofkeys.com/wp-content/uploads/2024/09/IMG_8704.jpeg; https://mybunchofkeys.com/wp-content/uploads/2024/09/IMG_8702.jpeg; https://mybunchofkeys.com/wp-content/uploads/2024/09/IMG_8701.jpeg; https://mybunchofkeys.com/wp-content/uploads/2024/09/IMG_8700.jpeg; https://mybunchofkeys.com/wp-content/uploads/2024/09/IMG_8699.jpeg; https://mybunchofkeys.com/wp-content/uploads/2024/09/IMG_8698.jpeg; https://mybunchofkeys.com/wp-content/uploads/2024/09/IMG_8697.jpeg; https://mybunchofkeys.com/wp-content/uploads/2024/09/IMG_8696.jpeg; https://mybunchofkeys.com/wp-content/uploads/2024/09/IMG_8693.jpeg; https://mybunchofkeys.com/wp-content/uploads/2024/09/IMG_8694.jpeg; https://mybunchofkeys.com/wp-content/uploads/2024/09/IMG_8695.jpeg; https://mybunchofkeys.com/wp-content/uploads/2024/09/IMG_8692.jpeg; https://mybunchofkeys.com/wp-content/uploads/2024/09/IMG_8691.jpeg; https://mybunchofkeys.com/wp-content/uploads/2024/09/IMG_8690.jpeg; https://mybunchofkeys.com/wp-content/uploads/2024/09/IMG_8688-1920x1080.jpeg; https://mybunchofkeys.com/wp-content/uploads/2024/09/IMG_8689-1920x1080.jpeg; https://mybunchofkeys.com/wp-content/uploads/2024/09/IMG_8687.jpeg; https://mybunchofkeys.com/wp-content/uploads/2024/09/IMG_8685.jpeg,2026-08-01T04:00:00+00:00,,House,For Sale,"Stunning ocean front property located in Bacolet, Tobago. Conveniently situated all on one floor this breathtaking villa has 4 spacious bedrooms and 5 bathrooms and sits on over 28,000 square foot of land. Located in a gated community provides the future homeowner with added security to relax and fully enjoy this majestic property. The living and dining room benefit from high vaulted ceilings and French doors through which the panoramic ocean views are visible and which open onto the pool/deck area. The infinity pool looks out onto Bacolet bay with views to Trinidad. Home features: Air conditioned bedrooms Air conditioned throughout Bathrooms en-suite Cable/satellite tv Dishwasher Electric stove Fenced Gas bbq Pool Sea view Tiled floors Washer/dryer Wi-Fi/internet access Gated Community features: Banking features Beach Health facility Public Transport Restaurants School Sea port Shopping

About the Region
Bacolet Bacolet is a town and suburb in the city of Scarborough on the island of Tobago, Republic of Trinidad and Tobago. The town itself lies beneath Fort King George at the Bacolet Bay, just outside the city center to the south-east of the island's capital. It is one of the most developed parts of Tobago, and much of the island's high society lives there. There are also many villas and hotels for tourists such as Bacolet Beach club, Blue Haven and Half moon. It is a residential area mostly invested by foreigners. Top Notch Restaurnats such as Café Havana, Blue Crab offered a wide array of dishes for you to choose from.",Move in Ready; Recently Renovated; Gated Compound; Gated Community; Private Pool; Internet Access; Electricity; Air Conditioning; Kitchen Appliances; Patio; Parking on Compound; Leasehold Land; Fully Fenced; Pet Friendly; Kid Friendly; Laundry Area/Facility; Accessible; Built-in Closets; Walk-in Closets; Water Tank,2026-08-06T23:36:12.151570+00:00
https://mybunchofkeys.com/property/ocean-view-home-in-lambeau-for-sale-tobago-property/,Ocean view home in Lambeau for sale Tobago property - My Bunch of Keys,"$4,950,000",BOK-988110,Lambeau,5,4,14000sq.ft.,,NR Jones Realty Ltd.,,(868) 689 9312,https://mybunchofkeys.com/wp-content/uploads/2023/07/NR-Jones-Realty-Logo-Expanded-320x320.jpg,https://mybunchofkeys.com/wp-content/uploads/2026/01/7d84cf2b-ee76-4992-bd9e-6db46a391eed.jpeg,https://mybunchofkeys.com/wp-content/uploads/2026/01/7d84cf2b-ee76-4992-bd9e-6db46a391eed.jpeg; https://mybunchofkeys.com/wp-content/uploads/2026/01/3469ff44-5a8a-4f73-b540-805c1de4fc23-1440x1080.jpeg; https://mybunchofkeys.com/wp-content/uploads/2026/01/38969346-e3a0-4572-8de5-40bba16aa415-1440x1080.jpeg; https://mybunchofkeys.com/wp-content/uploads/2026/01/31874a20-d13b-4d23-9463-e918d6203f8a-1440x1080.jpeg; https://mybunchofkeys.com/wp-content/uploads/2026/01/effc083c-da85-40c2-95cf-3d9581b741c1-1440x1080.jpeg; https://mybunchofkeys.com/wp-content/uploads/2026/01/351110e4-5803-4065-b74d-447396964e41-1439x1080.jpeg; https://mybunchofkeys.com/wp-content/uploads/2026/01/889a9742-4926-4950-87e9-d3f95b36d1f1-1440x1080.jpeg; https://mybunchofkeys.com/wp-content/uploads/2026/01/2a67cea9-b788-48de-b866-92444f202f14-1440x1080.jpeg; https://mybunchofkeys.com/wp-content/uploads/2026/01/e4905b7f-4bb5-4f89-8fb8-06ecf92fa7a7-1440x1080.jpeg; https://mybunchofkeys.com/wp-content/uploads/2026/01/bcb3cae3-33ee-4eb6-9def-4da825d663fe-1292x1080.jpeg; https://mybunchofkeys.com/wp-content/uploads/2026/01/ee7f11b8-bd91-4861-b5dc-1f8d46267e43-1440x1080.jpeg; https://mybunchofkeys.com/wp-content/uploads/2026/01/1b8d49e8-d5ae-4f39-a552-10b3ba2737f4-1731x1080.jpeg; https://mybunchofkeys.com/wp-content/uploads/2026/01/6d896e2b-c2be-4fbb-a6f1-35ffca7daff2-1440x1080.jpeg; https://mybunchofkeys.com/wp-content/uploads/2026/01/38b48924-42d0-467c-b30a-06140da50664-1440x1080.jpeg; https://mybunchofkeys.com/wp-content/uploads/2026/01/2fbd90f3-f8ee-4346-9c29-448c257b8dd5-1440x1080.jpeg; https://mybunchofkeys.com/wp-content/uploads/2026/01/43763a16-e1fb-49a4-8f91-138e53ad1ede-1440x1080.jpeg; https://mybunchofkeys.com/wp-content/uploads/2026/01/143dfdbf-cecf-4782-8f46-a5ea3a92cbde-1440x1080.jpeg; https://mybunchofkeys.com/wp-content/uploads/2026/01/f36ef573-ab6d-49dc-a40a-fbebe9fffc0b-1440x1080.jpeg; https://mybunchofkeys.com/wp-content/uploads/2026/01/00bd1f8c-69c8-4d2c-b367-f4c3692db126-1440x1080.jpeg; https://mybunchofkeys.com/wp-content/uploads/2026/01/ad31f753-565c-4a66-ad92-c300771357d5-1440x1080.jpeg; https://mybunchofkeys.com/wp-content/uploads/2026/01/43134911-123f-470f-b8c2-49df4fe69ab9-1440x1080.jpeg; https://mybunchofkeys.com/wp-content/uploads/2026/01/20eb4199-f3c8-4390-9433-6b3014ed3b83-1440x1080.jpeg; https://mybunchofkeys.com/wp-content/uploads/2026/01/f6b1b9b8-df27-4382-9fb4-ac643895260f-1440x1080.jpeg; https://mybunchofkeys.com/wp-content/uploads/2026/01/d402a899-f89f-4843-a507-11b2413f0ace-1440x1080.jpeg; https://mybunchofkeys.com/wp-content/uploads/2026/01/0f8c3c84-a4b1-44c8-975b-978bb4ed9c75-1440x1080.jpeg; https://mybunchofkeys.com/wp-content/uploads/2026/01/52f00b90-7f26-442c-9d3c-881eb323e4f4-1440x1080.jpeg; https://mybunchofkeys.com/wp-content/uploads/2026/01/7d84cf2b-ee76-4992-bd9e-6db46a391eed-1440x1080.jpeg; https://mybunchofkeys.com/wp-content/uploads/2026/01/b1e044d6-1070-43f9-94d1-dcd42445cb84-1440x1080.jpeg; https://mybunchofkeys.com/wp-content/uploads/2026/01/8bf43ec3-6b63-42f8-b150-309e1c5d9861-1440x1080.jpeg,2026-08-01T04:00:00+00:00,,House,For Sale,"Unwind at this stunning Tobago property, a must see on the sister isle. This 3 storey home was lovingly built and has 5 spacious air-conditioned bedrooms (4 en/suite). The master bedroom enjoys the benefit of a spectacular view of the Atlantic coastline and guarantees that ever present “vacation” feel. There is also a “bonus” room, perfect as extra bedroom/guest room, study, office or gym as well as a powder room. The house is located at the apex of a hill in Lambeau, a quintessentially Caribbean fishing village with an unspoilt beach and curling surfing waves. Although Scarborough is only a five-minute drive away, the neighbourhood feels peaceful and restorative. The ANR Robinson airport is also a short 15 minute drive away, a perfect convenience for foreigners or visitors from the sister isle. Externally, the house has a beautifully landscaped garden and a private plunge pool with decking, all with the magnificent ocean views. There is also the added security of an electric gate and alarm system.

About the Region
Lambeau Lambeau is located along the Claude Noel Highway and is known as a residential community. There is fish market, a church, a multipurpose facility, villas, inns, guest houses amongst its residence. Lambeau has the most beautiful scenery of the Rock bay which is located in the Atlantic Ocean.",Move in Ready; Private Pool; Air Conditioning; Powder Room; Patio; Security Alarms; Parking on Compound; Remote Gate; Kid Friendly,2026-08-06T23:36:17.223861+00:00
https://mybunchofkeys.com/property/pinehurst-park-fairways-maraval/,"Pinehurst Park, Fairways Maraval House For Sale - My Bunch of Keys","$10,000,000",BOK-5580,"Pinehurst Park, Fairways, Maraval, Fairways Maraval Port of Spain",5,5,14855sq.ft.,4,NR Jones Realty Ltd.,,(868) 689 9312,https://mybunchofkeys.com/wp-content/uploads/2023/07/NR-Jones-Realty-Logo-Expanded-320x320.jpg,https://mybunchofkeys.com/wp-content/uploads/2024/01/IMG_8182.jpeg,https://mybunchofkeys.com/wp-content/uploads/2024/01/IMG_8182.jpeg; https://mybunchofkeys.com/wp-content/uploads/2018/05/1-6.jpg; https://mybunchofkeys.com/wp-content/uploads/2018/05/2-6-1440x1080.jpg; https://mybunchofkeys.com/wp-content/uploads/2018/05/3-6.jpg; https://mybunchofkeys.com/wp-content/uploads/2018/05/6-4.jpg; https://mybunchofkeys.com/wp-content/uploads/2018/05/5-5.jpg; https://mybunchofkeys.com/wp-content/uploads/2018/05/4-6-1440x1080.jpg; https://mybunchofkeys.com/wp-content/uploads/2018/05/7-2.jpg; https://mybunchofkeys.com/wp-content/uploads/2018/05/8-2.jpg; https://mybunchofkeys.com/wp-content/uploads/2018/05/9-2-1440x1080.jpg; https://mybunchofkeys.com/wp-content/uploads/2018/05/10-2-1440x1080.jpg; https://mybunchofkeys.com/wp-content/uploads/2018/05/11-2-1440x1080.jpg; https://mybunchofkeys.com/wp-content/uploads/2018/05/12-2.jpg; https://mybunchofkeys.com/wp-content/uploads/2020/10/D3E2F2EA-3913-4DA8-AD96-FDE122048CC7.jpeg; https://mybunchofkeys.com/wp-content/uploads/2020/10/7B1E7CDF-24F3-454E-ADB6-E5228F408039.jpeg; https://mybunchofkeys.com/wp-content/uploads/2020/10/61AB2B33-5316-43A1-A7A6-AFDFC7711776.jpeg; https://mybunchofkeys.com/wp-content/uploads/2020/10/87BC1786-2816-4540-BD9F-CB4B65CDF581.jpeg; https://mybunchofkeys.com/wp-content/uploads/2020/10/DA2E67D2-EB9D-4D20-8020-E79146A4D294.jpeg; https://mybunchofkeys.com/wp-content/uploads/2020/10/53C39C67-71E1-4EF7-84CA-CBBBE6E7A066.jpeg; https://mybunchofkeys.com/wp-content/uploads/2020/10/24ECC939-B30A-4062-958D-8F28C066DDD8.jpeg; https://mybunchofkeys.com/wp-content/uploads/2020/10/0292D6DE-3E5A-4754-90F7-1F344C029C38.jpeg; https://mybunchofkeys.com/wp-content/uploads/2024/01/IMG_8191-1440x1080.jpeg; https://mybunchofkeys.com/wp-content/uploads/2024/01/IMG_8190-1440x1080.jpeg; https://mybunchofkeys.com/wp-content/uploads/2024/01/IMG_8182-1440x1080.jpeg; https://mybunchofkeys.com/wp-content/uploads/2024/01/IMG_8179-1440x1080.jpeg; https://mybunchofkeys.com/wp-content/uploads/2024/01/IMG_8177-1440x1080.jpeg,2026-08-01T04:00:00+00:00,,House,For Sale,"Lovely executive home available for sale. Lower level – Modern, well designed and spacious kitchen, living and dining rooms, internal bar, very spacious media room/large family room or other with attached powder room. Elegant and well designed en-suite bedroom with dressing room and patio leading to the front garden. En-suite annex or guest suite with kitchenette. External bar, pool and garden as well as a studio annex. Automated covered carport/garage with two store rooms attached. Upper Level – A wide wooden staircase leads to the upper level of the house where large windows allow the sunlight to naturally illuminate this fabulous space. There are 3 en-suite bedrooms plus a large family room and a stairwell that leads directly to pool area. Ample storage throughout the property. The house has a mixture of central air conditioning as well as split units. Located in a cul-d-sac in one of the most desirable neighbourhoods in Trinidad this stunning house is in excellent condition, move in ready, and available now for viewing. The land is approx 14,855 sq ft. House is approximately 8,410 sq ft Presently tenanted.

About the Region
Fairways An upscale, residential area, known for its gated community, Fairways is a beautiful place to live. With strict security, access to the community is restricted to residents and their guests.",Gated Compound; Gated Community; Private Pool; Air Conditioning; Kitchen Appliances; Powder Room; Security Patrols; Security Alarms; Covered Garage; Parking on Compound; Fully Fenced; Pet Friendly; Kid Friendly; Office Space; Laundry Area/Facility; Accessible; Built-in Closets; Walk-in Closets,2026-08-06T23:37:11.793773+00:00
https://mybunchofkeys.com/property/valsayn-north-house-for-sale-3/,Valsayn North House for Sale - My Bunch of Keys,"$5,300,000",BOK-1020171,Valsayn,4,3,12568sq.ft.,,NR Jones Realty Ltd.,,(868) 689 9312,https://mybunchofkeys.com/wp-content/uploads/2023/07/NR-Jones-Realty-Logo-Expanded-320x320.jpg,https://mybunchofkeys.com/wp-content/uploads/2026/04/01bbff05-7275-4866-aff8-790c1747edd8.jpeg,https://mybunchofkeys.com/wp-content/uploads/2026/04/01bbff05-7275-4866-aff8-790c1747edd8.jpeg; https://mybunchofkeys.com/wp-content/uploads/2026/04/01bbff05-7275-4866-aff8-790c1747edd8-1440x1080.jpeg; https://mybunchofkeys.com/wp-content/uploads/2026/04/31ff14a9-40ea-49de-a871-46dbab7c1012-1440x1080.jpeg; https://mybunchofkeys.com/wp-content/uploads/2026/04/3e3d2590-f690-4fa4-9570-319b44d873c4-1440x1080.jpeg; https://mybunchofkeys.com/wp-content/uploads/2026/04/3c4d0cec-2b0c-41ca-b393-de24eed32c47-1440x1080.jpeg; https://mybunchofkeys.com/wp-content/uploads/2026/04/91130814-e3d0-4270-b638-8755859ce42f-1440x1080.jpeg; https://mybunchofkeys.com/wp-content/uploads/2026/04/d22c34a8-1bc6-4157-8a96-828e34eae042-1440x1080.jpeg; https://mybunchofkeys.com/wp-content/uploads/2026/04/db41fd23-96eb-4561-b004-08934d082b4a-1440x1080.jpeg; https://mybunchofkeys.com/wp-content/uploads/2026/04/3e4984db-90cb-45ec-ac2a-7742155c6600-1440x1080.jpeg; https://mybunchofkeys.com/wp-content/uploads/2026/04/e0313fd2-7295-4cdc-954a-c761653badd2-1440x1080.jpeg; https://mybunchofkeys.com/wp-content/uploads/2026/04/dcdd1acb-7b42-4127-84d5-1e1274d610a0-1440x1080.jpeg; https://mybunchofkeys.com/wp-content/uploads/2026/04/199413fe-e08f-4b5f-89dc-7e4b1f66c201-1440x1080.jpeg; https://mybunchofkeys.com/wp-content/uploads/2026/04/00e8af84-4cb5-4fa0-bd9d-530f5d615c8d-1440x1080.jpeg; https://mybunchofkeys.com/wp-content/uploads/2026/04/70554f60-87f3-4e43-893d-8c973f97c53e-1440x1080.jpeg; https://mybunchofkeys.com/wp-content/uploads/2026/04/9aca6a08-349b-4914-8c56-6b1f1eb672c8-1440x1080.jpeg; https://mybunchofkeys.com/wp-content/uploads/2026/04/86a5195a-fa84-47d3-8b12-7963a2d64425-1440x1080.jpeg; https://mybunchofkeys.com/wp-content/uploads/2026/04/6fd5d589-e225-410c-8c77-02129144f952-1440x1080.jpeg; https://mybunchofkeys.com/wp-content/uploads/2026/04/f8bc4e26-7102-41de-9bc5-0c0046230302-1440x1080.jpeg; https://mybunchofkeys.com/wp-content/uploads/2026/04/5f20b4ed-a050-4387-b45f-dcb523277780-1440x1080.jpeg; https://mybunchofkeys.com/wp-content/uploads/2026/04/20b91423-9d7c-4a4c-9567-31643ce989f5-1440x1080.jpeg; https://mybunchofkeys.com/wp-content/uploads/2026/04/8aeae542-23d9-418c-98ba-7b4771e97583-1440x1080.jpeg,2026-08-01T04:00:00+00:00,,House,For Sale,"Newly listed home in Jamboree Park, Valsayn North for sale. This excellently maintained 3,197 sq ft. home sits on approximately 12,568 sq ft. of land. Conveniently one storey ideal for home owners who prefer step free living. Featuring 4 bedrooms and 3 bathrooms there is also a well sized kitchen and dining room, laundry room and gym. Externally, a tiled patio is perfect for entertaining and enjoying the large manicured garden. There is also a covered automated car port with parking for at least two cars.

About the Region
Valsayn Valsayn is specific to being as an upper class residential area. Many local well-known business owners reside in this area. The area is located closely to Curepe and is split by North and South Valsayn. Valsayn has a Superpharm, a mall, night club and service station amongst other things. This area is heavily protected by owners with home & amalgamated security. The location, even though residential, hosts fetes for the carnival season. It is also very visited by locals nationwide for the Christmas season as many residences decorate their homes in a distinguished manner. It is memorable.",Home Gym; Patio; Covered Garage; Parking on Compound; Remote Gate; Pet Friendly; Kid Friendly; Laundry Area/Facility; Accessible; Built-in Closets,2026-08-06T23:41:27.797641+00:00
https://mybunchofkeys.com/property/valsayn-stand-alone-north-east-home-for-sale-6m/,Valsayn South stand-alone North East home For Sale $6M - My Bunch of Keys,"$6,000,000",BOK-920142,Valsayn,4,4,20115sq.ft.,,NR Jones Realty Ltd.,,(868) 689 9312,https://mybunchofkeys.com/wp-content/uploads/2023/07/NR-Jones-Realty-Logo-Expanded-320x320.jpg,https://mybunchofkeys.com/wp-content/uploads/2025/08/86c5ccf7-b5da-44cb-a8e2-9ba302493dab.jpeg,https://mybunchofkeys.com/wp-content/uploads/2025/08/85434b92-4833-4713-8c14-2be8b6b3e4b3.jpeg; https://mybunchofkeys.com/wp-content/uploads/2025/08/18eb23d4-90f8-447e-b166-5bcb0ac16bd0.jpeg; https://mybunchofkeys.com/wp-content/uploads/2025/08/4a3af4d2-72e5-4cf8-a689-61d9d4b5500e.jpeg; https://mybunchofkeys.com/wp-content/uploads/2025/08/8f60672c-a870-4bcc-8318-370926abb470.jpeg; https://mybunchofkeys.com/wp-content/uploads/2025/08/1d25b271-f0f2-41da-adaa-e712bab8547f.jpeg; https://mybunchofkeys.com/wp-content/uploads/2025/08/f759e066-d104-426f-b387-aa03e4cb0629.jpeg; https://mybunchofkeys.com/wp-content/uploads/2025/08/ffbacb11-a200-4cf1-9924-9e076b8a891b.jpeg; https://mybunchofkeys.com/wp-content/uploads/2025/08/cc87cb05-ae76-4cc6-8a75-7c167955474d.jpeg; https://mybunchofkeys.com/wp-content/uploads/2025/08/86c5ccf7-b5da-44cb-a8e2-9ba302493dab.jpeg; https://mybunchofkeys.com/wp-content/uploads/2025/08/dc44f901-9da6-46dc-91b5-a02f61d7f234.jpeg; https://mybunchofkeys.com/wp-content/uploads/2025/08/20b8aa6f-c817-422b-9240-ff731426bb96.jpeg; https://mybunchofkeys.com/wp-content/uploads/2025/08/d7876a4f-860b-46ce-8b54-b21a1972a5c9.jpeg; https://mybunchofkeys.com/wp-content/uploads/2025/08/029a574d-4886-42a8-a0a7-6411af14bc00.jpeg; https://mybunchofkeys.com/wp-content/uploads/2025/08/67122386-a0cc-43d1-a85c-682d8df0f9c2.jpeg; https://mybunchofkeys.com/wp-content/uploads/2025/08/ff157e62-3e0e-421d-a473-1516b683e151.jpeg; https://mybunchofkeys.com/wp-content/uploads/2025/08/0118a323-dff7-4cad-9bf8-66bffbe51648.jpeg; https://mybunchofkeys.com/wp-content/uploads/2025/08/feb39363-7efe-49e2-8cee-a0a7bd19429f.jpeg; https://mybunchofkeys.com/wp-content/uploads/2025/08/c0f6990f-b814-40db-bfab-17b9384ce7a6.jpeg; https://mybunchofkeys.com/wp-content/uploads/2025/08/e410faf5-b3d1-407c-ba68-1d16298eab92.jpeg; https://mybunchofkeys.com/wp-content/uploads/2025/08/cad3647e-7f4b-4758-b178-a1c708685f10.jpeg,2026-08-01T04:00:00+00:00,,House,For Sale,"Spacious Home in Valsayn South For Sale. With a generous land size of 20,115 sq ft. This established family home provides ample space for a family to make their dream home. The house size is approximately 3,200 sq ft and the layout is as follows: 〰️First Floor: 3 Bedrooms (1 En-suite), 2 Bathrooms, Study + Balcony and Walk-in Closet. 〰️Ground Floor: Kitchen, Living & Dining Areas, Front & Back Porches, 1 Bathroom + External Bathroom, Laundry/Utility Room, Housekeeper’s Room

About the Region
Valsayn Valsayn is specific to being as an upper class residential area. Many local well-known business owners reside in this area. The area is located closely to Curepe and is split by North and South Valsayn. Valsayn has a Superpharm, a mall, night club and service station amongst other things. This area is heavily protected by owners with home & amalgamated security. The location, even though residential, hosts fetes for the carnival season. It is also very visited by locals nationwide for the Christmas season as many residences decorate their homes in a distinguished manner. It is memorable.",Parking on Compound; T&C Approved; Fully Fenced; Pet Friendly; Kid Friendly; Laundry Area/Facility; Maid Quarters; Accessible,2026-08-06T23:41:47.014857+00:00
https://mybunchofkeys.com/property/westmoorings-home-for-sale/,Westmoorings Home For Sale - My Bunch of Keys,"$5,800,000",BOK-532850,Bayshore Port of Spain Westmoorings,5,3,7691sq.ft.,,NR Jones Realty Ltd.,,(868) 689 9312,https://mybunchofkeys.com/wp-content/uploads/2023/07/NR-Jones-Realty-Logo-Expanded-320x320.jpg,https://mybunchofkeys.com/wp-content/uploads/2024/03/IMG_1827.jpeg,https://mybunchofkeys.com/wp-content/uploads/2024/03/IMG_1827.jpeg; https://mybunchofkeys.com/wp-content/uploads/2023/01/5BA1FB04-4E40-4ED5-B00B-67EBCA2711D5-1440x1080.jpeg; https://mybunchofkeys.com/wp-content/uploads/2023/01/15F2752D-BBC4-4502-8EF6-E916269A240A-1440x1080.jpeg; https://mybunchofkeys.com/wp-content/uploads/2023/01/98B510AD-10BB-49F8-A1EA-96E9FBD2DA2E-1440x1080.jpeg; https://mybunchofkeys.com/wp-content/uploads/2023/01/D0506FC1-4B49-482A-AF61-5759146A099F-1440x1080.jpeg; https://mybunchofkeys.com/wp-content/uploads/2023/01/804FCB01-4A4B-4B25-94CD-645974B10F5B-1440x1080.jpeg; https://mybunchofkeys.com/wp-content/uploads/2023/01/4AE57E56-5319-41A0-86C3-86FD891FBB1D-1440x1080.jpeg; https://mybunchofkeys.com/wp-content/uploads/2023/01/9E9DA44F-EC8B-41EA-8BAA-2F7DBCA8432A-1440x1080.jpeg; https://mybunchofkeys.com/wp-content/uploads/2023/01/9E4FC7B7-F03A-48E0-8C5D-8596E034635A-1440x1080.jpeg; https://mybunchofkeys.com/wp-content/uploads/2023/01/20D45151-27E1-49E3-9A37-0C04BFE3E1EF-1440x1080.jpeg; https://mybunchofkeys.com/wp-content/uploads/2023/01/E2F1D174-1EA8-4138-80C3-04B292A59CF5-1440x1080.jpeg; https://mybunchofkeys.com/wp-content/uploads/2023/01/4ECEAC7A-C8E7-4A02-A751-AB44131A6F9C-1440x1080.jpeg; https://mybunchofkeys.com/wp-content/uploads/2023/01/E1D7F529-5646-4AD3-A8B4-483C078C887D-1440x1080.jpeg; https://mybunchofkeys.com/wp-content/uploads/2023/01/832E31AA-1845-46C7-93F0-291AC2F2AE83-810x1080.jpeg; https://mybunchofkeys.com/wp-content/uploads/2023/01/A584CD02-4803-4F3E-B599-1E0C8E8B83CE-1440x1080.jpeg; https://mybunchofkeys.com/wp-content/uploads/2023/01/05269242-D300-4FF7-9514-4161D5DAC558-1440x1080.jpeg; https://mybunchofkeys.com/wp-content/uploads/2023/01/F638C5A7-4825-4D36-BD5D-B224148E0192-1440x1080.jpeg; https://mybunchofkeys.com/wp-content/uploads/2023/01/BED7BD18-2873-4BF2-8C78-2C14C9832E22-1440x1080.jpeg; https://mybunchofkeys.com/wp-content/uploads/2023/09/IMG_4213.jpeg; https://mybunchofkeys.com/wp-content/uploads/2023/09/IMG_4212.jpeg; https://mybunchofkeys.com/wp-content/uploads/2023/09/IMG_4211.jpeg; https://mybunchofkeys.com/wp-content/uploads/2023/09/IMG_4210.jpeg,2026-08-01T04:00:00+00:00,,House,For Sale,"Located in Westmoorings in a safe and popular neighbourhood. This spacious home has been upgraded and is perfect for a family or young couple to make their dream home. There are 5 bedrooms and 3 bathrooms conveniently located all on one level and the property itself spans a generous 7,691 sq ft. There is also a lovely front patio, covered parking for at least 2 cars and a lovely front garden space.

About the Region
Bayshore Bayshore is located in the northwest peninsula of Trinidad, only 5.3 kms/3.3 mls from the capital Port of Spain. It is equidistant to Glencoe and Starlite Shopping Plazas and to West Mall Shopping Centre with its large array of shops. Each of these has a large grocery and pharmacy, making the neighbourhood a shopping paradise. This unique neighbourhood lies in the cachement area of the highly rated Dunross Primary School and many Montessori pre-schools and nurseries. To add to the attraction of Bayshore is the exciting fact that it sits at the gateway to Chaguaramas, the leisure centre of the country, where swimming, boating, hiking and many other recreational facilities are easily available. Residents can be comforted by the gated community, secured by monitored cameras.",Semi Furnished; Move in Ready; Patio; Parking on Compound; T&C Approved; Fully Fenced; Pet Friendly; Kid Friendly; Laundry Area/Facility; Accessible; Built-in Closets,2026-08-06T23:42:18.033350+00:00
https://mybunchofkeys.com/property/spacious-two-story-home-for-sale-in-a-developing-neighbourhood-in-cunupia/,"Spacious, two-story home for SALE in a developing neighbourhood in Cunupia. - My Bunch of Keys","$1,500,000",BOK-911903,Cunupia,4,4,5000sq.ft.,3,Alan Real Estate T&T,,(868) 362-6771,https://mybunchofkeys.com/wp-content/uploads/2021/02/Alan-Real-Estate-TT-320x320.png,https://mybunchofkeys.com/wp-content/uploads/2025/07/Cover-photo-Rahamut-Gardens-for-SALE.jpg,https://mybunchofkeys.com/wp-content/uploads/2025/07/Cover-photo-Rahamut-Gardens-for-SALE.jpg; https://mybunchofkeys.com/wp-content/uploads/2025/07/House-for-SALE-in-Rahamut-Gardens-Cunupia-1-810x1080.jpg; https://mybunchofkeys.com/wp-content/uploads/2025/07/House-for-SALE-in-Rahamut-Gardens-Cunupia-21-1440x1080.jpg; https://mybunchofkeys.com/wp-content/uploads/2025/07/House-for-SALE-in-Rahamut-Gardens-Cunupia-20-810x1080.jpg; https://mybunchofkeys.com/wp-content/uploads/2025/07/House-for-SALE-in-Rahamut-Gardens-Cunupia-19-810x1080.jpg; https://mybunchofkeys.com/wp-content/uploads/2025/07/House-for-SALE-in-Rahamut-Gardens-Cunupia-18-1440x1080.jpg; https://mybunchofkeys.com/wp-content/uploads/2025/07/House-for-SALE-in-Rahamut-Gardens-Cunupia-16-1440x1080.jpg; https://mybunchofkeys.com/wp-content/uploads/2025/07/House-for-SALE-in-Rahamut-Gardens-Cunupia-15-810x1080.jpg; https://mybunchofkeys.com/wp-content/uploads/2025/07/House-for-SALE-in-Rahamut-Gardens-Cunupia-13-1440x1080.jpg; https://mybunchofkeys.com/wp-content/uploads/2025/07/House-for-SALE-in-Rahamut-Gardens-Cunupia-12-1440x1080.jpg; https://mybunchofkeys.com/wp-content/uploads/2025/07/House-for-SALE-in-Rahamut-Gardens-Cunupia-7-1440x1080.jpg; https://mybunchofkeys.com/wp-content/uploads/2025/07/House-for-SALE-in-Rahamut-Gardens-Cunupia-9-810x1080.jpg; https://mybunchofkeys.com/wp-content/uploads/2025/07/House-for-SALE-in-Rahamut-Gardens-Cunupia-8-1440x1080.jpg; https://mybunchofkeys.com/wp-content/uploads/2025/07/House-for-SALE-in-Rahamut-Gardens-Cunupia-6-810x1080.jpg; https://mybunchofkeys.com/wp-content/uploads/2025/07/House-for-SALE-in-Rahamut-Gardens-Cunupia-5-1440x1080.jpg; https://mybunchofkeys.com/wp-content/uploads/2025/07/House-for-SALE-in-Rahamut-Gardens-Cunupia-3-810x1080.jpg; https://mybunchofkeys.com/wp-content/uploads/2025/07/House-for-SALE-in-Rahamut-Gardens-Cunupia-2-810x1080.jpg,2026-07-31T23:49:52+00:00,,House,For Sale,"PRICE REDUCED! Spacious, two-story home for SALE in a developing area in Cunupia. 4-bedroom, 4-bathroom house, located in Rahamut Gardens, Cunupia. The property sits on 5,000 square feet of land, with parking space for about three (3) vehicles on the compound. Freehold land. Air conditioning in most rooms. Downstairs: Outdoor patio and sink for entertaining guests! Living room and dining room. Bathroom and shower. 2 large kitchens. Upstairs: 4 bedrooms. 3 bathrooms. Living room. Asking price: TT$1,500,000 Call/WhatsApp Neil Alan Phillips at +1(868)362-6771 to view or for more details. Alan Real Estate T&T

About the Region
Cunupia Cunupia is a town in central Trinidad. It is part of the Borough of Chaguanas. Cunupia is just northeast of Chaguanas proper. Like Chaguanas itself, Cunupia has experienced rapid growth in recent years, especially in terms of residential developments. You can find many variety stores, the famous Sheik Lisha Ltd., restaurants, supermarkets and places of worships in this community. Cunupia is also a route that can easily take you to different parts of central Trinidad.",Move in Ready; Air Conditioning; Kitchen Island; Powder Room; Patio; Parking on Compound; Freehold Land; Built-in Closets; Water Tank,2026-08-06T23:39:46.106144+00:00
https://mybunchofkeys.com/property/house-for-sale-freeport-6-bedrooms/,House for Sale in Freeport 6 Bedrooms - My Bunch of Keys,"$2,900,000",BOK-1065982,Freeport,6,3,10022sq.ft.,6,JP Caribbean Real Estate,,(868) 353-9458,https://mybunchofkeys.com/wp-content/uploads/2026/06/JP-Caribbean-Real-Estate-Logo-with-border-320x320.png,https://mybunchofkeys.com/wp-content/uploads/2026/07/WhatsApp-Image-2026-07-30-at-10.51.26-PM-2.jpeg,https://mybunchofkeys.com/wp-content/uploads/2026/07/WhatsApp-Image-2026-07-30-at-10.51.26-PM-2.jpeg; https://mybunchofkeys.com/wp-content/uploads/2026/07/WhatsApp-Image-2026-07-30-at-10.51.26-PM-3.jpeg; https://mybunchofkeys.com/wp-content/uploads/2026/07/WhatsApp-Image-2026-07-30-at-10.51.25-PM-7.jpeg; https://mybunchofkeys.com/wp-content/uploads/2026/07/WhatsApp-Image-2026-07-30-at-10.51.25-PM-13.jpeg; https://mybunchofkeys.com/wp-content/uploads/2026/07/WhatsApp-Image-2026-07-30-at-10.51.25-PM-10.jpeg; https://mybunchofkeys.com/wp-content/uploads/2026/07/WhatsApp-Image-2026-07-30-at-10.51.25-PM-8.jpeg; https://mybunchofkeys.com/wp-content/uploads/2026/07/WhatsApp-Image-2026-07-30-at-10.51.25-PM-9.jpeg; https://mybunchofkeys.com/wp-content/uploads/2026/07/WhatsApp-Image-2026-07-30-at-10.51.24-PM-4.jpeg; https://mybunchofkeys.com/wp-content/uploads/2026/07/WhatsApp-Image-2026-07-30-at-10.51.24-PM-5-810x1080.jpeg; https://mybunchofkeys.com/wp-content/uploads/2026/07/WhatsApp-Image-2026-07-30-at-10.51.24-PM-6-810x1080.jpeg; https://mybunchofkeys.com/wp-content/uploads/2026/07/WhatsApp-Image-2026-07-30-at-10.51.24-PM.jpeg; https://mybunchofkeys.com/wp-content/uploads/2026/07/WhatsApp-Image-2026-07-30-at-10.51.25-PM-6.jpeg; https://mybunchofkeys.com/wp-content/uploads/2026/07/WhatsApp-Image-2026-07-30-at-10.51.25-PM-1.jpeg; https://mybunchofkeys.com/wp-content/uploads/2026/07/WhatsApp-Image-2026-07-30-at-10.51.25-PM-2.jpeg; https://mybunchofkeys.com/wp-content/uploads/2026/07/WhatsApp-Image-2026-07-30-at-10.51.25-PM-3.jpeg; https://mybunchofkeys.com/wp-content/uploads/2026/07/WhatsApp-Image-2026-07-30-at-10.51.24-PM-3-810x1080.jpeg; https://mybunchofkeys.com/wp-content/uploads/2026/07/WhatsApp-Image-2026-07-30-at-10.51.25-PM-4-810x1080.jpeg; https://mybunchofkeys.com/wp-content/uploads/2026/07/WhatsApp-Image-2026-07-30-at-10.51.25-PM-5-810x1080.jpeg; https://mybunchofkeys.com/wp-content/uploads/2026/07/WhatsApp-Image-2026-07-30-at-10.51.24-PM-2.jpeg; https://mybunchofkeys.com/wp-content/uploads/2026/07/WhatsApp-Image-2026-07-30-at-10.51.25-PM-11-810x1080.jpeg; https://mybunchofkeys.com/wp-content/uploads/2026/07/WhatsApp-Image-2026-07-30-at-10.51.25-PM-12.jpeg; https://mybunchofkeys.com/wp-content/uploads/2026/07/WhatsApp-Image-2026-07-30-at-10.51.25-PM.jpeg; https://mybunchofkeys.com/wp-content/uploads/2026/07/WhatsApp-Image-2026-07-30-at-10.51.26-PM-1.jpeg; https://mybunchofkeys.com/wp-content/uploads/2026/07/WhatsApp-Image-2026-07-30-at-10.51.26-PM.jpeg; https://mybunchofkeys.com/wp-content/uploads/2026/07/WhatsApp-Image-2026-07-30-at-10.51.24-PM-1.jpeg,2026-07-31T20:07:29+00:00,,House,For Sale,"LUXURIOUS & MODERN 6 BEDROOM FAMILY HAVEN IN FREEPORT Chef’s Kitchen: Outfitted with solid wood cabinetry, granite countertops, a large central island with bar seating, pendant lighting, built-in wine rack, and stainless-steel appliances. Open-Concept Layout: Grand double front entrance doors and glass paneling lead into a light-filled open layout with rich wood accents, recessed lighting, and dedicated entertainment space. Luxury Bathrooms: Highlights include modern frameless glass-enclosed walk-in showers, a stylish dual vessel sink vanity, and a freestanding oval soaking tub. Versatile Specialty Rooms: Fully outfitted private home gym, a dedicated executive home office with security monitoring, and a spacious game room. FOR SALE: Magnificent Modern Luxury Home Experience the perfect combination of space, elegance, and modern family living in this grand 5,000 sq. ft. residence set on 10,000 sq. ft. of prime land in Freeport. Step into a beautifully designed home featuring striking glass paneling and grand double front doors that open into an expansive, light-filled interior. At one end of the home sits a gourmet kitchen complete with rich solid wood cabinetry, granite countertops, a center island with seating, and a built-in wine rack, making everyday living and entertaining effortless. The primary suite serves as a true private haven, located upstairs with a custom walk-in closet space and its own ensuite bathroom with dual vessel sinks, and a sleek soaking tub and it also has a private balcony with an elevated view. The remaining bedrooms are generously proportioned, complemented by 2 modern bathrooms featuring frameless glass showers. Designed for productivity and leisure for an entire family regardless of the size.. Resort-Style Amenities & Unbeatable Space: Situated on a fully secured, pet-friendly compound, this home provides complete peace of mind with an automatic entrance gate. Parking is abundant with a covered 2 car garage featuring folding doors, plus driveway space to comfortably accommodate 6 to 8 vehicles. Price $2.9M TTD (868) 353 9458 (868) 746 2671 jprealtorsltd@gmail.com

About the Region
Freeport Freeport is a town in the Republic of Trinidad and Tobago. It is located in west-central Trinidad, and is administered by the Couva–Tabaquite–Talparo Regional Corporation. It has a population of approximately 11,850. The Solomon Hochoy Highway splits Freeport into two, on the east and the west of the highway where you can find most commercial businesses. Known as a residential area, there are many small, medium and large businesses that have proven success through the growth of this community. Most residents have either sold properties or turned them into rental units. This community is also protected by the Freeport police service.",Move in Ready; Gated Compound; Jacuzzi; Air Conditioning; Kitchen Island; Powder Room; Patio; Security Cameras; Covered Garage; Remote Gate; Freehold Land; T&C Approved; Fully Fenced; Pet Friendly; Laundry Area/Facility; Maid Quarters; Walk-in Closets; Water Heater,2026-08-06T23:31:25.126553+00:00
https://mybunchofkeys.com/property/house-for-sale-champ-fleurs/,House For Sale - Champ Fleurs - My Bunch of Keys,"$2,400,000",BOK-1066331,Champs Fleurs,5,2,5136sq.ft.,3,Dania Sant,Twin Isle Living,(868) 685-2222,https://mybunchofkeys.com/wp-content/uploads/2025/09/Twin-Isle-Dania-320x320.jpg,https://mybunchofkeys.com/wp-content/uploads/2026/07/FB_IMG_1785521955890.jpg,https://mybunchofkeys.com/wp-content/uploads/2026/07/FB_IMG_1785521955890.jpg; https://mybunchofkeys.com/wp-content/uploads/2026/07/FB_IMG_1785521959967.jpg; https://mybunchofkeys.com/wp-content/uploads/2026/07/FB_IMG_1785521961602.jpg; https://mybunchofkeys.com/wp-content/uploads/2026/07/FB_IMG_1785521964269.jpg,2026-07-31T19:11:25+00:00,,House,For Sale,"Property For Sale $2.4M Champ Fleurs Spacious Family Home and Income-Generating Annex‼️ Live in one. Earn from the other 👌 Main House -1,158 sq. ft. -3 Bedrooms -1 Bathroom – Spacious open-concept living & dining Area -Functional Kitchen Self-Contained Annex -1,007 sq. ft. -2 Bedrooms – 1 Bathroom – Spacious living area – Private entrance – Ideal for rental income Property Features ✔ Covered garage ✔ Ample backyard space for entertaining, gardening or future Enhancements ✔ Lovely Mountain Views ✔ Excellent natural ventilation ✔ Elevated position Unbeatable Location! 🎈 Located just minutes away from: – Mount Hope Medical Complex – Churchill Roosevelt Highway – University and schools – Grand Bazaar – Restaurants and everyday amenities High Investment Potential! Its proximity to Mount Hope makes it especially attractive to: -Healthcare Professionals -Medical Students -University Staff -Young Professionals Own the home. Earn the income. Secure the future‼️ Contact Dania at 📞685-2222 to schedule your viewing today. See less

About the Region
Champs Fleurs Champs Fleurs lies east of San Juan and west of Curepe Trinidad, it can be accessed from Port-of-Spain by the Eastern Main Road. In Champs Fleurs, there are many industrial facilities located along the Eastern Main Road including the Carib Brewery Company, famous for its Carib beer, and Lever Brothers, the detergent manufacturer. Mount D'Or is one of the communities of Champs Fleurs. Schools such as Mount D’Or Government Primary School and School of Business and Computer Science are located in Champ Fleurs, Medical Facilities such as Mt. Hope Hospital and St. Joseph Health Facility are also located in the Champ Fleurs area.",Unfurnished; Patio; Covered Garage; Built-in Closets; Water Tank; Water Pump,2026-08-06T23:31:06.628790+00:00
https://mybunchofkeys.com/property/3-bedroom-house-for-sale-the-crossings-tumpuna-road-arima-ttd2-1m/,"3-Bedroom House for Sale - The Crossings, Tumpuna Road, Arima - TTD$1.95M - My Bunch of Keys","$1,950,000",BOK-1058260,Arima,3,2,5741sq.ft.,,Veridian Realty,,(868) 476-4235,https://mybunchofkeys.com/wp-content/uploads/2021/09/veridian-logo-320x320.png,https://mybunchofkeys.com/wp-content/uploads/2026/07/aa65e606-b717-4a7d-b648-d94167750700.jpg,https://mybunchofkeys.com/wp-content/uploads/2026/07/97e17866-5af1-49b1-bda0-72a04afb416c.jpg; https://mybunchofkeys.com/wp-content/uploads/2026/07/aa65e606-b717-4a7d-b648-d94167750700.jpg; https://mybunchofkeys.com/wp-content/uploads/2026/07/38722cfc-acf4-4a06-b4f2-7ffe9ad6756a.jpg; https://mybunchofkeys.com/wp-content/uploads/2026/07/6077e0dd-6bcf-4279-8e7a-dca054ed5801.jpg; https://mybunchofkeys.com/wp-content/uploads/2026/07/c03bd7ca-3e79-4bc6-a8a8-5744d101c90c.jpg; https://mybunchofkeys.com/wp-content/uploads/2026/07/715a5f61-3570-4224-a4d9-65fa5b1feea6.jpg,2026-07-31T19:00:26+00:00,,House,For Sale,"3-Bedroom House for Sale – The Crossings, Tumpuna Road, Arima – TTD$1.95M This lovely single-storey home comprising 5,741sf leasehold land features 3 spacious bedrooms, 2 bathrooms, including a primary en-suite, a generous kitchen, open-plan living and dining area, outdoor laundry, and a large backyard. A detached self-contained cottage and separate outdoor kitchen add excellent flexibility for guests, extended family, or rental income. Located in a secure gated community with 24-hour security, residents enjoy access to a clubhouse with a fully equipped gym, conference room, banquet hall, swimming pool, jogging track, and recreational park. Conveniently positioned with easy access to the Churchill Roosevelt Highway and just minutes from shopping, schools, medical facilities, and other amenities. Being sold unfurnished with parking for two vehicles. Please contact us for more information:

About the Region
Arima Arima, officially The Royal Chartered Borough of Arima is the easternmost and second largest area of the three boroughs of Trinidad and Tobago. This town is well known for its shopping areas located in the inner most portion of the town. It serves as a main trading hub for environs which makes the town considerably busy. Many persons visit Arima to relax and enjoy the wide array of local bars and street food offered such as burgers, doubles, gyros etc. Home to the famous drag malls, persons can visit Arima to purchase items of Rastafarian heritage. Arima, has primary and secondary schools, hospitals, police and fire services readily available. It attracts persons from all over as it hosts exciting borough day & Jouvert celebrations Fun fact, Arima is home to the indigenous people known as the “Caribs”. They are mainly found in the area of Arima called Calvary Hill which attracts many tourists as the Caribs were a well-known tribe in their time.",Gated Compound; Gated Community; Air Conditioning; Patio; Leasehold Land; Pet Friendly; Laundry Area/Facility; Annex; Water Tank; Water Heater,2026-08-06T23:19:52.942696+00:00
https://mybunchofkeys.com/property/house-for-sale-lakeview-park-longdenville/,"House For Sale - Lakeview Park, Longdenville - My Bunch of Keys","$1,650,000",BOK-1066227,Longdenville,3,2,5493sq.ft.,2,Dania Sant,Twin Isle Living,(868) 685-2222,https://mybunchofkeys.com/wp-content/uploads/2025/09/Twin-Isle-Dania-320x320.jpg,https://mybunchofkeys.com/wp-content/uploads/2026/07/FB_IMG_1785518457807.jpg,https://mybunchofkeys.com/wp-content/uploads/2026/07/FB_IMG_1785518455426.jpg; https://mybunchofkeys.com/wp-content/uploads/2026/07/FB_IMG_1785518474101.jpg; https://mybunchofkeys.com/wp-content/uploads/2026/07/FB_IMG_1785518480096.jpg; https://mybunchofkeys.com/wp-content/uploads/2026/07/FB_IMG_1785518472285.jpg; https://mybunchofkeys.com/wp-content/uploads/2026/07/FB_IMG_1785518475934.jpg; https://mybunchofkeys.com/wp-content/uploads/2026/07/FB_IMG_1785518470448.jpg; https://mybunchofkeys.com/wp-content/uploads/2026/07/FB_IMG_1785518477767.jpg; https://mybunchofkeys.com/wp-content/uploads/2026/07/FB_IMG_1785518466700.jpg; https://mybunchofkeys.com/wp-content/uploads/2026/07/FB_IMG_1785518468567.jpg; https://mybunchofkeys.com/wp-content/uploads/2026/07/FB_IMG_1785518481898.jpg; https://mybunchofkeys.com/wp-content/uploads/2026/07/FB_IMG_1785518462602.jpg; https://mybunchofkeys.com/wp-content/uploads/2026/07/FB_IMG_1785518457807.jpg; https://mybunchofkeys.com/wp-content/uploads/2026/07/FB_IMG_1785518460259.jpg,2026-07-31T18:06:42+00:00,,House,For Sale,"House For Sale Lakeview Park Longdenville, Chaguanas $1.65M Modern homes in secure gated communities at this price point are becoming increasingly rare. Don’t miss this exceptional opportunity to own one of Lakeview Park’s finest homes‼️ Features: • Approx. 1,700 sq. ft. house • 5,493 sq. ft. freehold land • Unfurnished • 3 Beds/ 2 Baths • Spacious family room • Modern kitchen with breakfast island • Master bedroom with ensuite bathroom • Walk-in closet in master bedroom • Built-in closets in all bedrooms • Dedicated laundry room • Covered front porch • Covered garage • Parking for approximately 2 vehicles • Large private backyard • Secure gated compound • HOA: TT$200/month Great Location 🎈 • Minutes from Chaguanas Main Road • Easy access to the Uriah Butler Highway • Close to supermarkets, schools, pharmacies, restaurants and other everyday amenities • Family-friendly neighbourhood Nestled within the highly sought-after gated community of Lakeview Park, this beautifully maintained home sits on 5,493 sq. ft. of freehold land and offers approximately 1,700 sq. ft. of thoughtfully designed living space. Featuring modern finishes, spacious interiors and a generous backyard, this property is perfect for families looking for comfort, style and convenience. This is more than just a house, it’s a place to build your future. 📞 Contact Dania today at 685-2222 to schedule your private viewing.

About the Region
Longdenville Longdenville is a town located in the region of Chaguanas, Trinidad. Longdenville is famous for their agricultural, the Sugar Field Centre and factories such as- Abel and Trinidad Aggregate Ltd. Longdenville has easy access to primary schools, pharmacies, supermarkets, and many other companies such as BHAD Studios and C.M Central Lumber Limited just to name a few. If looking for a quiet and peaceful environment Longdenville can definitely be considered.",Unfurnished; Gated Compound; Gated Community; Air Conditioning; Security Cameras; Covered Garage; Remote Gate; Fully Fenced; Pet Friendly; Built-in Closets; Water Tank; Water Pump,2026-08-06T23:33:12.901693+00:00
https://mybunchofkeys.com/property/house-for-sale-in-santa-rosa-arima/,"House For Sale In Santa Rosa, Arima - My Bunch of Keys","$2,800,000",BOK-1066086,Arima Santa Rosa,7,6,5265sq.ft.,,Amina Hassim,Terra Caribbean,(868) 751-3789,https://mybunchofkeys.com/wp-content/uploads/2026/04/Amina-Hassim-320x320.jpg,https://mybunchofkeys.com/wp-content/uploads/2026/07/a-15.jpeg,https://mybunchofkeys.com/wp-content/uploads/2026/07/a-15.jpeg; https://mybunchofkeys.com/wp-content/uploads/2026/07/b-15.jpeg; https://mybunchofkeys.com/wp-content/uploads/2026/07/c-16.jpeg; https://mybunchofkeys.com/wp-content/uploads/2026/07/d-16.jpeg; https://mybunchofkeys.com/wp-content/uploads/2026/07/e-15.jpeg; https://mybunchofkeys.com/wp-content/uploads/2026/07/f-13.jpeg; https://mybunchofkeys.com/wp-content/uploads/2026/07/g-15.jpeg; https://mybunchofkeys.com/wp-content/uploads/2026/07/h-15.jpeg; https://mybunchofkeys.com/wp-content/uploads/2026/07/i-15.jpeg; https://mybunchofkeys.com/wp-content/uploads/2026/07/j-12.jpeg; https://mybunchofkeys.com/wp-content/uploads/2026/07/k-10.jpeg; https://mybunchofkeys.com/wp-content/uploads/2026/07/l-12.jpeg; https://mybunchofkeys.com/wp-content/uploads/2026/07/m-11.jpeg; https://mybunchofkeys.com/wp-content/uploads/2026/07/n-11.jpeg; https://mybunchofkeys.com/wp-content/uploads/2026/07/o-10.jpeg; https://mybunchofkeys.com/wp-content/uploads/2026/07/p-10.jpeg,2026-07-31T14:13:19+00:00,,House,For Sale,"Welcome to this beautifully maintained two-storey residence nestled in the desirable community of Santa Rosa Gardens. This spacious, fully fenced home offers generous living areas, excellent curb appeal, and a secure gated property perfect for families seeking comfort, convenience, and peace of mind. Ideally located just minutes from schools, shopping, restaurants, public transportation, and all essential amenities, this home combines everyday convenience with a welcoming residential atmosphere. Bonus: This property offers income potential with a two bedroom one bathroom apartment with separate private entrance. TT30376

About the Region
Arima Arima, officially The Royal Chartered Borough of Arima is the easternmost and second largest area of the three boroughs of Trinidad and Tobago. This town is well known for its shopping areas located in the inner most portion of the town. It serves as a main trading hub for environs which makes the town considerably busy. Many persons visit Arima to relax and enjoy the wide array of local bars and street food offered such as burgers, doubles, gyros etc. Home to the famous drag malls, persons can visit Arima to purchase items of Rastafarian heritage. Arima, has primary and secondary schools, hospitals, police and fire services readily available. It attracts persons from all over as it hosts exciting borough day & Jouvert celebrations Fun fact, Arima is home to the indigenous people known as the “Caribs”. They are mainly found in the area of Arima called Calvary Hill which attracts many tourists as the Caribs were a well-known tribe in their time.",Fully Furnished; Gated Community; Air Conditioning; Freehold Land; Fully Fenced; Water Tank; Water Pump,2026-08-06T23:33:02.177723+00:00
https://mybunchofkeys.com/property/longdenville-saras-gardens-homes-for-sale-tt1-75m/,Longdenville - Sara's Gardens - Homes for Sale - TT$1.725M - My Bunch of Keys,"$1,725,000",BOK-796015,Chaguanas Chase Village Longdenville,3,2,5000sq.ft.,2,Kira Ragbirsingh,Twin Isle Property Consultants,(868) 490-7723,https://mybunchofkeys.com/wp-content/uploads/2025/09/Twin-Isle-Kira-320x320.jpg,https://mybunchofkeys.com/wp-content/uploads/2024/09/WhatsApp-Image-2024-09-23-at-4.41.06-PM.jpeg,https://mybunchofkeys.com/wp-content/uploads/2024/09/WhatsApp-Image-2024-09-23-at-4.41.06-PM.jpeg; https://mybunchofkeys.com/wp-content/uploads/2024/09/WhatsApp-Image-2024-09-23-at-4.41.09-PM-3-1080x1080.jpeg; https://mybunchofkeys.com/wp-content/uploads/2024/09/WhatsApp-Image-2024-09-23-at-4.41.09-PM-2-1080x1080.jpeg; https://mybunchofkeys.com/wp-content/uploads/2024/09/WhatsApp-Image-2024-09-23-at-4.41.09-PM-1-1080x1080.jpeg; https://mybunchofkeys.com/wp-content/uploads/2024/09/WhatsApp-Image-2024-09-23-at-4.41.08-PM-2-1080x1080.jpeg; https://mybunchofkeys.com/wp-content/uploads/2024/09/WhatsApp-Image-2024-09-23-at-4.41.08-PM-1080x1080.jpeg; https://mybunchofkeys.com/wp-content/uploads/2024/09/WhatsApp-Image-2024-09-23-at-4.41.09-PM-1080x1080.jpeg; https://mybunchofkeys.com/wp-content/uploads/2024/09/WhatsApp-Image-2024-09-23-at-4.41.07-PM-1-1080x1080.jpeg; https://mybunchofkeys.com/wp-content/uploads/2024/09/WhatsApp-Image-2024-09-23-at-4.41.06-PM-3-1080x1080.jpeg; https://mybunchofkeys.com/wp-content/uploads/2024/09/WhatsApp-Image-2024-09-23-at-4.41.06-PM-1-1080x1080.jpeg; https://mybunchofkeys.com/wp-content/uploads/2024/09/WhatsApp-Image-2024-09-23-at-4.41.06-PM-2-1080x1080.jpeg; https://mybunchofkeys.com/wp-content/uploads/2024/09/WhatsApp-Image-2024-09-23-at-4.41.07-PM-1080x1080.jpeg; https://mybunchofkeys.com/wp-content/uploads/2024/09/WhatsApp-Image-2024-09-23-at-4.41.07-PM-2-1080x1080.jpeg; https://mybunchofkeys.com/wp-content/uploads/2024/09/WhatsApp-Image-2024-09-23-at-4.41.07-PM-3-1080x1080.jpeg; https://mybunchofkeys.com/wp-content/uploads/2024/09/WhatsApp-Image-2024-09-23-at-4.41.08-PM-3-1080x1080.jpeg; https://mybunchofkeys.com/wp-content/uploads/2024/09/WhatsApp-Image-2024-09-23-at-4.41.08-PM-1-1080x1080.jpeg; https://mybunchofkeys.com/wp-content/uploads/2024/09/WhatsApp-Image-2024-09-23-at-4.41.08-PM-4-1080x1080.jpeg,2026-07-31T11:45:35+00:00,,House,For Sale,"Longdenville – Sara’s Gardens, Carlsen Villas – Homes for Sale – TT$1.725M FOR SALE: Stunning Modern Homes at Sara’s Gardens, Carlsen Villas. Discover your new home at Sara’s Garden , a beautifully designed development nestled in the serene community of Longdenville, Chaguanas . These newly built homes offer modern comforts and luxury at an unbeatable price! These homes offer the perfect blend of space, style and functionality with its open plan living concept. The perfect space for entertaining, or a cozy movie night with the family, this home provides a natural flow for you. The kitchen has huge cabinets creating ample storage space for all your kitchen needs. The primary bedroom is large with a thoughtfully designed walk-in closet, that combines style and practicality. The spacious area will keep you organized with its hanging rails, shelving and deep large drawers. It also features an en-suite bathroom. Property Features : Price : TT$1.75 Million Lot Size : Approximately 5,000 sq ft – Spacious yard for family activities and gardening. House Size : 1,475 sq ft – Perfectly sized for comfortable family living. 3 Bedrooms : Pre-installed air conditioning for comfort and relaxation Living Room : Wired for air conditioning – Set up to easily keep your space cool. Kitchen : Featuring luxurious Statuario Quartz countertops – Ideal for modern, stylish cooking spaces. Gate : Includes an installed gate with wiring ready for motorized automation. 2 Bathrooms : Comes with shower enclosures in all units, offering sleek, modern finishes. Location Highlights : Peaceful, family-friendly community Close proximity to Chaguanas town center, schools, shopping, and entertainment Easy access to main roads and transportation hubs This is your chance to own a beautifully finished home in one of Chaguanas’ most desirable locations . Perfect for first-time homeowners, families, or those looking for a modern upgrade! Don’t miss out! Contact us today for a viewing or more information. Contact Kira 490-7723 for further information

About the Region
Chaguanas The Borough of Chaguanas is the largest borough with an average population of 83,489 and fastest-growing town in Trinidad and Tobago, it is located in the West-Central area of Trinidad. Chaguanas is popular for its shopping malls, variety stores and street shopping. Many citizens as well as tourists visit these sites to partake in the buying of many items offered for sale. This town is fast paced as many business sectors such as banking, insurance, auto rentals and food are readily available. All sites are easily accessible as transport hubs are located throughout the streets of this beautiful town, not to mention the safety of the police & fire services that are available upon request. Home to the famous Divali Nagar site, many tourists as well as citizens visit this location to buy merchandise offered from the well-known Indian heritage such as clothing, food, religious items etc. Fun fact, Chaguanas was named after the indigenous tribe who originally settled there.",Move in Ready; Gated Community; Air Conditioning; Patio; Parking on Compound; Freehold Land; T&C Approved; Fully Fenced; Pet Friendly; Kid Friendly; Laundry Area/Facility; Accessible; Built-in Closets; Walk-in Closets; Water Tank; Water Pump,2026-08-06T23:34:22.100100+00:00
https://mybunchofkeys.com/property/palmiste-gardens-la-romain-homes-for-sale-tt2-3m/,"Palmiste Gardens, La Romain - Homes for Sale - TT$2.275M - My Bunch of Keys","$2,275,000",BOK-1017189,La Romain Palmiste San Fernando,3,4,2000sq.ft.,,Carolyn Ross,Twin Isle Property Consultants,(868) 765-7677,https://mybunchofkeys.com/wp-content/uploads/2025/09/Twin-Isle-Carolyn-320x320.jpg,https://mybunchofkeys.com/wp-content/uploads/2026/04/WhatsApp-Image-2026-04-14-at-4.17.51-PM-4.jpeg,https://mybunchofkeys.com/wp-content/uploads/2026/04/WhatsApp-Image-2026-04-13-at-2.18.45-PM-810x1080.jpeg; https://mybunchofkeys.com/wp-content/uploads/2026/04/WhatsApp-Image-2026-04-13-at-2.18.43-PM.jpeg; https://mybunchofkeys.com/wp-content/uploads/2026/04/WhatsApp-Image-2026-04-13-at-2.18.44-PM-1045x1080.jpeg; https://mybunchofkeys.com/wp-content/uploads/2026/04/WhatsApp-Image-2026-04-14-at-4.17.51-PM-1-810x1080.jpeg; https://mybunchofkeys.com/wp-content/uploads/2026/04/WhatsApp-Image-2026-04-14-at-4.17.51-PM-810x1080.jpeg; https://mybunchofkeys.com/wp-content/uploads/2026/04/WhatsApp-Image-2026-04-14-at-4.17.51-PM-2.jpeg; https://mybunchofkeys.com/wp-content/uploads/2026/04/WhatsApp-Image-2026-04-14-at-4.17.51-PM-4.jpeg; https://mybunchofkeys.com/wp-content/uploads/2026/04/WhatsApp-Image-2026-04-14-at-4.17.54-PM-1.jpeg; https://mybunchofkeys.com/wp-content/uploads/2026/04/WhatsApp-Image-2026-04-14-at-4.17.54-PM-2.jpeg; https://mybunchofkeys.com/wp-content/uploads/2026/04/WhatsApp-Image-2026-04-14-at-4.17.54-PM-3.jpeg; https://mybunchofkeys.com/wp-content/uploads/2026/04/WhatsApp-Image-2026-04-14-at-4.17.54-PM-4-810x1080.jpeg; https://mybunchofkeys.com/wp-content/uploads/2026/04/WhatsApp-Image-2026-04-14-at-4.17.54-PM-5.jpeg; https://mybunchofkeys.com/wp-content/uploads/2026/04/WhatsApp-Image-2026-04-14-at-4.17.54-PM-6.jpeg; https://mybunchofkeys.com/wp-content/uploads/2026/04/WhatsApp-Image-2026-04-14-at-4.17.54-PM-7.jpeg; https://mybunchofkeys.com/wp-content/uploads/2026/04/WhatsApp-Image-2026-04-14-at-4.17.55-PM-810x1080.jpeg; https://mybunchofkeys.com/wp-content/uploads/2026/04/WhatsApp-Image-2026-04-14-at-4.17.56-PM-1-810x1080.jpeg; https://mybunchofkeys.com/wp-content/uploads/2026/04/WhatsApp-Image-2026-04-14-at-4.17.56-PM-2-810x1080.jpeg; https://mybunchofkeys.com/wp-content/uploads/2026/04/WhatsApp-Image-2026-04-14-at-4.17.56-PM-3-810x1080.jpeg; https://mybunchofkeys.com/wp-content/uploads/2026/04/WhatsApp-Image-2026-04-14-at-4.17.56-PM-4-810x1080.jpeg; https://mybunchofkeys.com/wp-content/uploads/2026/04/WhatsApp-Image-2026-04-14-at-4.17.56-PM-5-810x1080.jpeg; https://mybunchofkeys.com/wp-content/uploads/2026/04/WhatsApp-Image-2026-04-14-at-4.17.56-PM-6-810x1080.jpeg; https://mybunchofkeys.com/wp-content/uploads/2026/04/WhatsApp-Image-2026-04-14-at-4.17.56-PM-810x1080.jpeg; https://mybunchofkeys.com/wp-content/uploads/2026/04/WhatsApp-Image-2026-04-13-at-1.36.33-PM-2.jpeg; https://mybunchofkeys.com/wp-content/uploads/2026/04/WhatsApp-Image-2026-04-14-at-4.17.54-PM.jpeg; https://mybunchofkeys.com/wp-content/uploads/2026/04/WhatsApp-Image-2026-04-14-at-4.17.54-PM-8.jpeg,2026-07-31T11:34:46+00:00,,House,For Sale,"PRESALE OPPORTUNITY | PALMISTE GARDENS, LA ROMAINE ✨ Introducing a beautifully designed modern residence in the growing community of La Resource, Palmiste Gardens- now available for presale. Currently under construction, this 2000 square foot home presents a rare opportunity to secure a brand-new property in a peaceful, developing neighborhood with strong long-term investment potential. 💰 Price starting from: $2.275M Property Features: * 🛏️ 3 Spacious Bedrooms (all ensuite with walk-in closets) * 🛁 3.5 Bathrooms with contemporary finishes * 🍽️ Modern Kitchen with Quartz Countertops * 🛋️ Open plan concept- Living & Entertaining Spaces * 🧺 Internal Laundry * 🚗 Parking for 2 Vehicles Designed with both comfort and functionality in mind, this home offers clean architectural lines, generous space, and a layout tailored for modern living. 🔑 Own a home that reflects your lifestyle- modern, refined, and future-focused. Secure this residence at presale pricing before completion. 📍 Location Highlights: Ideally located in a rapidly developing area, you’ll enjoy convenient access to schools, supermarkets, restaurants, and all essential amenities- while still benefiting from a quiet, residential setting. Contact Carolyn 765-7677 for further information or to book a viewing

About the Region
La Romain La Romain is located along the South Truck Road and Southern Main Road in the South West region of Trinidad. It is known as a residential area, the community also has a high school, a primary school, small businesses, a conference centre, puja shops etc. Located in La Romain is Dansteel Limited, Dyna Plas Limited, Pennywise Cosmetics Limited which contributes to employment of residents.",Unfurnished; Move in Ready; Gated Compound; Air Conditioning; Kitchen Island; Pantry; Powder Room; Patio; Covered Garage; Remote Gate; Freehold Land; T&C Approved; Fully Fenced; Pet Friendly; Kid Friendly; Laundry Area/Facility; Walk-in Closets; Water Tank; Water Pump,2026-08-06T23:36:29.516010+00:00
https://mybunchofkeys.com/property/church-bay-gasparee/,"Church Bay, Gasparee - For Sale - My Bunch of Keys","$4,500,000",BOK-69812,Gasparee Island,6,4,5500sq.ft.,,Susie Montano,1on1 Realty,(868) 384-2732,https://mybunchofkeys.com/wp-content/uploads/2023/05/SUSIE-1ON1REALTY-2021-5-e1685036153926-320x320.jpg,https://mybunchofkeys.com/wp-content/uploads/2025/05/watermarkPhoto-0-1.png,https://mybunchofkeys.com/wp-content/uploads/2025/05/watermarkPhoto-0-1.png; https://mybunchofkeys.com/wp-content/uploads/2025/05/watermarkPhoto-0.png; https://mybunchofkeys.com/wp-content/uploads/2025/05/watermarkPhoto-0-5-1620x1080.jpeg; https://mybunchofkeys.com/wp-content/uploads/2025/05/watermarkPhoto-0-1620x1080.jpeg; https://mybunchofkeys.com/wp-content/uploads/2025/05/IMG_6614-1620x1080.jpg; https://mybunchofkeys.com/wp-content/uploads/2025/05/IMG_5221-1440x1080.jpg; https://mybunchofkeys.com/wp-content/uploads/2025/05/IMG_5167-1440x1080.jpg; https://mybunchofkeys.com/wp-content/uploads/2025/05/IMG_5231-1439x1080.jpg; https://mybunchofkeys.com/wp-content/uploads/2025/05/IMG_5174-1440x1080.jpg; https://mybunchofkeys.com/wp-content/uploads/2025/05/IMG_5238-1440x1080.jpg; https://mybunchofkeys.com/wp-content/uploads/2025/05/WhatsApp-Image-2024-03-06-at-1.38.08-PM.jpeg,2026-07-31T10:15:18+00:00,,House,For Sale,"Church Bay, Gasparee For Sale: A bargain at $4.5M (USD equivalent preferred) Great INVESTMENT OPPORTUNITY attracting a potential $3k per night! This beautiful, unique style, three storey, hilltop, easy to fall in love with, down the islands home is the perfect place for weekend and vacation relaxation: 5,500 sq.ft. freehold land approx. 3,400 sq. ft. living space plus decks and caretaker’s cottage High ceilings and wraparound views Breathtaking views of Monos, the Bocas and the Northwestern tip of the mainland Experience amazing sunsets An infinity seawater pool with spa area to soak your cares away 6 bedrooms, 4 1/2 bathrooms with areas for several more bedrooms Open plan living/dining/kitchen area 2 large, covered wooden decks 11,000 gallons fresh water tank capacity Jetty refurbished recently 5 minutes by boat from Island Home Owners Facing the Coast Guard for added security On-site house manager and boatman For more details and to view, please call Susie Montano – 384 2732

About the Region
Gasparee Island Gaspar Grande or Gasparee is an island in the Republic of Trinidad and Tobago named for Gaspar de Percín. The island is 1.29 km2 (0.50 square miles) in area and lies 12 km (7.5 mi) west of Port- of -Spain. It is one of the ""Bocas Islands"", which lie in the Bocas del Dragón (Dragon's Mouth) between Trinidad and Venezuela.",Fully Furnished; Private Pool,2026-08-06T23:22:52.796062+00:00
https://mybunchofkeys.com/property/home-for-sale-4-bedrooms-villas-of-les-boix-maraval-ttd3-5m/,"HOME FOR SALE - 4 Bedrooms! Villas of Les Boix, Maraval - TTD$3.5M - My Bunch of Keys","$3,500,000",BOK-1062642,Maraval Port of Spain,4,3,3354sq.ft.,3,Veridian Realty,,(868) 476-4235,https://mybunchofkeys.com/wp-content/uploads/2021/09/veridian-logo-320x320.png,https://mybunchofkeys.com/wp-content/uploads/2026/07/Pool.jpg,https://mybunchofkeys.com/wp-content/uploads/2026/07/Basement-1-Edit.jpg; https://mybunchofkeys.com/wp-content/uploads/2026/07/Basement-Edit.jpg; https://mybunchofkeys.com/wp-content/uploads/2026/07/Kitchen-2-edit.jpg; https://mybunchofkeys.com/wp-content/uploads/2026/07/Kitchen-and-Dining-Image-Jul-22-2026-02_59_04-PM-1440x1080.jpg; https://mybunchofkeys.com/wp-content/uploads/2026/07/Kitchen-edit.jpg; https://mybunchofkeys.com/wp-content/uploads/2026/07/Laundry-edit.jpg; https://mybunchofkeys.com/wp-content/uploads/2026/07/Living-room-edit.jpg; https://mybunchofkeys.com/wp-content/uploads/2026/07/Pantry-2-edit-720x1080.jpg; https://mybunchofkeys.com/wp-content/uploads/2026/07/Pantry-edit.jpg; https://mybunchofkeys.com/wp-content/uploads/2026/07/Pool.jpg; https://mybunchofkeys.com/wp-content/uploads/2026/07/Primary-Bathroom.jpg; https://mybunchofkeys.com/wp-content/uploads/2026/07/Primary-Bedroom.jpg; https://mybunchofkeys.com/wp-content/uploads/2026/07/Primary-Walk-In-closet-720x1080.jpg; https://mybunchofkeys.com/wp-content/uploads/2026/07/Rooftop-1.jpg; https://mybunchofkeys.com/wp-content/uploads/2026/07/Rooftop-2.jpg; https://mybunchofkeys.com/wp-content/uploads/2026/07/Communal-pool-edit.jpg; https://mybunchofkeys.com/wp-content/uploads/2026/07/Final-Image-Front-Home-1-720x1080.jpg; https://mybunchofkeys.com/wp-content/uploads/2026/07/Final-Front-2-791x1080.jpg,2026-07-31T09:03:16+00:00,,House,For Sale,"HOME FOR SALE – Villas of Les Boix, Morne Coco Road, Maraval – TTD$3.5M Nestled within a secure, gated community with 24/7 security, this beautifully designed semi-furnished three-storey home offers an exceptional blend of space, comfort, and functionality. Fully air-conditioned throughout, the home features four generously sized bedrooms, including a primary suite with an en-suite bathroom and walk-in closet, two additional bathrooms, an inviting living and dining area, and a well-equipped kitchen complete with a spacious pantry and adjoining laundry area. The expansive rooftop terrace provides the perfect setting for entertaining or relaxing with family and friends, while the versatile ground-floor space opens onto a private pool and can easily function as an entertainment room, home office, or gym. Residents also enjoy access to the development’s shared pool and gazebo, along with parking for up to three vehicles. Please contact us for more information: Fitz – 353-3248

About the Region
Maraval Maraval is one of the northern suburbs of Trinidad's capital, Port of Spain, a valley in northern Trinidad in Trinidad and Tobago. It is situated at the bottom of the hills of Paramin and located east of the Diego Martin valley to which it is connected directly by Morne Coco Road, and west of Santa Cruz valley, to which it is connected by Saddle Road. Maraval is considered one of the major high-income residential areas in the country in combination with the Westmoorings, Goodwood Park and Glencoe area, it is home of much of the island's elite, including a number of diplomats. Maraval is sometimes referred to as ""Diego Martin East"". It is home to Trinity College secondary school, St. Andrew's Golf Course and Club in Moka, which is considered to be one of the finest golf courses in the Caribbean that was established in 1891 making it one of the oldest in the world. It arguably provides the best route of access from the capital to the North Coast. Along with Santa Cruz, Maraval is located close to the best beaches on the island, allowing its residents quick access to both leisure activities, as well as downtown business and entertainment. Maraval has branches of the major locally-operating banks, supermarkets, pharmacies, boutiuqes, clothing outlets, catholic schools, churches and parish groups.",Semi Furnished; Gated Compound; Gated Community; Private Pool; Shared Pool; Air Conditioning; Kitchen Appliances; Pantry; Patio; Parking on Compound; Leasehold Land; Pet Friendly; Kid Friendly; Laundry Area/Facility; Walk-in Closets; Water Tank; Water Pump; Water Heater,2026-08-06T23:29:27.423787+00:00
https://mybunchofkeys.com/property/ff-house-for-sale-or-rent-at-savonetta-estate/,Brand New FF House for Sale at Savonetta Estate - My Bunch of Keys,"$3,300,000",BOK-768915,Couva Point Lisas Savonetta,3,3,14500sq.ft.,8,Property Seekers TT,,868-375-7160,https://mybunchofkeys.com/wp-content/uploads/2020/07/prof-PSTT-320x320.jpg,https://mybunchofkeys.com/wp-content/uploads/2024/07/WhatsApp-Image-2024-07-19-at-7.29.56-AM.jpeg,https://mybunchofkeys.com/wp-content/uploads/2024/07/WhatsApp-Image-2024-07-19-at-7.29.56-AM.jpeg; https://mybunchofkeys.com/wp-content/uploads/2024/07/WhatsApp-Image-2024-07-19-at-7.29.56-AM-1.jpeg; https://mybunchofkeys.com/wp-content/uploads/2024/07/WhatsApp-Image-2024-07-19-at-7.29.56-AM-7.jpeg; https://mybunchofkeys.com/wp-content/uploads/2024/07/WhatsApp-Image-2024-07-19-at-7.29.56-AM-8.jpeg; https://mybunchofkeys.com/wp-content/uploads/2024/07/WhatsApp-Image-2024-07-19-at-7.29.56-AM-6.jpeg; https://mybunchofkeys.com/wp-content/uploads/2024/07/WhatsApp-Image-2024-07-19-at-7.29.56-AM-5.jpeg; https://mybunchofkeys.com/wp-content/uploads/2024/07/WhatsApp-Image-2024-07-19-at-7.29.56-AM-9.jpeg; https://mybunchofkeys.com/wp-content/uploads/2024/07/WhatsApp-Image-2024-07-19-at-7.29.56-AM-3-810x1080.jpeg; https://mybunchofkeys.com/wp-content/uploads/2024/07/WhatsApp-Image-2024-07-19-at-7.29.56-AM-2.jpeg; https://mybunchofkeys.com/wp-content/uploads/2024/07/WhatsApp-Image-2024-07-19-at-7.29.56-AM-4-810x1080.jpeg,2026-07-30T18:42:53+00:00,,House,For Sale,"Brand New Home for Sale 📍 Savonetta Estate, Couva Gated Community with 24/7 security and children’s play park This house was recently built on a large corner lot in one of Central Trinidad’s most exclusive and secure neighbourhoods. Its built with quality materials by building experts to ensure longevity, practicality and security. Every wall is re-enforced and all burglar proofing and gates are made with ultra-high strength steel. The House only take up about 15% of the land space so there is plenty of room to expand and create whatever you like on this beautiful property. Ground floor: Open plan layout Living and dining Spacious Kitchen made from imported Canadian Pine 2 car enclosed garage with powder room for entertaining 1st Floor: TV room and dining area 3 spacious en-suite bedrooms with walk-in closets Laundry/kitchen area Additional info: State of the art facial recognition security system Spacious surrounded by greenery Children’s play park less than 1 minute walk Monthly maintenance fee-$700 Land Size: 14,500 sqft Sale: $3,300,000 For more info please call 375-7160

About the Region
Couva For many years, the village was little more than a clearing in a sugarcane field. The population was mainly indentured workers of Indian origin with a smaller number of former African slaves and numbered no more than a few hundred. Couva continued to grow in size with the national census recording a figure of 3,572 persons in 1980. Couva benefits immensely from its unique location. The Sir Solomon Hochoy Highway ensures easy access to Port of Spain and San Fernando, in addition to the neighboring towns of Chaguanas, Arima and Point Fortin. Transportation, Public Service Utilities, Shopping, Recreation and Entertainment, Health Care, Businesses, Schools and Industrial Centres are readily accessible. The urban structure of Couva is similar to that of most towns in Central Trinidad with a mix of residential and commercial activity within the town centre itself, i.e. along the Southern Main Road, recently people have begun buying land and starting their businesses out of the town centre areas. Couva is the administrative and commercial centre of the region and the Point Lisas Port and Industrial Estate falls within the Greater Couva Urban Area. Most popular sites in Couva are now the Brian Lara Stadium where the CPL is held. This attracts many tourists to come sit and watch the exciting cricket matches",Fully Furnished; Move in Ready; Gated Compound; Gated Community; Internet Access; Electricity; Air Conditioning; Kitchen Appliances; Powder Room; Security Patrols; Security Alarms; Security Cameras; Covered Garage; Parking on Compound; Leasehold Land; T&C Approved; Fully Fenced; Pet Friendly; Kid Friendly; Laundry Area/Facility; Accessible; Walk-in Closets,2026-08-06T23:25:09.937820+00:00
https://mybunchofkeys.com/property/santa-cruz-house-for-sale-4/,Spacious Santa Cruz House for Sale - My Bunch of Keys,"$2,800,000",BOK-861242,Santa Cruz,4,3,10814sq.ft.,4,Property Seekers TT,,868-375-7160,https://mybunchofkeys.com/wp-content/uploads/2020/07/prof-PSTT-320x320.jpg,https://mybunchofkeys.com/wp-content/uploads/2025/03/WhatsApp-Image-2025-03-12-at-2.20.40-PM-1.jpeg,https://mybunchofkeys.com/wp-content/uploads/2025/03/WhatsApp-Image-2025-03-12-at-2.20.40-PM-1.jpeg; https://mybunchofkeys.com/wp-content/uploads/2025/03/WhatsApp-Image-2025-03-12-at-2.20.39-PM-5.jpeg; https://mybunchofkeys.com/wp-content/uploads/2025/03/WhatsApp-Image-2025-03-12-at-2.20.40-PM.jpeg; https://mybunchofkeys.com/wp-content/uploads/2025/03/WhatsApp-Image-2025-03-12-at-2.20.39-PM.jpeg; https://mybunchofkeys.com/wp-content/uploads/2025/03/WhatsApp-Image-2025-03-12-at-2.20.39-PM-1-720x1080.jpeg; https://mybunchofkeys.com/wp-content/uploads/2025/03/WhatsApp-Image-2025-03-12-at-2.20.39-PM-2-810x1080.jpeg; https://mybunchofkeys.com/wp-content/uploads/2025/03/WhatsApp-Image-2025-03-12-at-2.20.39-PM-4-810x1080.jpeg; https://mybunchofkeys.com/wp-content/uploads/2025/03/WhatsApp-Image-2025-03-12-at-2.20.39-PM-3-810x1080.jpeg,2026-07-30T18:26:50+00:00,,House,For Sale,"Spacious 4-Bedroom Home in Grace Gardens, Santa Cruz Discover a charming property in the serene and welcoming community of Grace Gardens, Santa Cruz. This spacious 4-bedroom, 3-bath residence, sits on a generous 10,814 sqft lot, offering breathtaking Mountain View’s and ample yard space, perfect for outdoor enthusiasts or families seeking tranquillity. With just a few cosmetic upgrades, you can easily infuse your personal style and make this space your own. Key Features: – Bedrooms: 4 spacious bedrooms – Bathrooms: 3 – Condition: Well-kept ; requires cosmetic upgrades and painting. Built-in Cupboards Fully Tiled – Master Suite: En-suite with a walk-in closet and private balcony. – Balconies: Multiple balconies on both floors for outdoor enjoyment. – Parking: 4+ vehicles – Yard Space: Room for a pool and outdoor activities. Priced at $2.8 million, it’s a fantastic opportunity to create your ideal living space in a beautiful setting. Schedule a viewing today! Open to reasonable offers! @propertyseekerstt Contact : 716-0744 / 375-7160

About the Region
Santa Cruz Santa Cruz is a town in Trinidad and Tobago. It extends across the Santa Cruz Valley, between Maraval and San Juan, along the Saddle Road. It lies between the hills of the Northern Range, a mountain range Santa Cruz is home for a few primary and secondary schools. Some primary schools include the La Pastora Government Primary School, Santa Cruz Presbyterian School, Cantaro Roman Catholic School and Bourg Mulatresse Primary School. San Juan North Secondary School is also situated in the Lower Santa Cruz Valley and it was constructed along the mountain side in Bourg Mulatresse near the Bourg Mulatresse Primary School. There are two postal delivery offices and fuel stations in Bourg Mulatresse and Cantaro. Santa Cruz is also home of a police station and a fire station. The Santa Cruz Fire Station houses the Land Search and Rescue Team, this team responds to all search and rescue calls within the Northern Division dealing with automobile accidents, fire emergencies, North Coast Road mishaps and assisting EMTs in responding to medical emergencies beyond road access.",Unfurnished; Move in Ready; Gated Compound; Internet Access; Air Conditioning; Powder Room; Parking on Compound; Remote Gate; Freehold Land; T&C Approved; Kid Friendly; Office Space; Laundry Area/Facility; Built-in Closets; Water Tank; Water Pump; Water Heater,2026-08-06T23:38:44.984248+00:00
https://mybunchofkeys.com/property/santa-cruz-5-bedroom-3-bath-4-5m/,Santa Cruz Grace Gardens 5 bed 3 bath $4.m - My Bunch of Keys,"$4,000,000",BOK-823998,"Grace Gardens Santa Cruz , Santa Cruz",5,3,3400sq.ft.,4,Todd Butts,Twin Isle Property Consultants,(868) 290-1370,https://mybunchofkeys.com/wp-content/uploads/2025/09/Twin-Isle-Todd-320x320.jpg,https://mybunchofkeys.com/wp-content/uploads/2024/11/3A4606E8-9C17-4EFF-BE50-35FCAC8B7E60.jpeg,https://mybunchofkeys.com/wp-content/uploads/2024/11/D615232A-E891-460E-9AA9-33D7AB664450.jpeg; https://mybunchofkeys.com/wp-content/uploads/2024/11/11752721-B65E-4F7D-8CD5-50C97DFFC65B.jpeg; https://mybunchofkeys.com/wp-content/uploads/2024/11/4375C82D-91E2-4A2A-BB11-9A1273AE322F.jpeg; https://mybunchofkeys.com/wp-content/uploads/2024/11/E39B860E-6748-42F8-B161-51F9256801B2.jpeg; https://mybunchofkeys.com/wp-content/uploads/2024/11/E6EADE52-4888-4A1D-8529-F850A20D9F27.jpeg; https://mybunchofkeys.com/wp-content/uploads/2024/11/15F40A43-F35D-456A-8671-A8935383B274.jpeg; https://mybunchofkeys.com/wp-content/uploads/2024/11/12D63F5F-BDE9-4B0A-B459-F4606AA14BBB.jpeg; https://mybunchofkeys.com/wp-content/uploads/2024/11/B176D0CB-34EB-4558-8E3D-02D3A41220E0.jpeg; https://mybunchofkeys.com/wp-content/uploads/2024/11/7D264CA8-367F-41E8-8F0C-BD6417A4FC5C.jpeg; https://mybunchofkeys.com/wp-content/uploads/2024/11/DAC58415-F055-4218-8C62-7418DAA83DA6.jpeg; https://mybunchofkeys.com/wp-content/uploads/2024/11/CDE39BF7-5910-4090-A129-F3E0BCBFC0EF.jpeg; https://mybunchofkeys.com/wp-content/uploads/2024/11/07D36251-041E-4EAD-8D26-DF92839E5C3B.jpeg; https://mybunchofkeys.com/wp-content/uploads/2024/11/37CAB268-B8E3-4FB2-8C62-16B82B2296AC.jpeg; https://mybunchofkeys.com/wp-content/uploads/2024/11/C7E95EF9-500D-4930-9952-0819C13A4F34.jpeg; https://mybunchofkeys.com/wp-content/uploads/2024/11/EFC7BC1F-CD8D-416E-AFEB-FAA57C6CBB99.jpeg; https://mybunchofkeys.com/wp-content/uploads/2024/11/97D329BF-8BAA-4857-8EB1-E06CD6358CFE.jpeg; https://mybunchofkeys.com/wp-content/uploads/2024/11/FF40F5FB-345A-411A-A2CF-A1F4BEAA10B2.jpeg; https://mybunchofkeys.com/wp-content/uploads/2024/11/0B0DA883-FE75-4A94-9C1F-EF7B4ACDB611.jpeg; https://mybunchofkeys.com/wp-content/uploads/2024/11/08E8DDB7-31C8-46E4-BE8C-8EA8533C9044.jpeg; https://mybunchofkeys.com/wp-content/uploads/2024/11/74FEDF42-4701-401E-9462-64BA121480ED.jpeg; https://mybunchofkeys.com/wp-content/uploads/2024/11/D68DE91C-C90A-4798-B747-06AA8DE92C60.jpeg; https://mybunchofkeys.com/wp-content/uploads/2024/11/60CB7F87-D4AD-43FE-AFF0-270D70614D68.jpeg; https://mybunchofkeys.com/wp-content/uploads/2024/11/1A1F94E6-BEF0-4D47-BF15-EE3A4AA8CBC4.jpeg; https://mybunchofkeys.com/wp-content/uploads/2024/11/CC640149-F911-4C4B-97B4-33B579C6670F.jpeg; https://mybunchofkeys.com/wp-content/uploads/2024/11/384F588A-3BBD-4B21-95F2-3C59FDABC512.jpeg; https://mybunchofkeys.com/wp-content/uploads/2024/11/3A4606E8-9C17-4EFF-BE50-35FCAC8B7E60.jpeg; https://mybunchofkeys.com/wp-content/uploads/2024/11/1B578BCA-B7B4-4CED-BAAA-9937559DA4D0-1440x1080.jpeg,2026-07-30T17:11:53+00:00,,House,For Sale,"Sitting on 11,076 sf land with breath taking views to just relax and admire. Grace Gardens is very family oriented community. Peaceful, quiet and friendly. This home boost of roughly 3400sf living space. 3 bedrooms, 2 bathrooms upstairs with the added bonus of a separate entrance 2bedroom 1 bath apartment on a lower level (Your imagination for its use is limitless). Great open concept of living, dining and entertainment space. And a covered gazebo off the back. Fun Fun Fun For Sale $4m or Rent TT$20,000. Or US$2500 fully furnished

About the Region
Santa Cruz Santa Cruz is a town in Trinidad and Tobago. It extends across the Santa Cruz Valley, between Maraval and San Juan, along the Saddle Road. It lies between the hills of the Northern Range, a mountain range Santa Cruz is home for a few primary and secondary schools. Some primary schools include the La Pastora Government Primary School, Santa Cruz Presbyterian School, Cantaro Roman Catholic School and Bourg Mulatresse Primary School. San Juan North Secondary School is also situated in the Lower Santa Cruz Valley and it was constructed along the mountain side in Bourg Mulatresse near the Bourg Mulatresse Primary School. There are two postal delivery offices and fuel stations in Bourg Mulatresse and Cantaro. Santa Cruz is also home of a police station and a fire station. The Santa Cruz Fire Station houses the Land Search and Rescue Team, this team responds to all search and rescue calls within the Northern Division dealing with automobile accidents, fire emergencies, North Coast Road mishaps and assisting EMTs in responding to medical emergencies beyond road access.",Unfurnished; Move in Ready; Gated Compound; Air Conditioning; Patio; Covered Garage; Parking on Compound; Remote Gate; Freehold Land; Fully Fenced; Pet Friendly; Kid Friendly; Office Space; Laundry Area/Facility; Attic; Annex; Built-in Closets; Water Tank; Water Pump; Water Heater,2026-08-06T23:38:32.816715+00:00
https://mybunchofkeys.com/property/maraval-house-for-sale-2/,Maraval House for Sale - My Bunch of Keys,"$2,200,000",BOK-1049206,Maraval,3,2.5,10000sq.ft.,4,Property Seekers TT,,868-375-7160,https://mybunchofkeys.com/wp-content/uploads/2020/07/prof-PSTT-320x320.jpg,https://mybunchofkeys.com/wp-content/uploads/2026/06/WhatsApp-Image-2026-06-17-at-12.43.53-PM.jpeg,https://mybunchofkeys.com/wp-content/uploads/2026/06/WhatsApp-Image-2026-06-17-at-12.43.53-PM.jpeg; https://mybunchofkeys.com/wp-content/uploads/2026/06/WhatsApp-Image-2026-06-17-at-12.43.27-PM-5.jpeg; https://mybunchofkeys.com/wp-content/uploads/2026/06/WhatsApp-Image-2026-06-17-at-12.43.27-PM-4.jpeg; https://mybunchofkeys.com/wp-content/uploads/2026/06/WhatsApp-Image-2026-06-17-at-12.43.27-PM.jpeg; https://mybunchofkeys.com/wp-content/uploads/2026/06/WhatsApp-Image-2026-06-17-at-12.43.27-PM-2.jpeg; https://mybunchofkeys.com/wp-content/uploads/2026/06/WhatsApp-Image-2026-06-17-at-12.43.26-PM-2.jpeg; https://mybunchofkeys.com/wp-content/uploads/2026/06/WhatsApp-Image-2026-06-17-at-12.43.26-PM.jpeg; https://mybunchofkeys.com/wp-content/uploads/2026/06/WhatsApp-Image-2026-06-17-at-12.43.27-PM-1-810x1080.jpeg; https://mybunchofkeys.com/wp-content/uploads/2026/06/WhatsApp-Image-2026-06-17-at-12.43.36-PM.jpeg; https://mybunchofkeys.com/wp-content/uploads/2026/06/WhatsApp-Image-2026-06-17-at-12.43.26-PM-3-810x1080.jpeg; https://mybunchofkeys.com/wp-content/uploads/2026/06/WhatsApp-Image-2026-06-17-at-12.43.26-PM-1.jpeg; https://mybunchofkeys.com/wp-content/uploads/2026/06/WhatsApp-Image-2026-06-17-at-12.43.27-PM-3.jpeg,2026-07-30T17:10:46+00:00,,House,For Sale,"Maraval House for Sale 📍Saut D’eau Road, Maraval 10,006 sqft Freehold Land Configuration: 1st floor Spacious 3 bedroom 2.5 bathroom home with a large open plan living and dining area with a modern kitchen made of teak. The master bedroom is en-suite with a walk-in closet and a private porch. There is also a porch to the front of the house overlooking the driveway and looking unto the beautiful Paramin Hills. Ground Floor Open space with plans to build 2 spacious apartments, a 2 bedroom and a 1 bedroom. There is also some left over material being included for this project. Exterior: Driveway with parking for at least 4 cars. Sloping back yard where you’d find lots of chives and a variety of bearing fruit trees like Sapodilla, Lemon, Lime, Green Fig, Avocado, Mandarin, Coconut, Bayleaf and more. Asking Price is $2.2M Please call or message 375-7160 for more info!!

About the Region
Maraval Maraval is one of the northern suburbs of Trinidad's capital, Port of Spain, a valley in northern Trinidad in Trinidad and Tobago. It is situated at the bottom of the hills of Paramin and located east of the Diego Martin valley to which it is connected directly by Morne Coco Road, and west of Santa Cruz valley, to which it is connected by Saddle Road. Maraval is considered one of the major high-income residential areas in the country in combination with the Westmoorings, Goodwood Park and Glencoe area, it is home of much of the island's elite, including a number of diplomats. Maraval is sometimes referred to as ""Diego Martin East"". It is home to Trinity College secondary school, St. Andrew's Golf Course and Club in Moka, which is considered to be one of the finest golf courses in the Caribbean that was established in 1891 making it one of the oldest in the world. It arguably provides the best route of access from the capital to the North Coast. Along with Santa Cruz, Maraval is located close to the best beaches on the island, allowing its residents quick access to both leisure activities, as well as downtown business and entertainment. Maraval has branches of the major locally-operating banks, supermarkets, pharmacies, boutiuqes, clothing outlets, catholic schools, churches and parish groups.",Unfurnished; Move in Ready; Internet Access; Electricity; Air Conditioning; Pantry; Powder Room; Patio; Parking on Compound; Freehold Land; T&C Approved; Pet Friendly; Kid Friendly; Office Space; Laundry Area/Facility; Accessible; Built-in Closets; Walk-in Closets; Water Tank; Water Pump; Water Heater,2026-08-06T23:34:54.695297+00:00
https://mybunchofkeys.com/property/block-8-palmiste-home-for-sale-tt3-25m/,Block 8 Palmiste - Home for Sale - TT$3.25M - My Bunch of Keys,"$3,250,000",BOK-756475,Hermitage La Romain Palmiste Phillipine,3,4,6500sq.ft.,2,Kira Ragbirsingh,Twin Isle Property Consultants,(868) 490-7723,https://mybunchofkeys.com/wp-content/uploads/2025/09/Twin-Isle-Kira-320x320.jpg,https://mybunchofkeys.com/wp-content/uploads/2024/06/WhatsApp-Image-2024-06-20-at-10.57.52-AM-8.jpeg,https://mybunchofkeys.com/wp-content/uploads/2024/06/WhatsApp-Image-2024-06-20-at-10.57.52-AM-9.jpeg; https://mybunchofkeys.com/wp-content/uploads/2024/06/WhatsApp-Image-2024-06-20-at-10.57.52-AM-8.jpeg; https://mybunchofkeys.com/wp-content/uploads/2024/06/WhatsApp-Image-2024-06-20-at-10.57.52-AM-1.jpeg; https://mybunchofkeys.com/wp-content/uploads/2024/06/WhatsApp-Image-2024-06-20-at-10.57.52-AM-7.jpeg; https://mybunchofkeys.com/wp-content/uploads/2024/06/WhatsApp-Image-2024-06-20-at-10.57.51-AM.jpeg; https://mybunchofkeys.com/wp-content/uploads/2024/06/WhatsApp-Image-2024-06-20-at-10.57.52-AM-12.jpeg; https://mybunchofkeys.com/wp-content/uploads/2024/06/WhatsApp-Image-2024-06-20-at-10.57.52-AM-13.jpeg; https://mybunchofkeys.com/wp-content/uploads/2024/06/WhatsApp-Image-2024-06-20-at-10.57.52-AM-11.jpeg; https://mybunchofkeys.com/wp-content/uploads/2024/06/WhatsApp-Image-2024-06-20-at-10.57.52-AM-3-810x1080.jpeg; https://mybunchofkeys.com/wp-content/uploads/2024/06/WhatsApp-Image-2024-06-20-at-10.57.52-AM-4-810x1080.jpeg; https://mybunchofkeys.com/wp-content/uploads/2024/06/WhatsApp-Image-2024-06-20-at-10.57.52-AM-17-810x1080.jpeg; https://mybunchofkeys.com/wp-content/uploads/2024/06/WhatsApp-Image-2024-06-20-at-10.57.52-AM-14-810x1080.jpeg; https://mybunchofkeys.com/wp-content/uploads/2024/06/WhatsApp-Image-2024-06-20-at-10.57.52-AM-6.jpeg; https://mybunchofkeys.com/wp-content/uploads/2024/06/WhatsApp-Image-2024-06-20-at-10.57.52-AM-15-810x1080.jpeg; https://mybunchofkeys.com/wp-content/uploads/2024/06/WhatsApp-Image-2024-06-20-at-10.57.52-AM-16-810x1080.jpeg; https://mybunchofkeys.com/wp-content/uploads/2024/06/WhatsApp-Image-2024-06-20-at-10.57.52-AM-2-810x1080.jpeg; https://mybunchofkeys.com/wp-content/uploads/2024/06/WhatsApp-Image-2024-06-20-at-10.57.52-AM-10.jpeg; https://mybunchofkeys.com/wp-content/uploads/2024/06/WhatsApp-Image-2024-06-20-at-10.57.52-AM-810x1080.jpeg,2026-07-30T15:48:46+00:00,,House,For Sale,"Block 8 Palmiste – Home for Sale – TT$3.25M Modern Home for Sale in Block 8, Palmiste We are thrilled to present this stunning, modern home for sale in the highly sought after neighborhood of Palmiste. This exquisite property offers a perfect blend of contemporary design and functional living spaces, making it an ideal choice for discerning buyers. With 2600 square feet of living space, this layout was thoughtfully designed, maximizing both space and functionality. The modern kitchen is perfect for culinary enthusiasts, while the open-plan living and dining areas provide an ideal setting for entertaining and family gatherings. The primary bedroom features a huge bathroom, and a walk-in closet. Situated on a generous 6500 square foot plot, this property offers ample outdoor space for gardening, relaxation, or even future expansion. Block 8, Palmiste, is known for its tranquil environment and upscale living. The neighborhood offers a perfect balance of serenity and convenience, with easy access to essential amenities such as schools, shopping centers, and recreational facilities. Home Features: Bedrooms: 3 spacious, fully-contained bedrooms, each featuring an en-suite bathroom and walk-in closet. Perfect for privacy and comfort. Powder Room: Conveniently located for guests. Laundry Room: A dedicated space for all your laundry needs. Fully Air-Conditioned: Ensuring comfort throughout the year. Modern Lighting Fixtures: Elegant and contemporary lighting throughout the home enhances the ambiance and style. Garage: A 2-vehicle covered garage providing secure parking and storage space. Contact Kira at 490 7723 for further details

About the Region
Hermitage Hermitage is a village located in La Romaine on the South Western region on Trinidad. This area is known as a residential area where daily activities are done using the small businesses that this community has to offer. Major activities required by citizens are done in Gulf View, Marabella, La Romaine and environs.",Move in Ready; Air Conditioning; Powder Room; Patio; Covered Garage; Parking on Compound; Remote Gate; Freehold Land; T&C Approved; Fully Fenced; Pet Friendly; Kid Friendly; Laundry Area/Facility; Accessible; Built-in Closets; Walk-in Closets; Water Tank; Water Pump,2026-08-06T23:21:36.830062+00:00
https://mybunchofkeys.com/property/preysal-home-for-sale-tt2m/,Preysal - Home for Sale - TT$2M - My Bunch of Keys,"$2,000,000",BOK-917367,Couva Preysal,3,2,10000sq.ft.,4,Kira Ragbirsingh,Twin Isle Property Consultants,(868) 490-7723,https://mybunchofkeys.com/wp-content/uploads/2025/09/Twin-Isle-Kira-320x320.jpg,https://mybunchofkeys.com/wp-content/uploads/2025/07/WhatsApp-Image-2025-07-29-at-11.06.51-AM-1.jpeg,https://mybunchofkeys.com/wp-content/uploads/2025/07/WhatsApp-Image-2025-07-29-at-11.06.51-AM-1.jpeg; https://mybunchofkeys.com/wp-content/uploads/2025/07/WhatsApp-Image-2025-07-29-at-11.06.40-AM-810x1080.jpeg; https://mybunchofkeys.com/wp-content/uploads/2025/07/WhatsApp-Image-2025-07-29-at-11.13.43-AM-10.jpeg; https://mybunchofkeys.com/wp-content/uploads/2025/07/WhatsApp-Image-2025-07-29-at-11.13.43-AM-11.jpeg; https://mybunchofkeys.com/wp-content/uploads/2025/07/WhatsApp-Image-2025-07-29-at-11.13.43-AM-9-810x1080.jpeg; https://mybunchofkeys.com/wp-content/uploads/2025/07/WhatsApp-Image-2025-07-29-at-11.13.43-AM-7.jpeg; https://mybunchofkeys.com/wp-content/uploads/2025/07/WhatsApp-Image-2025-07-29-at-11.13.43-AM-8.jpeg,2026-07-30T15:48:44+00:00,,House,For Sale,"Preysal – Home for Sale – TT$2M 🏡 Home for Sale – Preysal Asking Price: TT$2,000,000 Land Size: 10,000 sq. ft. (Freehold) Fresh on the Market! This charming single-storey home offers comfort, convenience, and space in the peaceful community of Preysal . Situated on a generous freehold lot, the property features a majestic driveway and is ideal for families or those looking to settle in a quiet, residential area. 🗝️ Property Features: 3 Bedrooms 2 Bathrooms One-storey layout Spacious 10,000 sq. ft. lot Beautiful driveway with curb appeal This is a great opportunity to own a well-positioned home with plenty of potential. 📞 Contact Kira at (868) 490-7723 for more information or to schedule a viewing.

About the Region
Couva For many years, the village was little more than a clearing in a sugarcane field. The population was mainly indentured workers of Indian origin with a smaller number of former African slaves and numbered no more than a few hundred. Couva continued to grow in size with the national census recording a figure of 3,572 persons in 1980. Couva benefits immensely from its unique location. The Sir Solomon Hochoy Highway ensures easy access to Port of Spain and San Fernando, in addition to the neighboring towns of Chaguanas, Arima and Point Fortin. Transportation, Public Service Utilities, Shopping, Recreation and Entertainment, Health Care, Businesses, Schools and Industrial Centres are readily accessible. The urban structure of Couva is similar to that of most towns in Central Trinidad with a mix of residential and commercial activity within the town centre itself, i.e. along the Southern Main Road, recently people have begun buying land and starting their businesses out of the town centre areas. Couva is the administrative and commercial centre of the region and the Point Lisas Port and Industrial Estate falls within the Greater Couva Urban Area. Most popular sites in Couva are now the Brian Lara Stadium where the CPL is held. This attracts many tourists to come sit and watch the exciting cricket matches",Freehold Land,2026-08-06T23:37:23.048667+00:00
https://mybunchofkeys.com/property/seepaul-boulevard-la-romaine-home-for-sale-3-15m/,"Seepaul Boulevard, La Romaine- Home for Sale - $3.65M - My Bunch of Keys","$3,650,000",BOK-756417,La Romain Palmiste San Fernando,4,5,9691sq.ft.,4,Kira Ragbirsingh,Twin Isle Property Consultants,(868) 490-7723,https://mybunchofkeys.com/wp-content/uploads/2025/09/Twin-Isle-Kira-320x320.jpg,https://mybunchofkeys.com/wp-content/uploads/2024/08/WhatsApp-Image-2024-08-28-at-4.41.17-PM-22-1.jpeg,https://mybunchofkeys.com/wp-content/uploads/2024/08/WhatsApp-Image-2024-08-28-at-4.41.17-PM-22-1.jpeg; https://mybunchofkeys.com/wp-content/uploads/2024/08/WhatsApp-Image-2024-08-28-at-4.41.17-PM-22-810x1080.jpeg; https://mybunchofkeys.com/wp-content/uploads/2024/08/WhatsApp-Image-2024-08-28-at-4.41.17-PM-21-810x1080.jpeg; https://mybunchofkeys.com/wp-content/uploads/2024/08/WhatsApp-Image-2024-08-28-at-4.41.16-PM-1-810x1080.jpeg; https://mybunchofkeys.com/wp-content/uploads/2024/08/WhatsApp-Image-2024-08-28-at-4.41.17-PM-5-810x1080.jpeg; https://mybunchofkeys.com/wp-content/uploads/2024/08/WhatsApp-Image-2024-08-28-at-4.41.17-PM-19-810x1080.jpeg; https://mybunchofkeys.com/wp-content/uploads/2024/08/WhatsApp-Image-2024-08-28-at-4.41.17-PM-20-810x1080.jpeg; https://mybunchofkeys.com/wp-content/uploads/2024/08/WhatsApp-Image-2024-08-28-at-4.41.17-PM-3-810x1080.jpeg; https://mybunchofkeys.com/wp-content/uploads/2024/08/WhatsApp-Image-2024-08-28-at-4.41.17-PM-4-810x1080.jpeg; https://mybunchofkeys.com/wp-content/uploads/2024/08/WhatsApp-Image-2024-08-28-at-4.41.17-PM-23-810x1080.jpeg; https://mybunchofkeys.com/wp-content/uploads/2024/08/WhatsApp-Image-2024-08-28-at-4.41.17-PM-6-810x1080.jpeg; https://mybunchofkeys.com/wp-content/uploads/2024/08/WhatsApp-Image-2024-08-28-at-4.41.17-PM-7-810x1080.jpeg; https://mybunchofkeys.com/wp-content/uploads/2024/08/WhatsApp-Image-2024-08-28-at-4.41.17-PM-24.jpeg; https://mybunchofkeys.com/wp-content/uploads/2024/08/WhatsApp-Image-2024-08-28-at-4.41.17-PM-13-810x1080.jpeg; https://mybunchofkeys.com/wp-content/uploads/2024/08/WhatsApp-Image-2024-08-28-at-4.41.17-PM-10-810x1080.jpeg; https://mybunchofkeys.com/wp-content/uploads/2024/08/WhatsApp-Image-2024-08-28-at-4.41.17-PM-11-810x1080.jpeg; https://mybunchofkeys.com/wp-content/uploads/2024/08/WhatsApp-Image-2024-08-28-at-4.41.17-PM-14-810x1080.jpeg; https://mybunchofkeys.com/wp-content/uploads/2024/08/WhatsApp-Image-2024-08-28-at-4.41.17-PM-9-810x1080.jpeg; https://mybunchofkeys.com/wp-content/uploads/2024/08/WhatsApp-Image-2024-08-28-at-4.41.17-PM-15-810x1080.jpeg; https://mybunchofkeys.com/wp-content/uploads/2024/08/WhatsApp-Image-2024-08-28-at-4.41.17-PM-12-810x1080.jpeg; https://mybunchofkeys.com/wp-content/uploads/2024/08/WhatsApp-Image-2024-08-28-at-4.41.17-PM-16-810x1080.jpeg; https://mybunchofkeys.com/wp-content/uploads/2024/08/WhatsApp-Image-2024-08-28-at-4.41.17-PM-17-810x1080.jpeg; https://mybunchofkeys.com/wp-content/uploads/2024/08/WhatsApp-Image-2024-08-28-at-4.41.17-PM-18-810x1080.jpeg; https://mybunchofkeys.com/wp-content/uploads/2024/08/4-14-1580x1080.jpg; https://mybunchofkeys.com/wp-content/uploads/2024/08/6-12-810x1080.jpg; https://mybunchofkeys.com/wp-content/uploads/2024/08/3-15-1440x1080.jpg; https://mybunchofkeys.com/wp-content/uploads/2024/08/1-15-1440x1080.jpg; https://mybunchofkeys.com/wp-content/uploads/2024/08/5-14-1440x1080.jpg; https://mybunchofkeys.com/wp-content/uploads/2024/08/WhatsApp-Image-2024-09-16-at-12.38.19-PM.jpeg,2026-07-30T14:30:00+00:00,,House,For Sale,"🏡 Modern Home – Under Construction

About the Region
La Romain La Romain is located along the South Truck Road and Southern Main Road in the South West region of Trinidad. It is known as a residential area, the community also has a high school, a primary school, small businesses, a conference centre, puja shops etc. Located in La Romain is Dansteel Limited, Dyna Plas Limited, Pennywise Cosmetics Limited which contributes to employment of residents.",Semi Furnished; Move in Ready; Air Conditioning; Powder Room; Patio; Covered Garage; Parking on Compound; Freehold Land; T&C Approved; Fully Fenced; Pet Friendly; Kid Friendly; Laundry Area/Facility; Built-in Closets; Walk-in Closets; Water Tank; Water Pump,2026-08-06T23:39:01.752486+00:00
https://mybunchofkeys.com/property/el-dorado-house-for-sale-2/,El Dorado House for Sale - My Bunch of Keys,"$1,850,000",BOK-1049556,El Dorado,3,2,6000sq.ft.,,Property Seekers TT,,868-375-7160,https://mybunchofkeys.com/wp-content/uploads/2020/07/prof-PSTT-320x320.jpg,https://mybunchofkeys.com/wp-content/uploads/2026/06/WhatsApp-Image-2026-06-18-at-10.04.58-AM-3.jpeg,https://mybunchofkeys.com/wp-content/uploads/2026/06/WhatsApp-Image-2026-06-18-at-10.04.58-AM-3.jpeg; https://mybunchofkeys.com/wp-content/uploads/2026/06/WhatsApp-Image-2026-06-18-at-10.05.02-AM.jpeg; https://mybunchofkeys.com/wp-content/uploads/2026/06/WhatsApp-Image-2026-06-18-at-10.04.58-AM-1-815x1080.jpeg; https://mybunchofkeys.com/wp-content/uploads/2026/06/WhatsApp-Image-2026-06-18-at-10.04.58-AM-4.jpeg; https://mybunchofkeys.com/wp-content/uploads/2026/06/WhatsApp-Image-2026-06-18-at-10.04.58-AM-812x1080.jpeg; https://mybunchofkeys.com/wp-content/uploads/2026/06/WhatsApp-Image-2026-06-18-at-10.04.59-AM-1-815x1080.jpeg; https://mybunchofkeys.com/wp-content/uploads/2026/06/WhatsApp-Image-2026-06-18-at-10.05.01-AM-813x1080.jpeg; https://mybunchofkeys.com/wp-content/uploads/2026/06/WhatsApp-Image-2026-06-18-at-10.05.01-AM-1.jpeg; https://mybunchofkeys.com/wp-content/uploads/2026/06/WhatsApp-Image-2026-06-18-at-10.05.00-AM-1-815x1080.jpeg,2026-07-30T14:27:42+00:00,,House,For Sale,"El Dorado House For Sale Located in a quiet cul-de-sac just off Pentecostal Road , this freehold property offers generous living space and great potential for upgrades or personal touches. ✨ Property Features: * 3 Bedrooms • 2 Bathrooms • Spacious Kitchen • Living & Dining Room • Laundry Room • Green space 📏 3,061 sq.ft House 🌿 6,000 sq.ft Freehold Land Convenient location close to Hillview College, the Eastern Main Road, essential amenities, and easy access to transportation. A solid investment with plenty potential to make it your own. TT$1.85M Contact : 1-868-716-0744 for more information #propertyseekerstt #houseforsale #realestate #trinidadandtobago

About the Region
El Dorado El Dorado is considered both residential and commercial area and is split into North and South by the Priority Bus Route, with South being the commercial district. North provides Secondary and Primary schools and newly developed housing schemes which are privately owned. This area has groceries and many small businesses alongside the Eastern Main Road (EMR) which provides services to the community. The centralized Constantine park provides use for sporting activities and exercising. South functions around Industrial and manufacturing type businesses however there are residence living amongst this activity. This main carriageway located in El Dorado South can divert you to the Churchill Roosevelt Highway where you can find Massy Stores, Popeyes, Service Station etc. El Dorado is protected by the Tunapuna police and Fire services. Many residence who require a wider array of services will usually commute to Tunapuna as this area acts as the main hub for shopping, cinema, or purchasing a wide array of goods offered form the well-known Tunapuna Market.",Unfurnished; Gated Compound; Internet Access; Electricity; Patio; Parking on Compound; Freehold Land; T&C Approved; Fully Fenced; Pet Friendly; Kid Friendly; Office Space; Laundry Area/Facility; Built-in Closets; Water Tank; Water Pump; Water Heater,2026-08-06T23:23:48.225821+00:00
https://mybunchofkeys.com/property/cascade-wellsprings/,CASCADE -WELLSPRINGS. REDUCED! - My Bunch of Keys,"$4,999,000",BOK-1032113,"Wellsprings, Cascade",10,6,14000sq.ft.,4,Plimmer Real Estate,,(868) 632-7653,https://mybunchofkeys.com/wp-content/uploads/2026/07/Plimmer-Logo-cropped-320x320.jpg,https://mybunchofkeys.com/wp-content/uploads/2026/05/IMG_3099.jpg,https://mybunchofkeys.com/wp-content/uploads/2026/05/IMG_3099.jpg; https://mybunchofkeys.com/wp-content/uploads/2026/05/IMG_3099-1440x1080.jpg; https://mybunchofkeys.com/wp-content/uploads/2026/05/20260430_105652_resized-1918x1080.jpg; https://mybunchofkeys.com/wp-content/uploads/2026/05/20260430_105522_resized-608x1080.jpg; https://mybunchofkeys.com/wp-content/uploads/2026/05/20260430_105748_resized-608x1080.jpg; https://mybunchofkeys.com/wp-content/uploads/2026/05/20260430_104442_resized-1918x1080.jpg; https://mybunchofkeys.com/wp-content/uploads/2026/05/20260430_104450_resized-1918x1080.jpg; https://mybunchofkeys.com/wp-content/uploads/2026/05/20260430_105613_resized-1918x1080.jpg; https://mybunchofkeys.com/wp-content/uploads/2026/05/20260430_110042_resized-1918x1080.jpg; https://mybunchofkeys.com/wp-content/uploads/2026/05/20260430_110030_resized-1918x1080.jpg; https://mybunchofkeys.com/wp-content/uploads/2026/05/20260430_105021_resized-1918x1080.jpg; https://mybunchofkeys.com/wp-content/uploads/2026/05/20260430_110103_resized-1918x1080.jpg; https://mybunchofkeys.com/wp-content/uploads/2026/05/20260430_110219_resized-1918x1080.jpg; https://mybunchofkeys.com/wp-content/uploads/2026/05/20260430_105101_resized-1918x1080.jpg; https://mybunchofkeys.com/wp-content/uploads/2026/05/IMG_7887-810x1080.jpeg; https://mybunchofkeys.com/wp-content/uploads/2026/05/IMG_7885-1440x1080.jpeg; https://mybunchofkeys.com/wp-content/uploads/2026/05/20260430_104526_resized-1918x1080.jpg; https://mybunchofkeys.com/wp-content/uploads/2026/05/20260430_104410_resized-1918x1080.jpg; https://mybunchofkeys.com/wp-content/uploads/2026/05/20260430_105247_resized-1918x1080.jpg; https://mybunchofkeys.com/wp-content/uploads/2026/05/20260430_104533_resized-1918x1080.jpg; https://mybunchofkeys.com/wp-content/uploads/2026/05/20260430_104805_resized-1918x1080.jpg; https://mybunchofkeys.com/wp-content/uploads/2026/05/20260430_104826_resized-608x1080.jpg; https://mybunchofkeys.com/wp-content/uploads/2026/05/20260430_104914_resized-1918x1080.jpg; https://mybunchofkeys.com/wp-content/uploads/2026/05/20260430_104951_resized-1918x1080.jpg,2026-07-30T13:16:07+00:00,,House,For Sale,"UNIQUE SCENIC PROPERTY – A TRUE TROPICAL PARADISE

About the Region
Cascade Cascade is located on the North Western region of Trinidad and is known as part of St. Ann’s. Cascade has the well-known Cascadia Hotel and Conference Centre. Club Coconuts located in Casacde was regularly visited by many for its, UWI nights, Friday and Saturday clubbing and Sunday’s Reagge nights. Mostly a residential area, it provides some necessities from groceries, food, guest houses etc. Gorgeous views are visual as this region is located on the hills. The residents are mostly traditional in specific parts of Cascade.",Semi Furnished; Gated Compound; Gated Community; Private Pool; Air Conditioning; Kitchen Appliances; Kitchen Island; Powder Room; Patio; Covered Garage; Remote Gate; Fully Fenced; Pet Friendly; Kid Friendly; Laundry Area/Facility; Built-in Closets; Water Tank; Water Pump; Water Heater,2026-08-06T23:22:19.333110+00:00
https://mybunchofkeys.com/property/executive-modern-trincity-house-fairways-greens-gated-community/,Executive Modern Trincity House - Fairways Greens- Gated Community - My Bunch of Keys,"$5,800,000",BOK-444784,Trincity,4,3,6000sq.ft.,3,Gina Maria Pinheiro,Pinheiro Realty Services,(868) 620-6310,https://mybunchofkeys.com/wp-content/uploads/2018/06/Gina-Maria-Pinheiro-320x320.jpg,https://mybunchofkeys.com/wp-content/uploads/2022/04/front-view.jpeg,https://mybunchofkeys.com/wp-content/uploads/2022/04/front-view.jpeg; https://mybunchofkeys.com/wp-content/uploads/2022/04/entrance-door-1-1440x1080.jpeg; https://mybunchofkeys.com/wp-content/uploads/2022/04/front-view-1440x1080.jpeg; https://mybunchofkeys.com/wp-content/uploads/2022/04/driveway-1440x1080.jpeg; https://mybunchofkeys.com/wp-content/uploads/2022/04/living-room-1440x1080.jpeg; https://mybunchofkeys.com/wp-content/uploads/2022/04/kitchen-4-1440x1080.jpeg; https://mybunchofkeys.com/wp-content/uploads/2022/04/dining-room-1440x1080.jpeg; https://mybunchofkeys.com/wp-content/uploads/2022/04/laundry-1440x1080.jpeg; https://mybunchofkeys.com/wp-content/uploads/2022/04/backyard-1440x1080.jpeg; https://mybunchofkeys.com/wp-content/uploads/2022/04/backyard-2-1440x1080.jpeg; https://mybunchofkeys.com/wp-content/uploads/2022/04/powder-room-1440x1080.jpeg; https://mybunchofkeys.com/wp-content/uploads/2022/04/patio-1440x1080.jpeg; https://mybunchofkeys.com/wp-content/uploads/2022/04/stairs-1440x1080.jpeg; https://mybunchofkeys.com/wp-content/uploads/2022/04/top-patio-1440x1080.jpeg; https://mybunchofkeys.com/wp-content/uploads/2022/04/corridor-1440x1080.jpeg; https://mybunchofkeys.com/wp-content/uploads/2022/04/bedroom4-1-1440x1080.jpeg; https://mybunchofkeys.com/wp-content/uploads/2022/04/bedroom3-1440x1080.jpeg; https://mybunchofkeys.com/wp-content/uploads/2022/04/bathroom1-1440x1080.jpeg; https://mybunchofkeys.com/wp-content/uploads/2022/04/bedroom2-1440x1080.jpeg; https://mybunchofkeys.com/wp-content/uploads/2022/04/bathroom2-1440x1080.jpeg; https://mybunchofkeys.com/wp-content/uploads/2022/04/walk-in-closet-1-1440x1080.jpeg; https://mybunchofkeys.com/wp-content/uploads/2022/04/master-bath-1-1440x1080.jpeg; https://mybunchofkeys.com/wp-content/uploads/2022/04/master-bedroom-1-1440x1080.jpeg; https://mybunchofkeys.com/wp-content/uploads/2022/04/foyer-1440x1080.jpeg; https://mybunchofkeys.com/wp-content/uploads/2022/04/stairway-down-1440x1080.jpeg,2026-07-30T13:00:10+00:00,,House,For Sale,"FAIRWAYS GREENS , TRINCITY Executive Modern Home- $5.8M negotiable Contemporary house in the prestigious Fairway Greens community, adjacent to the beautiful Millennium Vision Golf Course. 4 bedrooms, 3 1/2 bathrooms with modern architecture and a custom kitchen. Designed by a well-established English architect, the home is for a truly discerning buyer. 5 minutes from Piarco Airport and 2 minutes from Trincity Mall, the new Trincity Village Mall and Super Pharm. 7000 sq ft land Aprox 3600 sq ft home

About the Region
Trincity Trincity is a planned community in northern Trinidad. It is located along the East–West Corridor south of Tunapuna and north of Piarco. Trincity was developed by Home Construction Limited. In recent years Trincity has been one of the major growth areas in Trinidad and Tobago. Trincity Mall has been substantially enlarged, to a total of 2 million square feet making it the largest contiguous mall in the Caribbean. Trincity Mall’s anchor tenants include Caribbean Cinemas (eight-screen cineplex), Radio Shack, Francis Fashions, Tru Valu Grand Market, Pennywise Superstore just to name a few. Construction of an office park, three gated communities and a PGA golf course have been completed. Banks are located in both Trincity Mall, HB Legacy Centre and surroundings for easy business transactions. Restaurants, bars, schools and pharmacies can also be found in Trincity.",Semi Furnished; Move in Ready; Gated Community; Air Conditioning; Kitchen Appliances; Covered Garage; Parking on Compound; Leasehold Land; T&C Approved; Pet Friendly; Kid Friendly; Laundry Area/Facility; Accessible; Built-in Closets; Walk-in Closets,2026-08-06T23:24:34.350926+00:00
https://mybunchofkeys.com/property/house-for-sale-in-glencoe-7/,House For Sale In Glencoe - My Bunch of Keys,"$6,100,000",BOK-1065095,Glencoe,7,5,3735sq.ft.,2,Derek Daniel,Terra Caribbean,(868) 369-4040,https://mybunchofkeys.com/wp-content/uploads/2026/04/Derek-Daniel-320x320.jpg,https://mybunchofkeys.com/wp-content/uploads/2026/07/a-10.jpeg,https://mybunchofkeys.com/wp-content/uploads/2026/07/a-10.jpeg; https://mybunchofkeys.com/wp-content/uploads/2026/07/a-12-1440x1080.jpeg; https://mybunchofkeys.com/wp-content/uploads/2026/07/b-12-1440x1080.jpeg; https://mybunchofkeys.com/wp-content/uploads/2026/07/c-13-1440x1080.jpeg; https://mybunchofkeys.com/wp-content/uploads/2026/07/d-13-1440x1080.jpeg; https://mybunchofkeys.com/wp-content/uploads/2026/07/e-12-1440x1080.jpeg; https://mybunchofkeys.com/wp-content/uploads/2026/07/f-15-1440x1080.jpg; https://mybunchofkeys.com/wp-content/uploads/2026/07/g-12-1440x1080.jpeg; https://mybunchofkeys.com/wp-content/uploads/2026/07/h-12-1440x1080.jpeg; https://mybunchofkeys.com/wp-content/uploads/2026/07/i-12-1440x1080.jpeg; https://mybunchofkeys.com/wp-content/uploads/2026/07/j-9-1440x1080.jpeg; https://mybunchofkeys.com/wp-content/uploads/2026/07/k-8-1440x1080.jpg; https://mybunchofkeys.com/wp-content/uploads/2026/07/l-9-1440x1080.jpeg; https://mybunchofkeys.com/wp-content/uploads/2026/07/m-8-1440x1080.jpeg; https://mybunchofkeys.com/wp-content/uploads/2026/07/n-8-1440x1080.jpeg; https://mybunchofkeys.com/wp-content/uploads/2026/07/o-7-1440x1080.jpeg; https://mybunchofkeys.com/wp-content/uploads/2026/07/p-7-1440x1080.jpeg,2026-07-30T12:37:11+00:00,,House,For Sale,"If you have a large family and love entertaining this Newbury Hill home is your next home. The property features a 4-bedroom 3 bathroom in the main residence and a private self-contained 3 bedroom, 2 bathroom annex, offering the ideal accommodation for extended family, guests, or even rental. The 600 sq ft porch offers magnificent views of the Gulf of Paria and is accessible from both the kitchen and living room areas. The kitchen is large with an island that can seat up to 10 persons, perfect for entertaining while serving up that special meal. The property’s convenient location offers easy access to groceries, shopping, banking, bakery and so much more. TT30033

About the Region
Glencoe Glencoe is located in the region of Diego Martin in Trinidad and Tobago. This area is mostly residential, however, there are businesses that supply services to its community and environs.",Unfurnished; Air Conditioning; Parking on Compound; Pet Friendly; Walk-in Closets; Water Tank; Water Pump,2026-08-06T23:32:34.883535+00:00
https://mybunchofkeys.com/property/house-for-sale-haleland-park-maraval/,"House for SALE, Haleland Park, Maraval - My Bunch of Keys","$6,000,000",BOK-1017365,Haleland Park Hillsboro Maraval,4,4,,4,Gianella Samaroo Real Estate Services,,(868) 772-7945,https://mybunchofkeys.com/wp-content/uploads/2025/04/Gianella-Samaroo-Logo-320x320.jpg,https://mybunchofkeys.com/wp-content/uploads/2026/04/IMG_6766.jpeg,https://mybunchofkeys.com/wp-content/uploads/2026/04/IMG_6766.jpeg; https://mybunchofkeys.com/wp-content/uploads/2026/04/IMG_6786-1440x1080.jpeg; https://mybunchofkeys.com/wp-content/uploads/2026/04/IMG_6766-1440x1080.jpeg; https://mybunchofkeys.com/wp-content/uploads/2026/04/IMG_6767-1440x1080.jpeg; https://mybunchofkeys.com/wp-content/uploads/2026/04/IMG_6768-1440x1080.jpeg; https://mybunchofkeys.com/wp-content/uploads/2026/04/IMG_6769-1440x1080.jpeg; https://mybunchofkeys.com/wp-content/uploads/2026/04/IMG_6770-1440x1080.jpeg; https://mybunchofkeys.com/wp-content/uploads/2026/04/IMG_6771-1440x1080.jpeg; https://mybunchofkeys.com/wp-content/uploads/2026/04/IMG_6772-1440x1080.jpeg; https://mybunchofkeys.com/wp-content/uploads/2026/04/IMG_6773-1440x1080.jpeg; https://mybunchofkeys.com/wp-content/uploads/2026/04/IMG_6776-1440x1080.jpeg; https://mybunchofkeys.com/wp-content/uploads/2026/04/IMG_6775-1440x1080.jpeg; https://mybunchofkeys.com/wp-content/uploads/2026/04/IMG_6779-1440x1080.jpeg; https://mybunchofkeys.com/wp-content/uploads/2026/04/IMG_6784-1-1440x1080.jpeg,2026-07-30T12:00:50+00:00,,House,For Sale,"🌿✨ Dream Home for Sale – Peace, Privacy & Refined Living ✨🌿 Welcome to this beautifully upgraded and extended 4-bedroom home , where every bedroom features its own private ensuite bathroom (4 full baths total) – designed for comfort and effortless living. This impressive, single-level property offers: 🏡 A massive main kitchen + a second kitchen 🛋️ Expansive living and dining areas perfect for entertaining 🍽️ Indoor pantry & spacious laundry room 🍹 Stylish bar area + inviting porch 🌴 A sleek, updated gazebo overlooking a refreshing pool Enjoy ample storage throughout (both indoor & outdoor), along with elevated water tanks and a comprehensive security camera system for added peace of mind. Step outside into your own lush retreat with mature fruit trees including mango, banana, lime, and coconut , plus a thriving herb garden 🌱 🚗 Covered & uncovered parking 🌅 Private, quiet setting in a safe, well-kept neighbourhood 🌳 Community features include a beautiful park, tennis courts, security guards and regular patrol 📍 Ideally located close to Maracas Beach and perfect for those who appreciate nature, tranquility, and a love for golf. This home offers the perfect balance of space, comfort, and lifestyle . 📩 Message or Call- Gianella at 772-7945 for more details or to schedule a viewing!

About the Region
Haleland Park Haleland Park is located in Maraval Trinidad. This residential area is known for its stunning villas & Modern design townhouse units located in a gated community comprising of both townhouses and stand-alone units. Haleland Park is surrounded by the St. Andrews Golf Club and the Villas of Moka.",Semi Furnished; Move in Ready; Gated Compound; Gated Community; Private Pool; Air Conditioning; Kitchen Appliances; Pantry; Studio; Powder Room; Patio; Security Patrols; Security Cameras; Parking on Compound; Remote Gate; Fully Fenced; Pet Friendly; Kid Friendly; Office Space; Laundry Area/Facility; Water Tank; Water Pump; Water Heater,2026-08-06T23:31:35.849350+00:00
https://mybunchofkeys.com/property/house-for-sale-happy-hill-vistabella-san-fernando-2mtt/,"House For Sale - Happy Hill, Vistabella, San Fernando - $1.8MTT - My Bunch of Keys","$1,800,000",BOK-1036065,San Fernando Vistabella,4,2.5,7500sq.ft.,2,Veridian Realty,,(868) 476-4235,https://mybunchofkeys.com/wp-content/uploads/2021/09/veridian-logo-320x320.png,https://mybunchofkeys.com/wp-content/uploads/2026/05/DJI_20260512141739_0811_D.jpg,https://mybunchofkeys.com/wp-content/uploads/2026/05/DJI_20260512141739_0811_D.jpg; https://mybunchofkeys.com/wp-content/uploads/2026/05/DSC00752.jpg; https://mybunchofkeys.com/wp-content/uploads/2026/05/DSC00710.jpg; https://mybunchofkeys.com/wp-content/uploads/2026/05/DSC00724.jpg; https://mybunchofkeys.com/wp-content/uploads/2026/05/DSC00732.jpg; https://mybunchofkeys.com/wp-content/uploads/2026/05/DSC00734.jpg; https://mybunchofkeys.com/wp-content/uploads/2026/05/DSC00757.jpg,2026-07-30T09:52:24+00:00,,House,For Sale,"House For Sale – Happy Hill, Vistabella, San Fernando – $1.8MTT Home for sale in Vistabella, offering 7,500sf of freehold land and 2,520sf of comfortable living space. This fully air-conditioned property features 4 bedrooms and 2 bathrooms, along with a kitchen, living, and dining area, and a dedicated laundry area. A welcoming porch provides a great space to relax, while the 2-car garage ensures secure and convenient parking Please contact us for more information:

About the Region
San Fernando San Fernando, officially the City of San Fernando, is the most populous city and second most populous municipality in Trinidad and Tobago, after Chaguanas. Sando, as it is also known, occupies 19 km² and is located in the south western part of the island of Trinidad. It is bounded to the north by the Guaracara River, the south by the Oropouche River, the east by the Sir Solomon Hochoy Highway, and the west by the Gulf of Paria. The former borough was elevated to the status of a city corporation on 18 November 1988. The motto of San Fernando is: ""Sanitas Fortis"" - In a Healthy Environment We Will Find Strength. Many local Trinidadians refer to the city with the shortened name ""Sando."" San Fernando is called Trinidad and Tobago's ""industrial capital"" because of its proximity to the Pointe-à-Pierre oil refinery and many other petrochemical, LNG, iron and steel and aluminium smelters in places such as Point Lisas in Couva, Point Fortin, and La Brea. The city is well known for its wide array of shopping facilitates located in the heart of San Fernando. Services offered are that of Police, fire, banking, transport, jewellery repairs etc. Many citizens visit San Fernando for the night life which consists of restaurants, street food and the many party clubs readily available. The city has one of the most visited fish depot which attracts vendors from all over Trinidad. The San Fernando Hill is a main tourist attraction because of the view it provides of Trinidad. Many newlyweds visit this location to bask in its ambience and take wedding photos. The outer part of San Fernando is well known for its malls and cinemas which attracts both tourists and citizens which makes shopping here an integrated experience.",Unfurnished; Air Conditioning; Powder Room; Patio; Covered Garage; Parking on Compound; Freehold Land; Fully Fenced; Pet Friendly; Kid Friendly; Laundry Area/Facility; Built-in Closets; Water Tank; Water Pump; Water Heater,2026-08-06T23:31:41.915838+00:00
https://mybunchofkeys.com/property/union-hall-home-for-sale-tt2-9m/,Union Hall - Home for Sale - TT$2.9M - My Bunch of Keys,"$2,900,000",BOK-1064527,Phillipine Retrench Village Union Hall,5,3,10050sq.ft.,6,Carolyn Ross,Twin Isle Property Consultants,(868) 765-7677,https://mybunchofkeys.com/wp-content/uploads/2025/09/Twin-Isle-Carolyn-320x320.jpg,https://mybunchofkeys.com/wp-content/uploads/2026/07/WhatsApp-Image-2026-07-28-at-7.02.31-AM.jpeg,https://mybunchofkeys.com/wp-content/uploads/2026/07/WhatsApp-Image-2026-07-28-at-7.02.31-AM.jpeg; https://mybunchofkeys.com/wp-content/uploads/2026/07/WhatsApp-Image-2026-07-29-at-3.37.23-PM-1440x1080.jpeg; https://mybunchofkeys.com/wp-content/uploads/2026/07/WhatsApp-Image-2026-07-28-at-7.02.31-AM-1.jpeg; https://mybunchofkeys.com/wp-content/uploads/2026/07/WhatsApp-Image-2026-07-29-at-3.37.02-PM-810x1080.jpeg; https://mybunchofkeys.com/wp-content/uploads/2026/07/WhatsApp-Image-2026-07-29-at-3.37.04-PM-810x1080.jpeg; https://mybunchofkeys.com/wp-content/uploads/2026/07/WhatsApp-Image-2026-07-29-at-3.37.23-PM-1-1440x1080.jpeg; https://mybunchofkeys.com/wp-content/uploads/2026/07/WhatsApp-Image-2026-07-29-at-3.37.23-PM-3-810x1080.jpeg; https://mybunchofkeys.com/wp-content/uploads/2026/07/WhatsApp-Image-2026-07-29-at-3.37.05-PM.jpeg; https://mybunchofkeys.com/wp-content/uploads/2026/07/WhatsApp-Image-2026-07-29-at-3.37.04-PM-1.jpeg; https://mybunchofkeys.com/wp-content/uploads/2026/07/WhatsApp-Image-2026-07-29-at-3.37.07-PM-3.jpeg; https://mybunchofkeys.com/wp-content/uploads/2026/07/WhatsApp-Image-2026-07-29-at-3.37.22-PM-1-810x1080.jpeg; https://mybunchofkeys.com/wp-content/uploads/2026/07/WhatsApp-Image-2026-07-29-at-3.37.06-PM-1.jpeg; https://mybunchofkeys.com/wp-content/uploads/2026/07/WhatsApp-Image-2026-07-29-at-3.37.22-PM-2-810x1080.jpeg; https://mybunchofkeys.com/wp-content/uploads/2026/07/WhatsApp-Image-2026-07-29-at-3.37.06-PM.jpeg; https://mybunchofkeys.com/wp-content/uploads/2026/07/WhatsApp-Image-2026-07-29-at-3.37.06-PM-2-810x1080.jpeg; https://mybunchofkeys.com/wp-content/uploads/2026/07/WhatsApp-Image-2026-07-29-at-3.37.06-PM-3-810x1080.jpeg; https://mybunchofkeys.com/wp-content/uploads/2026/07/WhatsApp-Image-2026-07-29-at-3.37.07-PM-2-810x1080.jpeg; https://mybunchofkeys.com/wp-content/uploads/2026/07/WhatsApp-Image-2026-07-29-at-3.36.58-PM-2-810x1080.jpeg; https://mybunchofkeys.com/wp-content/uploads/2026/07/WhatsApp-Image-2026-07-29-at-3.37.07-PM-1.jpeg; https://mybunchofkeys.com/wp-content/uploads/2026/07/WhatsApp-Image-2026-07-29-at-3.37.07-PM-810x1080.jpeg; https://mybunchofkeys.com/wp-content/uploads/2026/07/WhatsApp-Image-2026-07-29-at-3.36.58-PM-3-810x1080.jpeg; https://mybunchofkeys.com/wp-content/uploads/2026/07/WhatsApp-Image-2026-07-30-at-10.09.16-AM-811x1080.jpeg; https://mybunchofkeys.com/wp-content/uploads/2026/07/WhatsApp-Image-2026-07-29-at-3.37.06-PM-4-810x1080.jpeg; https://mybunchofkeys.com/wp-content/uploads/2026/07/WhatsApp-Image-2026-07-29-at-3.37.08-PM-810x1080.jpeg; https://mybunchofkeys.com/wp-content/uploads/2026/07/WhatsApp-Image-2026-07-29-at-3.37.07-PM-4-810x1080.jpeg; https://mybunchofkeys.com/wp-content/uploads/2026/07/WhatsApp-Image-2026-07-29-at-3.36.58-PM-1.jpeg; https://mybunchofkeys.com/wp-content/uploads/2026/07/WhatsApp-Image-2026-07-29-at-3.37.22-PM-3-810x1080.jpeg; https://mybunchofkeys.com/wp-content/uploads/2026/07/WhatsApp-Image-2026-07-29-at-3.37.05-PM-5-810x1080.jpeg; https://mybunchofkeys.com/wp-content/uploads/2026/07/WhatsApp-Image-2026-07-29-at-3.37.05-PM-1.jpeg; https://mybunchofkeys.com/wp-content/uploads/2026/07/WhatsApp-Image-2026-07-30-at-10.09.27-AM-810x1080.jpeg,2026-07-29T20:33:27+00:00,,House,For Sale,"Union Hall – Home for Sale – TT$2.9M 🏡 FOR SALE – Union Hall TT$2.9 Million Prime Investment Opportunity! Whether you’re searching for a spacious family home, an income-producing investment, or the perfect combination of both, this exceptional property offers outstanding value and excellent potential for future appreciation. Situated on approximately 10,300 sq. ft. of freehold land , this versatile property features two separate entrances , providing privacy and flexibility for homeowners and tenants alike. Property Features: ✅ Spacious 3-bedroom home on the upper level ✅ Two self-contained 1-bedroom apartments on the ground floor ✅ Approximately 10,050 sq. ft. of freehold land ✅ Mature fruit trees throughout the property ✅ Only 2 minutes from the highway ✅ Conveniently located close to San Fernando , shopping, schools, and other major amenities This property is ideal for: Living upstairs while the rental income from the apartments helps offset your mortgage. Generating income by renting all three units. Investors seeking a property with strong income and appreciation potential. The home requires a little TLC , presenting a wonderful opportunity to renovate, add value, and build instant equity. 📞 For further information or to schedule a viewing, contact Carolyn Ross at 765-7677. Your next investment opportunity is waiting!

About the Region
Phillipine Phillipine is a residential area located amongst communities such as Picton and Hermitage, South Trinidad. Some businesses located amongst the residences are Nick’s Café, Doc’s Ranch and Bar and Rituals.",Unfurnished; Air Conditioning; Patio; Covered Garage; Parking on Compound; Remote Gate; Freehold Land; T&C Approved; Fully Fenced; Pet Friendly; Kid Friendly; Laundry Area/Facility; Accessible; Water Tank; Water Pump; Water Heater,2026-08-06T23:41:05.067789+00:00
https://mybunchofkeys.com/property/the-reserve-munroe-road/,The Reserve Munroe Road - My Bunch of Keys,"$3,400,000",BOK-1065302,Chaguanas,4,4,5000sq.ft.,2,Carmino Realty International TT,,(868) 326-5600,https://mybunchofkeys.com/wp-content/uploads/2025/12/Carmino-Logo-2025-320x320.jpg,https://mybunchofkeys.com/wp-content/uploads/2026/07/WhatsApp-Image-2026-07-29-at-10.14.04-AM-4.jpeg,https://mybunchofkeys.com/wp-content/uploads/2026/07/WhatsApp-Image-2026-07-29-at-10.14.04-AM-4.jpeg; https://mybunchofkeys.com/wp-content/uploads/2026/07/WhatsApp-Image-2026-07-29-at-10.14.04-AM-4-764x1080.jpeg,2026-07-29T19:42:58+00:00,,House,For Sale,"🏡✨ The Reserve – Munroe Road, Cunupia ✨🏡 📍 Location: The Reserve, Munroe Road 💰 Price: TT$3,400,000 📐 Land Size: 5,000 sq. ft. 🏠 Living Space: 3,000 sq. ft. 🔐 Secure Gated Community with 24/7 Security Experience refined modern living in The Reserve , an exclusive gated community on Munroe Road. Designed with elegance, space, and functionality in mind, this exceptional two-storey residence offers premium finishes and luxurious features throughout. 🌟 Property Features: 🛏️ 4 Spacious Bedrooms 🛁 4.5 Modern Bathrooms 🏠 2-Storey Contemporary Design 🚗 Secure 2-Car Garage 🪟 Floor-to-Ceiling Windows for Abundant Natural Light 🌿 Private Backyard with Alfresco Entertainment Area ✨ Premium Porcelain Tile Flooring Throughout 🪨 Quartz Countertops 🚿 Elegant Enclosed Glass Showers ❄️ Air-Conditioned 🌴 Community Highlights: 🔐 24/7 Security 🚪 Gated Residential Community 🌳 Peaceful & Family-Friendly Environment 📍 Location Benefits: 🛒 Minutes from Shopping Centres & Supermarkets 🏫 Close to Schools & Essential Services 🍽️ Restaurants & Everyday Amenities Nearby 🛣️ Easy Access to the Sir Solomon Hochoy Highway 🚗 Convenient Access to Central Trinidad ✨ Combining sophisticated architecture, luxury finishes, and an unbeatable location, this stunning residence offers the perfect lifestyle for families seeking comfort, security, and elegance. 📞 Contact Carmino Realty International 📲 1-868-326-5600 📧 tt@carminorealty.com 🌐 www.carminorealty.com 🏡 Guiding You Home.

About the Region
Chaguanas The Borough of Chaguanas is the largest borough with an average population of 83,489 and fastest-growing town in Trinidad and Tobago, it is located in the West-Central area of Trinidad. Chaguanas is popular for its shopping malls, variety stores and street shopping. Many citizens as well as tourists visit these sites to partake in the buying of many items offered for sale. This town is fast paced as many business sectors such as banking, insurance, auto rentals and food are readily available. All sites are easily accessible as transport hubs are located throughout the streets of this beautiful town, not to mention the safety of the police & fire services that are available upon request. Home to the famous Divali Nagar site, many tourists as well as citizens visit this location to buy merchandise offered from the well-known Indian heritage such as clothing, food, religious items etc. Fun fact, Chaguanas was named after the indigenous tribe who originally settled there.",Gated Compound; Air Conditioning,2026-08-06T23:40:27.533370+00:00
https://mybunchofkeys.com/property/the-carlsen-villas-at-sara-gardens-phase-ii/,The Carlsen Villas at Sara Gardens Phase II - My Bunch of Keys,"$1,650,000",BOK-1065283,Chaguanas,3,2,5000sq.ft.,2,Carmino Realty International TT,,(868) 326-5600,https://mybunchofkeys.com/wp-content/uploads/2025/12/Carmino-Logo-2025-320x320.jpg,https://mybunchofkeys.com/wp-content/uploads/2026/07/WhatsApp-Image-2026-07-29-at-10.14.03-AM.jpeg,https://mybunchofkeys.com/wp-content/uploads/2026/07/WhatsApp-Image-2026-07-29-at-10.14.03-AM.jpeg; https://mybunchofkeys.com/wp-content/uploads/2026/07/WhatsApp-Image-2026-07-29-at-10.14.03-AM-766x1080.jpeg,2026-07-29T18:35:12+00:00,,House,For Sale,"🏡✨ The Carlsen Villas at Sara Gardens Phase II – Chaguanas ✨🏡 📍 Location: Sara Gardens Phase II, Chaguanas 📐 Land Size: 5,000 sq. ft. 🏠 Living Space: 1,450 sq. ft. 🔐 Secure Gated Community Welcome to The Carlsen Villas at Sara Gardens Phase II , where modern design meets comfort and security. These beautifully crafted homes offer quality finishes, spacious interiors, and a family-friendly environment, making them the perfect place to call home. 🌟 Property Features: 🛏️ 3 Spacious Bedrooms 🛁 2 Modern Bathrooms 👕 Dedicated Laundry Room 👔 Walk-In Closet in the Primary Bedroom 🍽️ Stylish Kitchen with Quartz Countertops 🚰 Stainless Steel Faucets 🏠 Elegant Gypsum Ceilings ❄️ Air-Conditioned 🔥 Water Heater 💧 Water Pump 🌳 Fully Fenced Property 🌴 Community Highlights: 🔐 Secure Gated Community 🌿 Quiet & Family-Friendly Neighbourhood 🛣️ Easy Access to Major Roadways 🛒 Minutes from Shopping Centres, Supermarkets & Restaurants 🏫 Close to Schools, Pharmacies & Everyday Amenities ✨ Combining quality construction, premium finishes, and an excellent location, The Carlsen Villas at Sara Gardens Phase II offers the ideal setting for comfortable family living and long-term value. 📞 Contact Carmino Realty International 📲 1-868-326-5600 📧 tt@carminorealty.com 🌐 www.carminorealty.com 🏡 Guiding You Home.

About the Region
Chaguanas The Borough of Chaguanas is the largest borough with an average population of 83,489 and fastest-growing town in Trinidad and Tobago, it is located in the West-Central area of Trinidad. Chaguanas is popular for its shopping malls, variety stores and street shopping. Many citizens as well as tourists visit these sites to partake in the buying of many items offered for sale. This town is fast paced as many business sectors such as banking, insurance, auto rentals and food are readily available. All sites are easily accessible as transport hubs are located throughout the streets of this beautiful town, not to mention the safety of the police & fire services that are available upon request. Home to the famous Divali Nagar site, many tourists as well as citizens visit this location to buy merchandise offered from the well-known Indian heritage such as clothing, food, religious items etc. Fun fact, Chaguanas was named after the indigenous tribe who originally settled there.",Unfurnished; Move in Ready; Gated Compound; Air Conditioning; Walk-in Closets; Water Pump; Water Heater,2026-08-06T23:40:17.647283+00:00
https://mybunchofkeys.com/property/1-bedroom-starter-home-cunupia-925000-neg/,"1 Bedroom Starter Home, Cunupia $925,000 Neg - My Bunch of Keys","$925,000",BOK-1065192,Cunupia,1,1,5000sq.ft.,2,Realstar Contractors & Realtor,,(868) 757-8511,https://mybunchofkeys.com/wp-content/uploads/2023/05/Realstar-Logo-320x320.jpg,https://mybunchofkeys.com/wp-content/uploads/2026/07/4fc5bad3-92ef-4dc3-8ee6-88a9352659b1.jpeg,https://mybunchofkeys.com/wp-content/uploads/2026/07/0e02224e-4557-4a7d-8cc4-0674c19c4c05-810x1080.jpeg; https://mybunchofkeys.com/wp-content/uploads/2026/07/1f56c6c5-aae8-4ee6-86c5-ca4c86d6858b-810x1080.jpeg; https://mybunchofkeys.com/wp-content/uploads/2026/07/4fc5bad3-92ef-4dc3-8ee6-88a9352659b1.jpeg; https://mybunchofkeys.com/wp-content/uploads/2026/07/5b9dd474-d43d-4d7d-bb5d-7b8f9ceb4b0d-1440x1080.jpeg; https://mybunchofkeys.com/wp-content/uploads/2026/07/5b3839cc-9317-4bff-9adf-7f887c2497af-810x1080.jpeg; https://mybunchofkeys.com/wp-content/uploads/2026/07/5d691cbb-8cf4-4470-ab22-5897d0592751-810x1080.jpeg; https://mybunchofkeys.com/wp-content/uploads/2026/07/44a63546-cc7d-4ab4-b9c4-370eeb2a6b70-810x1080.jpeg; https://mybunchofkeys.com/wp-content/uploads/2026/07/67cc79a7-efc3-409f-b955-d27a0a695f14-810x1080.jpeg; https://mybunchofkeys.com/wp-content/uploads/2026/07/0285c4ca-edd8-4097-a1fc-63230d527e37-810x1080.jpeg; https://mybunchofkeys.com/wp-content/uploads/2026/07/364af196-33f7-4278-b33c-90e647070430-608x1080.jpeg; https://mybunchofkeys.com/wp-content/uploads/2026/07/7971c3a1-6080-42ab-8f15-541465f6d36c-810x1080.jpeg; https://mybunchofkeys.com/wp-content/uploads/2026/07/47114a14-0fd8-4659-895c-947a93790254-608x1080.jpeg; https://mybunchofkeys.com/wp-content/uploads/2026/07/57501ab2-e701-486e-9591-04e088e1def5-810x1080.jpeg; https://mybunchofkeys.com/wp-content/uploads/2026/07/664803d0-e7d5-4ee0-b43b-246b123ef02f-810x1080.jpeg; https://mybunchofkeys.com/wp-content/uploads/2026/07/ed8ce667-763c-47c3-bca7-4f45c2535f43-810x1080.jpeg; https://mybunchofkeys.com/wp-content/uploads/2026/07/f86d0ebb-576c-44c3-bbbd-bfa04eaea6a7-810x1080.jpeg,2026-07-29T16:50:40+00:00,,House,For Sale,"🏡🔥 AFFORDABLE HOME + 5,000 SQ. FT. OF LAND IN CUNUPIA – ONLY $925,000! 🔥🏡 💰 A Rare Opportunity for First-Time Homeowners & Investors! Why rent when you can own? Welcome to Hin Kin Road, Cunupia , where affordability meets potential! This charming property sits on a generous 5,000 sq. ft. of freehold land and offers endless possibilities for expansion, renovation, or future development. Whether you’re a first-time buyer , a small family , or an investor searching for your next project , this property is packed with value and opportunity. ✨ Property Features: ✅ 1 Spacious Air-Conditioned Bedroom ✅ 1 Bathroom ✅ 5,000 Sq. Ft. of Freehold Land ✅ Fully Fenced Property ✅ All Approvals in Place for Bank Financing ✅ Ideal Fixer-Upper with Massive Potential ✅ Plenty of Space to Extend and Build Your Dream Home ✅ Safe & Peaceful Residential Neighborhood ✅ Easy Access to Major Roadways & Everyday Amenities 🌟 Endless Possibilities! Imagine expanding the existing home into a spacious family residence, adding extra bedrooms, creating an outdoor entertainment area, or simply enjoying the privacy and space that comes with owning a large parcel of land. Properties with this much land, financing approvals, and future development potential are becoming increasingly difficult to find—especially at this price! 📍 Prime Cunupia Location Conveniently located just minutes from: ✔️ Schools ✔️ Supermarkets ✔️ Pharmacies ✔️ Restaurants ✔️ Public Transportation ✔️ Shopping & Other Essential Amenities 💲 Asking Price: TT$850,000 This is an excellent opportunity to secure a foothold in the real estate market while building equity in a property with tremendous upside potential. 📞 For More Information or to Schedule a Viewing: 📲 868-757-8511 📲 868-317-9128 📧 realstarrealtor1@gmail.com ⚠️ Serious inquiries only. ID and pre-screening may be required prior to viewings. Don’t miss this opportunity to own land, a home, and endless possibilities—all for just TT$850,000! 🏡✨💰

About the Region
Cunupia Cunupia is a town in central Trinidad. It is part of the Borough of Chaguanas. Cunupia is just northeast of Chaguanas proper. Like Chaguanas itself, Cunupia has experienced rapid growth in recent years, especially in terms of residential developments. You can find many variety stores, the famous Sheik Lisha Ltd., restaurants, supermarkets and places of worships in this community. Cunupia is also a route that can easily take you to different parts of central Trinidad.",Unfurnished; Move in Ready; Air Conditioning; Covered Garage; Parking on Compound; Freehold Land; T&C Approved; Fully Fenced; Pet Friendly; Kid Friendly; Accessible; Water Tank,2026-08-06T23:19:00.214555+00:00
https://mybunchofkeys.com/property/house-for-sale-in-freeport-12/,House For Sale In Freeport - My Bunch of Keys,"$2,900,000",BOK-1065189,Freeport,5,3,5000sq.ft.,,Radha Richards,Terra Caribbean,(868) 762-2719,https://mybunchofkeys.com/wp-content/uploads/2025/05/Terra-Radha-Richards-320x320.jpg,https://mybunchofkeys.com/wp-content/uploads/2026/07/a-11.jpeg,https://mybunchofkeys.com/wp-content/uploads/2026/07/a-11.jpeg; https://mybunchofkeys.com/wp-content/uploads/2026/07/a-11-1551x1080.jpeg; https://mybunchofkeys.com/wp-content/uploads/2026/07/b-11-1440x1080.jpeg; https://mybunchofkeys.com/wp-content/uploads/2026/07/c-12-1440x1080.jpeg; https://mybunchofkeys.com/wp-content/uploads/2026/07/d-12-1440x1080.jpeg; https://mybunchofkeys.com/wp-content/uploads/2026/07/e-11-1440x1080.jpeg; https://mybunchofkeys.com/wp-content/uploads/2026/07/f-10-1440x1080.jpeg; https://mybunchofkeys.com/wp-content/uploads/2026/07/g-11-1440x1080.jpeg; https://mybunchofkeys.com/wp-content/uploads/2026/07/h-11-1440x1080.jpeg; https://mybunchofkeys.com/wp-content/uploads/2026/07/i-11-1440x1080.jpeg; https://mybunchofkeys.com/wp-content/uploads/2026/07/j-8-1440x1080.jpeg; https://mybunchofkeys.com/wp-content/uploads/2026/07/k-7-1440x1080.jpeg; https://mybunchofkeys.com/wp-content/uploads/2026/07/l-8-1440x1080.jpeg; https://mybunchofkeys.com/wp-content/uploads/2026/07/m-7-1440x1080.jpeg; https://mybunchofkeys.com/wp-content/uploads/2026/07/n-7-1440x1080.jpeg; https://mybunchofkeys.com/wp-content/uploads/2026/07/o-6-1440x1080.jpeg; https://mybunchofkeys.com/wp-content/uploads/2026/07/p-6-1440x1080.jpeg,2026-07-29T16:39:17+00:00,,House,For Sale,"Located just 5 minutes from the Sir Solomon Hochoy Highway, this well designed Freeport home offers approximately 5,000 sq. ft. of living space on 10,000 sq. ft. of land. A row of palm trees lines the front of the property, setting the tone from the moment you arrive. The ground floor features a spacious kitchen and dining area, a den, guest bedroom, full bathroom, laundry room, and dedicated storage. Both the kitchen and den open directly onto a covered patio, creating a seamless transition to the outdoor entertainment area, complete with an outdoor kitchen. Additional exterior features include an outdoor toilet, outdoor storage, and four 1,000 gallon water tanks. Upstairs, the primary suite includes a walk-in closet, ensuite bathroom, and private patio ,three additional bedrooms and a gym. The property also offers generous yard space, an enclosed garage, and is being sold fully furnished. TT30391

About the Region
Freeport Freeport is a town in the Republic of Trinidad and Tobago. It is located in west-central Trinidad, and is administered by the Couva–Tabaquite–Talparo Regional Corporation. It has a population of approximately 11,850. The Solomon Hochoy Highway splits Freeport into two, on the east and the west of the highway where you can find most commercial businesses. Known as a residential area, there are many small, medium and large businesses that have proven success through the growth of this community. Most residents have either sold properties or turned them into rental units. This community is also protected by the Freeport police service.",Fully Furnished; Air Conditioning; Freehold Land; Fully Fenced; Walk-in Closets; Water Tank; Water Pump,2026-08-06T23:32:23.908289+00:00
https://mybunchofkeys.com/property/two-storey-home-2-lots-of-land-endeavour-gardens-chaguanas-4700000/,"Two- Storey Home, 2 Lots of Land, Endeavour Gardens, Chaguanas $4,700,000 - My Bunch of Keys","$4,700,000",BOK-1065112,Endeavour,4,4,10000sq.ft.,6,Realstar Contractors & Realtor,,(868) 757-8511,https://mybunchofkeys.com/wp-content/uploads/2023/05/Realstar-Logo-320x320.jpg,https://mybunchofkeys.com/wp-content/uploads/2026/07/2-8.jpg,https://mybunchofkeys.com/wp-content/uploads/2026/07/2-8.jpg; https://mybunchofkeys.com/wp-content/uploads/2026/07/2-8-1630x1080.jpg; https://mybunchofkeys.com/wp-content/uploads/2026/07/3-8-1630x1080.jpg; https://mybunchofkeys.com/wp-content/uploads/2026/07/4-9-1630x1080.jpg; https://mybunchofkeys.com/wp-content/uploads/2026/07/6-8-1630x1080.jpg; https://mybunchofkeys.com/wp-content/uploads/2026/07/11-3-1630x1080.jpg; https://mybunchofkeys.com/wp-content/uploads/2026/07/15-3-1630x1080.jpg; https://mybunchofkeys.com/wp-content/uploads/2026/07/17-3-716x1080.jpg; https://mybunchofkeys.com/wp-content/uploads/2026/07/18-3-1630x1080.jpg; https://mybunchofkeys.com/wp-content/uploads/2026/07/20-2-1630x1080.jpg; https://mybunchofkeys.com/wp-content/uploads/2026/07/21-1-1630x1080.jpg; https://mybunchofkeys.com/wp-content/uploads/2026/07/31.5-1630x1080.jpg; https://mybunchofkeys.com/wp-content/uploads/2026/07/33-1630x1080.jpg; https://mybunchofkeys.com/wp-content/uploads/2026/07/35-1630x1080.jpg; https://mybunchofkeys.com/wp-content/uploads/2026/07/36-1630x1080.jpg; https://mybunchofkeys.com/wp-content/uploads/2026/07/38-1630x1080.jpg; https://mybunchofkeys.com/wp-content/uploads/2026/07/39-1630x1080.jpg; https://mybunchofkeys.com/wp-content/uploads/2026/07/41-716x1080.jpg; https://mybunchofkeys.com/wp-content/uploads/2026/07/44-1630x1080.jpg; https://mybunchofkeys.com/wp-content/uploads/2026/07/48-1630x1080.jpg; https://mybunchofkeys.com/wp-content/uploads/2026/07/51-1630x1080.jpg; https://mybunchofkeys.com/wp-content/uploads/2026/07/54-1630x1080.jpg; https://mybunchofkeys.com/wp-content/uploads/2026/07/56-716x1080.jpg; https://mybunchofkeys.com/wp-content/uploads/2026/07/57-1630x1080.jpg; https://mybunchofkeys.com/wp-content/uploads/2026/07/58-716x1080.jpg; https://mybunchofkeys.com/wp-content/uploads/2026/07/64-1630x1080.jpg; https://mybunchofkeys.com/wp-content/uploads/2026/07/65-1630x1080.jpg; https://mybunchofkeys.com/wp-content/uploads/2026/07/66-1630x1080.jpg,2026-07-29T16:24:45+00:00,,House,For Sale,"✨ JUST LISTED -Two Storey – LUXURY FAMILY RESIDENCE ✨ 🏡 Endeavour Gardens, Chaguanas 🌟 A Rare Opportunity to Own Elegance, Space & Luxury Living! 🌟 Welcome to this beautifully designed gated two-storey executive residence , perfectly positioned on TWO FULL LOTS (Lots 6 & 8) within the prestigious community of Endeavour Gardens, Chaguanas . Offering a perfect blend of modern comfort, privacy, security, and timeless elegance , this exceptional home boasts breathtaking views of the Northern Range , generous indoor and outdoor spaces, and everything needed for refined family living. ✨ Property Features: 🏡 Spacious Two-Storey Gated Residence 🌿 Situated on Two Full Lots — offering endless possibilities for expansion, recreation, or future investment 🛏️ 4 Spacious Bedrooms 🛁 4 Modern Bathrooms 👑 Luxurious Master Suite featuring: • Jacuzzi Bath • Elegant Glass Shower • Private Retreat Feel 🌅 Two Large Porches perfect for relaxing, entertaining, and enjoying the beautiful surroundings ❄️ Fully Air-Conditioned Throughout 🚗 Secure Two-Car Garage 📹 Full Security Camera System for peace of mind 🦟 Meshed Windows & Screen Doors 🌺 Beautifully Landscaped Gardens ✨ Elegant Tiled Flooring Throughout 🪟 Stylish Window Treatments Included 🌬️ Naturally Breezy & Cool Environment Year-Round ❤️ Perfect For: 👨‍👩‍👧‍👦 Growing Families Seeking Comfort & Space 🎉 Those Who Love Entertaining Guests 💼 Executives & Professionals 🌍 Expatriates Looking for Premium Accommodation 🏡 Buyers Seeking a Prestigious Long-Term Investment 📍 Prime Location Advantage: Located in the highly desirable Endeavour Gardens, Chaguanas , this home provides the perfect balance of peaceful residential living while remaining conveniently close to schools, shopping facilities, restaurants, medical services, and major roadways. ✨ A home of this calibre, on two full lots, rarely becomes available. Experience the perfect combination of luxury, space, security, and convenience. 📞 For more information or to schedule a private viewing, contact: Realstar Contractors & Realtor 📲 868-757-8511 📲 868-317-9128 📧 realstarrealtor1@gmail.com ⚠️ Serious inquiries only. ID and pre-screening may be required prior to viewings.

About the Region
Endeavour Endeavour is located in Chaguanas next to Jermingham Junction, Trinidad and Tobago. Endeavour Road has a length of 0.7 kilometres. Endeavour has many restaurants and bars, and is known for the location of the Divali Nagar site, Price Plaza and the Barakah grounds just to name a few. The community of Endeavour is also protected by the Chaguanas police service, medical facilities such as the Chaguanas Health Centre and Medical Associates are easily accessible.",Semi Furnished; Move in Ready; Air Conditioning; Kitchen Appliances; Kitchen Island; Pantry; Powder Room; Patio; Security Cameras; Covered Garage; Parking on Compound; Remote Gate; Freehold Land; T&C Approved; Fully Fenced; Pet Friendly; Kid Friendly; Office Space; Laundry Area/Facility; Maid Quarters; Accessible; Built-in Closets; Walk-in Closets; Water Tank; Water Pump; Water Heater,2026-08-06T23:40:59.531497+00:00
https://mybunchofkeys.com/property/welcome-residences-cunupia/,Welcome Residences Cunupia - My Bunch of Keys,"$1,350,000",BOK-1065179,Cunupia,3,2,1450sq.ft.,3,Carmino Realty International TT,,(868) 326-5600,https://mybunchofkeys.com/wp-content/uploads/2025/12/Carmino-Logo-2025-320x320.jpg,https://mybunchofkeys.com/wp-content/uploads/2026/07/WhatsApp-Image-2026-07-29-at-10.14.03-AM-1.jpeg,https://mybunchofkeys.com/wp-content/uploads/2026/07/WhatsApp-Image-2026-07-29-at-10.14.03-AM-1.jpeg; https://mybunchofkeys.com/wp-content/uploads/2026/07/WhatsApp-Image-2026-07-29-at-10.14.03-AM-1-763x1080.jpeg,2026-07-29T16:23:10+00:00,,House,For Sale,"🏡✨ Modern Home for Sale – Cunupia ✨🏡 📍 Location: Cunupia 💰 Price: TT$1,350,000 🔐 Secure Gated Community 💵 HOA Fees: TT$250 per month Discover the perfect blend of style, comfort, and convenience in this beautifully crafted home located in the heart of Cunupia . Featuring premium finishes and a thoughtfully designed layout, this property is ideal for families seeking modern living in a secure and welcoming community. 🌟 Property Features: 📐 1,450 sq. ft. of Living Space 🛏️ 3 Spacious Bedrooms 🛁 2 Modern Bathrooms 👕 Dedicated Laundry Room 👔 Walk-In Closet in the Primary Bedroom 🪵 Bespoke Cabinetry in All Bedrooms 🍽️ Shaker-Style Kitchen 🪨 Granite Countertops 🚰 Stainless Steel Faucets ✨ Glazed Porcelain Tile Flooring Throughout 🏠 Elegant Gypsum Ceilings ❄️ Air-Conditioned 🔥 Water Heater 💧 Water Tank & Water Pump 🌅 Inviting Front Porch 🌴 Community Benefits: 🔐 Secure Gated Community 🛣️ Easy Access to Major Roadways 🛒 Minutes from Shopping Centres & Supermarkets 🏫 Close to Schools & Essential Amenities 🌿 Peaceful, Family-Friendly Environment ✨ Offering exceptional value at TT$1.35 million , this home combines quality craftsmanship, premium finishes, and the security of gated community living—making it an excellent choice for families, first-time buyers, or investors. 📞 Contact Carmino Realty International 📲 1-868-326-5600 📧 tt@carminorealty.com 🌐 www.carminorealty.com 🏡 Guiding You Home.

About the Region
Cunupia Cunupia is a town in central Trinidad. It is part of the Borough of Chaguanas. Cunupia is just northeast of Chaguanas proper. Like Chaguanas itself, Cunupia has experienced rapid growth in recent years, especially in terms of residential developments. You can find many variety stores, the famous Sheik Lisha Ltd., restaurants, supermarkets and places of worships in this community. Cunupia is also a route that can easily take you to different parts of central Trinidad.",Unfurnished; Move in Ready; Gated Compound; Air Conditioning; Walk-in Closets; Water Tank,2026-08-06T23:41:59.126006+00:00
https://mybunchofkeys.com/property/home-for-sale-with-incomplete-interior-for-you-to-finish-to-your-taste-and-liking-4beds-3-5baths-study-front-and-back-patios-secured-parking-spacious-yard-for-gardening/,Home for Sale with incomplete interior for you to finish to your taste and liking-4Beds-3.5Baths-Study-Front and Back Patios-Secured Parking-Spacious Yard for Gardening - My Bunch of Keys,"$1,600,000",BOK-1064080,Arima Santa Rosa,4,3,2300sq.ft.,3,Zeely Realty,,(868) 472-4793,https://mybunchofkeys.com/wp-content/uploads/2025/08/Zeely-Realty-2025-Logo-320x320.jpg,https://mybunchofkeys.com/wp-content/uploads/2026/07/2C097E52-DC7D-4734-88B7-6A954B0FC74A-1.png,https://mybunchofkeys.com/wp-content/uploads/2026/07/2C097E52-DC7D-4734-88B7-6A954B0FC74A-1.png; https://mybunchofkeys.com/wp-content/uploads/2026/07/IMG_9599-608x1080.jpeg; https://mybunchofkeys.com/wp-content/uploads/2026/07/IMG_9598-608x1080.jpeg; https://mybunchofkeys.com/wp-content/uploads/2026/07/IMG_9590-608x1080.jpeg; https://mybunchofkeys.com/wp-content/uploads/2026/07/IMG_9588-608x1080.jpeg; https://mybunchofkeys.com/wp-content/uploads/2026/07/IMG_9591-608x1080.jpeg; https://mybunchofkeys.com/wp-content/uploads/2026/07/IMG_9601-608x1080.jpeg; https://mybunchofkeys.com/wp-content/uploads/2026/07/IMG_9596-608x1080.jpeg; https://mybunchofkeys.com/wp-content/uploads/2026/07/IMG_9593-608x1080.jpeg; https://mybunchofkeys.com/wp-content/uploads/2026/07/IMG_9594-608x1080.jpeg; https://mybunchofkeys.com/wp-content/uploads/2026/07/IMG_9589-1-608x1080.jpeg; https://mybunchofkeys.com/wp-content/uploads/2026/07/IMG_9586-608x1080.jpeg; https://mybunchofkeys.com/wp-content/uploads/2026/07/IMG_9609-608x1080.jpeg; https://mybunchofkeys.com/wp-content/uploads/2026/07/IMG_9608-608x1080.jpeg; https://mybunchofkeys.com/wp-content/uploads/2026/07/0E7910E0-8BBE-49AA-B553-43145C3E24F0-608x1080.png,2026-07-29T16:23:02+00:00,,House,For Sale,"🏡 HOME FOR SALE 🍀 📍 Santa Rosa Heights, Arima ❇️ Bring your dream home to life! This spacious property offers the perfect opportunity to customize the interior to suit your personal style and needs. Situated in the desirable community of Santa Rosa, Arima, this home provides generous living space, a large lot, and endless possibilities for the right buyer. ✨ Property Features: ♦️ Leasehold Land -99 years– 5,600 Sq. Ft. ♦️ Living Space – 2,300 Sq. Ft. ♦️ Incomplete Interior-Finish & design to your own taste* ♦️ 4 Bedrooms of which 2 are en-suite ♦️ 3.5 Bathrooms ♦️ Sizable space for a Home Office or Library ♦️ Storage Room ♦️ Indoor Laundry Facility ♦️ Spacious front and back Patios ♦️ Secure Parking for 3 Vehicles ♦️ Fully Fenced Property ♦️ Water Storage Tanks with Pump ** This property is being sold with: fixtures for each bathroom and doors for the Interior. 💰Price US$1.6M (ONO). ❇️ Whether you’re looking for a family home or your next investment, this property is a fantastic opportunity to create something truly special. 📲 Contact ZeeLy Realty today to schedule a viewing and discover the potential this home has to offer. Call or WhatsApp ZeeLy Realty 📞 472-4793 | 265-2183 🌿 ZeeLy Realty Rooted in Service. Driven by Results.

About the Region
Arima Arima, officially The Royal Chartered Borough of Arima is the easternmost and second largest area of the three boroughs of Trinidad and Tobago. This town is well known for its shopping areas located in the inner most portion of the town. It serves as a main trading hub for environs which makes the town considerably busy. Many persons visit Arima to relax and enjoy the wide array of local bars and street food offered such as burgers, doubles, gyros etc. Home to the famous drag malls, persons can visit Arima to purchase items of Rastafarian heritage. Arima, has primary and secondary schools, hospitals, police and fire services readily available. It attracts persons from all over as it hosts exciting borough day & Jouvert celebrations Fun fact, Arima is home to the indigenous people known as the “Caribs”. They are mainly found in the area of Arima called Calvary Hill which attracts many tourists as the Caribs were a well-known tribe in their time.",Recently Renovated; Powder Room; Patio; Covered Garage; Parking on Compound; T&C Approved; Fully Fenced; Pet Friendly; Kid Friendly; Office Space; Laundry Area/Facility; Walk-in Closets; Water Tank; Water Pump,2026-08-06T23:30:00.859629+00:00
https://mybunchofkeys.com/property/apartment-building-for-sale-watts-street-curepe-2-6mtt/,"Apartment Building For Sale - Watts Street, Curepe - $2.6MTT - My Bunch of Keys","$2,600,000",BOK-990204,Curepe St. Augustine St. Joseph,13,5,5000sq.ft.,3,Veridian Realty,,(868) 476-4235,https://mybunchofkeys.com/wp-content/uploads/2021/09/veridian-logo-320x320.png,https://mybunchofkeys.com/wp-content/uploads/2026/02/Untitled.jpg,https://mybunchofkeys.com/wp-content/uploads/2026/02/Untitled.jpg; https://mybunchofkeys.com/wp-content/uploads/2026/02/Untitled-1.jpg; https://mybunchofkeys.com/wp-content/uploads/2026/02/Untitled-2.jpg; https://mybunchofkeys.com/wp-content/uploads/2026/02/Untitled-3.jpg,2026-07-29T10:14:42+00:00,,House,For Sale,"Apartment Building For Sale – Watts Street, Curepe – $2.6MTT This income-earning property comprises two buildings with a total of three self-contained apartments, offering excellent rental potential. The buildings total approximately 4,499sf, situated on 5,000sf freehold land. The front building features two apartments: a spacious 6 bedroom unit on the ground floor and a 3 bedroom unit on the first floor. The rear building contains a 4 bedroom apartment. Altogether, the property offers 13 bedrooms, 5 bathrooms, 3 kitchens, comfortable living areas, dedicated laundry rooms for each unit, and 2 patios. Easy on-site parking is available for approximately 3 cars, and the property is ideally located near the highway and the University of the West Indies, making it highly attractive to tenants and investors alike. Please contact us for more information:

About the Region
Curepe Acting as a main commuting hub for the central to southern area, Curepe facilitates many working class people you only mean of transportation is the Maxi and Taxi Services. A typical day is seen as a very hectic one when in Curepe. The Southern Main Road is the main access road for commuting and it is also filled with businesses of all types from food of all ethnicity, car care, retail trade and bars etc. One of the main attraction is the food franchise: Pizza Hut, Subway and KFC all located in the same compound at the end of the southern main road bounding with the Churchill Roosevelt Highway. Curepe is significantly known for “Sauce doubles” which attracts many party persons after they have had a night out and are looking for a food to “sober them up”. On the Curepe Main Road it offers ease of transport to the East –West corridor via the bus route or main road maxi taxi. Many taxi services are also available when commuting to environs such as St. Joseph, Maracas, St. Augustine. It provides ATM services and the well-known Papa John’s Pizza. Both a residential and commercial area.",Unfurnished; Air Conditioning; Patio; Covered Garage; Parking on Compound; Fully Fenced; Pet Friendly; Kid Friendly; Laundry Area/Facility,2026-08-06T23:20:34.238201+00:00
https://mybunchofkeys.com/property/house-for-sale-in-sangre-grande-5/,House For Sale In Sangre Grande - My Bunch of Keys,"$1,900,000",BOK-1030958,Sangre Grande,7,5,4000sq.ft.,3,Amina Hassim,Terra Caribbean,(868) 751-3789,https://mybunchofkeys.com/wp-content/uploads/2026/04/Amina-Hassim-320x320.jpg,https://mybunchofkeys.com/wp-content/uploads/2026/05/a-4.jpg,https://mybunchofkeys.com/wp-content/uploads/2026/05/a-4.jpg; https://mybunchofkeys.com/wp-content/uploads/2026/05/b-4.jpg; https://mybunchofkeys.com/wp-content/uploads/2026/05/c-4.jpg; https://mybunchofkeys.com/wp-content/uploads/2026/05/d-4.jpg; https://mybunchofkeys.com/wp-content/uploads/2026/05/e-4.jpg; https://mybunchofkeys.com/wp-content/uploads/2026/05/f-4.jpg; https://mybunchofkeys.com/wp-content/uploads/2026/05/g-4.jpg; https://mybunchofkeys.com/wp-content/uploads/2026/05/h-4.jpg; https://mybunchofkeys.com/wp-content/uploads/2026/05/i-4.jpg; https://mybunchofkeys.com/wp-content/uploads/2026/05/j-4.jpg; https://mybunchofkeys.com/wp-content/uploads/2026/05/k-4.jpg; https://mybunchofkeys.com/wp-content/uploads/2026/05/l-4.jpg; https://mybunchofkeys.com/wp-content/uploads/2026/05/m-3.jpg; https://mybunchofkeys.com/wp-content/uploads/2026/05/n-3.jpg; https://mybunchofkeys.com/wp-content/uploads/2026/05/o-2.jpg,2026-07-28T20:47:10+00:00,,House,For Sale,"This well-designed two-storey residential and investment property offers both comfortable living and excellent income potential. The upper level features a spacious main residence, ideal for family living, while the ground floor is thoughtfully divided into two self-contained apartments—perfect for rental income or extended family use. Whether you’re searching for a starter home or a smart investment opportunity, this property delivers versatility and value. Its layout is ideal for a growing family, while also providing the option to generate additional income from the apartments below. A great choice for homeowners and investors alike, this property combines practicality, convenience, and long-term potential in one attractive package. TT29995

About the Region
Sangre Grande The name Sangre Grande means ""big blood"", and it has been suggested that the town was named for a battle that took place between the native Amerindians and the Spanish settlers. However, this interpretation is not supported by historical records. The true origin of the name refers to when, in the late 1770s, Spanish surveyors who were charting the island for the purposes of creating a map, found that the waters of two of the tributaries of the nearby Oropouche River were red as blood, hence the name.",Unfurnished; Gated Compound; Air Conditioning; Parking on Compound; Fully Fenced; Pet Friendly; Water Tank; Water Pump,2026-08-06T23:32:57.357232+00:00
https://mybunchofkeys.com/property/for-sale-rent-stand-alone-homes-the-villas-at-haleland-park-saddle-road-maraval-starting-at-ttd5-2m-ttd20k/,"FOR SALE/RENT - Standalone Homes - The Villas At Haleland Park, Saddle Road, Maraval - Starting at TTD$5.2M / TTD$20K - My Bunch of Keys","$5,200,000",BOK-1064605,"The Villas At Haleland Park, Saddle Road, Maraval, Haleland Park Maraval Moka",3,4,2835sq.ft.,2,Veridian Realty,,(868) 476-4235,https://mybunchofkeys.com/wp-content/uploads/2021/09/veridian-logo-320x320.png,https://mybunchofkeys.com/wp-content/uploads/2026/07/DSC09036-HDR-1.jpg,https://mybunchofkeys.com/wp-content/uploads/2021/11/Untitled-3-6.jpg; https://mybunchofkeys.com/wp-content/uploads/2021/11/Untitled-2-6.jpg; https://mybunchofkeys.com/wp-content/uploads/2021/11/Untitled-1-9.jpg; https://mybunchofkeys.com/wp-content/uploads/2021/11/Untitled-14.jpg; https://mybunchofkeys.com/wp-content/uploads/2021/11/Untitled-4-4.jpg; https://mybunchofkeys.com/wp-content/uploads/2021/11/Untitled-5-4.jpg; https://mybunchofkeys.com/wp-content/uploads/2026/07/DSC09116-HDR-1-1.jpg; https://mybunchofkeys.com/wp-content/uploads/2026/07/DSC09146-HDR-1.jpg; https://mybunchofkeys.com/wp-content/uploads/2026/07/DSC09151-HDR-1.jpg; https://mybunchofkeys.com/wp-content/uploads/2026/07/DSC09166-HDR-1.jpg; https://mybunchofkeys.com/wp-content/uploads/2026/07/DSC09036-HDR-1.jpg; https://mybunchofkeys.com/wp-content/uploads/2026/07/DSC09091-HDR-1.jpg,2026-07-28T20:33:32+00:00,,House,For Sale,"FOR SALE/RENT – Standalone Homes – The Villas At Haleland Park – Starting at TTD$5.2M / TTD$20K Elegant two-storey standalone homes offer 2,835sf. of thoughtfully designed living space with 3 spacious bedrooms and 4 modern bathrooms. The contemporary kitchen is beautifully appointed with premium Italian cabinetry, granite countertops, and GE Monogram stainless steel appliances. Situated within a secure gated community, residents also enjoy access to a communal pool, play park, and private gym, making this home an exceptional choice for comfortable, upscale living. Maintenance Fees: Units with private pool $4,000/mth; without private pool $3,500/mth Also Available: Townhouses for Sale/Rent – 2,835sf – Starting at TTD$4.3M / TTD$20K Please contact us for more information:

About the Region
Haleland Park Haleland Park is located in Maraval Trinidad. This residential area is known for its stunning villas & Modern design townhouse units located in a gated community comprising of both townhouses and stand-alone units. Haleland Park is surrounded by the St. Andrews Golf Club and the Villas of Moka.",Semi Furnished; Move in Ready; Gated Compound; Gated Community; Shared Pool; Air Conditioning; Kitchen Appliances; Patio; Covered Garage; Parking on Compound; Fully Fenced; Pet Friendly; Kid Friendly; Laundry Area/Facility; Built-in Closets; Walk-in Closets,2026-08-06T23:27:22.931989+00:00
https://mybunchofkeys.com/property/for-sale-rent-townhouses-the-villas-at-haleland-park-saddle-road-maraval-starting-at-ttd4-3m-ttd20k/,"FOR SALE/RENT - TOWNHOUSES - The Villas At Haleland Park, Saddle Road, Maraval - Starting at TTD$4.3M / TTD$20K - My Bunch of Keys","$4,300,000",BOK-1064609,"The Villas At Haleland Park, Saddle Road, Maraval, Haleland Park Maraval Moka",3,4,2835sq.ft.,2,Veridian Realty,,(868) 476-4235,https://mybunchofkeys.com/wp-content/uploads/2021/09/veridian-logo-320x320.png,https://mybunchofkeys.com/wp-content/uploads/2026/07/DSC09091-HDR.jpg,https://mybunchofkeys.com/wp-content/uploads/2021/11/Untitled-3-6.jpg; https://mybunchofkeys.com/wp-content/uploads/2021/11/Untitled-2-6.jpg; https://mybunchofkeys.com/wp-content/uploads/2021/11/Untitled-1-9.jpg; https://mybunchofkeys.com/wp-content/uploads/2021/11/Untitled-14.jpg; https://mybunchofkeys.com/wp-content/uploads/2021/11/Untitled-4-4.jpg; https://mybunchofkeys.com/wp-content/uploads/2021/11/Untitled-5-4.jpg; https://mybunchofkeys.com/wp-content/uploads/2026/07/DSC09036-HDR.jpg; https://mybunchofkeys.com/wp-content/uploads/2026/07/DSC09091-HDR.jpg; https://mybunchofkeys.com/wp-content/uploads/2026/07/DSC09116-HDR-1.jpg; https://mybunchofkeys.com/wp-content/uploads/2026/07/DSC09146-HDR.jpg; https://mybunchofkeys.com/wp-content/uploads/2026/07/DSC09151-HDR.jpg; https://mybunchofkeys.com/wp-content/uploads/2026/07/DSC09166-HDR.jpg,2026-07-28T20:33:32+00:00,,House,For Sale,"FOR SALE/RENT – TOWNHOUSES – The Villas At Haleland Park – Starting at TTD$4.3M / TTD$20K Elegant two-storey townhouses offer 2,835sf. of thoughtfully designed living space with 3 spacious bedrooms and 4 modern bathrooms. The contemporary kitchen is beautifully appointed with premium Italian cabinetry, granite countertops, and GE Monogram stainless steel appliances. Situated within a secure gated community, residents also enjoy access to a communal pool, play park, and private gym, making this home an exceptional choice for comfortable, upscale living. Maintenance Fees: Units with private pool $4,000/mth; without private pool $3,500/mth Also Available: – Townhouses @ 3,433sf – TTD$6.5M – Standalone House Units @ 2,835sf – For Sale/Rent – Starting at TTD$5.2M / TTD$20K Please contact us for more information:

About the Region
Haleland Park Haleland Park is located in Maraval Trinidad. This residential area is known for its stunning villas & Modern design townhouse units located in a gated community comprising of both townhouses and stand-alone units. Haleland Park is surrounded by the St. Andrews Golf Club and the Villas of Moka.",Semi Furnished; Move in Ready; Gated Compound; Gated Community; Shared Pool; Air Conditioning; Kitchen Appliances; Patio; Covered Garage; Parking on Compound; Fully Fenced; Pet Friendly; Kid Friendly; Laundry Area/Facility; Built-in Closets; Walk-in Closets,2026-08-06T23:27:28.461141+00:00
https://mybunchofkeys.com/property/5-bedroom-home-sierra-vista-drive-arima/,"5 Bedroom Home Sierra Vista Drive, Arima - My Bunch of Keys","$2,400,000",BOK-1064727,"Sierra Vista Drive, N/A",5,3,11100sq.ft.,4,Sarah-Jane Carter Real Estate,,868-791-3421,https://mybunchofkeys.com/wp-content/uploads/2020/07/Sarah-Jane-Logo2-320x320.jpg,https://mybunchofkeys.com/wp-content/uploads/2026/07/WhatsApp-Image-2026-07-28-at-2.26.19-PM-1.jpeg,https://mybunchofkeys.com/wp-content/uploads/2026/07/WhatsApp-Image-2026-07-28-at-2.26.19-PM-1.jpeg; https://mybunchofkeys.com/wp-content/uploads/2026/07/WhatsApp-Image-2026-07-28-at-2.26.16-PM-1-487x1080.jpeg; https://mybunchofkeys.com/wp-content/uploads/2026/07/WhatsApp-Image-2026-07-28-at-2.26.16-PM-2-487x1080.jpeg; https://mybunchofkeys.com/wp-content/uploads/2026/07/WhatsApp-Image-2026-07-28-at-2.26.16-PM-3-487x1080.jpeg; https://mybunchofkeys.com/wp-content/uploads/2026/07/WhatsApp-Image-2026-07-28-at-2.26.16-PM-4-487x1080.jpeg; https://mybunchofkeys.com/wp-content/uploads/2026/07/WhatsApp-Image-2026-07-28-at-2.26.16-PM-487x1080.jpeg; https://mybunchofkeys.com/wp-content/uploads/2026/07/WhatsApp-Image-2026-07-28-at-2.26.17-PM-1-487x1080.jpeg; https://mybunchofkeys.com/wp-content/uploads/2026/07/WhatsApp-Image-2026-07-28-at-2.26.17-PM-3-487x1080.jpeg; https://mybunchofkeys.com/wp-content/uploads/2026/07/WhatsApp-Image-2026-07-28-at-2.26.17-PM-4-487x1080.jpeg; https://mybunchofkeys.com/wp-content/uploads/2026/07/WhatsApp-Image-2026-07-28-at-2.26.17-PM-5-487x1080.jpeg; https://mybunchofkeys.com/wp-content/uploads/2026/07/WhatsApp-Image-2026-07-28-at-2.26.17-PM-487x1080.jpeg; https://mybunchofkeys.com/wp-content/uploads/2026/07/WhatsApp-Image-2026-07-28-at-2.26.18-PM-2-487x1080.jpeg; https://mybunchofkeys.com/wp-content/uploads/2026/07/WhatsApp-Image-2026-07-28-at-2.26.18-PM-5-487x1080.jpeg; https://mybunchofkeys.com/wp-content/uploads/2026/07/WhatsApp-Image-2026-07-28-at-2.26.19-PM-1-487x1080.jpeg; https://mybunchofkeys.com/wp-content/uploads/2026/07/WhatsApp-Image-2026-07-28-at-2.26.19-PM-2-487x1080.jpeg; https://mybunchofkeys.com/wp-content/uploads/2026/07/WhatsApp-Image-2026-07-28-at-2.26.19-PM-5-487x1080.jpeg; https://mybunchofkeys.com/wp-content/uploads/2026/07/WhatsApp-Image-2026-07-28-at-2.26.19-PM-6.jpeg; https://mybunchofkeys.com/wp-content/uploads/2026/07/WhatsApp-Image-2026-07-28-at-2.44.18-PM-3-487x1080.jpeg; https://mybunchofkeys.com/wp-content/uploads/2026/07/WhatsApp-Image-2026-07-28-at-2.44.18-PM-487x1080.jpeg; https://mybunchofkeys.com/wp-content/uploads/2026/07/WhatsApp-Image-2026-07-28-at-2.44.28-PM-1-487x1080.jpeg; https://mybunchofkeys.com/wp-content/uploads/2026/07/WhatsApp-Image-2026-07-28-at-2.44.28-PM-2.jpeg,2026-07-28T18:52:53+00:00,,House,For Sale,"Beautifully Maintained Family Home – Sierra Vista Drive, Arima TT$2.4 Million | Listed Below Valuation Welcome to this well-maintained family home in a quiet cul-de-sac in Sierra Vista. Offering spacious interiors, a practical layout, and landscaped gardens, this move-in-ready property is ideal for families, returning nationals, or investment. The home features 5 bedrooms, 3½ bathrooms, multiple living areas, and a spacious living/dining room with French doors opening onto wraparound verandas and a lush garden. Property Features: 5 Bedrooms 3½ Bathrooms Ensuite secondary bedroom + two additional ensuite bedrooms Living & dining room Family room & TV room Study & home office with full bath Updated kitchen with quartz countertops Tiled floors & air-conditioned bedrooms Large wraparound verandas Two storerooms Remote gate Covered parking for 2 + additional parking for 2 Landscaped gardens with fruit trees Located minutes from the highway, malls, supermarkets, and essential services, it offers both convenience and tranquillity. Asking Price: TT$2.4 Million PRICE NEGOTIABLE Viewings by appointment only. 📞 Call 791-3421 to arrange a viewing.",Unfurnished; Move in Ready; Gated Compound; Cable TV; Electricity; Air Conditioning; Powder Room; Patio; Security Patrols; Covered Garage; Parking on Compound; Remote Gate; Freehold Land; T&C Approved; Fully Fenced; Pet Friendly; Kid Friendly; Office Space; Laundry Area/Facility; Maid Quarters; Accessible; Built-in Closets; Water Tank; Water Pump; Water Heater,2026-08-06T23:20:13.068333+00:00
https://mybunchofkeys.com/property/sara-gardens/,Sara gardens - My Bunch of Keys,"$1,650,000",BOK-1064813,Chaguanas,3,2,1450sq.ft.,,Jamiyla Narinesingh,Next Step Realty,(868) 797-1968,https://mybunchofkeys.com/wp-content/uploads/2019/07/Jamiyla-Narinesingh-320x320.jpg,https://mybunchofkeys.com/wp-content/uploads/2026/07/2f5773e5-8721-4393-aee5-dcbd133f6c89.jpeg,https://mybunchofkeys.com/wp-content/uploads/2026/07/2f5773e5-8721-4393-aee5-dcbd133f6c89.jpeg; https://mybunchofkeys.com/wp-content/uploads/2026/07/9b7691ce-783b-424c-bfed-f7b7275e346d-1156x1080.jpeg; https://mybunchofkeys.com/wp-content/uploads/2026/07/12674a9e-5158-4d8e-8433-afe8acbd108d-1175x1080.jpeg; https://mybunchofkeys.com/wp-content/uploads/2026/07/2f5773e5-8721-4393-aee5-dcbd133f6c89-871x1080.jpeg; https://mybunchofkeys.com/wp-content/uploads/2026/07/469b160f-26ad-4faf-a90c-0750c126a7f0-1196x1080.jpeg; https://mybunchofkeys.com/wp-content/uploads/2026/07/b40d55e8-5e3d-459c-94a0-ddd5098ddb5a-1196x1080.jpeg,2026-07-28T18:52:47+00:00,,House,For Sale,"Sara Gardens, Chaguanas – Phase 2 TT$1.65M ✨ Spacious Family Living in a Secure Gated Community ▪️ 3 Spacious Bedrooms ▪️ 2 Modern Bathrooms ▪️ Fully Air-Conditioned ▪️ 1,450 sq. ft. of Living Space ▪️ 5,000 sq. ft. of Land ▪️ Private Yard Space ▪️ Water Tank & Water Heater Included ▪️ Fully Fenced ▪️ Gated Community ▪️ Parking for 2 Vehicles ▪️ Special Development Financing Available ▪️ From Just 1% Down Payment (subject to lender approval) 📞 Contact Next Step Realty today to schedule your viewing and learn more about this exceptional opportunity.

About the Region
Chaguanas The Borough of Chaguanas is the largest borough with an average population of 83,489 and fastest-growing town in Trinidad and Tobago, it is located in the West-Central area of Trinidad. Chaguanas is popular for its shopping malls, variety stores and street shopping. Many citizens as well as tourists visit these sites to partake in the buying of many items offered for sale. This town is fast paced as many business sectors such as banking, insurance, auto rentals and food are readily available. All sites are easily accessible as transport hubs are located throughout the streets of this beautiful town, not to mention the safety of the police & fire services that are available upon request. Home to the famous Divali Nagar site, many tourists as well as citizens visit this location to buy merchandise offered from the well-known Indian heritage such as clothing, food, religious items etc. Fun fact, Chaguanas was named after the indigenous tribe who originally settled there.",Unfurnished; Move in Ready; Gated Community; Air Conditioning; Parking on Compound; Freehold Land,2026-08-06T23:38:50.447233+00:00
https://mybunchofkeys.com/property/tobago-plantations-villa-for-sale-5-beds-5-baths-ffe/,"Tobago Plantations Villa for Sale: 5 Beds, 5 Baths, FFE - My Bunch of Keys","$1,250,000(USD)",BOK-959941,Tobago Plantations,5,5,,,Mark Starón,Jon Nahous Real Estate,(868) 745-1414,https://mybunchofkeys.com/wp-content/uploads/2026/06/JNRE-Wallpaper-01-01-e1780771074433-320x320.png,https://mybunchofkeys.com/wp-content/uploads/2025/11/FB-Post-template-Sale.png,https://mybunchofkeys.com/wp-content/uploads/2025/11/FB-Post-template-Sale.png; https://mybunchofkeys.com/wp-content/uploads/2025/11/2-2.jpg; https://mybunchofkeys.com/wp-content/uploads/2025/11/3-2-1620x1080.jpg; https://mybunchofkeys.com/wp-content/uploads/2025/11/4-4-1620x1080.jpg; https://mybunchofkeys.com/wp-content/uploads/2025/11/5-4-1620x1080.jpg; https://mybunchofkeys.com/wp-content/uploads/2025/11/6-3.jpg; https://mybunchofkeys.com/wp-content/uploads/2025/11/7-3-1620x1080.jpg; https://mybunchofkeys.com/wp-content/uploads/2025/11/8-1.jpg; https://mybunchofkeys.com/wp-content/uploads/2025/11/9-1.jpg; https://mybunchofkeys.com/wp-content/uploads/2025/11/10.1-1620x1080.jpg; https://mybunchofkeys.com/wp-content/uploads/2025/11/10-1-1620x1080.jpg; https://mybunchofkeys.com/wp-content/uploads/2025/11/11.1-1620x1080.jpg; https://mybunchofkeys.com/wp-content/uploads/2025/11/11-1620x1080.jpg; https://mybunchofkeys.com/wp-content/uploads/2025/11/12-1620x1080.jpg; https://mybunchofkeys.com/wp-content/uploads/2025/11/13-1620x1080.jpg; https://mybunchofkeys.com/wp-content/uploads/2025/11/14-1620x1080.jpg; https://mybunchofkeys.com/wp-content/uploads/2025/11/15-1620x1080.jpg; https://mybunchofkeys.com/wp-content/uploads/2025/11/16-1620x1080.jpg; https://mybunchofkeys.com/wp-content/uploads/2025/11/17-1440x1080.jpg; https://mybunchofkeys.com/wp-content/uploads/2025/11/18-1620x1080.jpg; https://mybunchofkeys.com/wp-content/uploads/2025/11/0c88f3_79a847bea6c543559c77b999c32c4aecmv2-1-1440x1080.jpg; https://mybunchofkeys.com/wp-content/uploads/2025/11/0c88f3_e75937b52df34b7c98f1ff8036023af0mv2-1440x1080.jpg; https://mybunchofkeys.com/wp-content/uploads/2025/11/0c88f3_9ffe5d093e7f4ae8b81e5b792baa7705mv2-1440x1080.jpg; https://mybunchofkeys.com/wp-content/uploads/2025/11/0c88f3_79a847bea6c543559c77b999c32c4aecmv2-1440x1080.jpg; https://mybunchofkeys.com/wp-content/uploads/2025/11/0c88f3_6346387b8d63430c83e87d18a0a9b0f9mv2-1440x1080.jpg; https://mybunchofkeys.com/wp-content/uploads/2025/11/0c88f3_8380eb631fa0481f8712dfef80fc7db3mv2-1440x1080.jpg; https://mybunchofkeys.com/wp-content/uploads/2025/11/0c88f3_6a21339c950c49daa83a806f67386fb6mv2-1440x1080.jpg,2026-07-28T18:30:42+00:00,,House,For Sale,"$1.25M USD Tobago Plantations Villa for Sale A 5-star luxurious modern villa with an oasis garden. 5 Bedrooms . 5 Bathrooms . 6 Beds . Sleeps 12 persons. The Lauren Taylor Villa is the newly created jewel of the Tobago Plantations Estate. The renovation brought this villa into the modern age but maintained its charming open flow coastal design by acclaimed architect Stephen Mendez. It is the sister villa to the well-known Villa Shandison and is perfectly located opposite to one another allowing visitors options for larger groups. The Villa has been outfitted with all necessary amenities to make your vacation stay memorable. Nestled in stunning natural surroundings, our villa offers the perfect escape for couples, families, or groups seeking peace, comfort, and elegance. Call or WhatsApp us for more info or to schedule a viewing today. Suitable pre-approved buyers only! Jon Nahous Real Estate 868-745-1414 | 868-331-7177 jon.nahous.realestate@gmail.com

About the Region
Tobago Plantations Tobago Plantations “Tobago Plantations” is an area where the Magdalena Grand Hotel, various apartments and a great 18-hole golf course are located. The real highlight, however, are the lakes, which are designed as compensation areas and blend seamlessly into the landscape. The varied nature – as in many places on Tobago – immediately catches the eye. The foothills of a mangrove forest pass directly into one of the lakes, so that herons and other birds can be observed. A multitude of dreamlike blooming and fragrant flowers and bushes loosen up the green of the golf course and are home to many birds, such as the yellow thigh, sandpiper and the rare Anhinga. Also the blue-winged duck obviously feels comfortable here. The rustic mangroves stretch from Tobago Plantations towards Petit Trou Lagoon on the Atlantic Ocean. This complex ecosystem is home to many insects, birds and crabs. Restaurants and bistros of the Magdalena Grand Beach Resort can also be found in this area. The hotel itself is often used for international conferences and fashion shows and formerly belonged to the Hilton Group. (Tobago Live)",Fully Furnished; Recently Renovated; Gated Compound; Gated Community; Private Pool; Air Conditioning; Kitchen Appliances; Kitchen Island; Pantry; Patio; Security Patrols; Security Alarms; Parking on Compound; Remote Gate; T&C Approved; Fully Fenced; Kid Friendly; Laundry Area/Facility; Built-in Closets; Water Tank; Water Pump; Water Heater,2026-08-06T23:40:32.759475+00:00
https://mybunchofkeys.com/property/investment-beach-house-property/,Investment Beach House Property - My Bunch of Keys,"$1,500,000",BOK-1064723,"Augustusville, Cedros",5,3,4932sq.ft.,5,JM Realty Services,,(868) 369-0077,https://mybunchofkeys.com/wp-content/uploads/2025/01/JM-Realty-Logo-320x320.jpg,https://mybunchofkeys.com/wp-content/uploads/2026/07/DJI_0057.jpg,https://mybunchofkeys.com/wp-content/uploads/2026/07/DJI_0057.jpg; https://mybunchofkeys.com/wp-content/uploads/2026/07/DSCF0040-1440x1080.jpg; https://mybunchofkeys.com/wp-content/uploads/2026/07/DSCF0048-copy-1-1440x1080.jpg; https://mybunchofkeys.com/wp-content/uploads/2026/07/DSCF0028-copy-1440x1080.jpg; https://mybunchofkeys.com/wp-content/uploads/2026/07/DSCF0024-copy-1440x1080.jpg; https://mybunchofkeys.com/wp-content/uploads/2026/07/DSCF0027-copy-1440x1080.jpg; https://mybunchofkeys.com/wp-content/uploads/2026/07/DSCF0034-copy-1440x1080.jpg; https://mybunchofkeys.com/wp-content/uploads/2026/07/DSCF0036-copy-1440x1080.jpg; https://mybunchofkeys.com/wp-content/uploads/2026/07/DSCF0032-copy-1440x1080.jpg; https://mybunchofkeys.com/wp-content/uploads/2026/07/DSCF0030-copy-1440x1080.jpg; https://mybunchofkeys.com/wp-content/uploads/2026/07/DSCF0022-1440x1080.jpg; https://mybunchofkeys.com/wp-content/uploads/2026/07/DSCF0023-1440x1080.jpg; https://mybunchofkeys.com/wp-content/uploads/2026/07/DSCF0045-1440x1080.jpg; https://mybunchofkeys.com/wp-content/uploads/2026/07/DJI_0067-copy-1.jpg; https://mybunchofkeys.com/wp-content/uploads/2026/07/DJI_0062-1.jpg; https://mybunchofkeys.com/wp-content/uploads/2026/07/DJI_0065-copy-1.jpg,2026-07-28T18:21:55+00:00,,House,For Sale,"🚪 Beach House For Sale 🚪 📍Augustusville Road, Cedros Unlock the potential of coastal living and exceptional investment returns with this well-maintained beachfront property in Cedros, Trinidad . Perfectly positioned just seconds from the beach , this fully furnished home presents an outstanding opportunity to own a turnkey vacation rental, family retreat, or income-generating investment in one of Trinidad’s peaceful coastal communities. Situated on 4,932 sq. ft. of freehold land with approximately 3,000 sq. ft. of living space , the property features five spacious bedrooms and three bathrooms , comfortably accommodating large families, holiday groups, or multiple guests. Its generous layout, combined with full air-conditioning throughout, makes it an attractive option for both short-term and extended stays. Designed for relaxation and entertaining, the home boasts a private swimming pool , expansive living spaces, and a secure gated compound with ample on-compound parking. Offered fully furnished , the property is ready to welcome guests or new owners from day one, minimising the time and cost typically associated with preparing an investment property. With its beachfront location , family-friendly and pet-friendly environment, and move-in-ready condition, this property offers excellent potential for holiday rentals while also serving as a private coastal escape whenever you choose. Whether you’re looking to diversify your investment portfolio, establish a profitable vacation rental, or secure a seaside home for your family, this Cedros property delivers outstanding value and endless possibilities. 😍 Beachfront Property 🌳 4,932 SF Freehold Land 🏫 Approximately 3,000 SF Building 🛏️ 5 Bedrooms 🛁 3 Bathrooms 🏖️ Seconds from the Beach 🏊 Private Swimming Pool 🪑 Fully Furnished ❄️ Fully Air-Conditioned 🧱 Gated Compound 🚗 Parking on Compound 👦 Kid Friendly 🐶 Pet Friendly 💰 Price: $1.5M Connect with Stacey! 📱 1-868-369-0077 📧 stacey.jmrealty@gmail.com

About the Region
Cedros The coastal area known as Cedros lies on a peninsula at the South-Western end of the island of Trinidad. Located at the tip of the peninsula, Cedros or Bonasse as it is more commonly known especially on maps, lies mere miles off the coast of Venezuela, and is the most southern point in the Caribbean. Cedros has historically been a fishing village and coconut grove, producing much of the coconuts for harvest. Cedros is considered to be one of the final remaining areas that millions of years ago attached the island of Trinidad geologically to the South American continent. Cedros Bay is one of the bays in Cedros. According to an image published by a local photographer in 2007, when the tide was out or low, there was a large stretch of beach which appeared to be excellent for walking. The sand was a light beige and there were coconut trees on the shore of the bay. On weekends and on long weekends persons tend to drive down to coastal areas either to bathe in the sea or purchase fish for consumption or to enjoy the scenery or to participate in hikes and other nature events.",Fully Furnished; Move in Ready; Gated Compound; Private Pool; Air Conditioning; Kitchen Appliances; Kitchen Island; Pantry; Patio; Parking on Compound; Freehold Land; Fully Fenced; Pet Friendly; Kid Friendly; Laundry Area/Facility; Built-in Closets; Water Tank; Water Pump; Water Heater,2026-08-06T23:33:53.374928+00:00
https://mybunchofkeys.com/property/family-beach-house-for-sale/,Family Beach House For Sale - My Bunch of Keys,"$1,500,000",BOK-1064704,"Augustusville, Cedros",4,3,12110sq.ft.,3,JM Realty Services,,(868) 369-0077,https://mybunchofkeys.com/wp-content/uploads/2025/01/JM-Realty-Logo-320x320.jpg,https://mybunchofkeys.com/wp-content/uploads/2026/07/DJI_0062.jpg,https://mybunchofkeys.com/wp-content/uploads/2026/07/DJI_0062.jpg; https://mybunchofkeys.com/wp-content/uploads/2026/07/DJI_0065-copy.jpg; https://mybunchofkeys.com/wp-content/uploads/2026/07/DJI_0059-copy.jpg; https://mybunchofkeys.com/wp-content/uploads/2026/07/DJI_0067-copy.jpg; https://mybunchofkeys.com/wp-content/uploads/2026/07/DSCF0019-1440x1080.jpg; https://mybunchofkeys.com/wp-content/uploads/2026/07/DSCF0016-copy-1440x1080.jpg; https://mybunchofkeys.com/wp-content/uploads/2026/07/DSCF0015-copy-1-1440x1080.jpg; https://mybunchofkeys.com/wp-content/uploads/2026/07/DSCF0013-copy-1-1440x1080.jpg; https://mybunchofkeys.com/wp-content/uploads/2026/07/DSCF0011-copy-1440x1080.jpg; https://mybunchofkeys.com/wp-content/uploads/2026/07/DSCF0002-copy-1-1440x1080.jpg; https://mybunchofkeys.com/wp-content/uploads/2026/07/DSCF0008-copy-1440x1080.jpg; https://mybunchofkeys.com/wp-content/uploads/2026/07/DSCF0006-copy-1-1440x1080.jpg,2026-07-28T18:05:25+00:00,,House,For Sale,"🚪 Beach House For Sale 🚪 📍Augustusville Road, Cedros Welcome to your own slice of paradise in Cedros, Trinidad —a spacious beachfront retreat that offers the perfect blend of comfort, relaxation, and exceptional value. Set on an expansive 12,110 sq. ft. freehold parcel with approximately 2,000 sq. ft. of living space , this well-maintained property is an ideal family vacation home, permanent residence, or investment opportunity. Featuring four generously sized bedrooms and three bathrooms , the home is thoughtfully designed to accommodate family and friends with ease. The fully furnished interior is move-in ready and complemented by full air-conditioning throughout , ensuring year-round comfort in the tropical climate. Step outside and experience one of the property’s greatest highlights—being just seconds from the beach . Whether you’re enjoying morning walks along the shoreline, entertaining guests, or simply unwinding to the sound of the waves, this home offers the relaxed coastal lifestyle you’ve been dreaming of. The property is securely enclosed within a gated compound and provides ample on-compound parking , making it both practical and private. With its generous outdoor space, kid-friendly environment, and pet-friendly setting, there’s plenty of room for the whole family to enjoy. Whether you’re searching for a peaceful weekend escape, a spacious holiday home, or a beachfront property with outstanding value, this Cedros gem is an opportunity not to be missed. 😍 Beachfront Property 🌳 12110 SF Land Size 🏫 2000 SF Building Size 🛏 4 Bedrooms 🛁 3 Bathrooms 🏖️ Seconds From The Beach 🪑 Fully Furnished ❄️ Fully Air-Conditioned 🧱 Gated Compound 🚗 Parking On Compound 👦 Kid Friendly 🐶 Pet Friendly 💰 Price: $1.5M Connect with Stacey! 📱 1-868-369-0077 📧 stacey.jmrealty@gmail.com

About the Region
Cedros The coastal area known as Cedros lies on a peninsula at the South-Western end of the island of Trinidad. Located at the tip of the peninsula, Cedros or Bonasse as it is more commonly known especially on maps, lies mere miles off the coast of Venezuela, and is the most southern point in the Caribbean. Cedros has historically been a fishing village and coconut grove, producing much of the coconuts for harvest. Cedros is considered to be one of the final remaining areas that millions of years ago attached the island of Trinidad geologically to the South American continent. Cedros Bay is one of the bays in Cedros. According to an image published by a local photographer in 2007, when the tide was out or low, there was a large stretch of beach which appeared to be excellent for walking. The sand was a light beige and there were coconut trees on the shore of the bay. On weekends and on long weekends persons tend to drive down to coastal areas either to bathe in the sea or purchase fish for consumption or to enjoy the scenery or to participate in hikes and other nature events.",Fully Furnished; Move in Ready; Gated Compound; Air Conditioning; Kitchen Appliances; Pantry; Patio; Covered Garage; Parking on Compound; Freehold Land; Fully Fenced; Pet Friendly; Kid Friendly; Laundry Area/Facility; Built-in Closets; Water Tank; Water Pump; Water Heater,2026-08-06T23:25:04.403404+00:00
https://mybunchofkeys.com/property/for-sale-grand-lagoon-mayaro-apartment-building-and-house-investment-opportunity/,"FOR SALE - Grand Lagoon, Mayaro - Apartment Building and House - Investment Opportunity! - TT$3.2M ONO - My Bunch of Keys","$3,200,000",BOK-470541,"Grand Lagoon, Mayaro, Guayaguayare Manzanilla Mayaro",10,7,9530sq.ft.,12,Veridian Realty,,(868) 476-4235,https://mybunchofkeys.com/wp-content/uploads/2021/09/veridian-logo-320x320.png,https://mybunchofkeys.com/wp-content/uploads/2023/03/DSC09969.jpg,https://mybunchofkeys.com/wp-content/uploads/2023/03/DSC09969.jpg; https://mybunchofkeys.com/wp-content/uploads/2023/03/DSC09977.jpg; https://mybunchofkeys.com/wp-content/uploads/2023/03/DSC09930.jpg; https://mybunchofkeys.com/wp-content/uploads/2023/03/DSC09959.jpg; https://mybunchofkeys.com/wp-content/uploads/2023/03/DSC09952.jpg; https://mybunchofkeys.com/wp-content/uploads/2023/03/DSC09989.jpg; https://mybunchofkeys.com/wp-content/uploads/2023/03/DSC00002.jpg; https://mybunchofkeys.com/wp-content/uploads/2023/03/DSC00003.jpg; https://mybunchofkeys.com/wp-content/uploads/2023/03/DSC00009.jpg; https://mybunchofkeys.com/wp-content/uploads/2023/03/DSC00039.jpg; https://mybunchofkeys.com/wp-content/uploads/2023/03/DSC00023.jpg; https://mybunchofkeys.com/wp-content/uploads/2023/03/DJI_0529.jpg,2026-07-28T15:30:32+00:00,,House,For Sale,"For Sale – Grand Lagoon, Mayaro – Apartment Building and House – Investment Opportunity! – TT$3.2M ONO Great investment opportunity, perfect for short-term rentals! This well maintained multi-unit gated apartment complex sits on 9,530sf of freehold land. The property comprises two buildings that border the Guayaguayare road at the back and opens out to a panoramic ocean view, to the front. The first building has four self-contained fully furnished apartments, three of which are 2 bedroom apartments and a 1 bedroom apartment. The second building which faces the ocean is a two storey fully furnished executive condo comprising 3 bedrooms, and 3 bathrooms with an open plan living, dining, and kitchen area with a separate laundry/utility room. There is a wrap-around verandah at the top and a patio at the bottom to take full advantage of the lovely ocean view. Also included are nine water tanks, 2 pumps, and a camera system. Parking is for approx. 12 cars. Please contact us for more information:

About the Region
Guayaguayare Guayaguayare is the most south eastern village in Trinidad and Tobago. It lies at the southern end of the county of Mayaro. Guayaguayare (often simply called Guaya) is primarily a fishing village, but it also plays a major role in the petroleum industry. The largest petroleum producers in the country - BP Trinidad & Tobago (bpTT), BHP Billiton and Petrotrin all have a major presence here. Guayaguayare was the first area in Trinidad sighted by Christopher Columbus on July 31, 1498. The area along Guayaguayare Bay, between the Lizard River (originally Rio de Iguanas) and the Pilote River (Rio de Pilotas) was settled by French planters and their slaves in the late eighteenth century following the 1783 Cedula de Población. Guayaguayare also has a prominent place in the history of the oil industry - it was the site of the first commercially viable wells drilled in Trinidad by Randolph Rust and Lee Lum in May 1902. It is the birthplace of Jillian Richardson who won a silver medal for Canada at the 1984 Olympics in the 4x400 metres.",Fully Furnished; Move in Ready; Air Conditioning; Kitchen Appliances; Parking on Compound; Freehold Land; Fully Fenced; Pet Friendly; Kid Friendly; Laundry Area/Facility; Built-in Closets,2026-08-06T23:26:38.198944+00:00
https://mybunchofkeys.com/property/property-of-sale-in-longdenville/,Property of Sale In Longdenville - My Bunch of Keys,"$2,800,000",BOK-1064612,Longdenville,5,2.5,4696sq.ft.,4,Joshua Galt,Terra Caribbean,(868) 267-6448,https://mybunchofkeys.com/wp-content/uploads/2026/04/Joshua-Galt-320x320.jpg,https://mybunchofkeys.com/wp-content/uploads/2026/07/A-16.jpg,https://mybunchofkeys.com/wp-content/uploads/2026/07/A-16.jpg; https://mybunchofkeys.com/wp-content/uploads/2026/07/A-16-1440x1080.jpg; https://mybunchofkeys.com/wp-content/uploads/2026/07/B-16-1440x1080.jpg; https://mybunchofkeys.com/wp-content/uploads/2026/07/C-14-1440x1080.jpg; https://mybunchofkeys.com/wp-content/uploads/2026/07/D-14-1440x1080.jpg; https://mybunchofkeys.com/wp-content/uploads/2026/07/E-13-1440x1080.jpg; https://mybunchofkeys.com/wp-content/uploads/2026/07/F-13-1440x1080.jpg; https://mybunchofkeys.com/wp-content/uploads/2026/07/G-11-1440x1080.jpg; https://mybunchofkeys.com/wp-content/uploads/2026/07/H-9-1440x1080.jpg; https://mybunchofkeys.com/wp-content/uploads/2026/07/I-9-1440x1080.jpg; https://mybunchofkeys.com/wp-content/uploads/2026/07/J-9-1440x1080.jpg; https://mybunchofkeys.com/wp-content/uploads/2026/07/K-6-1440x1080.jpg; https://mybunchofkeys.com/wp-content/uploads/2026/07/L-6-1440x1080.jpg; https://mybunchofkeys.com/wp-content/uploads/2026/07/M-7-1440x1080.jpg,2026-07-28T14:01:32+00:00,,House,For Sale,"This versatile mixed-use property offers the best of both worlds: a comfortable residential home to the rear and approximately 1,200 square feet of commercial retail space fronting the main road. Its prominent roadside position provides excellent visibility and exposure, ideal for a business owner looking to live and operate from the same address, or an investor seeking a property with dual income potential. The retail space is well-suited to a variety of commercial uses and can be expanded further, as the residential portion offers sufficient additional space to accommodate growth. This flexibility makes the property a smart long-term investment, adaptable to changing business needs over time. Price is negotiable. TT30320

About the Region
Longdenville Longdenville is a town located in the region of Chaguanas, Trinidad. Longdenville is famous for their agricultural, the Sugar Field Centre and factories such as- Abel and Trinidad Aggregate Ltd. Longdenville has easy access to primary schools, pharmacies, supermarkets, and many other companies such as BHAD Studios and C.M Central Lumber Limited just to name a few. If looking for a quiet and peaceful environment Longdenville can definitely be considered.",Air Conditioning; Parking on Compound; Water Tank; Water Pump,2026-08-06T23:37:57.089971+00:00
https://mybunchofkeys.com/property/residential-commercial-incomplete-building-arima/,Residential/ commercial incomplete building Arima - My Bunch of Keys,"$12,500,000",BOK-1064508,Arima,,,12000sq.ft.,,Patience Real Estate,,(868) 464-6416,https://mybunchofkeys.com/wp-content/uploads/2019/11/Patience-Real-Estate-Logo.png,https://mybunchofkeys.com/wp-content/uploads/2026/07/file_000000006d64820e884b041e9a2109d0-1.png,https://mybunchofkeys.com/wp-content/uploads/2026/07/file_00000000c138820eb5c98bd002a21e72.png; https://mybunchofkeys.com/wp-content/uploads/2026/07/file_000000006d64820e884b041e9a2109d0-1.png; https://mybunchofkeys.com/wp-content/uploads/2026/07/file_000000001bf8820e92fc04ebe88e5b98.png; https://mybunchofkeys.com/wp-content/uploads/2026/07/file_000000008d68820eaf962450d75f63ed.png; https://mybunchofkeys.com/wp-content/uploads/2026/07/20260727_164509-1918x1080.jpg; https://mybunchofkeys.com/wp-content/uploads/2026/07/file_0000000008e0820ea6f9ec69cc2337f1.png; https://mybunchofkeys.com/wp-content/uploads/2026/07/file_0000000067ec820eae45d6287e2a4cc0.png; https://mybunchofkeys.com/wp-content/uploads/2026/07/file_0000000086f8820ea1503eb5eb94554f.png; https://mybunchofkeys.com/wp-content/uploads/2026/07/file_000000000a88820e80b04f9fef12722f-1.png; https://mybunchofkeys.com/wp-content/uploads/2026/07/20260727_163201-1918x1080.jpg,2026-07-28T02:56:28+00:00,,House,For Sale,"An Extraordinary Estate in the Making Santa Rosa Heights, Arima A rare opportunity to complete an extraordinary 12,000 sq. ft . Structure on 35,000 sq. ft. of land in one of Arima’s most sought-after locations. Originally designed as a 5-bedroom luxury residence, this impressive structure features soaring ceilings, expansive open-plan spaces, extensive glass windows, a four-car garage with high-speed aluminium roller doors , three-phase electricity , underground electrical infrastructure, and dedicated electrical and pump rooms. Enjoy uninterrupted views of the Northern Range , a scenic upper-level terrace, and a grand driveway designed to accommodate multiple vehicles, heavy equipment, and containers. Positioned on a high-traffic roadway, the property also presents exceptional commercial potential (subject to approvals), making it ideal for a corporate headquarters, medical centre, boutique hotel, professional offices, educational facility, or other institutional uses. A landmark property with endless possibilities complete it as your dream estate or transform it into an iconic commercial address. Asking TTD$12,500,000. Or USD equiv .

About the Region
Arima Arima, officially The Royal Chartered Borough of Arima is the easternmost and second largest area of the three boroughs of Trinidad and Tobago. This town is well known for its shopping areas located in the inner most portion of the town. It serves as a main trading hub for environs which makes the town considerably busy. Many persons visit Arima to relax and enjoy the wide array of local bars and street food offered such as burgers, doubles, gyros etc. Home to the famous drag malls, persons can visit Arima to purchase items of Rastafarian heritage. Arima, has primary and secondary schools, hospitals, police and fire services readily available. It attracts persons from all over as it hosts exciting borough day & Jouvert celebrations Fun fact, Arima is home to the indigenous people known as the “Caribs”. They are mainly found in the area of Arima called Calvary Hill which attracts many tourists as the Caribs were a well-known tribe in their time.",3-Phase Electricity,2026-08-06T23:38:08.454801+00:00
https://mybunchofkeys.com/property/house-for-sale-highbury-park-cunupia-tt1-8mil/,"House for Sale - Highbury Park, Cunupia TT$1.8Mil - My Bunch of Keys","$1,800,000",BOK-1064346,"Highbury Park, Cunupia, Cunupia",3,2,1650sq.ft.,2,Angela Hollis,Decadent Properties Ltd.,(868) 770-9940,https://mybunchofkeys.com/wp-content/uploads/2019/09/Angela-Hollis-320x320.jpg,https://mybunchofkeys.com/wp-content/uploads/2026/07/WhatsApp-Image-2026-07-23-at-9.56.35-AM.jpeg,https://mybunchofkeys.com/wp-content/uploads/2026/07/WhatsApp-Image-2026-07-23-at-9.56.35-AM.jpeg; https://mybunchofkeys.com/wp-content/uploads/2026/07/WhatsApp-Image-2026-07-23-at-9.56.35-AM-1440x1080.jpeg; https://mybunchofkeys.com/wp-content/uploads/2026/07/WhatsApp-Image-2026-07-23-at-9.56.35-AM-3-1440x1080.jpeg; https://mybunchofkeys.com/wp-content/uploads/2026/07/WhatsApp-Image-2026-07-23-at-9.56.35-AM-2-1440x1080.jpeg; https://mybunchofkeys.com/wp-content/uploads/2026/07/WhatsApp-Image-2026-07-23-at-9.56.36-AM-1440x1080.jpeg; https://mybunchofkeys.com/wp-content/uploads/2026/07/WhatsApp-Image-2026-07-23-at-9.56.36-AM-1-810x1080.jpeg; https://mybunchofkeys.com/wp-content/uploads/2026/07/WhatsApp-Image-2026-07-23-at-9.56.36-AM-2-810x1080.jpeg; https://mybunchofkeys.com/wp-content/uploads/2026/07/WhatsApp-Image-2026-07-23-at-9.56.35-AM-1-1440x1080.jpeg,2026-07-27T18:14:24+00:00,,House,For Sale,"Single storey, 3 bathroom, 2 bathroom home (1,650 sq ft) on a 5019 sq ft freehold lot. Independent laundry room, fully air conditioned, modern finishes, enclosed parking with roll down garage door and secure back yard. Gated neighborhood with 24 hour security. Call us today at 628 8144 or 770-9940 to book your tour.

About the Region
Cunupia Cunupia is a town in central Trinidad. It is part of the Borough of Chaguanas. Cunupia is just northeast of Chaguanas proper. Like Chaguanas itself, Cunupia has experienced rapid growth in recent years, especially in terms of residential developments. You can find many variety stores, the famous Sheik Lisha Ltd., restaurants, supermarkets and places of worships in this community. Cunupia is also a route that can easily take you to different parts of central Trinidad.",Unfurnished; Gated Community; Air Conditioning; Parking on Compound; Pet Friendly; Kid Friendly,2026-08-06T23:31:47.806466+00:00
https://mybunchofkeys.com/property/4-bedroom-3-bathroom-house-located-in-moka-heights-maraval-for-sale-or-rent/,"4 BEDROOM, 3 BATHROOM HOUSE LOCATED IN MOKA HEIGHTS- MARAVAL FOR SALE - My Bunch of Keys","$5,000,000",,Maraval Moka,4,3,2725sq.ft.,2,Marjorie Lousaing,Trinidad Properties Management Company,(868) 680-1118,https://mybunchofkeys.com/wp-content/uploads/2019/10/28576938_10156351133364742_4251205992678202626_n-320x320.jpg,https://mybunchofkeys.com/wp-content/uploads/2024/07/IMG_2827.jpeg,https://mybunchofkeys.com/wp-content/uploads/2024/07/IMG_2827.jpeg; https://mybunchofkeys.com/wp-content/uploads/2024/07/IMG_2828-1440x1080.jpeg; https://mybunchofkeys.com/wp-content/uploads/2024/07/IMG_2829-1440x1080.jpeg; https://mybunchofkeys.com/wp-content/uploads/2024/07/IMG_2823-1440x1080.jpeg; https://mybunchofkeys.com/wp-content/uploads/2024/07/IMG_2832-810x1080.jpeg; https://mybunchofkeys.com/wp-content/uploads/2024/07/IMG_2826-1440x1080.jpeg; https://mybunchofkeys.com/wp-content/uploads/2024/07/IMG_2843-1440x1080.jpeg; https://mybunchofkeys.com/wp-content/uploads/2024/07/IMG_2842-1440x1080.jpeg; https://mybunchofkeys.com/wp-content/uploads/2024/07/IMG_2839-1440x1080.jpeg; https://mybunchofkeys.com/wp-content/uploads/2024/07/IMG_2838-810x1080.jpeg; https://mybunchofkeys.com/wp-content/uploads/2024/07/IMG_2816-810x1080.jpeg; https://mybunchofkeys.com/wp-content/uploads/2024/07/IMG_2818-810x1080.jpeg; https://mybunchofkeys.com/wp-content/uploads/2024/07/IMG_2800-810x1080.jpeg; https://mybunchofkeys.com/wp-content/uploads/2024/07/IMG_2810-1440x1080.jpeg; https://mybunchofkeys.com/wp-content/uploads/2024/07/IMG_2805-810x1080.jpeg; https://mybunchofkeys.com/wp-content/uploads/2024/07/IMG_2846-810x1080.jpeg; https://mybunchofkeys.com/wp-content/uploads/2024/07/IMG_2808-1440x1080.jpeg; https://mybunchofkeys.com/wp-content/uploads/2024/07/IMG_2827-1440x1080.jpeg,2026-07-27T17:54:05+00:00,,House,For Sale,"THIS LOVLEY 4 BEDROOM FAMILY HOME, IS LOCATED DIRECTLY ON THE ST. ANDREWS GOLF COURSE IN MOKA, MARAVAL. THE COMPOUND IS GATED WITH 24 HRS SECURITY WITH AN ACTIVE NEIGHBOURHOOD COMMUNITY, SECURITY PATROLS, AND CLOSE TO MANY AMENITIES INCLUDING SUPERMARKETS, RESTAURANTS, CHURCHES ETC. 8,000 SQ FT LAND 2,725 SQ HOUSE 4 BEDROOMS 3 FULL BATHROOMS FAMILY ROOM LIVING AND DINING COMBINED MODERN KITCHEN WITH S/S APPLIANCES LAUNDRY ROOM SPACIOUS PATIO POOL AND ENTERTAINMENT AREA BEAUTIFUL VIEWS OF THE GOLF COURSE AND MARAVAL HILLS PARKING FOR 2 CARS

About the Region
Maraval Maraval is one of the northern suburbs of Trinidad's capital, Port of Spain, a valley in northern Trinidad in Trinidad and Tobago. It is situated at the bottom of the hills of Paramin and located east of the Diego Martin valley to which it is connected directly by Morne Coco Road, and west of Santa Cruz valley, to which it is connected by Saddle Road. Maraval is considered one of the major high-income residential areas in the country in combination with the Westmoorings, Goodwood Park and Glencoe area, it is home of much of the island's elite, including a number of diplomats. Maraval is sometimes referred to as ""Diego Martin East"". It is home to Trinity College secondary school, St. Andrew's Golf Course and Club in Moka, which is considered to be one of the finest golf courses in the Caribbean that was established in 1891 making it one of the oldest in the world. It arguably provides the best route of access from the capital to the North Coast. Along with Santa Cruz, Maraval is located close to the best beaches on the island, allowing its residents quick access to both leisure activities, as well as downtown business and entertainment. Maraval has branches of the major locally-operating banks, supermarkets, pharmacies, boutiuqes, clothing outlets, catholic schools, churches and parish groups.",Semi Furnished; Gated Compound; Gated Community; Private Pool; Air Conditioning; Patio; Security Patrols; Security Alarms; Security Cameras; Covered Garage; Remote Gate; Freehold Land; Fully Fenced; Pet Friendly; Kid Friendly; Office Space; Laundry Area/Facility; Accessible; Built-in Closets; Walk-in Closets; Water Pump,2026-08-06T23:20:02.788860+00:00
https://mybunchofkeys.com/property/house-for-sale-in-st-joseph-10/,House For Sale In St. Joseph - My Bunch of Keys,"$2,000,000",BOK-1064214,Maracas Valley St. Joseph,5,2.5,2500sq.ft.,,Andrea Barry,Terra Caribbean,(868) 739-5361,https://mybunchofkeys.com/wp-content/uploads/2025/05/Terra-Andrea-Barry-320x320.jpg,https://mybunchofkeys.com/wp-content/uploads/2026/07/a-14.jpg,https://mybunchofkeys.com/wp-content/uploads/2026/07/a-14.jpg; https://mybunchofkeys.com/wp-content/uploads/2026/07/b-14-1440x1080.jpg; https://mybunchofkeys.com/wp-content/uploads/2026/07/c-12.jpg; https://mybunchofkeys.com/wp-content/uploads/2026/07/d-12.jpg; https://mybunchofkeys.com/wp-content/uploads/2026/07/e-11.jpg; https://mybunchofkeys.com/wp-content/uploads/2026/07/f-11.jpg; https://mybunchofkeys.com/wp-content/uploads/2026/07/g-9.jpg; https://mybunchofkeys.com/wp-content/uploads/2026/07/h-7.jpg; https://mybunchofkeys.com/wp-content/uploads/2026/07/i-7.jpg; https://mybunchofkeys.com/wp-content/uploads/2026/07/j-7.jpg; https://mybunchofkeys.com/wp-content/uploads/2026/07/k-5.jpg; https://mybunchofkeys.com/wp-content/uploads/2026/07/l-5.jpg; https://mybunchofkeys.com/wp-content/uploads/2026/07/m-6.jpg; https://mybunchofkeys.com/wp-content/uploads/2026/07/n-4.jpg; https://mybunchofkeys.com/wp-content/uploads/2026/07/o-3.jpg; https://mybunchofkeys.com/wp-content/uploads/2026/07/p-1.jpg,2026-07-27T16:55:43+00:00,,House,For Sale,"Two Storey home FOR SALE in Maracas Valley. Located in the established neighbourhood of Valley View and perched on an elevated plateau, this property enjoys outstanding views of the valley and offers a unique privacy. The upper driveway leads to a covered carport with direct access to the kitchen and breakfast area, providing everyday convenience. The main living level features a semi-open plan living and dining room that flows seamlessly onto a patio, creating an ideal space for entertaining or relaxing while taking in the surrounding scenery. This level also includes a guest powder room and additional storage. A wide staircase leads to the upper floor, where the home offers three generously sized bedrooms and two bathrooms. In addition, two versatile bonus rooms, currently used as a study and a gym, provide flexible living options to suit a variety of lifestyles. This home is in need of updating the roof and electricals were already upgraded. TT30387

About the Region
Maracas Valley Maracas Valley is a valley located in North-East Trinidad. It is separated by two mountains between Maracas–Saint Joseph and Maracas Beach. The valley is home to the nation's tallest waterfall, Maracas Falls, which towers over the valley with a height of 91.5 meters (300 ft) and is the source of the Maracas River. This river provides water for the surrounding communities. Maracas Valley is also the location of the main campus for the University of the Southern Caribbean. Trinidad's second highest mountain peak, El Tucuche, towers over the lush valley and bounds it to the north. Due to this geographic location, the valley is usually cool",Unfurnished; Air Conditioning; Freehold Land; Fully Fenced; Water Tank; Water Pump,2026-08-06T23:33:07.237935+00:00
https://mybunchofkeys.com/property/single-story-house-for-sale-in-tacarigua-4-1m-neg/,SINGLE Corner Property FOR SALE IN TACARIGUA - My Bunch of Keys,"$3,800,000",BOK-1035686,Tacarigua,4,4,8947sq.ft.,3,Gina Maria Pinheiro,Pinheiro Realty Services,(868) 620-6310,https://mybunchofkeys.com/wp-content/uploads/2018/06/Gina-Maria-Pinheiro-320x320.jpg,https://mybunchofkeys.com/wp-content/uploads/2026/05/WhatsApp-Image-2026-04-30-at-4.57.20-PM-5.jpeg,https://mybunchofkeys.com/wp-content/uploads/2026/05/WhatsApp-Image-2026-04-30-at-4.57.20-PM-5.jpeg; https://mybunchofkeys.com/wp-content/uploads/2026/05/WhatsApp-Image-2026-04-30-at-4.57.21-PM-3-1080x1080.jpeg; https://mybunchofkeys.com/wp-content/uploads/2026/05/WhatsApp-Image-2026-04-30-at-4.57.21-PM-4-1080x1080.jpeg; https://mybunchofkeys.com/wp-content/uploads/2026/05/WhatsApp-Image-2026-04-30-at-4.57.21-PM-5-1080x1080.jpeg; https://mybunchofkeys.com/wp-content/uploads/2026/05/WhatsApp-Image-2026-04-30-at-4.57.21-PM-6-1080x1080.jpeg; https://mybunchofkeys.com/wp-content/uploads/2026/05/WhatsApp-Image-2026-04-30-at-4.57.21-PM-1080x1080.jpeg; https://mybunchofkeys.com/wp-content/uploads/2026/05/WhatsApp-Image-2026-04-30-at-4.57.22-PM-1-1080x1080.jpeg; https://mybunchofkeys.com/wp-content/uploads/2026/05/WhatsApp-Image-2026-04-30-at-4.57.22-PM-2-1080x1080.jpeg; https://mybunchofkeys.com/wp-content/uploads/2026/05/WhatsApp-Image-2026-04-30-at-4.57.22-PM-3-1080x1080.jpeg; https://mybunchofkeys.com/wp-content/uploads/2026/05/WhatsApp-Image-2026-04-30-at-4.57.22-PM-4-1080x1080.jpeg; https://mybunchofkeys.com/wp-content/uploads/2026/05/WhatsApp-Image-2026-04-30-at-4.57.22-PM-5-1080x1080.jpeg; https://mybunchofkeys.com/wp-content/uploads/2026/05/WhatsApp-Image-2026-04-30-at-4.57.22-PM-1080x1080.jpeg; https://mybunchofkeys.com/wp-content/uploads/2026/05/WhatsApp-Image-2026-04-30-at-4.57.23-PM-1-1080x1080.jpeg; https://mybunchofkeys.com/wp-content/uploads/2026/05/WhatsApp-Image-2026-04-30-at-4.57.23-PM-2-1080x1080.jpeg; https://mybunchofkeys.com/wp-content/uploads/2026/05/WhatsApp-Image-2026-04-30-at-4.57.23-PM-4-1080x1080.jpeg; https://mybunchofkeys.com/wp-content/uploads/2026/05/WhatsApp-Image-2026-04-30-at-4.57.23-PM-5-1080x1080.jpeg; https://mybunchofkeys.com/wp-content/uploads/2026/05/WhatsApp-Image-2026-04-30-at-4.57.23-PM-6-1080x1080.jpeg; https://mybunchofkeys.com/wp-content/uploads/2026/05/WhatsApp-Image-2026-04-30-at-4.57.23-PM-1080x1080.jpeg; https://mybunchofkeys.com/wp-content/uploads/2026/05/WhatsApp-Image-2026-04-30-at-4.57.24-PM-1080x1080.jpeg; https://mybunchofkeys.com/wp-content/uploads/2026/05/WhatsApp-Image-2026-04-30-at-4.57.19-PM-1-1080x1080.jpeg; https://mybunchofkeys.com/wp-content/uploads/2026/05/WhatsApp-Image-2026-04-30-at-4.57.20-PM-1-1080x1080.jpeg; https://mybunchofkeys.com/wp-content/uploads/2026/05/WhatsApp-Image-2026-04-30-at-4.57.20-PM-2-1080x1080.jpeg; https://mybunchofkeys.com/wp-content/uploads/2026/05/WhatsApp-Image-2026-04-30-at-4.57.20-PM-3-1080x1080.jpeg; https://mybunchofkeys.com/wp-content/uploads/2026/05/WhatsApp-Image-2026-04-30-at-4.57.20-PM-4-1080x1080.jpeg; https://mybunchofkeys.com/wp-content/uploads/2026/05/WhatsApp-Image-2026-04-30-at-4.57.20-PM-5-1080x1080.jpeg; https://mybunchofkeys.com/wp-content/uploads/2026/05/WhatsApp-Image-2026-04-30-at-4.57.20-PM-1080x1080.jpeg; https://mybunchofkeys.com/wp-content/uploads/2026/05/WhatsApp-Image-2026-04-30-at-4.57.21-PM-1-1080x1080.jpeg,2026-07-27T15:00:08+00:00,,House,For Sale,"HOUSE FOR SALE Ridgeview Heights, Tacarigua Single-story family home in a lovely residential neighborhood. ✅4 bedrooms, 4 bathrooms, plus an exterior bathroom for a pool ✅8947 sq ft of freehold land ✅4200 sq ft of building ✅Spacious open-plan living and dining room opening on to pool/entertainment area ✅covered parking for 3 cars ✅Located near to East Gate and Trinity mall and many amenities ✅Italian styled living room floor and ceiling area REDUCED TO $3.8 M!!!!! Recent valuation in hand Gina 620-6310 Pinheiro Realty Services

About the Region
Tacarigua Tacarigua (originally San Pablo de Tacarigua) is a town in the East–West Corridor of Trinidad and Tobago, located east of Tunapuna, north of Trincity and west of Arouca. It is on the banks of the Tacarigua River. The city is governed by the Tunapuna–Piarco Regional Corporation. Tacarigua was originally a Spanish encomienda, prior to the relocation of the Amerindians to Arima in 1789. Some of the first mosques were built at Tacarigua in 1850. Famous cricket player Kieron Pollard was born here.",Private Pool; Air Conditioning; Kitchen Island; Covered Garage; Remote Gate,2026-08-06T23:39:23.121467+00:00
https://mybunchofkeys.com/property/valsayn-house-for-sale-6-8m/,VALSAYN HOUSE FOR SALE $5.99M - My Bunch of Keys,"$5,990,000",BOK-990354,Valsayn,4,2,21000sq.ft.,4,Gina Maria Pinheiro,Pinheiro Realty Services,(868) 620-6310,https://mybunchofkeys.com/wp-content/uploads/2018/06/Gina-Maria-Pinheiro-320x320.jpg,https://mybunchofkeys.com/wp-content/uploads/2026/02/WhatsApp-Image-2026-02-05-at-11.59.41-AM.jpeg,https://mybunchofkeys.com/wp-content/uploads/2026/02/WhatsApp-Image-2026-02-05-at-11.59.56-AM.jpeg; https://mybunchofkeys.com/wp-content/uploads/2026/02/WhatsApp-Image-2026-02-05-at-11.59.58-AM.jpeg; https://mybunchofkeys.com/wp-content/uploads/2026/02/WhatsApp-Image-2026-02-05-at-11.59.59-AM.jpeg; https://mybunchofkeys.com/wp-content/uploads/2026/02/WhatsApp-Image-2026-02-05-at-12.00.01-PM.jpeg; https://mybunchofkeys.com/wp-content/uploads/2026/02/WhatsApp-Image-2026-02-05-at-12.00.02-PM.jpeg; https://mybunchofkeys.com/wp-content/uploads/2026/02/WhatsApp-Image-2026-02-05-at-12.00.03-PM.jpeg; https://mybunchofkeys.com/wp-content/uploads/2026/02/WhatsApp-Image-2026-02-05-at-12.00.05-PM.jpeg; https://mybunchofkeys.com/wp-content/uploads/2026/02/WhatsApp-Image-2026-02-05-at-12.00.07-PM.jpeg; https://mybunchofkeys.com/wp-content/uploads/2026/02/WhatsApp-Image-2026-02-05-at-12.00.08-PM.jpeg; https://mybunchofkeys.com/wp-content/uploads/2026/02/WhatsApp-Image-2026-02-05-at-12.00.11-PM.jpeg; https://mybunchofkeys.com/wp-content/uploads/2026/02/WhatsApp-Image-2026-02-05-at-12.00.12-PM.jpeg; https://mybunchofkeys.com/wp-content/uploads/2026/02/WhatsApp-Image-2026-02-05-at-12.00.14-PM.jpeg; https://mybunchofkeys.com/wp-content/uploads/2026/02/WhatsApp-Image-2026-02-05-at-11.58.37-AM.jpeg; https://mybunchofkeys.com/wp-content/uploads/2026/02/WhatsApp-Image-2026-02-05-at-11.58.42-AM.jpeg; https://mybunchofkeys.com/wp-content/uploads/2026/02/WhatsApp-Image-2026-02-05-at-11.59.03-AM.jpeg; https://mybunchofkeys.com/wp-content/uploads/2026/02/WhatsApp-Image-2026-02-05-at-11.59.40-AM.jpeg; https://mybunchofkeys.com/wp-content/uploads/2026/02/WhatsApp-Image-2026-02-05-at-11.59.41-AM.jpeg; https://mybunchofkeys.com/wp-content/uploads/2026/02/WhatsApp-Image-2026-02-05-at-11.59.42-AM.jpeg; https://mybunchofkeys.com/wp-content/uploads/2026/02/WhatsApp-Image-2026-02-05-at-11.59.47-AM.jpeg; https://mybunchofkeys.com/wp-content/uploads/2026/02/WhatsApp-Image-2026-02-05-at-11.59.48-AM.jpeg; https://mybunchofkeys.com/wp-content/uploads/2026/02/WhatsApp-Image-2026-02-05-at-11.59.50-AM.jpeg; https://mybunchofkeys.com/wp-content/uploads/2026/02/WhatsApp-Image-2026-02-05-at-11.59.52-AM.jpeg; https://mybunchofkeys.com/wp-content/uploads/2026/02/WhatsApp-Image-2026-02-05-at-11.59.53-AM.jpeg; https://mybunchofkeys.com/wp-content/uploads/2026/02/WhatsApp-Image-2026-02-05-at-11.59.55-AM.jpeg,2026-07-27T13:00:07+00:00,,House,For Sale,"FOR SALE $5.99M OLDER HOME On 21,000 sq ft of FREEHOLD Land. Single story Four bedrooms Two bathrooms Parking for 4 cars Kitchen, dining living and TV area with patio overlooking a large backyard with fruit trees. There is also a plus room and bathroom next to the kitchen. Conveniently located a few steps away from Valpark Shopping Plaza.

About the Region
Valsayn Valsayn is specific to being as an upper class residential area. Many local well-known business owners reside in this area. The area is located closely to Curepe and is split by North and South Valsayn. Valsayn has a Superpharm, a mall, night club and service station amongst other things. This area is heavily protected by owners with home & amalgamated security. The location, even though residential, hosts fetes for the carnival season. It is also very visited by locals nationwide for the Christmas season as many residences decorate their homes in a distinguished manner. It is memorable.",Unfurnished; Air Conditioning; Patio; Freehold Land; Fully Fenced; Built-in Closets,2026-08-06T23:41:16.347045+00:00
https://mybunchofkeys.com/property/samaan-grove-tobago-3-bedroom-single-storey-home-for-sale/,"Samaan Grove, Tobago 3 Bedroom Single-Storey Home For Sale - My Bunch of Keys","$3,850,000",BOK-1014918,Samaan Grove,3,3,,,Wendy Abraham,1on1 Realty,(868) 497-4863,https://mybunchofkeys.com/wp-content/uploads/2023/05/1on1realty-wendy-headshots-sep2021-10-e1685033836505-320x320.jpg,https://mybunchofkeys.com/wp-content/uploads/2026/04/731093939_1560413822407330_8873784762834107232_n.jpeg,https://mybunchofkeys.com/wp-content/uploads/2026/04/731093939_1560413822407330_8873784762834107232_n.jpeg; https://mybunchofkeys.com/wp-content/uploads/2026/04/731093939_1560413822407330_8873784762834107232_n-1618x1080.jpeg; https://mybunchofkeys.com/wp-content/uploads/2026/04/IMG_8499-1440x1080.jpg; https://mybunchofkeys.com/wp-content/uploads/2026/04/IMG_2724-1620x1080.jpeg; https://mybunchofkeys.com/wp-content/uploads/2026/04/IMG_8329-1440x1080.jpg; https://mybunchofkeys.com/wp-content/uploads/2026/04/IMG_2738-1620x1080.jpg; https://mybunchofkeys.com/wp-content/uploads/2026/04/IMG_2746-1620x1080.jpeg; https://mybunchofkeys.com/wp-content/uploads/2026/04/IMG_2758-1-1620x1080.jpeg; https://mybunchofkeys.com/wp-content/uploads/2026/04/IMG_8419-1440x1080.jpg; https://mybunchofkeys.com/wp-content/uploads/2026/04/IMG_2771-1620x1080.jpeg; https://mybunchofkeys.com/wp-content/uploads/2026/04/IMG_2776-1620x1080.jpeg; https://mybunchofkeys.com/wp-content/uploads/2026/04/IMG_8455-1440x1080.jpg; https://mybunchofkeys.com/wp-content/uploads/2026/04/IMG_8425-1440x1080.jpg; https://mybunchofkeys.com/wp-content/uploads/2026/04/IMG_8447-1440x1080.jpg; https://mybunchofkeys.com/wp-content/uploads/2026/04/IMG_8471-1440x1080.jpg; https://mybunchofkeys.com/wp-content/uploads/2026/04/IMG_8475-1440x1080.jpg,2026-07-27T10:54:59+00:00,,House,For Sale,"Samaan Grove, Tobago 3 Bedroom Single-Storey Home For Sale: TTD$3.85M (Non-negotiable) Located within the highly sought-after gated community of Samaan Grove, this beautifully maintained single-storey residence offers an exceptional blend of comfort, security, and island elegance. Designed with a modern open-plan concept, the home features bright, airy interiors and quality finishes that create a warm and inviting atmosphere throughout. Set on a generous and well-manicured 7,000 sq. ft. lot, the property provides ample outdoor space for relaxation, entertaining, or future enhancements. Perfectly suited for families, professionals, or those seeking a tranquil Tobago retreat, this home offers the ideal balance of privacy and convenience. Residents benefit from 24/7 security within a well-managed community, along with close proximity to Tobago’s pristine beaches, the ANR Robinson International Airport, and a range of essential amenities including shopping, dining, and services. Features: 3 spacious bedrooms 3.5 bathrooms Land size: 7,000 sq. ft. Modern open-plan living and dining areas Secure gated community 24/7 security Monthly HOA fee: TTD $900 Private outdoor space ideal for entertaining or relaxing Convenient access to beaches, airport, and major amenities Well-maintained property with quality finishes This is a rare opportunity to own a home in one of Tobago’s premier residential communities—whether as a primary residence, vacation home, or investment property, this listing offers outstanding value and lifestyle appeal. 📞 Contact us today to schedule a viewing – Katherine: 784-3882

About the Region
Samaan Grove Samaan Grove in a gated community with 24-hour security. ""Established in 2004, Samaan Grove was established an environmentally sensitive residential community with a prime location at the southernmost portion of the Golden Grove Estate. In the sixteen (16) years since its inception, Samaan Grove is still developing and has attracted residents and owners who want a home away from home in the beautiful island of Tobago."" (Samaan Grove Community Association)",Move in Ready; Gated Compound; Private Pool; Powder Room; Patio; Security Patrols,2026-08-06T23:38:18.906218+00:00
https://mybunchofkeys.com/property/for-sale-st-augustine-villa-1-4m-ono/,FOR SALE ST. AUGUSTINE VILLA $1.4M ONO - My Bunch of Keys,"$1,400,000",BOK-1053453,St. Augustine,3,2.5,,2,Gina Maria Pinheiro,Pinheiro Realty Services,(868) 620-6310,https://mybunchofkeys.com/wp-content/uploads/2018/06/Gina-Maria-Pinheiro-320x320.jpg,https://mybunchofkeys.com/wp-content/uploads/2026/06/WhatsApp-Image-2026-06-25-at-5.50.20-AM-4.jpeg,https://mybunchofkeys.com/wp-content/uploads/2026/06/WhatsApp-Image-2026-06-25-at-5.50.20-AM-4.jpeg; https://mybunchofkeys.com/wp-content/uploads/2026/06/WhatsApp-Image-2026-06-25-at-5.50.18-AM-810x1080.jpeg; https://mybunchofkeys.com/wp-content/uploads/2026/06/WhatsApp-Image-2026-06-25-at-5.50.19-AM-1-810x1080.jpeg; https://mybunchofkeys.com/wp-content/uploads/2026/06/WhatsApp-Image-2026-06-25-at-5.50.19-AM-2-810x1080.jpeg; https://mybunchofkeys.com/wp-content/uploads/2026/06/WhatsApp-Image-2026-06-25-at-5.50.19-AM-3-810x1080.jpeg; https://mybunchofkeys.com/wp-content/uploads/2026/06/WhatsApp-Image-2026-06-25-at-5.50.19-AM-4-810x1080.jpeg; https://mybunchofkeys.com/wp-content/uploads/2026/06/WhatsApp-Image-2026-06-25-at-5.50.19-AM-5-810x1080.jpeg; https://mybunchofkeys.com/wp-content/uploads/2026/06/WhatsApp-Image-2026-06-25-at-5.50.19-AM-6-810x1080.jpeg; https://mybunchofkeys.com/wp-content/uploads/2026/06/WhatsApp-Image-2026-06-25-at-5.50.19-AM-7-810x1080.jpeg; https://mybunchofkeys.com/wp-content/uploads/2026/06/WhatsApp-Image-2026-06-25-at-5.50.19-AM-810x1080.jpeg; https://mybunchofkeys.com/wp-content/uploads/2026/06/WhatsApp-Image-2026-06-25-at-5.50.20-AM-1-810x1080.jpeg; https://mybunchofkeys.com/wp-content/uploads/2026/06/WhatsApp-Image-2026-06-25-at-5.50.20-AM-2-1440x1080.jpeg; https://mybunchofkeys.com/wp-content/uploads/2026/06/WhatsApp-Image-2026-06-25-at-5.50.20-AM-3-810x1080.jpeg; https://mybunchofkeys.com/wp-content/uploads/2026/06/WhatsApp-Image-2026-06-25-at-5.50.20-AM-4-1440x1080.jpeg; https://mybunchofkeys.com/wp-content/uploads/2026/06/WhatsApp-Image-2026-06-25-at-5.50.20-AM-810x1080.jpeg,2026-07-27T10:44:54+00:00,,House,For Sale,"St Augustine Villa in St Augustine. 3 bedrooms 2 1/2 bathrooms A/C throughout parking for 2 Monthly maintenance is $650 Asking $1.4 M ono. In a company name.

About the Region
St. Augustine St. Augustine is a town in the Northwest of Trinidad. It is the site of the University of the West Indies at St. Augustine. St. Augustine is home to thousands of university students and is now being converted to a university town as the economy of the area is fuelled significantly by the spending power of the 60,000 plus university population. Many houses in the general university area have been converted to students' accommodation. You can find St. John's Road in St. Augustine, this is the main access road for Mount St. Benedict, one of the notable historic sites in Trinidad and Tobago. On the mount, one can find a Catholic Church along with a monastery and a factory where yogurt is made. On this road, there is also the St. John Baptist Roman Catholic Church. The church is opposite to a Community Centre and now houses a new field for the residents to engage in football, one of the more popular sports of this area. St. Augustine is also home to the Hugh Wooding Law School, a prestigious law school which attracts many inter-island students of the Caribbean and beyond. Further educational establishments include St. Augustine Girls' High School and Lakshmi Girls' Hindu College. In close proximity to the law school is the Seismic Research Centre, which is the official source of information on earthquakes and volcanoes in the English-speaking Caribbean. It is the headquarters of the Sanatan Dharma Maha Sabha. Hospitals, Banks, Supermarkets, and many other businesses can be found in this location. The Tunapuna market is just a short distance away on the eastern side of St. Augustine and Curepe junction on the western side where food, transportation and recreational centres can be found.",Air Conditioning; Water Tank,2026-08-06T23:28:05.219845+00:00
https://mybunchofkeys.com/property/house-for-sale-batchiya-trace-penal-2-4mtt/,"House For Sale - Batchiya Trace, Penal - $2.4MTT - My Bunch of Keys","$2,400,000",BOK-926346,Penal,4,1.5,10500sq.ft.,2,Veridian Realty,,(868) 476-4235,https://mybunchofkeys.com/wp-content/uploads/2021/09/veridian-logo-320x320.png,https://mybunchofkeys.com/wp-content/uploads/2025/08/DSC03638.jpg,https://mybunchofkeys.com/wp-content/uploads/2025/08/DSC03638.jpg; https://mybunchofkeys.com/wp-content/uploads/2025/08/DSC03603.jpg; https://mybunchofkeys.com/wp-content/uploads/2025/08/DSC03591.jpg; https://mybunchofkeys.com/wp-content/uploads/2025/08/DSC03589.jpg; https://mybunchofkeys.com/wp-content/uploads/2025/08/DSC03588.jpg; https://mybunchofkeys.com/wp-content/uploads/2025/08/DSC03595.jpg; https://mybunchofkeys.com/wp-content/uploads/2025/08/DSC03605.jpg; https://mybunchofkeys.com/wp-content/uploads/2025/08/DSC03607.jpg; https://mybunchofkeys.com/wp-content/uploads/2025/08/DSC03613.jpg; https://mybunchofkeys.com/wp-content/uploads/2025/08/DSC03614.jpg; https://mybunchofkeys.com/wp-content/uploads/2025/08/DSC03616.jpg; https://mybunchofkeys.com/wp-content/uploads/2025/08/DSC03623.jpg; https://mybunchofkeys.com/wp-content/uploads/2025/08/DSC03625.jpg; https://mybunchofkeys.com/wp-content/uploads/2025/08/DJI_20250820145230_0942_D.jpg; https://mybunchofkeys.com/wp-content/uploads/2025/08/DJI_20250820145253_0949_D.jpg,2026-07-27T09:19:59+00:00,,House,For Sale,"House For Sale – Batchiya Trace, Penal – $2.4MTT Situated on 10,500sf freehold land with 8,640sf of covered living space, this fully air-conditioned two storey 4 bedroom, 1.5 bathroom home is thoughtfully designed for both comfortable living and entertaining. At the heart of the home are two kitchens—one indoor and one outdoor—featuring elegant granite and onyx countertops, ideal for gatherings and everyday use. A walk-in linen room, study, TV room, laundry area, and store room add to the home’s practical appeal. Step outside to enjoy the expansive back decking, multiple parking spaces, and several dog kennels—making this property especially suited for pet lovers. Additional features include security cameras and an electronic gate, offering peace of mind and convenience. Perfect for families or anyone seeking a spacious, private, and versatile home in a secure setting. Please contact us for more information:

About the Region
Penal Penal is a town in south Trinidad, Trinidad and Tobago. It lies south of San Fernando, Princes Town, and Debe, and north of Moruga, Morne Diablo and Siparia. It was originally a rice- and cocoa-producing area but is now a rapidly expanding and developing town. The heart of Penal contains many businesses while the outskirts focus on agricultural development. Penal has a market, police station, branches of three banks (Scotiabank, Republic Bank and First Citizens Bank) health facilities, grocery stores, convenience stores, bars, fast food restaurants, service stations, restaurants, puja stores, an Indian expo, and clothing stores. Penal plays a major role in the energy supply to the nation's populace. Petrotrin, the national oil company, has a major sub-unit in Clarke Road and the National Gas Company has gas lines running through Penal that links the gas fields of the South East Coast and the industrial estates. One of the countries three major power generating plants owned by Powergen Ltd is located at Syne Village to the west of Penal. David Williams – West Indies Cricketer & Drupatee Ramgoonai- Chutney and Chutney Soca singer are both from Penal Trinidad.",Semi Furnished; Kitchen Appliances; Patio; Parking on Compound; Remote Gate; Fully Fenced; Pet Friendly; Kid Friendly; Laundry Area/Facility; Water Tank; Water Pump; Water Heater,2026-08-06T23:30:49.226673+00:00
https://mybunchofkeys.com/property/moka-luxury-homes-overlooking-golf-course/,Moka Luxury Homes overlooking golf course - My Bunch of Keys,"$4,700,000",BOK-952184,Maraval,3,3,2800sq.ft.,,Kristen Savary,11.11 Realty,(868) 709-6922,https://mybunchofkeys.com/wp-content/uploads/2025/09/2b5816bb-0a44-4e6e-a35d-247b79c306a5-320x320.jpeg,https://mybunchofkeys.com/wp-content/uploads/2025/10/b8df567a-770e-4ac4-862b-6317ea752ecf.jpeg,https://mybunchofkeys.com/wp-content/uploads/2025/10/b8df567a-770e-4ac4-862b-6317ea752ecf.jpeg; https://mybunchofkeys.com/wp-content/uploads/2025/10/0a61e1db-aca5-483c-a63e-7b2794358586-1440x1080.jpeg; https://mybunchofkeys.com/wp-content/uploads/2025/10/d77acfb5-4d96-415d-affa-ec007762ffb6-1440x1080.jpeg; https://mybunchofkeys.com/wp-content/uploads/2025/10/5cad94c9-45e7-45cc-9476-5acb738d44b5-1440x1080.jpeg; https://mybunchofkeys.com/wp-content/uploads/2025/10/4e11957f-830d-4a03-adde-65dfcfd2f30a-1265x1080.jpeg; https://mybunchofkeys.com/wp-content/uploads/2025/10/4958095d-f028-4a41-94c5-e310521b09bb-1115x1080.jpeg; https://mybunchofkeys.com/wp-content/uploads/2025/10/36602329-e60d-40ac-af78-b70f35c04007-1440x1080.jpeg; https://mybunchofkeys.com/wp-content/uploads/2025/10/b2bfbe23-cca1-4ed4-8a63-72104c105044-1440x1080.jpeg; https://mybunchofkeys.com/wp-content/uploads/2025/10/02c67f55-136a-4df1-b1f5-b2d4c1e1bb9b-1440x1080.jpeg; https://mybunchofkeys.com/wp-content/uploads/2025/10/88461cce-8370-4a9c-ba57-06299b6d11f7-1440x1080.jpeg; https://mybunchofkeys.com/wp-content/uploads/2025/10/c9f940cb-6461-4dcc-b770-24562c511017-1440x1080.jpeg; https://mybunchofkeys.com/wp-content/uploads/2025/10/f2d41daa-bc42-48fb-ab38-8a989c4a0910-1440x1080.jpeg; https://mybunchofkeys.com/wp-content/uploads/2025/10/81c85d08-a526-477c-99cb-c0a6ed7d9370-1440x1080.jpeg; https://mybunchofkeys.com/wp-content/uploads/2025/10/24a7604b-2890-47af-acd3-77379d94334f-1440x1080.jpeg; https://mybunchofkeys.com/wp-content/uploads/2025/10/81c83b07-8505-4515-a7cd-5f9c6cdaec8c-810x1080.jpeg; https://mybunchofkeys.com/wp-content/uploads/2025/10/4fd183cc-c8d9-4140-9e46-3445b30405df-1440x1080.jpeg; https://mybunchofkeys.com/wp-content/uploads/2025/10/bf53a13f-6961-4767-8810-478464c1e851-1440x1080.jpeg; https://mybunchofkeys.com/wp-content/uploads/2025/10/c6af64f0-3ba6-4f4c-9390-382db025b648-810x1080.jpeg; https://mybunchofkeys.com/wp-content/uploads/2025/10/f74d9448-5a7d-42b0-9d56-4d42a170692f-1440x1080.jpeg; https://mybunchofkeys.com/wp-content/uploads/2025/10/be6f58a0-fa38-43c0-ba76-acc35579aa0f.jpeg; https://mybunchofkeys.com/wp-content/uploads/2025/10/e45b9b8a-be82-48aa-817e-fbd2d67ccc92-1440x1080.jpeg; https://mybunchofkeys.com/wp-content/uploads/2025/10/565e757c-0f7f-4f1a-83de-46de60e3de43-1440x1080.jpeg; https://mybunchofkeys.com/wp-content/uploads/2025/10/cea378b0-49e1-496a-8fa3-8b21efdd144f-1440x1080.jpeg; https://mybunchofkeys.com/wp-content/uploads/2025/10/af647d2e-076a-43d4-b045-23f4c63d6421-834x1080.jpeg; https://mybunchofkeys.com/wp-content/uploads/2025/10/a091c549-4128-41e9-8cdf-74e771a36478-1440x1080.jpeg; https://mybunchofkeys.com/wp-content/uploads/2025/10/1f2fb99b-f7e2-455a-a8bd-81eee5515c3e-1295x1080.jpeg; https://mybunchofkeys.com/wp-content/uploads/2025/10/5acfa34d-611a-4487-8fdd-4524daca7f15-810x1080.jpeg; https://mybunchofkeys.com/wp-content/uploads/2025/10/cff69148-80a7-4abc-bb56-79a6c9b6a382-1540x1080.jpeg; https://mybunchofkeys.com/wp-content/uploads/2025/10/eb2149c8-e5c6-4469-bbfd-cfc363c0f959-1440x1080.jpeg; https://mybunchofkeys.com/wp-content/uploads/2025/10/10e33928-e03b-4bc5-8b7b-ed2848c3ea62-1440x1080.jpeg; https://mybunchofkeys.com/wp-content/uploads/2025/10/073e4159-8547-4743-abb8-a65a972a3cc1-1440x1080.jpeg; https://mybunchofkeys.com/wp-content/uploads/2025/10/93101386-3f3e-4842-a982-9b55c2e03ee7-1440x1080.jpeg; https://mybunchofkeys.com/wp-content/uploads/2025/10/ff9b232c-55b1-4dcb-bf69-7ba3e326dbe8-1440x1080.jpeg; https://mybunchofkeys.com/wp-content/uploads/2025/10/b8df567a-770e-4ac4-862b-6317ea752ecf-1440x1080.jpeg; https://mybunchofkeys.com/wp-content/uploads/2025/10/64ef50b3-1b3a-4773-b45c-ea97ce69678b-810x1080.jpeg; https://mybunchofkeys.com/wp-content/uploads/2025/10/071e86dd-6814-45ae-b388-a38f35c1fa62-1440x1080.jpeg; https://mybunchofkeys.com/wp-content/uploads/2025/10/20945219-9af4-4666-8d4f-d4f52404a666-810x1080.jpeg; https://mybunchofkeys.com/wp-content/uploads/2025/10/7793044d-3a61-42b6-a4ff-e2ecac9d3cbe-1440x1080.jpeg; https://mybunchofkeys.com/wp-content/uploads/2025/10/b78fa8e7-3ced-442d-b3bb-4a144a622ce9-1440x1080.jpeg; https://mybunchofkeys.com/wp-content/uploads/2025/10/72460d9f-8aa7-49b4-9979-e58dd60c7d24-1440x1080.jpeg; https://mybunchofkeys.com/wp-content/uploads/2025/10/a02a4207-748f-4936-8b42-e615f86839cc-1440x1080.jpeg; https://mybunchofkeys.com/wp-content/uploads/2025/10/60fb4cf0-25c6-4fe5-97a9-69964d3eaec7-1440x1080.jpeg,2026-07-26T18:30:19+00:00,,House,For Sale,"Moka, Maraval Houses Overlooking the fairway of St. Andrew’s Golf Course 8 units on compound 3 bed 3.5 bath Pet friendly compound Estimated maintenance is $3000 Land size: 4636 – 5011sqft Unit Size: 2800sqft These houses can be sold as a complete shell on the inside and with finished exteriors. OR Completed on both inside and outside SHELL OPTION: Units modern luxury units come fully equipped with : • Hurricane resistant glass facade • Advanced HVAC and dehumidifier technology • Extensive secutity systems • Outdoor pool and deck are designed for optimal entertainment Starting at $4.7M FINISHED OPTION: Finishes will also include: – Air Condition units throughout – Aprilaire moisture control system – Smart vacuum cleaner system – Functioning generator – External security cameras – Individual concrete water tank (2000 gallons) & pump – External storage room in garage – Outside service bathroom – Finished pool deck and plunge pool with pump – Landscaping around pool deck NB- The above price does not include the kitchen and appliances, closets, bedroom blinds. Starting at $5.85M

About the Region
Maraval Maraval is one of the northern suburbs of Trinidad's capital, Port of Spain, a valley in northern Trinidad in Trinidad and Tobago. It is situated at the bottom of the hills of Paramin and located east of the Diego Martin valley to which it is connected directly by Morne Coco Road, and west of Santa Cruz valley, to which it is connected by Saddle Road. Maraval is considered one of the major high-income residential areas in the country in combination with the Westmoorings, Goodwood Park and Glencoe area, it is home of much of the island's elite, including a number of diplomats. Maraval is sometimes referred to as ""Diego Martin East"". It is home to Trinity College secondary school, St. Andrew's Golf Course and Club in Moka, which is considered to be one of the finest golf courses in the Caribbean that was established in 1891 making it one of the oldest in the world. It arguably provides the best route of access from the capital to the North Coast. Along with Santa Cruz, Maraval is located close to the best beaches on the island, allowing its residents quick access to both leisure activities, as well as downtown business and entertainment. Maraval has branches of the major locally-operating banks, supermarkets, pharmacies, boutiuqes, clothing outlets, catholic schools, churches and parish groups.",Gated Compound; Gated Community; Pet Friendly,2026-08-06T23:35:45.405335+00:00
https://mybunchofkeys.com/property/container-home-land-for-sale-woodford-gardens-chaguanas-875k/,"Container Home & Land for Sale – Woodford Gardens, Chaguanas - $875K - My Bunch of Keys","$875,000",BOK-1064006,Chaguanas,,,,,Xippi Properties Ltd,,(868) 712-5742,https://mybunchofkeys.com/wp-content/uploads/2021/09/Xippi-Logo-320x320.png,https://mybunchofkeys.com/wp-content/uploads/2026/07/753169840_1042054301639705_9048847699950894072_n.jpg,https://mybunchofkeys.com/wp-content/uploads/2026/07/753169840_1042054301639705_9048847699950894072_n.jpg; https://mybunchofkeys.com/wp-content/uploads/2026/07/751111358_1358860445628731_5734143662578026771_n-875x1080.jpg; https://mybunchofkeys.com/wp-content/uploads/2026/07/754896134_27955154980837893_7721413765327815383_n-866x1080.jpg; https://mybunchofkeys.com/wp-content/uploads/2026/07/752497960_1023690143790958_5668382115818944524_n.jpg; https://mybunchofkeys.com/wp-content/uploads/2026/07/751764962_2132290574071064_2753420695486776652_n.jpg; https://mybunchofkeys.com/wp-content/uploads/2026/07/750738312_1365254905723709_5340874796611158211_n-864x1080.jpg; https://mybunchofkeys.com/wp-content/uploads/2026/07/752514984_2069812026971885_1951265587359080269_n.jpg; https://mybunchofkeys.com/wp-content/uploads/2026/07/753628446_1078412421306031_1761979212887575815_n.jpg; https://mybunchofkeys.com/wp-content/uploads/2026/07/754126893_2244197032992726_6997839843898446042_n.jpg; https://mybunchofkeys.com/wp-content/uploads/2026/07/749285784_1000555692795031_4402460760675864499_n.jpg; https://mybunchofkeys.com/wp-content/uploads/2026/07/750870892_1342520950840200_6225465907974047223_n.jpg; https://mybunchofkeys.com/wp-content/uploads/2026/07/753541168_1639689950433226_1801253209610821817_n.jpg; https://mybunchofkeys.com/wp-content/uploads/2026/07/751563667_920957301042040_3759737444485220191_n.jpg; https://mybunchofkeys.com/wp-content/uploads/2026/07/753418392_1412248987457859_780704309139823650_n.jpg; https://mybunchofkeys.com/wp-content/uploads/2026/07/752107366_1067605046010403_3645149760250172794_n-866x1080.jpg,2026-07-26T13:10:17+00:00,,House,For Sale,"Container Home & Land for Sale – Woodford Gardens, Chaguanas

About the Region
Chaguanas The Borough of Chaguanas is the largest borough with an average population of 83,489 and fastest-growing town in Trinidad and Tobago, it is located in the West-Central area of Trinidad. Chaguanas is popular for its shopping malls, variety stores and street shopping. Many citizens as well as tourists visit these sites to partake in the buying of many items offered for sale. This town is fast paced as many business sectors such as banking, insurance, auto rentals and food are readily available. All sites are easily accessible as transport hubs are located throughout the streets of this beautiful town, not to mention the safety of the police & fire services that are available upon request. Home to the famous Divali Nagar site, many tourists as well as citizens visit this location to buy merchandise offered from the well-known Indian heritage such as clothing, food, religious items etc. Fun fact, Chaguanas was named after the indigenous tribe who originally settled there.",Electricity; Water Tank; Water Pump,2026-08-06T23:23:02.996988+00:00
https://mybunchofkeys.com/property/heights-of-aripo-nature-retreat/,Heights of Aripo nature retreat - My Bunch of Keys,"$6,500,000",BOK-842139,Arima,,,,,Patience Real Estate,,(868) 464-6416,https://mybunchofkeys.com/wp-content/uploads/2019/11/Patience-Real-Estate-Logo.png,https://mybunchofkeys.com/wp-content/uploads/2025/01/FB_IMG_1737824454669.jpg,https://mybunchofkeys.com/wp-content/uploads/2025/01/FB_IMG_1737824454669.jpg; https://mybunchofkeys.com/wp-content/uploads/2025/01/FB_IMG_1737824456673.jpg; https://mybunchofkeys.com/wp-content/uploads/2025/01/FB_IMG_1737824458386.jpg; https://mybunchofkeys.com/wp-content/uploads/2025/01/FB_IMG_1737824460434.jpg; https://mybunchofkeys.com/wp-content/uploads/2025/01/FB_IMG_1737824462070.jpg; https://mybunchofkeys.com/wp-content/uploads/2025/01/FB_IMG_1737824496570.jpg,2026-07-25T17:04:04+00:00,,House,For Sale,"For sale – Heights of Aripo – Nature hideaway One of a kind 10 acre freehold Nature Hideaway in the Heights of Aripo. This might just be the perfect Nature hideaway coming with electricity and water connections. Five self contained and equiped cottages on this 10 acre property  outdoor entertainment areas  Outdoor cooking areas  Gazebos  Access to 🏞Waterfalls / Rivers / Trails  Two pools Asking $6.5M 30 mins drive from the city of Arima, takes you to this nature hideaway surrounded by all shades of rain forest greens. Variety of citrus trees, fruit trees, flora and fauna. Trails leading to waterfalls and rivers. Investment oprortunity for outdoor enthusiast, nature lovers, homestead, nature resort and more. This is a must see! Call/whatsapp (868)464-6416 . . . . . #trinidadrealestate #trinidadandtobago #caribbeanrealestate #trinidadrealtor #realestateinvestor #trinidadandtobagorealestate #portofspain #agriland #plants #coconuttrees #beachvibes #liveofftheland #manzanilla #arima #buenavista #arima #homeforsale #invest #investing #st.augustine #invest #investment #yournewhome #trinihomes #naturephotography

About the Region
Arima Arima, officially The Royal Chartered Borough of Arima is the easternmost and second largest area of the three boroughs of Trinidad and Tobago. This town is well known for its shopping areas located in the inner most portion of the town. It serves as a main trading hub for environs which makes the town considerably busy. Many persons visit Arima to relax and enjoy the wide array of local bars and street food offered such as burgers, doubles, gyros etc. Home to the famous drag malls, persons can visit Arima to purchase items of Rastafarian heritage. Arima, has primary and secondary schools, hospitals, police and fire services readily available. It attracts persons from all over as it hosts exciting borough day & Jouvert celebrations Fun fact, Arima is home to the indigenous people known as the “Caribs”. They are mainly found in the area of Arima called Calvary Hill which attracts many tourists as the Caribs were a well-known tribe in their time.",,2026-08-06T23:29:03.543553+00:00
https://mybunchofkeys.com/property/for-sale-santa-cruz-gated-community/,FOR SALE - SANTA CRUZ - GATED COMMUNITY - My Bunch of Keys,"$3,200,000",BOK-536473,Santa Cruz,3,2,5500sq.ft.,2,Penelope Aleong,Penny Properties,(868) 303-2323,https://mybunchofkeys.com/wp-content/uploads/2026/05/D75F469D-2B58-4F9D-BFAB-D4808C92FA21-320x320.png,https://mybunchofkeys.com/wp-content/uploads/2023/01/336BDCF5-B9D9-4B31-9D03-6A83B6F8C38B.png,https://mybunchofkeys.com/wp-content/uploads/2023/01/336BDCF5-B9D9-4B31-9D03-6A83B6F8C38B.png; https://mybunchofkeys.com/wp-content/uploads/2023/01/EA091DD3-AC04-42F3-8057-5810EAFCCF27-810x1080.jpeg; https://mybunchofkeys.com/wp-content/uploads/2023/01/IMG_1206-1-810x1080.jpeg; https://mybunchofkeys.com/wp-content/uploads/2023/01/IMG_1204-1-810x1080.jpeg; https://mybunchofkeys.com/wp-content/uploads/2023/01/IMG_1203-1-810x1080.jpeg; https://mybunchofkeys.com/wp-content/uploads/2023/01/IMG_1201-1-810x1080.jpeg; https://mybunchofkeys.com/wp-content/uploads/2023/01/IMG_1205-1-810x1080.jpeg; https://mybunchofkeys.com/wp-content/uploads/2023/01/IMG_1200-1-810x1080.jpeg; https://mybunchofkeys.com/wp-content/uploads/2023/01/IMG_1195-810x1080.jpeg; https://mybunchofkeys.com/wp-content/uploads/2023/01/IMG_1190-810x1080.jpeg; https://mybunchofkeys.com/wp-content/uploads/2023/01/336BDCF5-B9D9-4B31-9D03-6A83B6F8C38B-720x1080.png; https://mybunchofkeys.com/wp-content/uploads/2023/01/IMG_1201-3-810x1080.jpeg; https://mybunchofkeys.com/wp-content/uploads/2026/01/IMG_4969-608x1080.jpeg; https://mybunchofkeys.com/wp-content/uploads/2023/01/D6292C4C-0A30-4D5A-90BD-AE5749A2C16F-720x1080.jpeg; https://mybunchofkeys.com/wp-content/uploads/2023/01/IMG_1190-1-810x1080.jpeg; https://mybunchofkeys.com/wp-content/uploads/2023/01/C9A21805-AEF6-43FA-A6C3-F16C99267059-720x1080.png; https://mybunchofkeys.com/wp-content/uploads/2023/01/3120A037-1090-4D4E-BBE9-991D378D43C5-720x1080.png; https://mybunchofkeys.com/wp-content/uploads/2023/01/F09BA487-A419-4835-8FE8-509F8B81863D-720x1080.jpeg,2026-07-25T05:46:44+00:00,,House,For Sale,"FOR SALE | Santa Cruz – Gated Community with Park Located in a quiet, gated community in Santa Cruz with access to a community park, this very well-maintained single-storey home offers comfortable living with the added benefit of a self-contained annex—ideal for extended family, guests, or rental income. The main residence features approximately 2,300 sq ft of living space and includes three spacious bedrooms, two bathrooms, a dedicated office, and a covered patio perfect for relaxation or entertaining. The home sits on approximately 5,500 sq ft of land and includes an enclosed garage for one vehicle. Additionally, the property includes a self-contained 2-bedroom, 1-bathroom annex of approximately 710 sq ft, providing excellent flexibility and value. This property combines functionality, space, and security in a family-friendly environment. Price: TT$3.2M

About the Region
Santa Cruz Santa Cruz is a town in Trinidad and Tobago. It extends across the Santa Cruz Valley, between Maraval and San Juan, along the Saddle Road. It lies between the hills of the Northern Range, a mountain range Santa Cruz is home for a few primary and secondary schools. Some primary schools include the La Pastora Government Primary School, Santa Cruz Presbyterian School, Cantaro Roman Catholic School and Bourg Mulatresse Primary School. San Juan North Secondary School is also situated in the Lower Santa Cruz Valley and it was constructed along the mountain side in Bourg Mulatresse near the Bourg Mulatresse Primary School. There are two postal delivery offices and fuel stations in Bourg Mulatresse and Cantaro. Santa Cruz is also home of a police station and a fire station. The Santa Cruz Fire Station houses the Land Search and Rescue Team, this team responds to all search and rescue calls within the Northern Division dealing with automobile accidents, fire emergencies, North Coast Road mishaps and assisting EMTs in responding to medical emergencies beyond road access.",Semi Furnished; Move in Ready; Gated Compound; Gated Community; Air Conditioning; Kitchen Appliances; Patio; Security Alarms; Covered Garage; Parking on Compound; Remote Gate; Freehold Land; Fully Fenced; Pet Friendly; Kid Friendly; Office Space; Laundry Area/Facility; Annex; Built-in Closets; Walk-in Closets; Water Tank; Water Pump,2026-08-06T23:27:39.068920+00:00
https://mybunchofkeys.com/property/home-for-sale-4bedrooms-3bathrooms-semi-furnished-fully-air-conditioned-freehold-land-crystal-heights-arima/,Home For Sale- 4Bedrooms-3Bathrooms-Semi Furnished-Fully Air Conditioned-Freehold Land- Crystal Heights-Arima - My Bunch of Keys,"$1,900,000",BOK-1063887,"Crystal Drive, Arima Brazil San Raphael",4,3,2300sq.ft.,4,Zeely Realty,,(868) 472-4793,https://mybunchofkeys.com/wp-content/uploads/2025/08/Zeely-Realty-2025-Logo-320x320.jpg,https://mybunchofkeys.com/wp-content/uploads/2026/07/PHOTO-2026-07-21-10-27-37-4.jpeg,https://mybunchofkeys.com/wp-content/uploads/2026/07/PHOTO-2026-07-21-10-27-37-4.jpeg; https://mybunchofkeys.com/wp-content/uploads/2026/07/PHOTO-2026-07-21-10-27-37-4-1440x1080.jpeg; https://mybunchofkeys.com/wp-content/uploads/2026/07/PHOTO-2026-07-21-10-27-36-2-1440x1080.jpeg; https://mybunchofkeys.com/wp-content/uploads/2026/07/PHOTO-2026-07-21-10-27-35-1440x1080.jpeg; https://mybunchofkeys.com/wp-content/uploads/2026/07/PHOTO-2026-07-21-10-27-31-2-1440x1080.jpeg; https://mybunchofkeys.com/wp-content/uploads/2026/07/PHOTO-2026-07-21-10-27-32-4-810x1080.jpeg; https://mybunchofkeys.com/wp-content/uploads/2026/07/PHOTO-2026-07-21-10-27-33-3-1440x1080.jpeg; https://mybunchofkeys.com/wp-content/uploads/2026/07/PHOTO-2026-07-21-10-27-33-2-810x1080.jpeg; https://mybunchofkeys.com/wp-content/uploads/2026/07/PHOTO-2026-07-21-10-27-34-3-1440x1080.jpeg; https://mybunchofkeys.com/wp-content/uploads/2026/07/PHOTO-2026-07-21-10-27-31-810x1080.jpeg; https://mybunchofkeys.com/wp-content/uploads/2026/07/PHOTO-2026-07-21-10-27-34-2-810x1080.jpeg; https://mybunchofkeys.com/wp-content/uploads/2026/07/PHOTO-2026-07-21-10-27-32-2-810x1080.jpeg; https://mybunchofkeys.com/wp-content/uploads/2026/07/PHOTO-2026-07-21-10-27-32-3-1440x1080.jpeg; https://mybunchofkeys.com/wp-content/uploads/2026/07/PHOTO-2026-07-24-21-19-29-1440x1080.jpeg; https://mybunchofkeys.com/wp-content/uploads/2026/07/PHOTO-2026-07-21-10-27-33-810x1080.jpeg; https://mybunchofkeys.com/wp-content/uploads/2026/07/PHOTO-2026-07-21-10-27-34-810x1080.jpeg; https://mybunchofkeys.com/wp-content/uploads/2026/07/PHOTO-2026-07-21-10-27-37-1440x1080.jpeg; https://mybunchofkeys.com/wp-content/uploads/2026/07/PHOTO-2026-07-21-10-27-35-2-810x1080.jpeg; https://mybunchofkeys.com/wp-content/uploads/2026/07/PHOTO-2026-07-21-10-27-36-1440x1080.jpeg; https://mybunchofkeys.com/wp-content/uploads/2026/07/PHOTO-2026-07-21-10-27-37-2-810x1080.jpeg; https://mybunchofkeys.com/wp-content/uploads/2026/07/PHOTO-2026-07-21-10-27-37-3-1440x1080.jpeg; https://mybunchofkeys.com/wp-content/uploads/2026/07/PHOTO-2026-07-21-10-27-38-2.jpeg; https://mybunchofkeys.com/wp-content/uploads/2026/07/PHOTO-2026-07-21-10-27-38-2-1.jpeg; https://mybunchofkeys.com/wp-content/uploads/2026/07/PHOTO-2026-07-21-10-27-38-5-1440x1080.jpeg; https://mybunchofkeys.com/wp-content/uploads/2026/07/PHOTO-2026-07-21-10-27-37-3-1-810x1080.jpeg; https://mybunchofkeys.com/wp-content/uploads/2026/07/PHOTO-2026-07-21-10-27-38-3-1440x1080.jpeg; https://mybunchofkeys.com/wp-content/uploads/2026/07/PHOTO-2026-07-21-10-27-38-4-1440x1080.jpeg; https://mybunchofkeys.com/wp-content/uploads/2026/07/PHOTO-2026-07-21-10-27-38-1440x1080.jpeg,2026-07-25T03:24:18+00:00,,House,For Sale,"🏡 HOME FOR SALE 🍀 📍 Crystal Heights, San Raphael ❇️ Discover this beautifully family home -offering generous living spaces, modern finishes, and exceptional outdoor features in the peaceful residential community of Crystal Heights. ✨ Property Features: ♦️ Freehold Land – 5,000 Sq. Ft. ♦️ Living Space – 2,300 Sq. Ft. ♦️ Semi Furnished (See details below)** ♦️ 4 Spacious Bedrooms ♦️ 3 Modern Bathrooms with Glass Shower Enclosures ♦️ Contemporary Kitchen with Quartz Countertops ♦️ Open-Concept Living & Dining Areas ♦️ Fully Air-Conditioned ♦️ Indoor Laundry Facility ♦️ Spacious Covered Patio ♦️Secure Parking for 4 Vehicles ♦️ Fully Fenced Property ♦️ Water Storage Tanks with Pump ♦️ Tankless Water Heater ♦️ Electronic Gate ♦️ Security Camera System ♦️ Beautifully Landscaped Yard with Mature Planters and a Tranquil Koi Fish Pond ***This property is being sold with Dining Room Set, Living Room Set, Recliner Chair Set, Television Sets, Deep Freezer, Beds, 5 Piece Patio furniture. 💰 Asking Price: TT$1.9M (Negotiable) 📲 Schedule your private viewing today! Call or WhatsApp ZeeLy Realty 📞 472-4793 | 265-2183 🌿 ZeeLy Realty Rooted in Service. Driven by Results.

About the Region
Arima Arima, officially The Royal Chartered Borough of Arima is the easternmost and second largest area of the three boroughs of Trinidad and Tobago. This town is well known for its shopping areas located in the inner most portion of the town. It serves as a main trading hub for environs which makes the town considerably busy. Many persons visit Arima to relax and enjoy the wide array of local bars and street food offered such as burgers, doubles, gyros etc. Home to the famous drag malls, persons can visit Arima to purchase items of Rastafarian heritage. Arima, has primary and secondary schools, hospitals, police and fire services readily available. It attracts persons from all over as it hosts exciting borough day & Jouvert celebrations Fun fact, Arima is home to the indigenous people known as the “Caribs”. They are mainly found in the area of Arima called Calvary Hill which attracts many tourists as the Caribs were a well-known tribe in their time.",Semi Furnished; Move in Ready; Air Conditioning; Kitchen Island; Pantry; Patio; Security Cameras; Covered Garage; Parking on Compound; Remote Gate; Freehold Land; Fully Fenced; Pet Friendly; Kid Friendly; Laundry Area/Facility; Built-in Closets; Water Tank; Water Pump; Water Heater,2026-08-06T23:29:35.839773+00:00
https://mybunchofkeys.com/property/large-family-home-for-sale/,Large Family Home For Sale - My Bunch of Keys,"$4,500,000",BOK-819084,Glencoe,5,4,,2,Jayna Rezende,Pinheiro Realty Services,(868) 326-3756,https://mybunchofkeys.com/wp-content/uploads/2024/09/Jayna-Rezende-320x320.jpg,https://mybunchofkeys.com/wp-content/uploads/2024/11/e05236b0-87fb-41d5-b340-b54f11752dce.jpeg,https://mybunchofkeys.com/wp-content/uploads/2024/11/e05236b0-87fb-41d5-b340-b54f11752dce.jpeg; https://mybunchofkeys.com/wp-content/uploads/2024/11/IMG_6186-810x1080.jpeg; https://mybunchofkeys.com/wp-content/uploads/2024/11/IMG_6189-810x1080.jpeg; https://mybunchofkeys.com/wp-content/uploads/2024/11/IMG_6194-810x1080.jpeg; https://mybunchofkeys.com/wp-content/uploads/2024/11/IMG_6199-1440x1080.jpeg; https://mybunchofkeys.com/wp-content/uploads/2024/11/d4253691-4b88-4f5d-a362-3693bfe2e482.jpeg; https://mybunchofkeys.com/wp-content/uploads/2024/11/IMG_6203-810x1080.jpeg; https://mybunchofkeys.com/wp-content/uploads/2024/11/IMG_6208-810x1080.jpeg; https://mybunchofkeys.com/wp-content/uploads/2024/11/4ad0e895-b19d-4af3-96de-abfc5f9a91be.jpeg; https://mybunchofkeys.com/wp-content/uploads/2024/11/IMG_6225-810x1080.jpeg; https://mybunchofkeys.com/wp-content/uploads/2024/11/IMG_6209-810x1080.jpeg; https://mybunchofkeys.com/wp-content/uploads/2024/11/14eddb00-5a75-4c96-97cb-5d7b2a84d63d.jpeg; https://mybunchofkeys.com/wp-content/uploads/2024/11/IMG_6185-810x1080.jpeg; https://mybunchofkeys.com/wp-content/uploads/2024/11/IMG_6275-1-810x1080.jpeg; https://mybunchofkeys.com/wp-content/uploads/2024/11/IMG_6277-1-1440x1080.jpeg; https://mybunchofkeys.com/wp-content/uploads/2024/11/223e3d2f-cf7b-4bf6-a7ea-33b56f875044.jpeg; https://mybunchofkeys.com/wp-content/uploads/2024/11/2fdb1c6b-20ec-4330-87d7-a9330af8f345.jpeg; https://mybunchofkeys.com/wp-content/uploads/2024/11/IMG_6270-1-1440x1080.jpeg; https://mybunchofkeys.com/wp-content/uploads/2024/11/IMG_6272-1-810x1080.jpeg; https://mybunchofkeys.com/wp-content/uploads/2024/11/IMG_6260-1440x1080.jpeg; https://mybunchofkeys.com/wp-content/uploads/2024/11/IMG_6232-1440x1080.jpeg; https://mybunchofkeys.com/wp-content/uploads/2024/11/IMG_6236-1440x1080.jpeg; https://mybunchofkeys.com/wp-content/uploads/2024/11/IMG_6241-810x1080.jpeg; https://mybunchofkeys.com/wp-content/uploads/2024/11/IMG_6243-810x1080.jpeg; https://mybunchofkeys.com/wp-content/uploads/2024/11/IMG_6245-1440x1080.jpeg; https://mybunchofkeys.com/wp-content/uploads/2024/11/IMG_6252-810x1080.jpeg; https://mybunchofkeys.com/wp-content/uploads/2024/11/44d0eea3-1bca-41f0-a479-205f1b9ee6b0.jpeg; https://mybunchofkeys.com/wp-content/uploads/2024/11/d063364d-d618-4d3a-99d7-b6627f820f32.jpeg; https://mybunchofkeys.com/wp-content/uploads/2024/11/e0be740e-5e78-4a21-8f74-802b48e560de.jpeg; https://mybunchofkeys.com/wp-content/uploads/2024/11/5f7383d4-e81a-431a-bce5-fd58ae1a7394-1.jpeg; https://mybunchofkeys.com/wp-content/uploads/2024/11/134e05e7-1194-4a59-9c3d-694d47b26c19.jpeg; https://mybunchofkeys.com/wp-content/uploads/2024/11/59598926-8758-4681-ae8e-94ad08ca1c5a.jpeg; https://mybunchofkeys.com/wp-content/uploads/2024/11/10c6a8a1-ddac-4e22-a5f6-9562d11f0003.jpeg; https://mybunchofkeys.com/wp-content/uploads/2024/11/d6e6edd8-e6c3-4da9-b300-b5b5c25daf2d.jpeg; https://mybunchofkeys.com/wp-content/uploads/2024/11/f8a5ffb3-0377-4373-afc1-f8883e192e7f-1.jpeg,2026-07-24T16:50:51+00:00,,House,For Sale,"Beautiful home tucked away in Glencoe with breath taking views Perfect for entertaining with built in bar and kitchenette located by the pool with deck and covered liming area. -4 bedrooms 2 bedrooms with private lofts -Main bedroom with it’s own bathroom and walk in closet -Anex with bedroom, bathroom and kitchen -Pool -Game room underneath the pool (perfect for entertaining) -Beautiful garden spaces In company name

About the Region
Glencoe Glencoe is located in the region of Diego Martin in Trinidad and Tobago. This area is mostly residential, however, there are businesses that supply services to its community and environs.",Unfurnished; Move in Ready; Recently Renovated; Private Pool; Air Conditioning; Kitchen Island; Patio; Parking on Compound; Pet Friendly; Kid Friendly; Laundry Area/Facility; Annex; Built-in Closets; Walk-in Closets; Water Tank,2026-08-06T23:34:10.282181+00:00
https://mybunchofkeys.com/property/house-for-sale-brechin-castle-3-beds-2-baths/,"House For Sale - Brechin Castle (3 Beds, 2 Baths) - My Bunch of Keys","$4,400,000",BOK-987913,California Couva Point Lisas,3,2,17292sq.ft.,10,Mode De Vie Real Estate,,(868) 763-8155,https://mybunchofkeys.com/wp-content/uploads/2024/06/Mode-De-Vie-Logo-320x320.jpg,https://mybunchofkeys.com/wp-content/uploads/2026/01/3b91d4ff-795f-4817-89a0-a4be5dd831fa.jpeg,https://mybunchofkeys.com/wp-content/uploads/2026/01/3b91d4ff-795f-4817-89a0-a4be5dd831fa.jpeg; https://mybunchofkeys.com/wp-content/uploads/2026/01/3b91d4ff-795f-4817-89a0-a4be5dd831fa-1440x1080.jpeg; https://mybunchofkeys.com/wp-content/uploads/2026/01/030ce7e5-dc86-4ccb-8cca-5807a7028516-1440x1080.jpeg; https://mybunchofkeys.com/wp-content/uploads/2026/01/4d57067d-1cc8-4571-9d18-0bfcdfc9afb4-1440x1080.jpeg; https://mybunchofkeys.com/wp-content/uploads/2026/01/7003de9e-a893-4bcc-82d9-ccc13f8c1c7d-1440x1080.jpeg; https://mybunchofkeys.com/wp-content/uploads/2026/01/cf8537e8-5b9c-40d4-b628-3f41268883a8-1440x1080.jpeg; https://mybunchofkeys.com/wp-content/uploads/2026/01/6b0e12f4-eccf-4f2b-8f69-eb82827bb3a8-1440x1080.jpeg; https://mybunchofkeys.com/wp-content/uploads/2026/01/fe1eae52-3d87-40e6-94b8-91ad59218ddc-1440x1080.jpeg; https://mybunchofkeys.com/wp-content/uploads/2026/01/c4d3e86c-a270-4349-9a0e-4ef4138df684-1440x1080.jpeg; https://mybunchofkeys.com/wp-content/uploads/2026/01/2a7efa84-5864-4792-8431-854297bccbbd-1440x1080.jpeg; https://mybunchofkeys.com/wp-content/uploads/2026/01/32480e3b-0282-4ee9-9fc3-e9880d28aaa7-1440x1080.jpeg; https://mybunchofkeys.com/wp-content/uploads/2026/01/92008609-9f2f-4da1-b4e0-458558cb9400-1440x1080.jpeg; https://mybunchofkeys.com/wp-content/uploads/2026/01/92d9255a-83d9-4b37-93a4-91fc9d0790ff-1440x1080.jpeg; https://mybunchofkeys.com/wp-content/uploads/2026/01/35a43aa4-f2e3-49fa-b22e-0fd85f439179-1440x1080.jpeg; https://mybunchofkeys.com/wp-content/uploads/2026/01/49e4554b-4f04-447d-bcdb-05eec49adb56-810x1080.jpeg; https://mybunchofkeys.com/wp-content/uploads/2026/01/c9a7a11a-1e49-4e6c-9872-601e478d66b5-810x1080.jpeg; https://mybunchofkeys.com/wp-content/uploads/2026/01/34eebc4f-a059-4e41-82b4-9b9aba4da648-1440x1080.jpeg; https://mybunchofkeys.com/wp-content/uploads/2026/01/a17ee09a-51ea-4d51-9e54-08612e4c6107-1440x1080.jpeg; https://mybunchofkeys.com/wp-content/uploads/2026/01/053144ab-83c6-4085-8dfb-24b35761281e-1440x1080.jpeg; https://mybunchofkeys.com/wp-content/uploads/2026/01/fa3136d6-88d1-420f-951d-646c3feb77c5-1440x1080.jpeg,2026-07-24T16:20:40+00:00,,House,For Sale,"House For Sale – Brechin Castle Land – 17,292 sq. ft. 3 Beds 2 Baths Residential / Commercial use Parking for more than 10 vehicles Living area Dining area Spacious kitchen Large back porch Front yard is expansive Back yard is immense Trees – Avocado, Cherry, Banana, Plantain Price – $5,200,000 Reduced – $4,400,000 This property located in Brechin Castle, in the heart of Point Lisas is highly coveted, as it sits on a large expanse of land. It can be used both residentially and commercially, making it a high in demand piece of property. Those interested are asked to place their offers.

About the Region
California California is a neighborhood located in Couva in the Couva–Tabaquite–Talparo region of Trinidad and Tobago. It is bordered on the West by the Point Lisas Industrial Estate and to the East by the University of Trinidad and Tobago (Point Lisas Campus). Dow Village and Esperanza Village are within California. Its football team are Central F.C.",Fully Furnished; Move in Ready; Gated Compound; Air Conditioning; Patio; Covered Garage; Parking on Compound; Freehold Land; T&C Approved; Fully Fenced; Pet Friendly; Built-in Closets; Water Tank; Water Pump; Water Heater,2026-08-06T23:31:00.958127+00:00
https://mybunchofkeys.com/property/maraval-port-of-spain-house-for-sale-4-75m/,"Maraval, House - For Sale $8.75 M or $4.75 m - My Bunch of Keys","$8,750,000",BOK-992742,Fairways,4,4,9561sq.ft.,4,J Galy Real Estate Services,,(868) 682-2296,https://mybunchofkeys.com/wp-content/uploads/2020/08/profile-pic-JGaly-320x320.jpg,https://mybunchofkeys.com/wp-content/uploads/2026/02/60b08325-b979-40cd-86ed-09585d087801.jpeg,https://mybunchofkeys.com/wp-content/uploads/2026/02/60b08325-b979-40cd-86ed-09585d087801.jpeg; https://mybunchofkeys.com/wp-content/uploads/2026/02/1b7146ef-36d0-485d-8061-30e991df2863-810x1080.jpeg; https://mybunchofkeys.com/wp-content/uploads/2026/02/13940899-c092-45f0-93cd-4f189b3cfd4a-810x1080.jpeg; https://mybunchofkeys.com/wp-content/uploads/2026/02/934bfa70-5c39-4395-8a0e-fb0a78b460d7-810x1080.jpeg; https://mybunchofkeys.com/wp-content/uploads/2026/02/4ff97c6b-0478-426d-9d47-083128dab5cb-810x1080.jpeg; https://mybunchofkeys.com/wp-content/uploads/2026/02/d5b746ff-8881-40eb-ac6b-702a05ee8642-810x1080.jpeg; https://mybunchofkeys.com/wp-content/uploads/2026/02/356590b2-4d5f-44e4-b26e-ec46026ed21d-810x1080.jpeg; https://mybunchofkeys.com/wp-content/uploads/2026/02/0da67b09-71e1-4aac-b28b-998499cefa1e-810x1080.jpeg; https://mybunchofkeys.com/wp-content/uploads/2026/02/428ac7da-b221-444e-8e51-fbc7f7b62e95-810x1080.jpeg; https://mybunchofkeys.com/wp-content/uploads/2026/02/c1190ee3-6089-4be4-86f0-7a413e448ca1-810x1080.jpeg; https://mybunchofkeys.com/wp-content/uploads/2026/02/c1d131bf-ae32-4679-9f79-0c919d7d4f17-810x1080.jpeg; https://mybunchofkeys.com/wp-content/uploads/2026/02/2678e384-fbed-4644-8edc-d18cdadd53ac-810x1080.jpeg; https://mybunchofkeys.com/wp-content/uploads/2026/02/b844082b-10ff-4529-af43-e6857be5dd6e-810x1080.jpeg; https://mybunchofkeys.com/wp-content/uploads/2026/02/3b28441c-07aa-499e-ad96-976e2c767be4-810x1080.jpeg; https://mybunchofkeys.com/wp-content/uploads/2026/02/38919102-3427-4edb-980b-238dac5ce0c0-810x1080.jpeg; https://mybunchofkeys.com/wp-content/uploads/2026/02/9d46b221-26fb-4f30-bc3f-e7ec39017652-810x1080.jpeg; https://mybunchofkeys.com/wp-content/uploads/2026/02/3d43eb3b-59d9-44d4-b4e4-8d39b9f9a403-810x1080.jpeg; https://mybunchofkeys.com/wp-content/uploads/2026/02/756d8d42-521f-4f8e-bd7e-3c06da5b2e6b-810x1080.jpeg; https://mybunchofkeys.com/wp-content/uploads/2026/02/5c1c9bcc-20eb-4277-b608-5f447da8c8cb-810x1080.jpeg; https://mybunchofkeys.com/wp-content/uploads/2026/02/f45a0f25-6ce2-47b7-bc2e-28187e721130-810x1080.jpeg; https://mybunchofkeys.com/wp-content/uploads/2026/02/8e311a61-0c9e-4615-aa13-c496f302fb45-810x1080.jpeg; https://mybunchofkeys.com/wp-content/uploads/2026/02/ac9a26a3-60b9-4b3a-8a5d-14b8ff28092d-810x1080.jpeg; https://mybunchofkeys.com/wp-content/uploads/2026/02/54aef394-1dda-43c1-83d1-b5c13a99984a-810x1080.jpeg; https://mybunchofkeys.com/wp-content/uploads/2026/02/c35714d8-efc7-4a77-8352-4b3dfbb14c01-810x1080.jpeg; https://mybunchofkeys.com/wp-content/uploads/2026/02/066daf59-982d-4619-b9f1-281b80206a9a-810x1080.jpeg; https://mybunchofkeys.com/wp-content/uploads/2026/02/af18463b-9b40-4917-bae9-b473e0a61d10-810x1080.jpeg; https://mybunchofkeys.com/wp-content/uploads/2026/02/702e649d-95c8-40aa-9da5-0aaf7ae1ef8d-810x1080.jpeg; https://mybunchofkeys.com/wp-content/uploads/2026/02/ca872f79-9d85-4634-83c4-9955ccc7f3aa-810x1080.jpeg; https://mybunchofkeys.com/wp-content/uploads/2026/02/e3e195ac-08bc-498c-8310-efd0ccbbe9d9-810x1080.jpeg; https://mybunchofkeys.com/wp-content/uploads/2026/02/f163471f-07e1-463e-84c5-cb15dc474f70-810x1080.jpeg; https://mybunchofkeys.com/wp-content/uploads/2026/02/d3f9d723-0519-4379-85c1-6538a81f9623-810x1080.jpeg; https://mybunchofkeys.com/wp-content/uploads/2026/02/edb90d4f-e3d5-4c8f-af02-ea1171dbef6e-810x1080.jpeg; https://mybunchofkeys.com/wp-content/uploads/2026/02/fcb9cab2-aa32-4576-bcd9-190128e1c01c-810x1080.jpeg; https://mybunchofkeys.com/wp-content/uploads/2026/02/5f4372e0-b985-4efe-a719-16fc75bc43ba-810x1080.jpeg,2026-07-24T11:28:08+00:00,,House,For Sale,"FOR SALE –Collens Road, Port of Spain Two Spacious Duplex/ Townhouse-Style Apartments | Pool | Prime Location An excellent opportunity to own a substantial property in a sought-after residential area of Port of Spain. Collens Road comprises two generously sized apartments, each offering approximately 2,500 sq. ft. of comfortable, multi-level living with private outdoor spaces and shared pool facilities. Asking Price Individual Apartment: TT$4,750,000 each Entire Property: TT$8,750,000 Apartment Layout Ground Floor Formal living room Formal dining room Family room Study Kitchen Powder room Verandah Double car garage First Floor Master bedroom with en-suite bathroom Two additional bedrooms, each with full bathrooms Laundry room Second Floor Open multi-purpose area Full bathroom Patio Exterior Features Electronic gate Front yard parking for 2 additional vehicles Swimming pool Back pool deck Lawn area This property is ideal for: Extended families Owner-occupiers seeking additional rental income Investors looking for a solid, income-generating asset in a prime location For viewing instructions or further details, please contact us.

About the Region
Fairways An upscale, residential area, known for its gated community, Fairways is a beautiful place to live. With strict security, access to the community is restricted to residents and their guests.",,2026-08-06T23:35:06.145262+00:00
https://mybunchofkeys.com/property/location-location-location-this-property-is-situated-on-tragarete-road-in-the-bustling-area-of-woodbrook/,"Location, Location, Location! This property is situated on Tragarete Road in the bustling area of Woodbrook. - My Bunch of Keys","$3,850,000",BOK-788863,Port of Spain Woodbrook,5,2,4700sq.ft.,,Marisa Cipriani-Ortiz,Value Spaces Realty,(868) 620-9603,https://mybunchofkeys.com/wp-content/uploads/2022/05/Marisa-Cipriani-Ortiz-320x320.jpg,https://mybunchofkeys.com/wp-content/uploads/2024/09/IMG_3207-1.jpeg,https://mybunchofkeys.com/wp-content/uploads/2024/09/IMG_3207-1.jpeg; https://mybunchofkeys.com/wp-content/uploads/2024/09/IMG_3207.jpeg,2026-07-23T21:00:34+00:00,,House,For Sale,"🏡 New Sale Listing Alert! 🏡 Location, Location, Location! This property is situated on Tragarete Road in the bustling area of Woodbrook. 💰 Sale Price: 💲3.85M Featuring: 🛏️ 5 Bedrooms 🛁 2 Bathrooms 🌿 Enclosed Patio This single-storey older home offers a cozy living space of 1,910 sq ft, complemented by a charming wooden annex spanning 380 sq ft. Situated on residential leasehold land of 4,700 sq ft, this property presents a unique opportunity for a change of use to commercial, thanks to its great visibility and road frontage. Don’t miss out on this versatile property with endless potential! 📞 Contact our VSR property experts for more details and to schedule a viewing. 🔗 Explore more exceptional listings on our website: http://bit.ly/ValueSpacestt 👥 Proudly a member of AREATT and registered with the FIUTT #NewListing #TragareteRoad #Woodbrook #RealEstateInvestment #CommercialPotential #TrinidadRealEstate #PropertyExperts #ValueSpacesRealty🇹🇹 #RealEstateListing

About the Region
Port of Spain Port of Spain (Spanish: Puerto España), officially the City of Port of Spain (also stylized Port-of-Spain), is the capital city of Trinidad and Tobago, the country's second-largest city after San Fernando, and the third largest municipality after Chaguanas and San Fernando. The city has a municipal population of 37,074. This city offers housing facilities to many ministries of the local government. It serves as a main transport hub for both land and sea where many citizens use daily to move around the country. Many businesses thrive from the fluster of working class people who pass through daily. Some sectors or business types located are banking, hotels, casinos, food, cinemas, restaurants etc. Port of Spain is very popular for having the largest round about in the world which is known as “the Queens Park Savannah”. Main tourist attractions such as the Emperor Valley Zoo and Botanical gardens are all located around the Queens Park Savannah. This city is where the most exciting carnival celebrations are held and are participated by many well-known celebrities. A main tourist attraction is “the Avenue” where many persons gather on a weekend to whine down, relax and enjoy the many “hang out spots”. This too is another major tourists attraction as many celebrities visit just to relax.",Unfurnished; Leasehold Land; Accessible,2026-08-06T23:34:16.537984+00:00
https://mybunchofkeys.com/property/magnolia-drive-woodford-gardens-chaguanas-2-75m-negotiable/,"MAGNOLIA DRIVE, WOODFORD GARDENS CHAGUANAS - NOW $2.4M Negotiable - My Bunch of Keys","$2,400,000",BOK-1001694,Chaguanas,3,2.5,5000sq.ft.,2,Cristel de Silva,de Silva Realty,(868) 294-9118,https://mybunchofkeys.com/wp-content/uploads/2021/07/cristel-de-silva-profile-alt-320x320.jpg,https://mybunchofkeys.com/wp-content/uploads/2026/03/IMG_3466.jpg,https://mybunchofkeys.com/wp-content/uploads/2026/03/IMG_3466.jpg; https://mybunchofkeys.com/wp-content/uploads/2026/03/IMG_3457-1440x1080.jpg; https://mybunchofkeys.com/wp-content/uploads/2026/03/IMG_3460-1440x1080.jpg; https://mybunchofkeys.com/wp-content/uploads/2026/03/IMG_3466-1440x1080.jpg; https://mybunchofkeys.com/wp-content/uploads/2026/03/IMG_3473-1440x1080.jpg; https://mybunchofkeys.com/wp-content/uploads/2026/03/IMG_3475-1440x1080.jpg; https://mybunchofkeys.com/wp-content/uploads/2026/03/IMG_3477-1440x1080.jpg; https://mybunchofkeys.com/wp-content/uploads/2026/03/IMG_3480-1440x1080.jpg; https://mybunchofkeys.com/wp-content/uploads/2026/03/IMG_3485-1440x1080.jpg; https://mybunchofkeys.com/wp-content/uploads/2026/03/IMG_3489-1440x1080.jpg; https://mybunchofkeys.com/wp-content/uploads/2026/03/IMG_3491-1440x1080.jpg; https://mybunchofkeys.com/wp-content/uploads/2026/03/IMG_3493-1440x1080.jpg; https://mybunchofkeys.com/wp-content/uploads/2026/03/IMG_3496-1440x1080.jpg; https://mybunchofkeys.com/wp-content/uploads/2026/03/IMG_3499-1440x1080.jpg; https://mybunchofkeys.com/wp-content/uploads/2026/03/IMG_3501-1440x1080.jpg; https://mybunchofkeys.com/wp-content/uploads/2026/03/IMG_3510-1440x1080.jpg,2026-07-23T19:28:26+00:00,,House,For Sale,"MAGNOLIA DRIVE, WOODFORD GARDENS CHAGUANAS This brand new modern smart home has stunning finishes. Minutes away from Brentwood Mall, Supermarkets, Restaurants, Shopping and the Uriah Butler Highway, this house is perfect as a starter home and offers the ideal blend of comfort and convenience. Details as follows: SMART HOME 3 Bedrooms 2 Full Bathrooms Powder Room Master ensuite with Walk In Closet Open Plan Living/Dining/Kitchen Home Office/TV Room Led Lighting throughout Porcelain Tiles and Quartz Counters Water Heater, Water Tank and Pump Laundry Room with Storage Fully Air Conditioned Enclosed Parking for 2 Electronic Gate and Electronic Garage Gate Back Patio PET FRIENDLY HOUSE: 2,400 sq ft FREEHOLD LAND 5,000 sq ft FOR SALE: $2.4M (Negotiable) For more information or to view please call Cristel at 294-9118

About the Region
Chaguanas The Borough of Chaguanas is the largest borough with an average population of 83,489 and fastest-growing town in Trinidad and Tobago, it is located in the West-Central area of Trinidad. Chaguanas is popular for its shopping malls, variety stores and street shopping. Many citizens as well as tourists visit these sites to partake in the buying of many items offered for sale. This town is fast paced as many business sectors such as banking, insurance, auto rentals and food are readily available. All sites are easily accessible as transport hubs are located throughout the streets of this beautiful town, not to mention the safety of the police & fire services that are available upon request. Home to the famous Divali Nagar site, many tourists as well as citizens visit this location to buy merchandise offered from the well-known Indian heritage such as clothing, food, religious items etc. Fun fact, Chaguanas was named after the indigenous tribe who originally settled there.",Unfurnished; Move in Ready; Recently Renovated; Smart Devices; Air Conditioning; Central Air Conditioning; Kitchen Island; Powder Room; Patio; Covered Garage; Parking on Compound; Remote Gate; Freehold Land; Fully Fenced; Pet Friendly; Kid Friendly; Office Space; Laundry Area/Facility; Accessible; Built-in Closets; Walk-in Closets; Water Tank; Water Pump; Water Heater,2026-08-06T23:34:38.480437+00:00
https://mybunchofkeys.com/property/income-generating-investment-property-tobago/,Income Generating Investment Property Tobago - My Bunch of Keys,"$3,200,000",BOK-1063002,"Darrel Spring, Scarborough",11,9,3600sq.ft.,6,JM Realty Services,,(868) 369-0077,https://mybunchofkeys.com/wp-content/uploads/2025/01/JM-Realty-Logo-320x320.jpg,https://mybunchofkeys.com/wp-content/uploads/2026/07/DSCF0073-copy.jpg,https://mybunchofkeys.com/wp-content/uploads/2026/07/DSCF0073-copy.jpg; https://mybunchofkeys.com/wp-content/uploads/2026/07/DSCF0073-copy-1440x1080.jpg; https://mybunchofkeys.com/wp-content/uploads/2026/07/DSCF0071-1440x1080.jpg; https://mybunchofkeys.com/wp-content/uploads/2026/07/DSCF0069-copy-1440x1080.jpg; https://mybunchofkeys.com/wp-content/uploads/2026/07/DSCF0076-1440x1080.jpg; https://mybunchofkeys.com/wp-content/uploads/2026/07/DSCF0075-copy-1440x1080.jpg; https://mybunchofkeys.com/wp-content/uploads/2026/07/DSCF0058-1440x1080.jpg; https://mybunchofkeys.com/wp-content/uploads/2026/07/DSCF0053-1440x1080.jpg; https://mybunchofkeys.com/wp-content/uploads/2026/07/DSCF0065-copy-1440x1080.jpg; https://mybunchofkeys.com/wp-content/uploads/2026/07/DSCF0068-1440x1080.jpg,2026-07-23T13:34:56+00:00,,House,For Sale,"Tobago Property For Sale Darrell Spring, Tobago Exceptional Investment Opportunity – Darrell Spring, Tobago Positioned in the well-established community of Darrell Spring, Tobago , this impressive income-generating property offers the perfect blend of convenience, space, and long-term investment potential. Ideally located just minutes from Scarborough , the highway, the seaport, and an array of major amenities, this property provides easy access to shopping, schools, healthcare facilities, restaurants, and public transportation. Set on 6,166 sq. ft. of freehold land with an expansive 3,600 sq. ft. building , this versatile property features 11 bedrooms and 9 bathrooms , making it an excellent opportunity for investors seeking rental income, guesthouse accommodation, staff housing, or a multi-family residence. Designed for comfort and functionality, the property boasts an exceptional layout that maximizes its income-generating potential. Whether configured as individual rental units, guest accommodations, or a combination of both, the spacious design offers flexibility to suit a variety of investment strategies. Nestled within a developed, family-friendly neighbourhood, the property also enjoys beautiful views while offering the convenience of an easy commute. Whether you’re expanding your real estate portfolio or searching for a property with exceptional income potential in one of Tobago’s most convenient locations, this is an opportunity you won’t want to miss. Contact JM Realty Services Limited today to schedule your viewing and discover the investment potential this remarkable property has to offer. 6166 SF Land Size 🏠 3600 SF Building Size 🛏 11 Bedrooms 🛁 9 Bathrooms 😍 Open Concept ❄️ Air-Conditioned 🗄 Built-In Cupboards 🧱 Gated Compound 🚗 Parking On Compound Developed Neighbourhood 👦 Kid Friendly 👕 Laundry Facilities 🏦 Mortgage Ready 💰 Price: $3.2M Negotiable 7 Units Tenanted 1 Unit Occupied 1 Unit Unfinished Connect with Shawnee! 📞 1-868-478-8106 📧 shawnee.jmrealty@gmail.com

About the Region
Scarborough Scarborough became the capital of Tobago in 1769 when it replaced the then-capital of Georgetown. Under French rule it was named Port-Louis from 1789 to 1814. The city of Scarborough serves as the main seat of the Tobago House of Assembly which is responsible for local governance in Tobago. A ferry service links Scarborough with Port of Spain, Trinidad. Like the rest of the island of Tobago, Scarborough is served by the A.N.R. Robinson International Airport (formerly Crown Point Airport) located in Crown Point which is located 8 miles from Downtown Scarborough. Scarborough is also served by the Claude Noel Highway. (Wikipedia) It is the administrative centre of Tobago. The town has benefited considerably from the growth of tourism in Tobago and has many commercial buildings. Tobago’s airport, Crown Point, is about 7 miles (11 km) from Scarborough and handles both domestic and international flights. (Britannica) The town itself maintains an unpretentious local feel, with wooden ginger-bread houses alongside more functional concrete structures. The Scarborough Mall, across from the harbor, is home to the tourism information office, and the best place to in town to go shopping.",Unfurnished; Move in Ready; Gated Compound; Air Conditioning; Pantry; Patio; Parking on Compound; Freehold Land; T&C Approved; Partially Fenced; Pet Friendly; Kid Friendly; Laundry Area/Facility; Built-in Closets; Water Tank; Water Pump; Water Heater,2026-08-06T23:33:41.692628+00:00
https://mybunchofkeys.com/property/signal-hill-tobago/,"house Signal Hill, Tobago - My Bunch of Keys","$3,700,000",BOK-699760,Signal Hill,5,4,3000sq.ft.,4,Patience Real Estate,,(868) 464-6416,https://mybunchofkeys.com/wp-content/uploads/2019/11/Patience-Real-Estate-Logo.png,https://mybunchofkeys.com/wp-content/uploads/2024/02/FB_IMG_1708347546621.jpg,https://mybunchofkeys.com/wp-content/uploads/2024/02/FB_IMG_1708347546621.jpg; https://mybunchofkeys.com/wp-content/uploads/2024/02/FB_IMG_1708347548252.jpg; https://mybunchofkeys.com/wp-content/uploads/2024/02/FB_IMG_1708347549804.jpg; https://mybunchofkeys.com/wp-content/uploads/2024/02/FB_IMG_1708347553125.jpg; https://mybunchofkeys.com/wp-content/uploads/2024/02/FB_IMG_1708347554953.jpg; https://mybunchofkeys.com/wp-content/uploads/2024/02/FB_IMG_1708347556656.jpg; https://mybunchofkeys.com/wp-content/uploads/2024/02/FB_IMG_1708347558245.jpg; https://mybunchofkeys.com/wp-content/uploads/2024/02/FB_IMG_1708347559858.jpg; https://mybunchofkeys.com/wp-content/uploads/2024/02/FB_IMG_1708347561573.jpg; https://mybunchofkeys.com/wp-content/uploads/2024/02/FB_IMG_1708347563196.jpg; https://mybunchofkeys.com/wp-content/uploads/2024/02/dji_fly_20240216_121706_396_1708109901493_photo-1920x1080.jpg; https://mybunchofkeys.com/wp-content/uploads/2024/02/dji_fly_20240216_121410_390_1708109887357_photo-1920x1080.jpg; https://mybunchofkeys.com/wp-content/uploads/2024/02/dji_fly_20240216_121550_393_1708109900864_photo-1920x1080.jpg; https://mybunchofkeys.com/wp-content/uploads/2024/02/dji_fly_20240216_121204_381_1708109857726_photo-1920x1080.jpg; https://mybunchofkeys.com/wp-content/uploads/2024/02/dji_fly_20240216_121246_383_1708109869884_photo-1920x1080.jpg; https://mybunchofkeys.com/wp-content/uploads/2024/02/dji_fly_20240216_121346_384_1708109870188_photo-1920x1080.jpg; https://mybunchofkeys.com/wp-content/uploads/2024/02/dji_fly_20240216_121358_387_1708109886908_photo-1920x1080.jpg; https://mybunchofkeys.com/wp-content/uploads/2024/02/dji_fly_20240216_121526_392_1708109900579_photo-1920x1080.jpg,2026-07-23T13:05:49+00:00,,House,For Sale,". Tobago For Sale Carib Dr. Signal Hill This spacious house is located in early Signal Hill. With two master bedrooms on the ground floor each ensuite with bathroom. Large living area and kitchen with two porches. The first floor has one master ensuite bedroom and two bedrooms with a shared bathroom. Plus another spacious living space and two balconies. This home is designed for a large or extended family or perfect investment property as its just minutes drive to beaches and amenities. ⭐️5 bedrooms ⭐️4.5 bathrooms ⭐️2 porches 2 balconies ⭐️laundry room ⭐️walk-in pantry ⭐️approx 6000sqft land Asking $3.7M Call/whatsapp (868)464-6416 . . . . #tobago #vacation #staycation #beachlife #saltlife #trinidadandtobago #realestate

About the Region
Signal Hill Signal Hill is a residential community in Tobago. It has a primary and secondary school and guest houses amongst the many small businesses. It is also in close proximity of the Scarborough General Hospital and the University of West Indies Open Campus. On the opposite side of Signal Hill across the Claude Noel Highway is the Rockly bay where most residents visit to relax.",Unfurnished; Move in Ready; Air Conditioning; Powder Room; Fully Fenced; Walk-in Closets,2026-08-06T23:39:17.294189+00:00
https://mybunchofkeys.com/property/for-sale-la-pastora-santa-cruz/,FOR SALE LA PASTORA SANTA CRUZ - My Bunch of Keys,"$4,800,000",BOK-1062943,N/A,3,3,20666sq.ft.,7,Penny Properties,,(868) 303-2323,https://mybunchofkeys.com/wp-content/uploads/2024/12/Penny-Properties-Logo-320x320.jpg,https://mybunchofkeys.com/wp-content/uploads/2026/07/IMG_2979.jpeg,https://mybunchofkeys.com/wp-content/uploads/2026/07/IMG_2979.jpeg; https://mybunchofkeys.com/wp-content/uploads/2026/07/D1D52DF7-C0F4-43A7-94C8-113627E61A80-810x1080.png; https://mybunchofkeys.com/wp-content/uploads/2026/07/61AED608-AB69-44A1-8D71-3A9A60CF4A4B-810x1080.png; https://mybunchofkeys.com/wp-content/uploads/2026/07/IMG_2985-810x1080.jpeg; https://mybunchofkeys.com/wp-content/uploads/2026/07/IMG_2982-810x1080.jpeg; https://mybunchofkeys.com/wp-content/uploads/2026/07/IMG_2979-810x1080.jpeg; https://mybunchofkeys.com/wp-content/uploads/2026/07/IMG_2975-810x1080.jpeg; https://mybunchofkeys.com/wp-content/uploads/2026/07/IMG_2973-810x1080.jpeg; https://mybunchofkeys.com/wp-content/uploads/2026/07/IMG_2974-810x1080.jpeg; https://mybunchofkeys.com/wp-content/uploads/2026/07/IMG_2972-810x1080.jpeg; https://mybunchofkeys.com/wp-content/uploads/2026/07/IMG_2956-810x1080.jpeg; https://mybunchofkeys.com/wp-content/uploads/2026/07/IMG_2900-810x1080.jpeg; https://mybunchofkeys.com/wp-content/uploads/2026/07/IMG_2954-810x1080.jpeg; https://mybunchofkeys.com/wp-content/uploads/2026/07/IMG_2923-810x1080.jpeg; https://mybunchofkeys.com/wp-content/uploads/2026/07/A52A6A46-4058-4E6D-B651-F5674B2B1422-1-810x1080.png; https://mybunchofkeys.com/wp-content/uploads/2026/07/CC004E13-E461-4E49-900F-D024458EE946-1-810x1080.png; https://mybunchofkeys.com/wp-content/uploads/2026/07/797EFC4D-2C52-44D7-88CD-F4180EFA34C3-1-808x1080.png; https://mybunchofkeys.com/wp-content/uploads/2026/07/222A2EB2-2D94-4620-9970-7706A0D2DF07-809x1080.png,2026-07-23T02:17:05+00:00,,House,For Sale,"For Sale: La Pastora Gardens, Santa Cruz TT$4.8M Located within a gated residential development, this spacious two-level home offers comfortable family living, generous outdoor space and excellent potential for further enhancement. The upper level features the master bedroom with an en-suite bathroom. The ground floor comprises two additional bedrooms and one bathroom. The home is fully air-conditioned. At the rear of the property is a covered patio with an outdoor kitchen and bar area, ideal for entertaining. The property sits on approximately 20,660 sq. ft. of land, with approximately 10,000 sq. ft. of green space, a gazebo and mature fruit trees. There is also sufficient space to install a swimming pool. A separate annex includes a kitchenette, bathroom and space for a bedroom, making it suitable for guests, extended family or additional accommodation. Additional features include covered parking for three vehicles, uncovered parking for four additional vehicles and an electronic access gate.",Semi Furnished; Gated Compound; Gated Community; Air Conditioning; Kitchen Appliances; Kitchen Island; Patio; Covered Garage; Parking on Compound; Remote Gate; Fully Fenced; Pet Friendly; Kid Friendly; Laundry Area/Facility; Annex; Maid Quarters; Built-in Closets; Water Tank; Water Pump; Water Heater,2026-08-06T23:26:54.678395+00:00
https://mybunchofkeys.com/property/standalone-house-fixer-upper-for-sale-petit-valley/,Standalone House (Fixer Upper) For Sale - Petit Valley - My Bunch of Keys,"$2,650,000",BOK-1062931,Petit Valley,7,5,9345sq.ft.,4,Liv & Co Real Estate & Property Management,,(868) 714-7727,https://mybunchofkeys.com/wp-content/uploads/2026/07/Liv-Co-Logo-320x320.jpg,https://mybunchofkeys.com/wp-content/uploads/2026/07/image5-69.jpeg,https://mybunchofkeys.com/wp-content/uploads/2026/07/image7-54-1440x1080.jpeg; https://mybunchofkeys.com/wp-content/uploads/2026/07/image6-56.jpeg; https://mybunchofkeys.com/wp-content/uploads/2026/07/image5-69.jpeg; https://mybunchofkeys.com/wp-content/uploads/2026/07/image4-74-1440x1080.jpeg; https://mybunchofkeys.com/wp-content/uploads/2026/07/image3-83-1440x1080.jpeg; https://mybunchofkeys.com/wp-content/uploads/2026/07/image2-93-1440x1080.jpeg; https://mybunchofkeys.com/wp-content/uploads/2026/07/image1-2026-07-22T212221.464-1440x1080.jpeg; https://mybunchofkeys.com/wp-content/uploads/2026/07/image0-2026-07-22T212218.194-1440x1080.jpeg,2026-07-23T01:40:42+00:00,,House,For Sale,"Petit Valley Fixer Upper For Sale Priced to sell at TT$2.65m (under valuation price) Land: 9,345 sq ft Freehold Main House: 3 Bedrooms | 2 Bathrooms Annex 1: 3 Bedrooms | 2 Bathrooms Annex 2: 1 Bedroom | 1 Bathroom A true fixer-upper with endless potential, this property presents an excellent opportunity for investors, renovators, or buyers looking to create their dream home. With a solid footprint and plenty of space to reimagine, this home is ready for a complete transformation. Contact Sonia: 714-7727

About the Region
Petit Valley Petit Valley is known as a residential area located in Diego Martin Trinidad and Tobago. Petit Valley extends from the Four Roads area all the way through the hills of the Northern Range crossing over into Maraval. There are churches, supermarkets, a health facility and small businesses that support its residence. Both a valley and a flat landscape, valley residents experience fresh air and beautiful views. Most commuters use Taxi and the Yellow Band Maxi Taxi service to travel to their destinations.",Unfurnished; Parking on Compound; Freehold Land; Pet Friendly; Water Tank,2026-08-06T23:40:07.613137+00:00
https://mybunchofkeys.com/property/carenage-beard-street-5-bedroom-fixer-upper/,Carenage - Beard Street - 5 Bedroom Fixer Upper - My Bunch of Keys,"$1,300,000",BOK-1062791,Carenage,5,2,5490sq.ft.,2,Saran Joseph,Sunrise Properties,(868) 720-9007,https://mybunchofkeys.com/wp-content/uploads/2022/12/sunrise-saran-joseph-320x320.jpg,https://mybunchofkeys.com/wp-content/uploads/2026/07/IMG_0258.jpg,https://mybunchofkeys.com/wp-content/uploads/2026/07/IMG_0258.jpg; https://mybunchofkeys.com/wp-content/uploads/2026/07/IMG_0239-2.jpg; https://mybunchofkeys.com/wp-content/uploads/2026/07/IMG_0240-2.jpg; https://mybunchofkeys.com/wp-content/uploads/2026/07/IMG_0241.jpg; https://mybunchofkeys.com/wp-content/uploads/2026/07/IMG_0242-2.jpg; https://mybunchofkeys.com/wp-content/uploads/2026/07/IMG_0243-2.jpg; https://mybunchofkeys.com/wp-content/uploads/2026/07/IMG_0244-2.jpg; https://mybunchofkeys.com/wp-content/uploads/2026/07/IMG_0245-2.jpg; https://mybunchofkeys.com/wp-content/uploads/2026/07/IMG_0246-2.jpg; https://mybunchofkeys.com/wp-content/uploads/2026/07/IMG_0247-2.jpg; https://mybunchofkeys.com/wp-content/uploads/2026/07/IMG_0248-2.jpg; https://mybunchofkeys.com/wp-content/uploads/2026/07/IMG_0249-2-810x1080.jpg; https://mybunchofkeys.com/wp-content/uploads/2026/07/IMG_0250-2.jpg; https://mybunchofkeys.com/wp-content/uploads/2026/07/IMG_0251-2-810x1080.jpg; https://mybunchofkeys.com/wp-content/uploads/2026/07/IMG_0252-2.jpg; https://mybunchofkeys.com/wp-content/uploads/2026/07/IMG_0253-2-810x1080.jpg; https://mybunchofkeys.com/wp-content/uploads/2026/07/IMG_0254.jpg; https://mybunchofkeys.com/wp-content/uploads/2026/07/IMG_0255.jpg; https://mybunchofkeys.com/wp-content/uploads/2026/07/IMG_0256.jpg; https://mybunchofkeys.com/wp-content/uploads/2026/07/IMG_0257.jpg; https://mybunchofkeys.com/wp-content/uploads/2026/07/IMG_0258-1.jpg; https://mybunchofkeys.com/wp-content/uploads/2026/07/IMG_0259.jpg,2026-07-23T00:16:18+00:00,,House,For Sale,"🏡 FOR SALE | Carenage – Upper Beard Street 5-Bedroom Home | FIXER UPPER TTD $1.3M A fantastic opportunity for homeowners, investors, or anyone looking for a renovation project with income potential. This freehold, two-storey home has been divided into two self-contained apartments and is being sold unfurnished . Upper Floor • 3 Bedrooms • 1 Bathroom • Kitchen • Open Living & Dining Area Ground Floor • 2 Bedrooms • 1 Bathroom • Kitchen • Dining Room • Laundry Room • Utility Room Property Features • 5,490 sq. ft. Freehold Land • Approx. 1,075 sq. ft. Living Space Per Floor • Detached Two-Car Tandem Garage • Storage Room • Walking Distance to Public Transport, Schools & Health Centre 💰 Asking Price: TTD $1.3 Million 📞 Contact Sunrise Properties today to schedule a viewing. 720-9007

About the Region
Carenage Carenage is a town in the Republic of Trinidad and Tobago. It is located in northwestern Trinidad, and is administered by the Diego Martin Regional Corporation. Located close to Chaguaramas, it is more of a residential area than a commercial or industrial locale. The name is derived from the practice of careening (i.e., beaching, ""carénage"" in French) sailing vessels for maintenance, which had been done in the area for many years.",Unfurnished; Gated Compound; Covered Garage; Parking on Compound; Freehold Land; Fully Fenced; Pet Friendly; Kid Friendly; Laundry Area/Facility; Built-in Closets; Water Tank; Water Pump,2026-08-06T23:22:03.576719+00:00
https://mybunchofkeys.com/property/5-bedroom-home-gulf-view-san-fernando/,"5 Bedroom Home - Gulf View, San Fernando - My Bunch of Keys","$3,000,000",BOK-1062636,Gulf View La Romain San Fernando,5,3,4765sq.ft.,4,Vesta Properties,,(868) 781-4784,https://mybunchofkeys.com/wp-content/uploads/2020/03/vesta-properties-logo-320x320.jpg,https://mybunchofkeys.com/wp-content/uploads/2026/07/Main-pic-5.jpg,https://mybunchofkeys.com/wp-content/uploads/2026/07/Main-pic-5.jpg; https://mybunchofkeys.com/wp-content/uploads/2026/07/Dining-living.jpg; https://mybunchofkeys.com/wp-content/uploads/2026/07/Living-room-4.jpg; https://mybunchofkeys.com/wp-content/uploads/2026/07/Living-dining.jpg; https://mybunchofkeys.com/wp-content/uploads/2026/07/dining-kitchen.jpg; https://mybunchofkeys.com/wp-content/uploads/2026/07/Kitchen-3-2.jpg; https://mybunchofkeys.com/wp-content/uploads/2026/07/Kitchen-1-5.jpg; https://mybunchofkeys.com/wp-content/uploads/2026/07/Kitchen-2-3.jpg; https://mybunchofkeys.com/wp-content/uploads/2026/07/Kitchen-5.jpg; https://mybunchofkeys.com/wp-content/uploads/2026/07/Bedroom-3-2.jpg; https://mybunchofkeys.com/wp-content/uploads/2026/07/Master-bedroom.jpg; https://mybunchofkeys.com/wp-content/uploads/2026/07/Master-bed.jpg; https://mybunchofkeys.com/wp-content/uploads/2026/07/master-bath-1.jpg; https://mybunchofkeys.com/wp-content/uploads/2026/07/Bedroom-1-4.jpg; https://mybunchofkeys.com/wp-content/uploads/2026/07/Bedroom-1a-2.jpg; https://mybunchofkeys.com/wp-content/uploads/2026/07/Bathroom-1-1.jpg; https://mybunchofkeys.com/wp-content/uploads/2026/07/Bathroom-1a.jpg; https://mybunchofkeys.com/wp-content/uploads/2026/07/Bedroom-2-2.jpg; https://mybunchofkeys.com/wp-content/uploads/2026/07/Bedroom-2a.jpg; https://mybunchofkeys.com/wp-content/uploads/2026/07/Bathtoom-2.jpg; https://mybunchofkeys.com/wp-content/uploads/2026/07/laundry.jpg; https://mybunchofkeys.com/wp-content/uploads/2026/07/Porch.jpg; https://mybunchofkeys.com/wp-content/uploads/2026/07/front-garden.jpg; https://mybunchofkeys.com/wp-content/uploads/2026/07/main-pic-1-2.jpg,2026-07-22T20:27:24+00:00,,House,For Sale,"GULF VIEW, SAN FERNANDO – Ideally located on a desirable corner lot along Soogrim Street, just off Gulf View Drive is this spacious family home which sits on 4,765 sq. ft. of land. This property is only a few minutes from Gulf City Mall, supermarkets, schools, restaurants, and a host of everyday amenities, well suited for growing families or anyone seeking a prime location in the South. The home features five (5) bedrooms and three (3) bathrooms, complemented by an expansive open living/dining area that provides the perfect setting for both everyday family living and entertaining. The well-appointed kitchen offers ample space for meal preparation and storage, making it both functional and inviting. For added comfort, four bedrooms and the main living area are fully air-conditioned. Additional features include a dedicated laundry room and a welcoming front patio, ideal for relaxing and enjoying the peaceful surroundings. The exterior is enhanced by a lot of greenery, offering endless possibilities for a landscaped garden in a tranquil outdoor retreat. Parking is plentiful, with covered accommodation for two (2) vehicles and additional uncovered parking for two more. A standout feature of this corner property is its dual gated access as there are entrances on both streets, one fitted with an electronic gate and the other with a manual gate. Listed at $3M. This is a wonderful opportunity to own a spacious home in one of Trinidad’s most convenient and sought-after locations. For viewings or further info please contact (868) 717-6578 or (868) 781-4784.

About the Region
Gulf View Gulf View is located in La Romain in the South West region of Trinidad. This is known as a residential and commercial area. Residents have so much to enjoy here as there is the Gulf City Mall, KFC, Mc Donalds, Pennywise, Carnival City Casino, Massy Stores etc. This location is especially busy around the peak seasons where many come to shop, lime, or complete business transactions required.",Unfurnished; Move in Ready; Air Conditioning; Patio; Covered Garage; Remote Gate; Leasehold Land; T&C Approved; Fully Fenced; Pet Friendly; Kid Friendly; Laundry Area/Facility; Built-in Closets; Water Tank; Water Pump; Water Heater,2026-08-06T23:20:08.203440+00:00
https://mybunchofkeys.com/property/villas-of-les-boix-morne-coco-road-maraval/,"Villas of Les Boix, Morne Coco Road, Maraval - My Bunch of Keys","$3,500,000",BOK-1062643,Maraval,3,3,,2,Tucker Real Estate,,(868) 628-9307,https://mybunchofkeys.com/wp-content/uploads/2018/07/Tucker-Real-Estate-320x320.png,https://mybunchofkeys.com/wp-content/uploads/2026/07/Pool-Area.png,https://mybunchofkeys.com/wp-content/uploads/2026/07/Roof-top-3-1440x1080.jpg; https://mybunchofkeys.com/wp-content/uploads/2026/07/Roof-top-1-1440x1080.jpg; https://mybunchofkeys.com/wp-content/uploads/2026/07/Pool-Area.png; https://mybunchofkeys.com/wp-content/uploads/2026/07/Pool-Area-2.jpeg; https://mybunchofkeys.com/wp-content/uploads/2026/07/Livingroom-3-1440x1080.jpg; https://mybunchofkeys.com/wp-content/uploads/2026/07/Kitchen-1-4-1440x1080.jpg; https://mybunchofkeys.com/wp-content/uploads/2026/07/Kitchen-4-1-1440x1080.jpg; https://mybunchofkeys.com/wp-content/uploads/2026/07/Kitchen-2-2-1440x1080.jpg; https://mybunchofkeys.com/wp-content/uploads/2026/07/Pantry-2-810x1080.jpg; https://mybunchofkeys.com/wp-content/uploads/2026/07/Pantry-1-810x1080.jpg; https://mybunchofkeys.com/wp-content/uploads/2026/07/Kitchen-Bathroom-3-810x1080.jpg; https://mybunchofkeys.com/wp-content/uploads/2026/07/Kitchen-Bathroom-1-810x1080.jpg; https://mybunchofkeys.com/wp-content/uploads/2026/07/Laundry-Area-off-Kitchen-810x1080.jpg; https://mybunchofkeys.com/wp-content/uploads/2026/07/Master-Bedroom-2.jpeg; https://mybunchofkeys.com/wp-content/uploads/2026/07/Master-Bathroom-3-1440x1080.jpg; https://mybunchofkeys.com/wp-content/uploads/2026/07/Master-Walkin-Closet-720x1080.png; https://mybunchofkeys.com/wp-content/uploads/2026/07/Bedroom-2nd-3-1440x1080.jpg; https://mybunchofkeys.com/wp-content/uploads/2026/07/Bedroom-2nd-1-810x1080.jpg; https://mybunchofkeys.com/wp-content/uploads/2026/07/First-Floor-Bathroom-2-1440x1080.jpg; https://mybunchofkeys.com/wp-content/uploads/2026/07/Bedroom-1st-1-810x1080.jpg; https://mybunchofkeys.com/wp-content/uploads/2026/07/Bedroom-1st-2-1440x1080.jpg; https://mybunchofkeys.com/wp-content/uploads/2026/07/Basement-1.jpeg; https://mybunchofkeys.com/wp-content/uploads/2026/07/Basement-2.jpeg; https://mybunchofkeys.com/wp-content/uploads/2026/07/Basement-4.jpeg; https://mybunchofkeys.com/wp-content/uploads/2026/07/1000271081-1918x1080.jpg,2026-07-22T20:06:06+00:00,,House,For Sale,"FOR SALE – Villas of Les Boix, Morne Coco Road ✨ Modern Living in a Gated Community! ✨ Experience secure, spacious living in this fully air-conditioned, 3-bedroom, 3.5-bathroom semi-furnished home situated within a quiet, gated community in Maraval featuring a communal pool, gazebo, and kids’ play area. Designed with a seamless open-plan living and dining area, a half bath for guests, a well-appointed kitchen featuring a walk-in pantry and convenient laundry located just off the kitchen, and a private balcony, this residence offers the ideal blend of comfort and style. The master suite features a generous walk-in closet, while a dedicated basement and a private rooftop area provide endless possibilities for entertainment, home offices, or extra storage. Complete with secure parking for 2 vehicles, this home is being sold semi-furnished and ready for move-in!

About the Region
Maraval Maraval is one of the northern suburbs of Trinidad's capital, Port of Spain, a valley in northern Trinidad in Trinidad and Tobago. It is situated at the bottom of the hills of Paramin and located east of the Diego Martin valley to which it is connected directly by Morne Coco Road, and west of Santa Cruz valley, to which it is connected by Saddle Road. Maraval is considered one of the major high-income residential areas in the country in combination with the Westmoorings, Goodwood Park and Glencoe area, it is home of much of the island's elite, including a number of diplomats. Maraval is sometimes referred to as ""Diego Martin East"". It is home to Trinity College secondary school, St. Andrew's Golf Course and Club in Moka, which is considered to be one of the finest golf courses in the Caribbean that was established in 1891 making it one of the oldest in the world. It arguably provides the best route of access from the capital to the North Coast. Along with Santa Cruz, Maraval is located close to the best beaches on the island, allowing its residents quick access to both leisure activities, as well as downtown business and entertainment. Maraval has branches of the major locally-operating banks, supermarkets, pharmacies, boutiuqes, clothing outlets, catholic schools, churches and parish groups.",Semi Furnished; Move in Ready; Gated Community; Air Conditioning; Kitchen Appliances; Pantry; Powder Room; Patio; Parking on Compound; Leasehold Land; Kid Friendly; Laundry Area/Facility; Walk-in Closets,2026-08-06T23:41:54.241696+00:00
https://mybunchofkeys.com/property/st-joseph-property-for-sale-2/,St. Joseph Property for Sale - My Bunch of Keys,"$1,500,000",BOK-1062554,"Albert Street, St. Joseph, St. Joseph",2,1,6700sq.ft.,,Kompany Keys,,(868) 736-6658,https://mybunchofkeys.com/wp-content/uploads/2024/04/Kompany-Keys-Logo-320x320.jpg,https://mybunchofkeys.com/wp-content/uploads/2026/07/c3f2ea92-deee-4179-ba04-57fea9e1f016.jpg,https://mybunchofkeys.com/wp-content/uploads/2026/07/c3f2ea92-deee-4179-ba04-57fea9e1f016.jpg; https://mybunchofkeys.com/wp-content/uploads/2026/07/cba6e945-456c-4337-93e1-ad87facbcb9b.jpg; https://mybunchofkeys.com/wp-content/uploads/2026/07/8af4f1fa-7e7e-4c10-9618-8c7661a37a30.jpg; https://mybunchofkeys.com/wp-content/uploads/2026/07/285005c7-5357-486a-b7fb-9bf4cb018ecc.jpg; https://mybunchofkeys.com/wp-content/uploads/2026/07/DJI_0347.jpg; https://mybunchofkeys.com/wp-content/uploads/2026/07/edits.jpg,2026-07-22T18:26:06+00:00,,House,For Sale,"St. Joseph Property for Sale Size: 6700 sq ft Price: $1.5M This property is situated on Albert Street St. Joseph, walking distance to Medical Associates. Visible is a 2 room structure which is currently occupied by a small church. With over 6700 sq feet of land available there is ample room for expansion or a full reset. Points to note: – Freehold Land – 6700 sq ft – No flooding – Price is negotiable. For more info please contact Kompany Keys at 736-6658

About the Region
St. Joseph St. Joseph was founded in 1592 by Antonio de Berrio and is the oldest town in Trinidad and Tobago. Originally named San José de Oruña, it served as the capital of Spanish Trinidad between 1592 and 1783. In 1595 the place was attacked and held by Sir Walter Raleigh and was used as a base for his exploration of the Orinoco river in search of the fabled city of El Dorado. Soon after his return the place was burnt and sacked. St. Joseph is not an incorporated municipality. It falls within the boundaries of the Tunapuna–Piarco region. Today it is the home of several different schools, including St. Joseph's Convent, St. Joseph, St. Joseph Boys Roman Catholic School, St. Joseph Girls Roman Catholic School, St. Joseph Government School, St. Joseph College, T.M.L Primary School, St Joseph and St. Xavier's Preparatory School.",Unfurnished; Air Conditioning; Parking on Compound,2026-08-06T23:40:02.525450+00:00
https://mybunchofkeys.com/property/carlos-street-woodbrook-2/,"Carlos Street, Woodbrook - My Bunch of Keys","$7,500,000",BOK-1062467,Port of Spain,5,2,1600sq.ft.,,Tucker Real Estate,,(868) 628-9307,https://mybunchofkeys.com/wp-content/uploads/2018/07/Tucker-Real-Estate-320x320.png,https://mybunchofkeys.com/wp-content/uploads/2026/07/WhatsApp-Image-2026-07-22-at-11.16.10-AM-6.jpeg,https://mybunchofkeys.com/wp-content/uploads/2026/07/WhatsApp-Image-2026-07-22-at-11.16.10-AM-6.jpeg; https://mybunchofkeys.com/wp-content/uploads/2026/07/WhatsApp-Image-2026-07-22-at-11.16.10-AM-5-608x1080.jpeg; https://mybunchofkeys.com/wp-content/uploads/2026/07/WhatsApp-Image-2026-07-22-at-11.16.10-AM-3-608x1080.jpeg; https://mybunchofkeys.com/wp-content/uploads/2026/07/WhatsApp-Image-2026-07-22-at-11.16.10-AM-4-608x1080.jpeg; https://mybunchofkeys.com/wp-content/uploads/2026/07/WhatsApp-Image-2026-07-22-at-11.16.10-AM-2-608x1080.jpeg; https://mybunchofkeys.com/wp-content/uploads/2026/07/WhatsApp-Image-2026-07-22-at-11.16.10-AM-1-608x1080.jpeg; https://mybunchofkeys.com/wp-content/uploads/2026/07/WhatsApp-Image-2026-07-22-at-11.16.10-AM-7-608x1080.jpeg; https://mybunchofkeys.com/wp-content/uploads/2026/07/WhatsApp-Image-2026-07-22-at-11.16.10-AM-8-608x1080.jpeg; https://mybunchofkeys.com/wp-content/uploads/2026/07/WhatsApp-Image-2026-07-22-at-11.16.10-AM-608x1080.jpeg,2026-07-22T15:32:44+00:00,,House,For Sale,"Carlos Street, Woodbrook ✨ Own A Piece Of History In The Heart Of The City! ✨ Beautifully maintained, spacious, and centrally located, this classic property sits on 6,400 sq. ft. of prime leasehold land (30-year lease starting December 1st, 2020) in one of Port of Spain’s most sought-after neighborhoods. Being sold semi-furnished, this home features 5 bedrooms, 2 bathrooms, generous living and dining areas, a kitchen with abundant storage, and a large covered porch, offering exceptional comfort and versatility. Outdoors, you’ll find a well-kept yard within a secure, fully walled property that provides ample parking space for multiple vehicles. Its location is second to none—situated just minutes from Ariapita Avenue, with immediate access to dining, shopping, schools, entertainment, public transit, and major business hubs. Whether you are looking for an elegant family home, a boutique guest house, an Airbnb investment, or a seamless commercial office conversion, this property is a rare find with endless potential.

About the Region
Port of Spain Port of Spain (Spanish: Puerto España), officially the City of Port of Spain (also stylized Port-of-Spain), is the capital city of Trinidad and Tobago, the country's second-largest city after San Fernando, and the third largest municipality after Chaguanas and San Fernando. The city has a municipal population of 37,074. This city offers housing facilities to many ministries of the local government. It serves as a main transport hub for both land and sea where many citizens use daily to move around the country. Many businesses thrive from the fluster of working class people who pass through daily. Some sectors or business types located are banking, hotels, casinos, food, cinemas, restaurants etc. Port of Spain is very popular for having the largest round about in the world which is known as “the Queens Park Savannah”. Main tourist attractions such as the Emperor Valley Zoo and Botanical gardens are all located around the Queens Park Savannah. This city is where the most exciting carnival celebrations are held and are participated by many well-known celebrities. A main tourist attraction is “the Avenue” where many persons gather on a weekend to whine down, relax and enjoy the many “hang out spots”. This too is another major tourists attraction as many celebrities visit just to relax.",Semi Furnished; Parking on Compound; Leasehold Land; Fully Fenced,2026-08-06T23:22:09.775323+00:00
https://mybunchofkeys.com/property/house-for-sale-de-verteuil-street-woodbrook-ttd6m/,"HOUSE FOR SALE - De Verteuil Street, Woodbrook - TTD$6M - My Bunch of Keys","$6,000,000",BOK-1061858,Port of Spain Woodbrook,3,2.5,4800sq.ft.,,Veridian Realty,,(868) 476-4235,https://mybunchofkeys.com/wp-content/uploads/2021/09/veridian-logo-320x320.png,https://mybunchofkeys.com/wp-content/uploads/2026/07/DJI_20260617113547_0803_D.jpg,https://mybunchofkeys.com/wp-content/uploads/2026/07/DSC01628.jpg; https://mybunchofkeys.com/wp-content/uploads/2026/07/ChatGPT-Image-Jul-21-2026-07_31_21-AM-living-room.jpg; https://mybunchofkeys.com/wp-content/uploads/2026/07/ChatGPT-Image-Jul-21-2026-07_35_32-AM-living-room-2.jpg; https://mybunchofkeys.com/wp-content/uploads/2026/07/DJI_20260617113547_0803_D.jpg; https://mybunchofkeys.com/wp-content/uploads/2026/07/Image-Jul-20-2026-Laundry.jpg; https://mybunchofkeys.com/wp-content/uploads/2026/07/Jul-20-2026-06_15_40-PM.jpg; https://mybunchofkeys.com/wp-content/uploads/2026/07/DSC01648.jpg,2026-07-22T14:00:31+00:00,,House,For Sale,"HOUSE FOR SALE – De Verteuil Street, Woodbrook – TTD$6M Spacious family home in the heart of Woodbrook, ideally located close to all amenities! This property sits on 4,800sf of leasehold land with a 2,160sf building and features 3 air-conditioned bedrooms, 2.5 bathrooms, a porch, laundry area, suspended ceilings throughout, and parking for 2 cars. A self-contained annex with 1 bedroom and 1 bathroom provides excellent potential for extended family, guests, rental income, or a home office, making this a versatile property in a highly sought-after central location! Please contact us for more information:

About the Region
Port of Spain Port of Spain (Spanish: Puerto España), officially the City of Port of Spain (also stylized Port-of-Spain), is the capital city of Trinidad and Tobago, the country's second-largest city after San Fernando, and the third largest municipality after Chaguanas and San Fernando. The city has a municipal population of 37,074. This city offers housing facilities to many ministries of the local government. It serves as a main transport hub for both land and sea where many citizens use daily to move around the country. Many businesses thrive from the fluster of working class people who pass through daily. Some sectors or business types located are banking, hotels, casinos, food, cinemas, restaurants etc. Port of Spain is very popular for having the largest round about in the world which is known as “the Queens Park Savannah”. Main tourist attractions such as the Emperor Valley Zoo and Botanical gardens are all located around the Queens Park Savannah. This city is where the most exciting carnival celebrations are held and are participated by many well-known celebrities. A main tourist attraction is “the Avenue” where many persons gather on a weekend to whine down, relax and enjoy the many “hang out spots”. This too is another major tourists attraction as many celebrities visit just to relax.",Unfurnished; Air Conditioning; Powder Room; Patio; Parking on Compound; Leasehold Land; Laundry Area/Facility; Annex; Water Tank; Water Heater,2026-08-06T23:31:19.943144+00:00
https://mybunchofkeys.com/property/bacolet-tobago/,"BACOLET, Tobago - My Bunch of Keys","$2,495,000",BOK-1005489,"Bacolet , Bacolet",4,2,21000sq.ft.,6,Sonia Marcano,Guillen Realty,(868) 685-4511,https://mybunchofkeys.com/wp-content/uploads/2023/09/GR-Members-4-320x320.jpg,https://mybunchofkeys.com/wp-content/uploads/2026/03/20260307_105247.jpg,https://mybunchofkeys.com/wp-content/uploads/2026/03/20260307_105247.jpg; https://mybunchofkeys.com/wp-content/uploads/2026/03/20260307_100108-608x1080.jpg; https://mybunchofkeys.com/wp-content/uploads/2026/03/20260307_101444-608x1080.jpg; https://mybunchofkeys.com/wp-content/uploads/2026/03/20260307_100243-608x1080.jpg; https://mybunchofkeys.com/wp-content/uploads/2026/03/20260307_100348-608x1080.jpg; https://mybunchofkeys.com/wp-content/uploads/2026/03/20260307_095815-1-608x1080.jpg; https://mybunchofkeys.com/wp-content/uploads/2026/03/20260307_095712-608x1080.jpg; https://mybunchofkeys.com/wp-content/uploads/2026/03/20260307_095638-608x1080.jpg; https://mybunchofkeys.com/wp-content/uploads/2026/03/20260307_101103-608x1080.jpg; https://mybunchofkeys.com/wp-content/uploads/2026/03/20260307_101437-1918x1080.jpg; https://mybunchofkeys.com/wp-content/uploads/2026/03/20260307_101401-1918x1080.jpg; https://mybunchofkeys.com/wp-content/uploads/2026/03/20260307_101130-1918x1080.jpg; https://mybunchofkeys.com/wp-content/uploads/2026/03/20260307_101124-1918x1080.jpg,2026-07-22T06:22:05+00:00,,House,,"🔻🔻✨️ Price UPDATE ✨️🔻🔻 🌊Stunning Ocean View Property 📍Bacolet, Tobago 🌴Discover this beautiful property located in Bacolet on Tobago’s desirable southeastern coast, set on over 20,000 sq. ft. of gently sloping, landscaped freehold land. 🌴The home enjoys unobstructed 180° views of the Atlantic Ocean, offering breathtaking scenery and some of the most spectacular sunsets you’ll experience on the island. ℹ️Property Features: ⛱️4 Bedrooms ⛱️2 Bathrooms ⛱️Main house with two self-contained living spaces ⛱️Well-maintained property ⛱️Ideal for income-generating rentals or guest accommodation 🌴With just a few thoughtful upgrades, this property has excellent potential for consistent rental income while still being perfect as a private residence or vacation home. 🌴A rare opportunity to own a scenic Tobago property with both lifestyle appeal and investment potential. 🛡Contact Sonia Marcano ☎️ 868-685-4511

About the Region
Bacolet Bacolet is a town and suburb in the city of Scarborough on the island of Tobago, Republic of Trinidad and Tobago. The town itself lies beneath Fort King George at the Bacolet Bay, just outside the city center to the south-east of the island's capital. It is one of the most developed parts of Tobago, and much of the island's high society lives there. There are also many villas and hotels for tourists such as Bacolet Beach club, Blue Haven and Half moon. It is a residential area mostly invested by foreigners. Top Notch Restaurnats such as Café Havana, Blue Crab offered a wide array of dishes for you to choose from.",Semi Furnished; Internet Access; Electricity; Air Conditioning; Kitchen Appliances; Security Cameras; Parking on Compound; Freehold Land; T&C Approved; Pet Friendly; Kid Friendly; Laundry Area/Facility; Water Tank; Water Heater,2026-08-06T23:21:01.739047+00:00
https://mybunchofkeys.com/property/property-for-sale-9/,Property for Sale - My Bunch of Keys,"$3,750,000",BOK-1062225,Hillsboro Maraval,3,3,8600sq.ft.,4,Lorraine Fitzwilliam Real Estate,,(868) 683-7977,https://mybunchofkeys.com/wp-content/uploads/2024/01/Lorraine-Fitzwilliam-Logo-320x320.jpg,https://mybunchofkeys.com/wp-content/uploads/2026/07/IMG_8401.jpeg,https://mybunchofkeys.com/wp-content/uploads/2026/07/IMG_8401.jpeg; https://mybunchofkeys.com/wp-content/uploads/2026/07/5C4E8078-858E-4CDC-A14D-576ADFE24F65-1440x1080.png; https://mybunchofkeys.com/wp-content/uploads/2026/07/IMG_8363-1440x1080.jpeg; https://mybunchofkeys.com/wp-content/uploads/2026/07/IMG_8364-810x1080.jpeg; https://mybunchofkeys.com/wp-content/uploads/2026/07/IMG_8365-810x1080.jpeg; https://mybunchofkeys.com/wp-content/uploads/2026/07/IMG_8371-810x1080.jpeg; https://mybunchofkeys.com/wp-content/uploads/2026/07/62a4357b-48f7-4e87-91d2-a092665fb87f-1440x1080.jpeg; https://mybunchofkeys.com/wp-content/uploads/2026/07/IMG_8375-810x1080.jpeg; https://mybunchofkeys.com/wp-content/uploads/2026/07/IMG_8376-810x1080.jpeg; https://mybunchofkeys.com/wp-content/uploads/2026/07/IMG_8377-810x1080.jpeg; https://mybunchofkeys.com/wp-content/uploads/2026/07/IMG_8380-810x1080.jpeg; https://mybunchofkeys.com/wp-content/uploads/2026/07/IMG_8383-810x1080.jpeg; https://mybunchofkeys.com/wp-content/uploads/2026/07/IMG_8385-810x1080.jpeg; https://mybunchofkeys.com/wp-content/uploads/2026/07/IMG_8387-810x1080.jpeg; https://mybunchofkeys.com/wp-content/uploads/2026/07/IMG_8402-810x1080.jpeg; https://mybunchofkeys.com/wp-content/uploads/2026/07/IMG_8404-810x1080.jpeg; https://mybunchofkeys.com/wp-content/uploads/2026/07/IMG_8396-810x1080.jpeg; https://mybunchofkeys.com/wp-content/uploads/2026/07/IMG_8401-810x1080.jpeg; https://mybunchofkeys.com/wp-content/uploads/2026/07/IMG_8394-1440x1080.jpeg; https://mybunchofkeys.com/wp-content/uploads/2026/07/IMG_8400-1440x1080.jpeg,2026-07-22T02:05:15+00:00,,House,For Sale,"FOR SALE

About the Region
Hillsboro Hillsboro is a residential area located in Maraval Trinidad. Situated on a hilly landscape, it provides some beautiful views of the country. Art by Chole Cadet is located here. The Unique hand-painted greeting cards for any and every occasion and its custom designs are available for sale. Residents have to venture to the heart of Maraval to gather services where needed to support their everyday lifestyle.",Semi Furnished; Move in Ready; Gated Community; Private Pool; Air Conditioning; Patio; Covered Garage; Freehold Land; Fully Fenced; Kid Friendly; Office Space; Accessible; Built-in Closets; Walk-in Closets; Water Heater,2026-08-06T23:37:38.098223+00:00
https://mybunchofkeys.com/property/diamond-vale-3/,Diamond Vale - My Bunch of Keys,"$1,300,000",BOK-1062167,"Diamond Vale, Diamond Vale Diego Martin",3,1.5,4500sq.ft.,3,Park Place Realty,,(868) 385-1669,https://mybunchofkeys.com/wp-content/uploads/2019/07/952A41E8-2BC7-49C9-A7A2-225E21B8A19F-320x320.png,https://mybunchofkeys.com/wp-content/uploads/2026/07/IMG_9386-1.jpeg,https://mybunchofkeys.com/wp-content/uploads/2026/07/IMG_9386-1.jpeg; https://mybunchofkeys.com/wp-content/uploads/2026/07/IMG_9383-1440x1080.jpeg; https://mybunchofkeys.com/wp-content/uploads/2026/07/IMG_9385-1-1440x1080.jpeg; https://mybunchofkeys.com/wp-content/uploads/2026/07/IMG_9381-1-1440x1080.jpeg; https://mybunchofkeys.com/wp-content/uploads/2026/07/IMG_9386-1-1440x1080.jpeg,2026-07-21T21:15:51+00:00,,House,For Sale,"Fixer-Upper for Sale – Diamond Vale, Diego Martin Price: TT$1.3 Million Unlock the potential of this spacious 3-bedroom, 1.5-bathroom home located in the established community of Diamond Vale I, Diego Martin. Situated on approximately 4,500 sq. ft. of leasehold land, this property is an excellent opportunity for homeowners, renovators, or investors looking to create their dream home or add value through renovation. Property Features: 3 Bedrooms 1.5 Bathrooms Approximately 4,500 sq. ft. of leasehold land Solid original structure Potential to expand into a two-storey family home Spacious lot with excellent development potential Convenient location in Diamond Vale I, Diego Martin Whether you’re looking for your next family home or an investment project, this property offers endless possibilities in a desirable neighborhood. Price: TT$1,300,000

About the Region
Diamond Vale Diamond Vale is located in the city of Diego Martin in the region of Port-of-Spain, Trinidad and Tobago. Diamond Vale is a residential area where you can find supermarkets, pharmacies, parks such as the Wendy Fitz Williams Park, named after Trinidad and Tobago’s 1998 Miss Universe winner, Miss Wendy Fitz Williams, Sapphire Park and Pearl Parkway. There is also a shopping centre, Diamond Vale Shopping Centre where residents can get all their day to day necessities.",Unfurnished; Powder Room; Water Tank; Water Pump,2026-08-06T23:23:35.615590+00:00
https://mybunchofkeys.com/property/house-for-sale-in-couva-8/,House For Sale In Couva - My Bunch of Keys,"$2,100,000",BOK-1022482,Couva,3,2,2205sq.ft.,3,Gayle Nandoo,Terra Caribbean,(868) 770-7583,https://mybunchofkeys.com/wp-content/uploads/2025/05/Terra-Gayle-Nando-320x320.jpg,https://mybunchofkeys.com/wp-content/uploads/2026/04/A-32.jpg,https://mybunchofkeys.com/wp-content/uploads/2026/04/A-32.jpg; https://mybunchofkeys.com/wp-content/uploads/2026/04/B-29.jpg; https://mybunchofkeys.com/wp-content/uploads/2026/04/C-31.jpg; https://mybunchofkeys.com/wp-content/uploads/2026/04/D-29.jpg; https://mybunchofkeys.com/wp-content/uploads/2026/04/E-29.jpg; https://mybunchofkeys.com/wp-content/uploads/2026/04/F-29.jpg; https://mybunchofkeys.com/wp-content/uploads/2026/04/G-28.jpg; https://mybunchofkeys.com/wp-content/uploads/2026/04/H-26.jpg; https://mybunchofkeys.com/wp-content/uploads/2026/04/I-23.jpg; https://mybunchofkeys.com/wp-content/uploads/2026/04/j-21.jpg; https://mybunchofkeys.com/wp-content/uploads/2026/04/k-20.jpg; https://mybunchofkeys.com/wp-content/uploads/2026/04/l-19.jpg; https://mybunchofkeys.com/wp-content/uploads/2026/04/M-16.jpg; https://mybunchofkeys.com/wp-content/uploads/2026/04/N-12.jpg; https://mybunchofkeys.com/wp-content/uploads/2026/04/O-7.jpg; https://mybunchofkeys.com/wp-content/uploads/2026/04/P-3.jpg,2026-07-21T19:40:06+00:00,,House,For Sale,"Discover this newly constructed home located within a secure gated compound, offering the perfect blend of comfort, privacy and convenience. Designed with a modern layout and spacious interiors, this home provides an inviting atmosphere ideal for families or professionals seeking a peaceful residential setting. Enjoy easy access to the main road and nearby highway, making daily commuting quick and convenient. The property is also close to all major amenities, including supermarkets, schools, pharmacies, restaurants, and shopping facilities. With its contemporary design, generous living spaces, and secure surroundings, this home offers both style and practicality in a highly desirable location. TT29935

About the Region
Couva For many years, the village was little more than a clearing in a sugarcane field. The population was mainly indentured workers of Indian origin with a smaller number of former African slaves and numbered no more than a few hundred. Couva continued to grow in size with the national census recording a figure of 3,572 persons in 1980. Couva benefits immensely from its unique location. The Sir Solomon Hochoy Highway ensures easy access to Port of Spain and San Fernando, in addition to the neighboring towns of Chaguanas, Arima and Point Fortin. Transportation, Public Service Utilities, Shopping, Recreation and Entertainment, Health Care, Businesses, Schools and Industrial Centres are readily accessible. The urban structure of Couva is similar to that of most towns in Central Trinidad with a mix of residential and commercial activity within the town centre itself, i.e. along the Southern Main Road, recently people have begun buying land and starting their businesses out of the town centre areas. Couva is the administrative and commercial centre of the region and the Point Lisas Port and Industrial Estate falls within the Greater Couva Urban Area. Most popular sites in Couva are now the Brian Lara Stadium where the CPL is held. This attracts many tourists to come sit and watch the exciting cricket matches",Unfurnished; Air Conditioning; Parking on Compound; Fully Fenced; Pet Friendly; Water Tank; Water Pump,2026-08-06T23:32:18.316115+00:00
https://mybunchofkeys.com/property/modern-home-for-sale-paxvale-santa-cruz/,"Modern Home for Sale; Paxvale, Santa Cruz - My Bunch of Keys","$3,500,000",BOK-1062095,"Dove Drive, Santa Cruz",3,3,2600sq.ft.,2,Guillen Realty,,(868) 617-1704,https://mybunchofkeys.com/wp-content/uploads/2018/03/guillenrealty.png,https://mybunchofkeys.com/wp-content/uploads/2026/07/Dove-dr-1.png,https://mybunchofkeys.com/wp-content/uploads/2026/07/Dove-dr-1.png; https://mybunchofkeys.com/wp-content/uploads/2026/07/Dove-dr-2-1440x1080.jpeg; https://mybunchofkeys.com/wp-content/uploads/2026/07/Dove-dr-3-1440x1080.jpeg,2026-07-21T18:25:57+00:00,,House,For Sale,"Modern Home for Sale; Paxvale, Santa Cruz (please note that this home is currently under contrustion and is scheduled to finish in the last quarter of this year, 2026) 💰ASKING TT$3.5M💰 Features: Land: 6,500sq. ft. House: 2,600sq. ft. 3 bedrooms 3 bathrooms Master bedroom is en-suite w/ walk-in closet Bonus room off of living and dining area Open plan kitchen, living an dining areas Laundry 2 car covered parking Back patio, yard and pool (3ft x 5ft)

About the Region
Santa Cruz Santa Cruz is a town in Trinidad and Tobago. It extends across the Santa Cruz Valley, between Maraval and San Juan, along the Saddle Road. It lies between the hills of the Northern Range, a mountain range Santa Cruz is home for a few primary and secondary schools. Some primary schools include the La Pastora Government Primary School, Santa Cruz Presbyterian School, Cantaro Roman Catholic School and Bourg Mulatresse Primary School. San Juan North Secondary School is also situated in the Lower Santa Cruz Valley and it was constructed along the mountain side in Bourg Mulatresse near the Bourg Mulatresse Primary School. There are two postal delivery offices and fuel stations in Bourg Mulatresse and Cantaro. Santa Cruz is also home of a police station and a fire station. The Santa Cruz Fire Station houses the Land Search and Rescue Team, this team responds to all search and rescue calls within the Northern Division dealing with automobile accidents, fire emergencies, North Coast Road mishaps and assisting EMTs in responding to medical emergencies beyond road access.",Recently Renovated; Gated Compound; Electricity; Kitchen Island; Patio; Covered Garage; Parking on Compound; Pet Friendly; Kid Friendly; Laundry Area/Facility; Accessible; Built-in Closets; Walk-in Closets; Water Tank; Water Pump,2026-08-06T23:35:31.822809+00:00
https://mybunchofkeys.com/property/siparia-6-bedrooms-residential-commercial-property-for-sale-1250000/,"Siparia - 6 Bedrooms Residential/Commercial Property For Sale 1250,000 - My Bunch of Keys","$1,250,000",BOK-859680,"Thick Village, Siparia , Siparia",6,2,10000sq.ft.,2,Angela Molino Real Estate Services,,(868) 685-8895,https://mybunchofkeys.com/wp-content/uploads/2020/10/Angela-Molino-Real-Estate-Logo-Gold-320x320.png,https://mybunchofkeys.com/wp-content/uploads/2025/03/20250222_110144.jpg,https://mybunchofkeys.com/wp-content/uploads/2025/03/20250222_110144.jpg,2026-07-21T13:02:28+00:00,,House,For Sale,"🔹Prime location for a great Investment 🔹Versatile Property with Potential for a lucrative business opportunity or just for a spacious family home. 📍Location: Siparia, close to the School 🚗Easy access to transportation. Minutes to all amenities. Property Highlights 👇👇 Current Configuration : Upstairs: 4 bedrooms, 1 bathroom, living /dining room, kitchen and laundry area Downstairs: 2 bedrooms, 1 bathroom, living /dining and kitchen. Potential : This versatile property offers a unique investment opportunity. Whether you’re looking to earn robust rental income or to convert the building into a spacious family home, the options are limitless. Don’t miss out on this opportunity offering convenience, income potential, and adaptability. Contact us today to schedule a viewing and explore the possibilities! Land Size – 10,000+sqft Needs Upgrades. A fixer Upper . 📍 Location : Thick Village, Siparia Main Road

About the Region
Siparia Siparia is a town in southern Trinidad, in Trinidad and Tobago, south of San Fernando, southwest of Penal and Debe and southeast of Fyzabad. Also called ""The Sand City"", it was originally a non-Mission Amerindian settlement. Siparia grew to be the administrative centre for the Saint Patrick County, and later the Siparia Regional Corporation. Today it is a commercial centre and market town serving the surrounding agricultural areas and oil fields. Siparia is home to Trinidad & Tobago’s first female Prime Minister (2010-2015) and now opposition leader Mrs. Kamla Persad Bissessar.",Unfurnished; Electricity; Patio; Parking on Compound; Freehold Land; Kid Friendly; Laundry Area/Facility; Water Tank; Water Pump,2026-08-06T23:39:27.666957+00:00
https://mybunchofkeys.com/property/bacolet-gardens-tobago-five-bedroom-villa-for-sale/,"Bacolet Gardens, Tobago - Five Bedroom Villa For Sale - My Bunch of Keys","$542,000(USD)",BOK-1014654,Bacolet,5,,,,Wendy Abraham,1on1 Realty,(868) 497-4863,https://mybunchofkeys.com/wp-content/uploads/2023/05/1on1realty-wendy-headshots-sep2021-10-e1685033836505-320x320.jpg,https://mybunchofkeys.com/wp-content/uploads/2026/04/742417657_18383690836202120_1121981294562586823_n.jpg,https://mybunchofkeys.com/wp-content/uploads/2026/04/742417657_18383690836202120_1121981294562586823_n.jpg; https://mybunchofkeys.com/wp-content/uploads/2026/04/741662264_18383690818202120_162904435504064868_n-1615x1080.jpg; https://mybunchofkeys.com/wp-content/uploads/2026/04/742417657_18383690836202120_1121981294562586823_n-1436x1080.jpg; https://mybunchofkeys.com/wp-content/uploads/2026/04/742833411_18383690827202120_4658577140113994795_n-1436x1080.jpg; https://mybunchofkeys.com/wp-content/uploads/2026/04/742416870_18383690845202120_8000221357717974981_n.jpg; https://mybunchofkeys.com/wp-content/uploads/2026/04/741324569_18383690899202120_8053394775701570558_n-1436x1080.jpg; https://mybunchofkeys.com/wp-content/uploads/2026/04/742309466_18383690890202120_8266712418276321879_n-1436x1080.jpg; https://mybunchofkeys.com/wp-content/uploads/2026/04/743547441_18383690881202120_5822034148549919614_n-1440x1080.jpg; https://mybunchofkeys.com/wp-content/uploads/2026/04/742267988_18383690872202120_2182164642469232231_n-1440x1080.jpg; https://mybunchofkeys.com/wp-content/uploads/2026/04/743083131_18383690863202120_411518061828680012_n-1615x1080.jpg; https://mybunchofkeys.com/wp-content/uploads/2026/04/743347670_18383690854202120_2063353216692178998_n-1440x1080.jpg,2026-07-21T07:44:10+00:00,,House,For Sale,"Bacolet Gardens, Tobago Five Bedroom Villa For Sale: $542K USD or £400K GBP (ono) Experience coastal living in this beautiful Mediterranean-style 5-bedroom villa, ideally located in the sought-after Bacolet area, just minutes from the beach. This well-appointed home offers breathtaking panoramic views of the Atlantic Ocean, with expansive glass doors that open onto a covered veranda overlooking a private pool—perfect for relaxing or entertaining. With a versatile layout and strong investment appeal, this property is ideal as a family home or vacation retreat. Property Features: Land size: 1,029 sqm Freehold property (not in a company name) 5 Bedrooms Main living area upstairs Downstairs bedroom and pool area Spacious open-plan living and dining Floor-to-ceiling glass doors with ocean views Covered veranda Private swimming pool Located approx. 3 minutes from the beach Panoramic Atlantic Ocean views Motivated seller – looking to sell within the year 📲 For more information or to schedule a viewing, contact: Wendy: 497-4863 Katherine: 784-3882

About the Region
Bacolet Bacolet is a town and suburb in the city of Scarborough on the island of Tobago, Republic of Trinidad and Tobago. The town itself lies beneath Fort King George at the Bacolet Bay, just outside the city center to the south-east of the island's capital. It is one of the most developed parts of Tobago, and much of the island's high society lives there. There are also many villas and hotels for tourists such as Bacolet Beach club, Blue Haven and Half moon. It is a residential area mostly invested by foreigners. Top Notch Restaurnats such as Café Havana, Blue Crab offered a wide array of dishes for you to choose from.",Move in Ready; Recently Renovated; Private Pool; Patio,2026-08-06T23:20:55.495641+00:00
https://mybunchofkeys.com/property/156-anne-avenue-block-4-palmiste-san-fernando-for-sale-4m/,"156 Anne Avenue, Block 4, Palmiste, San Fernando - Reduced: $3.75M - My Bunch of Keys","$3,750,000",BOK-978503,"156 Anne Street Block 4 , PALMISTE , Palmiste",4,3,7900sq.ft.,4,J Galy Real Estate Services,,(868) 682-2296,https://mybunchofkeys.com/wp-content/uploads/2020/08/profile-pic-JGaly-320x320.jpg,https://mybunchofkeys.com/wp-content/uploads/2026/01/cf1be8b2-9fdb-44ad-8407-c6f6031bec3f.jpeg,https://mybunchofkeys.com/wp-content/uploads/2026/01/cf1be8b2-9fdb-44ad-8407-c6f6031bec3f.jpeg; https://mybunchofkeys.com/wp-content/uploads/2026/01/d45c8564-a937-47df-b18c-7ebc6a8246b5-810x1080.jpeg; https://mybunchofkeys.com/wp-content/uploads/2026/01/f5647c67-27d1-417a-82da-5568b1b717d6-810x1080.jpeg; https://mybunchofkeys.com/wp-content/uploads/2026/01/8369f714-dbfa-42e5-8da2-faf216019e68-810x1080.jpeg; https://mybunchofkeys.com/wp-content/uploads/2026/01/7e502ec4-5593-4174-8888-a02ac7f9b6f3-810x1080.jpeg; https://mybunchofkeys.com/wp-content/uploads/2026/01/5a17740f-ead3-4169-a222-e1206a5392f6-810x1080.jpeg; https://mybunchofkeys.com/wp-content/uploads/2026/01/04b2533c-8e15-4479-97d7-d3fd6e3782af-810x1080.jpeg; https://mybunchofkeys.com/wp-content/uploads/2026/01/4ae30eb6-2877-4412-bcbd-5f422e6fd3eb-810x1080.jpeg; https://mybunchofkeys.com/wp-content/uploads/2026/01/c69fcb5e-1555-4f70-9bc2-00f44ff5699c-810x1080.jpeg; https://mybunchofkeys.com/wp-content/uploads/2026/01/a305e186-7d84-4b6a-9a1a-67e9448d519b-810x1080.jpeg; https://mybunchofkeys.com/wp-content/uploads/2026/01/7c7ca8cb-4b25-4147-940f-a7afff876bec-810x1080.jpeg; https://mybunchofkeys.com/wp-content/uploads/2026/01/b42b6e08-c733-454f-a1f7-2b44408d1bf4-810x1080.jpeg; https://mybunchofkeys.com/wp-content/uploads/2026/01/465d4436-a451-461e-a2db-5759244cfe32-810x1080.jpeg; https://mybunchofkeys.com/wp-content/uploads/2026/01/83b2a52d-1c8a-4745-8396-368b77fb8717-810x1080.jpeg; https://mybunchofkeys.com/wp-content/uploads/2026/01/e3ff0926-c364-405d-b79b-47db505d1389-810x1080.jpeg; https://mybunchofkeys.com/wp-content/uploads/2026/01/20d490d9-0ff3-46ea-bf6e-67e12b90ff6c-810x1080.jpeg; https://mybunchofkeys.com/wp-content/uploads/2026/01/dcc0fe27-e94a-4958-8376-d8fff69c0177-810x1080.jpeg; https://mybunchofkeys.com/wp-content/uploads/2026/01/ce338b04-8392-4ba6-860a-b446d16140c8-810x1080.jpeg; https://mybunchofkeys.com/wp-content/uploads/2026/01/921c631a-7d1f-45c5-807d-e59426d72198-810x1080.jpeg; https://mybunchofkeys.com/wp-content/uploads/2026/01/25b2689a-94cd-4a1c-98d0-3683f7ee1161-810x1080.jpeg; https://mybunchofkeys.com/wp-content/uploads/2026/01/f408a142-244b-4cec-8b94-7d86d7efa719-810x1080.jpeg; https://mybunchofkeys.com/wp-content/uploads/2026/01/0391e61a-5818-4144-973e-a74cedde1c7a-810x1080.jpeg; https://mybunchofkeys.com/wp-content/uploads/2026/01/66a125b0-03b1-4a86-97d6-987e8da3cf4f-810x1080.jpeg; https://mybunchofkeys.com/wp-content/uploads/2026/01/760e74fd-f4c7-4415-80e5-e0aa9451355e-810x1080.jpeg; https://mybunchofkeys.com/wp-content/uploads/2026/01/d3741839-cd3c-4d96-b5c2-b19bf855e64b-810x1080.jpeg; https://mybunchofkeys.com/wp-content/uploads/2026/01/cf3b536b-9dee-4753-8e94-36f712f3b9f5-810x1080.jpeg,2026-07-20T21:10:47+00:00,,House,For Sale,"156 Anne Avenue, Block 4, Palmiste, San Fernando – For Sale :$4 million REDUCED: $3.75 Million House Size: 3,500 sq ft Land Size: 7,089 sq ft Age: Approx. 36 years old Leasehold: 999 years commencing 10 January 1980 Features : – New kitchen – Teak – Teak ceilings throughout – New automatic garage doors – Newly tiled patio – Fully air-conditioned – Entire house repainted – Lifetime roofing – 3×1000-gallon water storage – All electrical inspected and certified Property Description – Charming, move-in ready 2-storey corner property – High ceilings and plenty of windows for natural lighting – Located in a beautiful residential area of Palmiste – Spacious remodeled teak kitchen – 4 bedrooms (1 on ground floor) – 3 baths – Ground floor covered garage with automatic gate (can house 2 cars side by side) 1st Floor: – Living & dining room – Sitting room with full glass doors – TV room – Laundry room – Full bathroom adjacent to bedroom 2nd Level: – 3 bedrooms, each with numerous windows – 2 full baths – Master bedroom ensuite with a large walk-in closet

About the Region
Palmiste Palmiste is located in the region of City of San Fernando. City of San Fernando's capital San Fernando is approximately 2.3 km / 1.4 mi away from Palmiste. The distance from Palmiste to Trinidad and Tobago's capital Port-of-Spain is approximately 45 km / 28 mi.",Move in Ready; Kitchen Island; Powder Room; Patio; Covered Garage; Parking on Compound; Fully Fenced; Pet Friendly; Kid Friendly; Office Space; Laundry Area/Facility; Built-in Closets; Walk-in Closets; Water Tank; Water Pump; Water Heater,2026-08-06T23:19:29.987069+00:00
https://mybunchofkeys.com/property/house-for-sale-hillview-drive-fyzabad-ttd1-75m/,"HOUSE FOR SALE - Hillview Drive, Fyzabad - TTD$1.75M - My Bunch of Keys","$1,750,000",BOK-1061645,Fyzabad,4,3,10000sq.ft.,,Veridian Realty,,(868) 476-4235,https://mybunchofkeys.com/wp-content/uploads/2021/09/veridian-logo-320x320.png,https://mybunchofkeys.com/wp-content/uploads/2026/07/DJI_20260715115520_0855_D.jpg,https://mybunchofkeys.com/wp-content/uploads/2026/07/DJI_20260715115520_0855_D-copy.jpg; https://mybunchofkeys.com/wp-content/uploads/2026/07/DJI_20260715115520_0855_D.jpg; https://mybunchofkeys.com/wp-content/uploads/2026/07/DSC02202.jpg; https://mybunchofkeys.com/wp-content/uploads/2026/07/DSC02212.jpg; https://mybunchofkeys.com/wp-content/uploads/2026/07/DSC02214.jpg; https://mybunchofkeys.com/wp-content/uploads/2026/07/DSC02217.jpg; https://mybunchofkeys.com/wp-content/uploads/2026/07/DSC02219.jpg; https://mybunchofkeys.com/wp-content/uploads/2026/07/DSC02221.jpg; https://mybunchofkeys.com/wp-content/uploads/2026/07/DSC02223.jpg; https://mybunchofkeys.com/wp-content/uploads/2026/07/DSC02227.jpg; https://mybunchofkeys.com/wp-content/uploads/2026/07/DSC02230.jpg; https://mybunchofkeys.com/wp-content/uploads/2026/07/DSC02235.jpg; https://mybunchofkeys.com/wp-content/uploads/2026/07/DSC02239.jpg,2026-07-20T19:17:38+00:00,,House,For Sale,"HOUSE FOR SALE – Hillview Drive, Fyzabad – TTD$1.75M Situated on 10,000sf of freehold land on the desirable Hillview Drive, this two-storey 4 bedroom, 3 bathroom home offers comfortable family living in a spacious setting. The home features a kitchen with solid teak cabinetry, solid surface countertops, and included appliances, along with generous living and dining areas, a laundry area, and a welcoming porch. Ample parking for multiple vehicles, including covered parking for at least two vehicles, and a practical, functional layout make this an excellent choice for families seeking space, and convenience. Please contact us for more information:

About the Region
Fyzabad Fyzabad is a town located in the south-western part of Trinidad, 13 km south of San Fernando, west of Siparia and northeast of Point Fortin. It is named after the town of Faizabad in India. Colloquially it is known as ""Fyzo"" by many people. Fyzabad was founded by Rev. Kenneth J. Grant, a Presbyterian missionary in Trinidad in 1871. The purpose of the settlement was to separate Christian Indians from the unconverted Hindu and Muslim populations. The town later grew with the discovery of oil in the area in 1917, and attracted a large number of immigrants from Grenada and other Lesser Antillean islands. In 1937 Fyzabad was the centre of labour unrest, led by T.U.B. Butler which is considered the birth of the Labour movement in Trinidad and Tobago. The collapse of oil prices in the 1980s, coupled with declining onshore oil production, led to a decline in the town of Fyzabad.",Semi Furnished; Patio; Covered Garage; Parking on Compound; Freehold Land; Fully Fenced; Kid Friendly; Laundry Area/Facility; Water Tank,2026-08-06T23:31:53.949794+00:00
https://mybunchofkeys.com/property/for-sale-chaguanas-longdenville/,"FOR SALE: CHAGUANAS, LONGDENVILLE - My Bunch of Keys","$1,650,000",BOK-1061608,Chaguanas,4,4,6508sq.ft.,2,Jennifer Carr,Carr Realty,(868) 740-5359,https://mybunchofkeys.com/wp-content/uploads/2021/03/Jennifer-Carr-320x320.jpg,https://mybunchofkeys.com/wp-content/uploads/2026/07/1-Front-Exterior-1.jpeg,https://mybunchofkeys.com/wp-content/uploads/2026/07/1-Front-Exterior-1.jpeg; https://mybunchofkeys.com/wp-content/uploads/2026/07/5-Living-Dining-Area.jpeg; https://mybunchofkeys.com/wp-content/uploads/2026/07/6-Living-Dining-Area-1.jpeg; https://mybunchofkeys.com/wp-content/uploads/2026/07/7-Living-Dining-Area.jpeg; https://mybunchofkeys.com/wp-content/uploads/2026/07/8-Kitchen-1.jpeg,2026-07-20T17:58:30+00:00,,House,For Sale,"🛏 4 Bedroom 🚿 4 Bathroom 🏠 Unfurnished House and 2 Apartments 📏 Building: 2,215 sf 🌳 Land: 6,508 sf 🪴 Front and Back Yard 🚘 2+ Parking Spaces Discover a fantastic opportunity to own a versatile property situated on approximately 10,600 square feet of land with 2,800 square feet of living space, that features a 2 bedroom ensuite home along with two self contained 1 bedroom apartments that are currently tenanted. As you enter the main house, you are welcomed by an open plan living and dining area that flows seamlessly into the kitchen. Upstairs, you will find two bedrooms, each complete with its own ensuite bathroom for added privacy and comfort. The property also includes two separate 1 bedroom apartments, both currently rented, offering an immediate rental income stream while maintaining privacy from the main residence. Additional Highlights: + Yard Space with Fruit Trees + Secured Parking for 2+ Vehicles + Easy Access to Many Amenities [Brentwood Mall, Supermarkets] With its generous land size, established income potential and convenient location, this is an opportunity not to be missed. 📲 Contact our team for additional pictures or information

About the Region
Chaguanas The Borough of Chaguanas is the largest borough with an average population of 83,489 and fastest-growing town in Trinidad and Tobago, it is located in the West-Central area of Trinidad. Chaguanas is popular for its shopping malls, variety stores and street shopping. Many citizens as well as tourists visit these sites to partake in the buying of many items offered for sale. This town is fast paced as many business sectors such as banking, insurance, auto rentals and food are readily available. All sites are easily accessible as transport hubs are located throughout the streets of this beautiful town, not to mention the safety of the police & fire services that are available upon request. Home to the famous Divali Nagar site, many tourists as well as citizens visit this location to buy merchandise offered from the well-known Indian heritage such as clothing, food, religious items etc. Fun fact, Chaguanas was named after the indigenous tribe who originally settled there.",Unfurnished; Move in Ready; Covered Garage; Parking on Compound; Pet Friendly; Kid Friendly; Laundry Area/Facility; Walk-in Closets,2026-08-06T23:26:19.396431+00:00
https://mybunchofkeys.com/property/cunupia-home-for-sale-2/,Cunupia Home for Sale - My Bunch of Keys,"$1,800,000",BOK-936637,"Off Southern Main Road , Cunupia",3,2.5,5000sq.ft.,,Ebenezer Real Estate Services Limited,,868-299-2295,https://mybunchofkeys.com/wp-content/uploads/2022/04/White-Background-ERES-Logo-320x320.png,https://mybunchofkeys.com/wp-content/uploads/2025/09/IMG_4195.jpg,https://mybunchofkeys.com/wp-content/uploads/2025/09/IMG_4195.jpg; https://mybunchofkeys.com/wp-content/uploads/2025/09/IMG_4195-810x1080.jpg; https://mybunchofkeys.com/wp-content/uploads/2025/09/IMG_4220-1440x1080.jpg; https://mybunchofkeys.com/wp-content/uploads/2025/09/IMG_4222-1440x1080.jpg; https://mybunchofkeys.com/wp-content/uploads/2025/09/IMG_4221-1440x1080.jpg; https://mybunchofkeys.com/wp-content/uploads/2025/09/IMG_4197-810x1080.jpg; https://mybunchofkeys.com/wp-content/uploads/2025/09/IMG_4198-810x1080.jpg; https://mybunchofkeys.com/wp-content/uploads/2025/09/IMG_4200-810x1080.jpg; https://mybunchofkeys.com/wp-content/uploads/2025/09/IMG_4201-810x1080.jpg; https://mybunchofkeys.com/wp-content/uploads/2025/09/IMG_4207-810x1080.jpg; https://mybunchofkeys.com/wp-content/uploads/2025/09/IMG_4216-810x1080.jpg; https://mybunchofkeys.com/wp-content/uploads/2025/09/IMG_4209-810x1080.jpg; https://mybunchofkeys.com/wp-content/uploads/2025/09/IMG_4206-810x1080.jpg; https://mybunchofkeys.com/wp-content/uploads/2025/09/IMG_4212-810x1080.jpg; https://mybunchofkeys.com/wp-content/uploads/2025/09/IMG_4210-810x1080.jpg; https://mybunchofkeys.com/wp-content/uploads/2025/09/IMG_4205-810x1080.jpg; https://mybunchofkeys.com/wp-content/uploads/2025/09/IMG_4214-810x1080.jpg; https://mybunchofkeys.com/wp-content/uploads/2025/09/IMG_4215-810x1080.jpg,2026-07-20T17:12:36+00:00,,House,For Sale,"🏡 Home for Sale – Cunupia Close (off Southern Main Road) Discover your next home in a secure gated community—a spacious 2-storey property waiting for the right owner to make it shine. ✨ Property Features: – 5,000 sq. ft. of land – 3 Bedrooms | 2.5 Bathrooms – Spacious covered back garage – Internal laundry room – Upstairs landing/study area – Large windows for natural light 💲 Sale Price: $1,800,000.00 📞 Contact: Joshua – 299-2295 Karysse – 753-8697 Ebenezer Real Estate Services Limited

About the Region
Cunupia Cunupia is a town in central Trinidad. It is part of the Borough of Chaguanas. Cunupia is just northeast of Chaguanas proper. Like Chaguanas itself, Cunupia has experienced rapid growth in recent years, especially in terms of residential developments. You can find many variety stores, the famous Sheik Lisha Ltd., restaurants, supermarkets and places of worships in this community. Cunupia is also a route that can easily take you to different parts of central Trinidad.",Covered Garage; T&C Approved; Pet Friendly; Kid Friendly; Laundry Area/Facility,2026-08-06T23:23:24.813912+00:00
https://mybunchofkeys.com/property/house-for-sale-sutton-street-san-fernando-ttd7m/,"HOUSE FOR SALE - SUTTON STREET, SAN FERNANDO - TTD$7M - My Bunch of Keys","$7,000,000",BOK-1061520,San Fernando,7,2,12250sq.ft.,,Veridian Realty,,(868) 476-4235,https://mybunchofkeys.com/wp-content/uploads/2021/09/veridian-logo-320x320.png,https://mybunchofkeys.com/wp-content/uploads/2026/07/DJI_20260715135009_0910_D.jpg,https://mybunchofkeys.com/wp-content/uploads/2026/07/DJI_20260715135009_0910_D.jpg; https://mybunchofkeys.com/wp-content/uploads/2026/07/DJI_20260715134938_0905_D.jpg; https://mybunchofkeys.com/wp-content/uploads/2026/07/DJI_20260715135020_0913_D.jpg; https://mybunchofkeys.com/wp-content/uploads/2026/07/DJI_20260715135052_0917_D.jpg; https://mybunchofkeys.com/wp-content/uploads/2026/07/DSC02243.jpg; https://mybunchofkeys.com/wp-content/uploads/2026/07/DSC02263.jpg; https://mybunchofkeys.com/wp-content/uploads/2026/07/DSC02267.jpg; https://mybunchofkeys.com/wp-content/uploads/2026/07/DSC02273.jpg; https://mybunchofkeys.com/wp-content/uploads/2026/07/DSC02275-1.jpg; https://mybunchofkeys.com/wp-content/uploads/2026/07/DSC02290.jpg; https://mybunchofkeys.com/wp-content/uploads/2026/07/DSC02296.jpg; https://mybunchofkeys.com/wp-content/uploads/2026/07/DSC02303.jpg,2026-07-20T16:04:45+00:00,,House,For Sale,"HOUSE FOR SALE – SUTTON STREET, SAN FERNANDO – TTD$7M A rare opportunity to own a charming historic property situated on 12,250sf of freehold land with a 3,180sf building, offering 7 bedrooms and 2 bathrooms, a spacious kitchen, living and dining areas, inviting porches throughout, a covered garage for two vehicles, and ample additional parking. Ideally located in a prime, highly accessible area close to all major amenities, this unique property combines timeless character with exceptional convenience, making it an excellent choice for a private residence, professional offices, or an investment opportunity. Please contact us for more information:

About the Region
San Fernando San Fernando, officially the City of San Fernando, is the most populous city and second most populous municipality in Trinidad and Tobago, after Chaguanas. Sando, as it is also known, occupies 19 km² and is located in the south western part of the island of Trinidad. It is bounded to the north by the Guaracara River, the south by the Oropouche River, the east by the Sir Solomon Hochoy Highway, and the west by the Gulf of Paria. The former borough was elevated to the status of a city corporation on 18 November 1988. The motto of San Fernando is: ""Sanitas Fortis"" - In a Healthy Environment We Will Find Strength. Many local Trinidadians refer to the city with the shortened name ""Sando."" San Fernando is called Trinidad and Tobago's ""industrial capital"" because of its proximity to the Pointe-à-Pierre oil refinery and many other petrochemical, LNG, iron and steel and aluminium smelters in places such as Point Lisas in Couva, Point Fortin, and La Brea. The city is well known for its wide array of shopping facilitates located in the heart of San Fernando. Services offered are that of Police, fire, banking, transport, jewellery repairs etc. Many citizens visit San Fernando for the night life which consists of restaurants, street food and the many party clubs readily available. The city has one of the most visited fish depot which attracts vendors from all over Trinidad. The San Fernando Hill is a main tourist attraction because of the view it provides of Trinidad. Many newlyweds visit this location to bask in its ambience and take wedding photos. The outer part of San Fernando is well known for its malls and cinemas which attracts both tourists and citizens which makes shopping here an integrated experience.",Parking on Compound; Freehold Land; Fully Fenced; Water Tank,2026-08-06T23:33:23.886182+00:00
https://mybunchofkeys.com/property/penal-4-bedroom-house-for-sale/,Penal 4 bedroom House For Sale - My Bunch of Keys,"$1,800,000",BOK-1061474,Penal,4,2,3000sq.ft.,6,De Co Property Management & Consultancy,,(868) 479-0403,https://mybunchofkeys.com/wp-content/uploads/2026/05/DeCo-Logo-320x320.jpg,https://mybunchofkeys.com/wp-content/uploads/2026/07/WhatsApp-Image-2026-07-20-at-11.40.54-AM.jpeg,https://mybunchofkeys.com/wp-content/uploads/2026/07/WhatsApp-Image-2026-07-20-at-11.40.54-AM.jpeg; https://mybunchofkeys.com/wp-content/uploads/2026/07/WhatsApp-Image-2024-10-01-at-9.04.17-AM.jpeg; https://mybunchofkeys.com/wp-content/uploads/2026/07/WhatsApp-Image-2024-10-01-at-9.04.16-AM-1.jpeg; https://mybunchofkeys.com/wp-content/uploads/2026/07/WhatsApp-Image-2024-10-01-at-9.04.16-AM.jpeg; https://mybunchofkeys.com/wp-content/uploads/2026/07/WhatsApp-Image-2024-10-01-at-9.04.15-AM-2.jpeg; https://mybunchofkeys.com/wp-content/uploads/2026/07/WhatsApp-Image-2024-10-01-at-9.04.15-AM-1.jpeg; https://mybunchofkeys.com/wp-content/uploads/2026/07/WhatsApp-Image-2024-10-01-at-9.04.15-AM.jpeg; https://mybunchofkeys.com/wp-content/uploads/2026/07/WhatsApp-Image-2024-10-01-at-9.04.14-AM-3.jpeg; https://mybunchofkeys.com/wp-content/uploads/2026/07/WhatsApp-Image-2024-10-01-at-9.04.14-AM-2.jpeg; https://mybunchofkeys.com/wp-content/uploads/2026/07/WhatsApp-Image-2024-10-01-at-9.04.14-AM-1.jpeg; https://mybunchofkeys.com/wp-content/uploads/2026/07/WhatsApp-Image-2024-10-01-at-9.04.14-AM.jpeg; https://mybunchofkeys.com/wp-content/uploads/2026/07/WhatsApp-Image-2024-10-01-at-9.04.13-AM-3.jpeg; https://mybunchofkeys.com/wp-content/uploads/2026/07/WhatsApp-Image-2024-10-01-at-9.04.13-AM-2.jpeg; https://mybunchofkeys.com/wp-content/uploads/2026/07/WhatsApp-Image-2024-10-01-at-9.04.13-AM-1.jpeg; https://mybunchofkeys.com/wp-content/uploads/2026/07/WhatsApp-Image-2024-10-01-at-9.04.13-AM.jpeg,2026-07-20T15:35:55+00:00,,House,For Sale,"✨ Property Features: * Land: 20,000 sq.ft – perfect for gardening or future expansion * 4 beds | 2 baths | 2 kitchens * Ground floor: 2 beds, 1 bath, large covered back area, ample parking * Upstairs: 2 beds, 1 bath, kitchen & open porch * Ideal for family living + rental income opportunity

About the Region
Penal Penal is a town in south Trinidad, Trinidad and Tobago. It lies south of San Fernando, Princes Town, and Debe, and north of Moruga, Morne Diablo and Siparia. It was originally a rice- and cocoa-producing area but is now a rapidly expanding and developing town. The heart of Penal contains many businesses while the outskirts focus on agricultural development. Penal has a market, police station, branches of three banks (Scotiabank, Republic Bank and First Citizens Bank) health facilities, grocery stores, convenience stores, bars, fast food restaurants, service stations, restaurants, puja stores, an Indian expo, and clothing stores. Penal plays a major role in the energy supply to the nation's populace. Petrotrin, the national oil company, has a major sub-unit in Clarke Road and the National Gas Company has gas lines running through Penal that links the gas fields of the South East Coast and the industrial estates. One of the countries three major power generating plants owned by Powergen Ltd is located at Syne Village to the west of Penal. David Williams – West Indies Cricketer & Drupatee Ramgoonai- Chutney and Chutney Soca singer are both from Penal Trinidad.",Unfurnished; Move in Ready; Parking on Compound; Accessible; Water Tank; Water Pump,2026-08-06T23:36:54.689523+00:00
https://mybunchofkeys.com/property/penal-house-for-sale-5/,Penal House For Sale - My Bunch of Keys,"$1,800,000",BOK-1061449,"Lachoos Road Penal, Penal",5,2,3000sq.ft.,4,De Co Property Management & Consultancy,,(868) 479-0403,https://mybunchofkeys.com/wp-content/uploads/2026/05/DeCo-Logo-320x320.jpg,https://mybunchofkeys.com/wp-content/uploads/2026/07/WhatsApp-Image-2026-07-20-at-11.43.32-AM.jpeg,https://mybunchofkeys.com/wp-content/uploads/2026/07/WhatsApp-Image-2026-07-20-at-11.43.32-AM.jpeg; https://mybunchofkeys.com/wp-content/uploads/2026/07/WhatsApp-Image-2024-10-01-at-10.11.45-AM.jpeg; https://mybunchofkeys.com/wp-content/uploads/2026/07/WhatsApp-Image-2024-10-01-at-10.11.44-AM-5.jpeg; https://mybunchofkeys.com/wp-content/uploads/2026/07/WhatsApp-Image-2024-10-01-at-10.11.44-AM-4.jpeg; https://mybunchofkeys.com/wp-content/uploads/2026/07/WhatsApp-Image-2024-10-01-at-10.11.44-AM-3.jpeg; https://mybunchofkeys.com/wp-content/uploads/2026/07/WhatsApp-Image-2024-10-01-at-10.11.44-AM-2.jpeg; https://mybunchofkeys.com/wp-content/uploads/2026/07/WhatsApp-Image-2024-10-01-at-10.11.44-AM-1.jpeg; https://mybunchofkeys.com/wp-content/uploads/2026/07/WhatsApp-Image-2024-10-01-at-10.11.44-AM.jpeg; https://mybunchofkeys.com/wp-content/uploads/2026/07/WhatsApp-Image-2024-10-01-at-10.11.43-AM-4.jpeg; https://mybunchofkeys.com/wp-content/uploads/2026/07/WhatsApp-Image-2024-10-01-at-10.11.43-AM-3.jpeg; https://mybunchofkeys.com/wp-content/uploads/2026/07/WhatsApp-Image-2024-10-01-at-10.11.43-AM-2.jpeg; https://mybunchofkeys.com/wp-content/uploads/2026/07/WhatsApp-Image-2024-10-01-at-10.11.43-AM-1.jpeg; https://mybunchofkeys.com/wp-content/uploads/2026/07/WhatsApp-Image-2024-10-01-at-10.11.43-AM.jpeg; https://mybunchofkeys.com/wp-content/uploads/2026/07/WhatsApp-Image-2024-10-01-at-10.11.42-AM-3.jpeg; https://mybunchofkeys.com/wp-content/uploads/2026/07/WhatsApp-Image-2024-10-01-at-10.11.42-AM-2.jpeg; https://mybunchofkeys.com/wp-content/uploads/2026/07/WhatsApp-Image-2024-10-01-at-10.11.42-AM-1.jpeg; https://mybunchofkeys.com/wp-content/uploads/2026/07/WhatsApp-Image-2024-10-01-at-10.11.42-AM.jpeg; https://mybunchofkeys.com/wp-content/uploads/2026/07/WhatsApp-Image-2024-10-01-at-10.11.41-AM-2.jpeg; https://mybunchofkeys.com/wp-content/uploads/2026/07/WhatsApp-Image-2024-10-01-at-10.11.41-AM-1.jpeg; https://mybunchofkeys.com/wp-content/uploads/2026/07/WhatsApp-Image-2024-10-01-at-10.11.41-AM.jpeg; https://mybunchofkeys.com/wp-content/uploads/2026/07/WhatsApp-Image-2024-10-01-at-10.11.40-AM-1.jpeg,2026-07-20T15:23:34+00:00,,House,For Sale,"✨ Property Features: • Land: 20,000 sq.ft – perfect for gardening or future expansion • 5 beds | 2 baths | 2 kitchens • Ground floor: 2 beds, 1 bath, large covered back area, ample parking • Upstairs: 3 beds, 1 bath, kitchen & open porch • Ideal for family living + rental income opportunity

About the Region
Penal Penal is a town in south Trinidad, Trinidad and Tobago. It lies south of San Fernando, Princes Town, and Debe, and north of Moruga, Morne Diablo and Siparia. It was originally a rice- and cocoa-producing area but is now a rapidly expanding and developing town. The heart of Penal contains many businesses while the outskirts focus on agricultural development. Penal has a market, police station, branches of three banks (Scotiabank, Republic Bank and First Citizens Bank) health facilities, grocery stores, convenience stores, bars, fast food restaurants, service stations, restaurants, puja stores, an Indian expo, and clothing stores. Penal plays a major role in the energy supply to the nation's populace. Petrotrin, the national oil company, has a major sub-unit in Clarke Road and the National Gas Company has gas lines running through Penal that links the gas fields of the South East Coast and the industrial estates. One of the countries three major power generating plants owned by Powergen Ltd is located at Syne Village to the west of Penal. David Williams – West Indies Cricketer & Drupatee Ramgoonai- Chutney and Chutney Soca singer are both from Penal Trinidad.",Unfurnished; Parking on Compound; Freehold Land; Accessible; Water Tank,2026-08-06T23:37:00.527189+00:00
https://mybunchofkeys.com/property/27-allan-drive-enterprise-chaguanas/,"27 ALLAN DRIVE, ENTERPRISE, CHAGUANAS - My Bunch of Keys","$1,400,000",BOK-1051074,"27 Allan Drive, Enterprise, Chaguanas, Chaguanas",3,2,5000sq.ft.,2,Shauna Aleong,de Silva Realty,(868) 747-2666,https://mybunchofkeys.com/wp-content/uploads/2025/09/IMG-20250909-WA0022-e1758642103502-320x320.jpg,https://mybunchofkeys.com/wp-content/uploads/2026/07/20260616_125739467_iOS-e1783350349731.jpg,https://mybunchofkeys.com/wp-content/uploads/2026/07/20260616_125739467_iOS-e1783350349731.jpg; https://mybunchofkeys.com/wp-content/uploads/2026/07/20260616_125739467_iOS-810x1080.jpg; https://mybunchofkeys.com/wp-content/uploads/2026/07/20260630_132518261_iOS-810x1080.jpg; https://mybunchofkeys.com/wp-content/uploads/2026/07/20260630_132441698_iOS-810x1080.jpg; https://mybunchofkeys.com/wp-content/uploads/2026/07/20260630_132531967_iOS-810x1080.jpg; https://mybunchofkeys.com/wp-content/uploads/2026/07/20260630_132708404_iOS-810x1080.jpg; https://mybunchofkeys.com/wp-content/uploads/2026/07/20260630_132718674_iOS-810x1080.jpg; https://mybunchofkeys.com/wp-content/uploads/2026/07/20260630_132736724_iOS-810x1080.jpg; https://mybunchofkeys.com/wp-content/uploads/2026/07/20260630_132614216_iOS-810x1080.jpg; https://mybunchofkeys.com/wp-content/uploads/2026/07/20260630_132633110_iOS-810x1080.jpg; https://mybunchofkeys.com/wp-content/uploads/2026/07/20260630_132650627_iOS-810x1080.jpg; https://mybunchofkeys.com/wp-content/uploads/2026/07/20260622_134740225_iOS-810x1080.jpg; https://mybunchofkeys.com/wp-content/uploads/2026/07/20260622_134751236_iOS-810x1080.jpg; https://mybunchofkeys.com/wp-content/uploads/2026/07/20260622_134823456_iOS-810x1080.jpg; https://mybunchofkeys.com/wp-content/uploads/2026/07/20260622_134846295_iOS-810x1080.jpg; https://mybunchofkeys.com/wp-content/uploads/2026/07/20260622_134858614_iOS-1-810x1080.jpg; https://mybunchofkeys.com/wp-content/uploads/2026/07/20260622_134902221_iOS-810x1080.jpg; https://mybunchofkeys.com/wp-content/uploads/2026/07/20260622_134926937_iOS-810x1080.jpg,2026-07-20T13:50:13+00:00,,House,For Sale,"This single level house is situated in a quiet, residential area. Minutes away from groceries, banks, malls and restaurants. Details: 3 bedrooms 2 bathrooms Semi Furnished Fully Air Conditioned Carport 5000 sq ft land 2500 sq ft house Freehold Land FOR SALE: $1.4M Neg. 📞 Message to schedule a viewing or get more details! ☎️ +1-868-747-2666 – Shauna Aleong 📭shauna@desilvarealty.com

About the Region
Chaguanas The Borough of Chaguanas is the largest borough with an average population of 83,489 and fastest-growing town in Trinidad and Tobago, it is located in the West-Central area of Trinidad. Chaguanas is popular for its shopping malls, variety stores and street shopping. Many citizens as well as tourists visit these sites to partake in the buying of many items offered for sale. This town is fast paced as many business sectors such as banking, insurance, auto rentals and food are readily available. All sites are easily accessible as transport hubs are located throughout the streets of this beautiful town, not to mention the safety of the police & fire services that are available upon request. Home to the famous Divali Nagar site, many tourists as well as citizens visit this location to buy merchandise offered from the well-known Indian heritage such as clothing, food, religious items etc. Fun fact, Chaguanas was named after the indigenous tribe who originally settled there.",Semi Furnished; Gated Compound; Air Conditioning; Kitchen Appliances; Freehold Land; Fully Fenced; Pet Friendly; Laundry Area/Facility; Built-in Closets; Water Pump,2026-08-06T23:19:35.477277+00:00
https://mybunchofkeys.com/property/1052577/,Turn-Key Family Home in Shorelands - My Bunch of Keys,"$8,750,000",BOK-1052577,,3,2.5,3125sq.ft.,,Alex Boon,Guillen Realty,(868) 748-1926,https://mybunchofkeys.com/wp-content/uploads/2022/09/aba0c4da-8c01-45ab-8f20-7a769e788121-320x320.jpeg,https://mybunchofkeys.com/wp-content/uploads/2026/06/1D38A737-36D6-46B9-B7A0-A57F80FC63C0-Medium.jpeg,https://mybunchofkeys.com/wp-content/uploads/2026/06/1D38A737-36D6-46B9-B7A0-A57F80FC63C0-Medium.jpeg; https://mybunchofkeys.com/wp-content/uploads/2026/06/2B5C108B-340C-4D71-B5CD-EA5CCC5F5882-Medium.jpeg; https://mybunchofkeys.com/wp-content/uploads/2026/06/745E2285-9A10-4C26-82FC-136CED5CBD07-Medium.jpeg; https://mybunchofkeys.com/wp-content/uploads/2026/06/E2BA618D-C134-4C3A-BFBF-5365DDC47761-Medium.jpeg; https://mybunchofkeys.com/wp-content/uploads/2026/06/C4A16CA0-BEA6-4F4F-BD99-8FBBC5EE8B46-Medium.jpeg; https://mybunchofkeys.com/wp-content/uploads/2026/06/989F0C4F-68B9-4EA0-B77E-A5C32602BD62-Medium.jpeg; https://mybunchofkeys.com/wp-content/uploads/2026/06/IMG_7047-Medium.jpeg; https://mybunchofkeys.com/wp-content/uploads/2026/06/IMG_7045-Medium.jpeg; https://mybunchofkeys.com/wp-content/uploads/2026/06/E794506B-D6A9-471F-8228-95CDE07F4ED8-Medium.jpeg; https://mybunchofkeys.com/wp-content/uploads/2026/06/IMG_7038-Medium.jpeg; https://mybunchofkeys.com/wp-content/uploads/2026/06/IMG_7039-Medium.jpeg; https://mybunchofkeys.com/wp-content/uploads/2026/06/IMG_7052-Medium.jpeg; https://mybunchofkeys.com/wp-content/uploads/2026/06/IMG_7081-Medium.jpeg; https://mybunchofkeys.com/wp-content/uploads/2026/06/IMG_7078-Medium.jpeg; https://mybunchofkeys.com/wp-content/uploads/2026/06/IMG_7053-Medium.jpeg; https://mybunchofkeys.com/wp-content/uploads/2026/06/IMG_7082-Medium.jpeg; https://mybunchofkeys.com/wp-content/uploads/2026/06/IMG_7094-Medium.jpeg; https://mybunchofkeys.com/wp-content/uploads/2026/06/IMG_7110-Medium.jpeg; https://mybunchofkeys.com/wp-content/uploads/2026/06/IMG_7114-Medium.jpeg; https://mybunchofkeys.com/wp-content/uploads/2026/06/IMG_7112-Medium.jpeg,2026-07-20T13:37:18+00:00,,House,For Sale,"✨ Turn-Key Family Home in Shorelands ✨ This beautifully upgraded single-storey home is located in a family-friendly neighbourhood in the West. Featuring high ceilings, an abundance of natural light, spacious open-plan living, and a flexible layout, it offers the perfect balance of comfort and modern living—plus the bonus of a fully self-contained out-office. It’s well worth a view and could be your family’s next move. 💰 Asking: TT$8.75M ONO ✨ Features: ▪️ 10,285 sq. ft. leasehold land ▪️ Approx. 3,125 sq. ft. built area ▪️ 3 spacious en-suite bedrooms ▪️ Walk-in closet in the primary suite ▪️ Powder room ▪️ High ceilings & bright open-plan living ▪️ Modern kitchen with quartz countertops ▪️ Covered patio overlooking the garden ▪️ Fully air-conditioned ▪️ Self-contained annex with 2 rooms, kitchen/living area ▪️ Enclosed 2-car garage + additional storage 📍 Ideally located just minutes from schools, shopping, the Yacht Club, and Port of Spain. 📲 Contact me to arrange your private viewing.",Semi Furnished; Recently Renovated; Air Conditioning; Kitchen Island; Powder Room; Fully Fenced; Pet Friendly; Walk-in Closets,2026-08-06T23:19:06.483704+00:00
https://mybunchofkeys.com/property/pinegrove-villas-fairways-2/,"Pinegrove Villas, Fairways - My Bunch of Keys","$6,500,000",BOK-1049515,Maraval,5,3,181sq.ft.,2,Alex Boon,Guillen Realty,(868) 748-1926,https://mybunchofkeys.com/wp-content/uploads/2022/09/aba0c4da-8c01-45ab-8f20-7a769e788121-320x320.jpeg,https://mybunchofkeys.com/wp-content/uploads/2026/06/IMG_4046-Medium.jpeg,https://mybunchofkeys.com/wp-content/uploads/2026/06/IMG_4006-Medium.jpeg; https://mybunchofkeys.com/wp-content/uploads/2026/06/IMG_4005-Medium.jpeg; https://mybunchofkeys.com/wp-content/uploads/2026/06/IMG_3998-Medium.jpeg; https://mybunchofkeys.com/wp-content/uploads/2026/06/IMG_4008-Medium.jpeg; https://mybunchofkeys.com/wp-content/uploads/2026/06/IMG_4010-Medium.jpeg; https://mybunchofkeys.com/wp-content/uploads/2026/06/IMG_4014-Medium.jpeg; https://mybunchofkeys.com/wp-content/uploads/2026/06/IMG_4018-Medium.jpeg; https://mybunchofkeys.com/wp-content/uploads/2026/06/IMG_4019-Medium.jpeg; https://mybunchofkeys.com/wp-content/uploads/2026/06/IMG_4016-Medium.jpeg; https://mybunchofkeys.com/wp-content/uploads/2026/06/IMG_4020-Medium.jpeg; https://mybunchofkeys.com/wp-content/uploads/2026/06/IMG_4022-Medium.jpeg; https://mybunchofkeys.com/wp-content/uploads/2026/06/IMG_4023-Medium.jpeg; https://mybunchofkeys.com/wp-content/uploads/2026/06/IMG_4025-Medium.jpeg; https://mybunchofkeys.com/wp-content/uploads/2026/06/IMG_4026-Medium.jpeg; https://mybunchofkeys.com/wp-content/uploads/2026/06/IMG_4031-Medium.jpeg; https://mybunchofkeys.com/wp-content/uploads/2026/06/IMG_4033-Medium.jpeg; https://mybunchofkeys.com/wp-content/uploads/2026/06/IMG_4042-Medium.jpeg; https://mybunchofkeys.com/wp-content/uploads/2026/06/IMG_4037-Medium.jpeg; https://mybunchofkeys.com/wp-content/uploads/2026/06/IMG_4046-Medium.jpeg; https://mybunchofkeys.com/wp-content/uploads/2026/06/IMG_4047-Medium.jpeg; https://mybunchofkeys.com/wp-content/uploads/2026/06/IMG_4048-Medium.jpeg,2026-07-20T13:22:44+00:00,,House,For Sale,"Executive 3-storey townhouse for sale in a gated and guarded compound, fully upgraded and move-in ready. 💰 Asking TT$6.5M 🛏 5 Bedrooms | 🛁 3.5 Bathrooms 📐 3,076 sq. ft. living space ✨ Open-plan living & dining 🌿 Two porches + private balcony off the master suite 🧺 Laundry room with front-load washer & dryer 🛋 Semi-furnished 🏊‍♂️ Communal pool 🔐 24-hour security 🚗 2 parking spots + visitor parking 💲 Maintenance: TT$2,500/month Spacious, beautifully upgraded, and ideally located within minutes of all the conveniences Fairways has to offer. 📲 Contact me to schedule a viewing.

About the Region
Maraval Maraval is one of the northern suburbs of Trinidad's capital, Port of Spain, a valley in northern Trinidad in Trinidad and Tobago. It is situated at the bottom of the hills of Paramin and located east of the Diego Martin valley to which it is connected directly by Morne Coco Road, and west of Santa Cruz valley, to which it is connected by Saddle Road. Maraval is considered one of the major high-income residential areas in the country in combination with the Westmoorings, Goodwood Park and Glencoe area, it is home of much of the island's elite, including a number of diplomats. Maraval is sometimes referred to as ""Diego Martin East"". It is home to Trinity College secondary school, St. Andrew's Golf Course and Club in Moka, which is considered to be one of the finest golf courses in the Caribbean that was established in 1891 making it one of the oldest in the world. It arguably provides the best route of access from the capital to the North Coast. Along with Santa Cruz, Maraval is located close to the best beaches on the island, allowing its residents quick access to both leisure activities, as well as downtown business and entertainment. Maraval has branches of the major locally-operating banks, supermarkets, pharmacies, boutiuqes, clothing outlets, catholic schools, churches and parish groups.",Semi Furnished; Gated Compound; Shared Pool; Air Conditioning; Kitchen Appliances; Parking on Compound,2026-08-06T23:37:06.635176+00:00
https://mybunchofkeys.com/property/house-for-sale-in-petit-valley-11/,House For Sale In Petit Valley - My Bunch of Keys,"$3,300,000",BOK-1061392,Petit Valley,5,3,2600sq.ft.,6,Jo-Ann Traboulay,Terra Caribbean,(868) 497-7018,https://mybunchofkeys.com/wp-content/uploads/2025/05/Terra-Jo-Ann-Traboulay-320x320.jpg,https://mybunchofkeys.com/wp-content/uploads/2026/07/a-10.jpg,https://mybunchofkeys.com/wp-content/uploads/2026/07/a-10.jpg; https://mybunchofkeys.com/wp-content/uploads/2026/07/b-11.jpg; https://mybunchofkeys.com/wp-content/uploads/2026/07/c-9.jpg; https://mybunchofkeys.com/wp-content/uploads/2026/07/d-9.jpg; https://mybunchofkeys.com/wp-content/uploads/2026/07/e-9.jpg; https://mybunchofkeys.com/wp-content/uploads/2026/07/f-9.jpg; https://mybunchofkeys.com/wp-content/uploads/2026/07/g-7.jpg; https://mybunchofkeys.com/wp-content/uploads/2026/07/h-5.jpg; https://mybunchofkeys.com/wp-content/uploads/2026/07/i-5.jpg; https://mybunchofkeys.com/wp-content/uploads/2026/07/j-4.jpg; https://mybunchofkeys.com/wp-content/uploads/2026/07/k-4.jpg; https://mybunchofkeys.com/wp-content/uploads/2026/07/l-4.jpg; https://mybunchofkeys.com/wp-content/uploads/2026/07/m-4.jpg,2026-07-20T12:41:33+00:00,,House,For Sale,"Located in a quiet residential neighbourhood, this property offers excellent flexibility as either a spacious single-family home or an income-producing investment with potential for two separate apartments. The ground floor comprises 2 bedrooms with a shared bathroom, an open-plan living, dining and kitchen area, a secure front porch, laundry room and convenient powder room. Upstairs, the home features 3 bedrooms, 2 bathrooms, an eat-in kitchen and a charming Juliet balcony overlooking the front garden. The property is move-in ready and also includes a swimming pool with a full bathroom, landscaped garden, covered parking for 2 vehicles and 2 driveways with parking for additional 4 cars. An ideal opportunity for homeowners or investors seeking rental potential in an established neighbourhood. TT30341

About the Region
Petit Valley Petit Valley is known as a residential area located in Diego Martin Trinidad and Tobago. Petit Valley extends from the Four Roads area all the way through the hills of the Northern Range crossing over into Maraval. There are churches, supermarkets, a health facility and small businesses that support its residence. Both a valley and a flat landscape, valley residents experience fresh air and beautiful views. Most commuters use Taxi and the Yellow Band Maxi Taxi service to travel to their destinations.",Fully Furnished; Air Conditioning; Kitchen Appliances; Parking on Compound; Fully Fenced; Water Tank; Water Pump,2026-08-06T23:32:45.309510+00:00
https://mybunchofkeys.com/property/fyzabad-home-for-sale-tt-2-15m/,Fyzabad - Home for Sale - TT$ 1.9M - My Bunch of Keys,"$1,950,000",BOK-628829,Fyzabad Otaheite,3,3,13480sq.ft.,10,Carolyn Ross,Twin Isle Property Consultants,(868) 765-7677,https://mybunchofkeys.com/wp-content/uploads/2025/09/Twin-Isle-Carolyn-320x320.jpg,https://mybunchofkeys.com/wp-content/uploads/2024/06/WhatsApp-Image-2024-06-27-at-12.39.37-PM-1.jpeg,https://mybunchofkeys.com/wp-content/uploads/2024/06/WhatsApp-Image-2024-06-27-at-12.39.35-PM.jpeg; https://mybunchofkeys.com/wp-content/uploads/2024/06/WhatsApp-Image-2024-06-27-at-12.39.37-PM-3-810x1080.jpeg; https://mybunchofkeys.com/wp-content/uploads/2024/06/WhatsApp-Image-2024-06-27-at-12.39.49-PM-1.jpeg; https://mybunchofkeys.com/wp-content/uploads/2024/06/WhatsApp-Image-2024-06-27-at-12.39.36-PM-5-810x1080.jpeg; https://mybunchofkeys.com/wp-content/uploads/2024/06/WhatsApp-Image-2024-06-27-at-12.39.37-PM-2.jpeg; https://mybunchofkeys.com/wp-content/uploads/2024/06/WhatsApp-Image-2024-06-27-at-12.39.36-PM-7-810x1080.jpeg; https://mybunchofkeys.com/wp-content/uploads/2024/06/WhatsApp-Image-2024-06-27-at-12.39.37-PM-1.jpeg; https://mybunchofkeys.com/wp-content/uploads/2024/06/WhatsApp-Image-2024-06-27-at-12.39.37-PM-810x1080.jpeg; https://mybunchofkeys.com/wp-content/uploads/2024/06/WhatsApp-Image-2024-06-27-at-12.39.36-PM-3-810x1080.jpeg; https://mybunchofkeys.com/wp-content/uploads/2024/06/WhatsApp-Image-2024-06-27-at-12.40.26-PM-810x1080.jpeg; https://mybunchofkeys.com/wp-content/uploads/2024/06/WhatsApp-Image-2024-06-27-at-12.39.36-PM-810x1080.jpeg; https://mybunchofkeys.com/wp-content/uploads/2024/06/WhatsApp-Image-2024-06-27-at-1.12.32-PM-810x1080.jpeg; https://mybunchofkeys.com/wp-content/uploads/2024/06/WhatsApp-Image-2024-06-27-at-12.39.36-PM-2-810x1080.jpeg; https://mybunchofkeys.com/wp-content/uploads/2024/06/WhatsApp-Image-2024-06-27-at-12.39.36-PM-1-810x1080.jpeg; https://mybunchofkeys.com/wp-content/uploads/2024/06/WhatsApp-Image-2024-06-27-at-12.40.26-PM-1-810x1080.jpeg; https://mybunchofkeys.com/wp-content/uploads/2024/06/WhatsApp-Image-2024-06-27-at-12.39.48-PM-810x1080.jpeg; https://mybunchofkeys.com/wp-content/uploads/2024/06/WhatsApp-Image-2024-06-27-at-12.39.35-PM-3-810x1080.jpeg; https://mybunchofkeys.com/wp-content/uploads/2024/06/WhatsApp-Image-2024-06-27-at-12.39.35-PM-2-810x1080.jpeg; https://mybunchofkeys.com/wp-content/uploads/2024/06/WhatsApp-Image-2024-06-27-at-12.39.35-PM-1-810x1080.jpeg; https://mybunchofkeys.com/wp-content/uploads/2024/06/WhatsApp-Image-2024-06-27-at-12.39.36-PM-4-810x1080.jpeg; https://mybunchofkeys.com/wp-content/uploads/2024/06/WhatsApp-Image-2024-06-27-at-12.40.00-PM-1-810x1080.jpeg; https://mybunchofkeys.com/wp-content/uploads/2024/06/WhatsApp-Image-2024-06-27-at-12.40.00-PM-810x1080.jpeg,2026-07-20T12:10:52+00:00,,House,For Sale,"Fyzabad Gem – Luxury Living at an Incredible Price! | TT$1.9M Why settle for ordinary when you can own a home that offers space, comfort, and the perfect setting for entertaining? Nestled on an expansive 13,480 sq. ft. lot , this impressive 3,800 sq. ft. residence is designed for those who appreciate room to live, relax, and host in style. Property Highlights: • 3 Spacious Bedrooms • 3 Bathrooms • Elegant Living & Dining Areas • Functional Kitchen • Private Home Office • Laundry Area • Tool Room Your Own Private Oasis Step outside and discover a space designed for enjoyment and relaxation: • Private Swimming Pool • Jacuzzi • Dedicated Outdoor Entertainment Area – perfect for family gatherings and weekend lime sessions • Beautifully Landscaped Grounds offering privacy, serenity, and plenty of outdoor space to enjoy Parking Galore • Covered Garage for 2 Vehicles • Driveway Parking for up to 8 Additional Vehicles Prime Location Enjoy the convenience of easy highway access while being just 15 minutes from Gulf City Mall, supermarkets, banks, restaurants, schools, and other essential amenities. Asking Price: TT$1.9M This property delivers exceptional value, combining generous living spaces, fantastic outdoor amenities, and a desirable location—all at an attractive price point. Call Carolyn today at 765-7677 to schedule your private viewing and make this beautiful property your next home.

About the Region
Fyzabad Fyzabad is a town located in the south-western part of Trinidad, 13 km south of San Fernando, west of Siparia and northeast of Point Fortin. It is named after the town of Faizabad in India. Colloquially it is known as ""Fyzo"" by many people. Fyzabad was founded by Rev. Kenneth J. Grant, a Presbyterian missionary in Trinidad in 1871. The purpose of the settlement was to separate Christian Indians from the unconverted Hindu and Muslim populations. The town later grew with the discovery of oil in the area in 1917, and attracted a large number of immigrants from Grenada and other Lesser Antillean islands. In 1937 Fyzabad was the centre of labour unrest, led by T.U.B. Butler which is considered the birth of the Labour movement in Trinidad and Tobago. The collapse of oil prices in the 1980s, coupled with declining onshore oil production, led to a decline in the town of Fyzabad.",Move in Ready; Private Pool; Jacuzzi; Air Conditioning; Patio; Security Cameras; Covered Garage; Parking on Compound; Remote Gate; Freehold Land; Fully Fenced; Pet Friendly; Kid Friendly; Office Space; Laundry Area/Facility; Accessible; Built-in Closets; Walk-in Closets; Water Tank; Water Pump,2026-08-06T23:28:40.251573+00:00
https://mybunchofkeys.com/property/spacious-home-near-the-airport/,Your Dream home on lots of Land! - My Bunch of Keys,"$2,899,000",BOK-808909,Caroni Chaguanas Cunupia Kelly Village,4,3,3174sq.ft.,,Selling Trinidad Real Estate Services,,(868) 715-7471,https://mybunchofkeys.com/wp-content/uploads/2019/01/Selling-Trinidad-Prof-320x320.jpg,https://mybunchofkeys.com/wp-content/uploads/2024/10/IMG_7833.jpeg,https://mybunchofkeys.com/wp-content/uploads/2024/10/IMG_7833.jpeg; https://mybunchofkeys.com/wp-content/uploads/2024/10/IMG_7835-1440x1080.jpeg; https://mybunchofkeys.com/wp-content/uploads/2024/10/IMG_7834-1440x1080.jpeg; https://mybunchofkeys.com/wp-content/uploads/2024/10/IMG_7836-1440x1080.jpeg; https://mybunchofkeys.com/wp-content/uploads/2024/10/IMG_7831-1440x1080.jpeg; https://mybunchofkeys.com/wp-content/uploads/2024/10/IMG_7833-1440x1080.jpeg; https://mybunchofkeys.com/wp-content/uploads/2024/10/IMG_7832-1440x1080.jpeg; https://mybunchofkeys.com/wp-content/uploads/2024/10/IMG_7846-1440x1080.jpeg; https://mybunchofkeys.com/wp-content/uploads/2024/10/IMG_7847-2-1440x1080.jpeg; https://mybunchofkeys.com/wp-content/uploads/2024/10/IMG_7848-1440x1080.jpeg; https://mybunchofkeys.com/wp-content/uploads/2024/10/IMG_7852-1440x1080.jpeg; https://mybunchofkeys.com/wp-content/uploads/2024/10/IMG_7853-1440x1080.jpeg; https://mybunchofkeys.com/wp-content/uploads/2024/10/IMG_7854-1440x1080.jpeg; https://mybunchofkeys.com/wp-content/uploads/2024/10/IMG_7855-1440x1080.jpeg; https://mybunchofkeys.com/wp-content/uploads/2024/10/IMG_7857-1440x1080.jpeg; https://mybunchofkeys.com/wp-content/uploads/2024/10/IMG_7858-1440x1080.jpeg; https://mybunchofkeys.com/wp-content/uploads/2024/10/IMG_7859-1440x1080.jpeg; https://mybunchofkeys.com/wp-content/uploads/2024/10/IMG_7860-1440x1080.jpeg; https://mybunchofkeys.com/wp-content/uploads/2024/10/IMG_7861-1440x1080.jpeg; https://mybunchofkeys.com/wp-content/uploads/2024/10/IMG_7862-1440x1080.jpeg; https://mybunchofkeys.com/wp-content/uploads/2024/10/IMG_7898-1-1440x1080.jpeg; https://mybunchofkeys.com/wp-content/uploads/2024/10/IMG_7902-1440x1080.jpeg; https://mybunchofkeys.com/wp-content/uploads/2024/10/IMG_7903-1440x1080.jpeg; https://mybunchofkeys.com/wp-content/uploads/2024/10/IMG_7904-1440x1080.jpeg; https://mybunchofkeys.com/wp-content/uploads/2024/10/IMG_7905-1440x1080.jpeg; https://mybunchofkeys.com/wp-content/uploads/2024/10/IMG_7906-1440x1080.jpeg; https://mybunchofkeys.com/wp-content/uploads/2024/10/IMG_7907-1440x1080.jpeg; https://mybunchofkeys.com/wp-content/uploads/2024/10/IMG_7937-1440x1080.jpeg; https://mybunchofkeys.com/wp-content/uploads/2024/10/IMG_7938-1440x1080.jpeg; https://mybunchofkeys.com/wp-content/uploads/2024/10/IMG_7939-1440x1080.jpeg; https://mybunchofkeys.com/wp-content/uploads/2024/10/IMG_7940-1440x1080.jpeg,2026-07-20T11:50:04+00:00,,House,For Sale,"This expansive 3,174 sq. ft. home offers 4 spacious bedrooms and 3 bathrooms, nestled on nearly half an acre of land in the desirable Kelly Village. Perfect for families seeking space, privacy, and convenience, or investors looking for development potential. Property Highlights: Generous 17,224 sq. ft. lot with mature fruit trees Dedicated study, ideal for remote work or quiet study Covered garage and additional parking on compound Security cameras and remote gate for peace of mind Laundry area, built-in closets, water tank, and pump included Prime location near Piarco International Airport Investment & Lifestyle Potential: With plenty of outdoor space, this property is ideal for family living, future expansion, or even building an additional home on the lot. Its strategic location near major highways and the airport makes commuting a breeze. Schedule a viewing today and see the potential this remarkable home offers for both comfortable living and long-term growth. Agent: Sean Williams 868-715-7471

About the Region
Caroni Caroni, when we hear the name Caroni many things come to mind, Caroni County, Caroni Village, Caroni Bird Sanctuary, Caroni River, Caroni Swamp, Caroni Plain and The Caroni Sugar Cane Factory. Caroni is located in the west central part of Trinidad. Caroni County is a historic county of Trinidad and Tobago. To the west it is bounded by the Gulf of Paria. Caroni County, which takes its name from the Caroni River, stretches from the hills of the Central Range into the lowlands of the Caroni Plains and the Caroni Swamp. It is heavily associated with sugar cane and the ""sugar belt"", but it actually accounts for no more than one third of the sugar belt. The now-defunct state-owned sugar company, Caroni (1975) Ltd, took its name from the county. The Caroni River is the largest river in Trinidad and Tobago, running for 40 km from its origins in the Northern Range on the island of Trinidad, through the northern lowlands of the Caroni Plains and enters the Gulf of Paria at the Caroni Swamp. The banks of the Caroni River are one of the two main sites for Hindu cremations Caroni and its tributaries drain into one of the most densely populated parts of Trinidad, the East–West Corridor, and also provides most of its drinking water through the Caroni–Arena Dam. The Caroni Swamp is an estuarine system comprising 5,611 hectares of mangrove forest. The wetland provides a variety of habitats for flora and faunal species and as such, supports a rich biodiversity. It is a highly productive system that provides food and protection and is a nursery for marine and freshwater species. The Caroni Swamp is the second largest mangrove wetland in Trinidad and Tobago. It is located on the west coast of Trinidad, South of Port of Spain and North-West of Chaguanas where the Caroni River meets the Gulf of Paria. The Caroni Swamp still remains a popular tourist destination in Trinidad. Many tourists enjoy taking tour guides to the Swamp. The Caroni Swamp is also a wonderful site for bird watching. It is home to over 100 bird species. In 1962 when Trinidad and Tobago gained independence from Great Britain, the Scarlet Ibis was chosen as the national bird of Trinidad. The Scarlet Ibis then gained protection and could no longer be hunted. Caroni is also a well-developed village in central Trinidad, consists of the Caroni Police Station, Fredrick Settlement (an Industrial Estate with many manufacturing industries), supermarkets, pharmacies and one of Trinidad’s licensing office. Easily accessible to the Churchill Roosevelt Highway and the Sir Soloman Hochoy Highway. Caroni is also in close proximity of Trinidad’s Airport (Piarco International Airport)",Air Conditioning; Patio; Security Cameras; Covered Garage; Parking on Compound; Remote Gate; Freehold Land; T&C Approved; Fully Fenced; Pet Friendly; Kid Friendly; Laundry Area/Facility; Built-in Closets; Water Tank; Water Pump,2026-08-06T23:39:40.216733+00:00
https://mybunchofkeys.com/property/114-226-saddle-road-maraval-moniques-guest-house-next-to-chaconia-inn-for-sale/,"114-116 Saddle Road, Maraval (Monique's Guest House- close to Chaconia Inn) - For Sale - My Bunch of Keys","$8,000,000",BOK-920657,Maraval,12,12,6049sq.ft.,,Roslyn Dasent,1on1 Realty,(868) 685-4774,https://mybunchofkeys.com/wp-content/uploads/2023/07/WhatsApp-Image-2023-07-28-at-8.48.59-AM-1-320x320.jpeg,https://mybunchofkeys.com/wp-content/uploads/2026/01/image0-1-1.jpeg,https://mybunchofkeys.com/wp-content/uploads/2026/01/image0-1-1.jpeg; https://mybunchofkeys.com/wp-content/uploads/2026/01/image0-1-1-1615x1080.jpeg; https://mybunchofkeys.com/wp-content/uploads/2025/08/image003.jpg; https://mybunchofkeys.com/wp-content/uploads/2025/08/image002.jpg; https://mybunchofkeys.com/wp-content/uploads/2025/08/DJI_0803.jpg; https://mybunchofkeys.com/wp-content/uploads/2025/08/DJI_0795.jpeg; https://mybunchofkeys.com/wp-content/uploads/2025/08/DJI_0809.jpg; https://mybunchofkeys.com/wp-content/uploads/2025/08/image005.jpg; https://mybunchofkeys.com/wp-content/uploads/2025/08/image004.jpg,2026-07-20T07:51:57+00:00,,House,For Sale,"114-116 Saddle Road, Maraval (Monique’s Guest House- close to Chaconia Inn) For Sale: TTD$8M ono This property sits on a primary lot measuring 8,028 sq. ft., but is part of a larger holding comprising approximately 68,000 sq. ft. across six lots. It presents an exceptional opportunity for redevelopment into a guesthouse, apartment complex, or other high-yield investment. While the structure requires renovation, it offers strong potential for transformation into a profitable and welcoming space. The location is ideal for both residential and commercial use, with nearby amenities and multiple parking options—including adjacent and leased lots, making it even more versatile. Property Features: Building size: 6,049 sq. ft. Total land size (approx.): 68,000 sq. ft. across 6 lots 12 en-suite rooms Full kitchen Dining room Lobby area Adjacent 3,630 sq. ft. lot (used as carpark, available for lease) Additional leased parking available across the road Listed on cadastral sheet under the name Hilda Marie Campbell For more information, please contact Roslyn: 685-4774

About the Region
Maraval Maraval is one of the northern suburbs of Trinidad's capital, Port of Spain, a valley in northern Trinidad in Trinidad and Tobago. It is situated at the bottom of the hills of Paramin and located east of the Diego Martin valley to which it is connected directly by Morne Coco Road, and west of Santa Cruz valley, to which it is connected by Saddle Road. Maraval is considered one of the major high-income residential areas in the country in combination with the Westmoorings, Goodwood Park and Glencoe area, it is home of much of the island's elite, including a number of diplomats. Maraval is sometimes referred to as ""Diego Martin East"". It is home to Trinity College secondary school, St. Andrew's Golf Course and Club in Moka, which is considered to be one of the finest golf courses in the Caribbean that was established in 1891 making it one of the oldest in the world. It arguably provides the best route of access from the capital to the North Coast. Along with Santa Cruz, Maraval is located close to the best beaches on the island, allowing its residents quick access to both leisure activities, as well as downtown business and entertainment. Maraval has branches of the major locally-operating banks, supermarkets, pharmacies, boutiuqes, clothing outlets, catholic schools, churches and parish groups.",,2026-08-06T23:19:18.095174+00:00
https://mybunchofkeys.com/property/cunupia-treasure/,CUNUPIA TREASURE - My Bunch of Keys,"$6,100,000",BOK-1061370,Endeavour,,,,,FRANCOIS@T&TRealty,,(868) 332-1340,https://mybunchofkeys.com/wp-content/uploads/2022/09/Francois-TT-Realty-Logo.jpg,https://mybunchofkeys.com/wp-content/uploads/2026/07/20260629_131813.jpg,https://mybunchofkeys.com/wp-content/uploads/2026/07/20260629_131813.jpg; https://mybunchofkeys.com/wp-content/uploads/2026/07/20260629_131813-1440x1080.jpg; https://mybunchofkeys.com/wp-content/uploads/2026/07/20260629_131916-1440x1080.jpg; https://mybunchofkeys.com/wp-content/uploads/2026/07/20260629_131701-810x1080.jpg; https://mybunchofkeys.com/wp-content/uploads/2026/07/20260629_132926-810x1080.jpg; https://mybunchofkeys.com/wp-content/uploads/2026/07/IMG-20260625-WA0042-810x1080.jpg; https://mybunchofkeys.com/wp-content/uploads/2026/07/37461-810x1080.jpg; https://mybunchofkeys.com/wp-content/uploads/2026/07/37467-810x1080.jpg; https://mybunchofkeys.com/wp-content/uploads/2026/07/37471-810x1080.jpg; https://mybunchofkeys.com/wp-content/uploads/2026/07/20260629_133451-810x1080.jpg; https://mybunchofkeys.com/wp-content/uploads/2026/07/20260629_133253-810x1080.jpg; https://mybunchofkeys.com/wp-content/uploads/2026/07/IMG-20260625-WA0049-810x1080.jpg; https://mybunchofkeys.com/wp-content/uploads/2026/07/IMG-20260625-WA0054-810x1080.jpg; https://mybunchofkeys.com/wp-content/uploads/2026/07/37442-810x1080.jpg; https://mybunchofkeys.com/wp-content/uploads/2026/07/20260629_133739-810x1080.jpg; https://mybunchofkeys.com/wp-content/uploads/2026/07/37429-810x1080.jpg,2026-07-20T03:35:24+00:00,,House,For Sale,"$6.1M worth it! Spectacular Home designed for a family to enjoy! Three Levels and a POOL..SECURED WITH A 8′ PERIMETER WALL FOR UTMOST PRIVACY & SECURITY SYSTEM FOR COMFORT. FULL TEAK KITCHEN SUITE/ DBL ISLAND & COUNTER TOPS PANTRY IS AN ENTIRE 25 ‘ x 25’ ROOM./FLR TO CEILING STORAGE MOVIE ROOM,GYM, ENTERTAINMENT ROOM FORMAL & INFORMAL DINING AND SITTING ROOMS GUEST SUITE ON THE GR LEVEL LAUNDRY/UTILITY ROOM ON THE GR LEVEL THAT MAGNIFICIENT STAIRWAY COMMANDS YOUR ATTENTION STAIRS & RAILS IN GENUINE HARDWOOD FLOORS ARE ALSO GENUINE HARDWOOD FINISHED POOL AREA FEATURES FULL BAR & BATHROOM FACILITIES THE MSTR SUITE IS ALMOST THE ENTIRE WIDTH OF THE HOME, WITH A BATHROOM YOU WILL COMPLETELY ENJOY FULL EXTERIOR BALCONY THREE ADDITIONAL BATHROOMS AND BATHROOMS JULIET BALCONIES COMPLIMENT THESE THE THIRD LEVEL IS FOR YOUR IMAGINATION THERE IS ALSO A SPIRAL STAIRWAY..JUST FOR FUN ORNATE STEEL DOORS & WINDOWS Located within the CUNUPIA DISTRICT, It affords the comfort of easy access to the SMR & the HI WAY. Viewings by Private Appointment, conditions apply, we are the Exclusive Realtors #332 1340 #318 0156 #678 1970 # 350 4641

About the Region
Endeavour Endeavour is located in Chaguanas next to Jermingham Junction, Trinidad and Tobago. Endeavour Road has a length of 0.7 kilometres. Endeavour has many restaurants and bars, and is known for the location of the Divali Nagar site, Price Plaza and the Barakah grounds just to name a few. The community of Endeavour is also protected by the Chaguanas police service, medical facilities such as the Chaguanas Health Centre and Medical Associates are easily accessible.",Fully Furnished; Wet Bar; Jacuzzi; Electricity; Air Conditioning; Utilities included; Kitchen Island; Pantry; Studio; Home Gym; Powder Room; Patio; Security Alarms; Security Cameras; Covered Garage; Parking on Compound; Remote Gate; Freehold Land; T&C Approved; Fully Fenced; Pet Friendly; Kid Friendly; Office Space; Laundry Area/Facility; Attic; Built-in Closets; Walk-in Closets; Water Tank; Water Pump; Water Heater,2026-08-06T23:23:29.962517+00:00
https://mybunchofkeys.com/property/for-sale-7-bedroom-house-in-santa-cruz/,FOR SALE: 7 BEDROOM HOUSE IN SANTA CRUZ - My Bunch of Keys,"$7,000,000",BOK-1061300,"Saddle Road, San Juan Santa Cruz",,,13000sq.ft.,,Exclusive Paragon Properties,,(868) 323-7196,https://mybunchofkeys.com/wp-content/uploads/2026/07/Paragon-Properties-Logo.png,https://mybunchofkeys.com/wp-content/uploads/2026/07/WhatsApp-Image-2026-07-27-at-6.16.00-AM-1-1.jpeg,https://mybunchofkeys.com/wp-content/uploads/2026/07/WhatsApp-Image-2026-07-19-at-7.02.06-PM-2-1440x1080.jpeg; https://mybunchofkeys.com/wp-content/uploads/2026/07/WhatsApp-Image-2026-07-19-at-7.02.06-PM-1-1440x1080.jpeg; https://mybunchofkeys.com/wp-content/uploads/2026/07/WhatsApp-Image-2026-07-19-at-7.02.06-PM-1440x1080.jpeg; https://mybunchofkeys.com/wp-content/uploads/2026/07/WhatsApp-Image-2026-07-19-at-7.02.05-PM-1-810x1080.jpeg; https://mybunchofkeys.com/wp-content/uploads/2026/07/WhatsApp-Image-2026-07-19-at-7.02.05-PM-810x1080.jpeg; https://mybunchofkeys.com/wp-content/uploads/2026/07/WhatsApp-Image-2026-07-27-at-6.16.00-AM-1-1.jpeg,2026-07-19T23:57:40+00:00,,House,For Sale,"📍Location: Saddle Road, Santa Cruz Price: $7M neg Property Features: 7-bedroom home configured as: • 1 × 3-bedroom self-contained apartment • 2 × 2-bedroom self-contained apartments Fully air-conditioned throughout Private swimming pool with outdoor kitchen Recreation room with Pool tables and Gaming stations Private Auto-shop and Joinery Station which can each be easily converted to Apartments 6-car garage Situated on approximately 13,000 sq. ft. of land Ground floor can be converted into commercial space or additional apartments High-visibility location on Saddle Road Ideal For: 🏘️ Airbnb rentals 💰 Income-generating apartment rentals 👨‍👩‍👧‍👦 Large or multi-generational families 🏢 Mixed-use residential/commercial development This is a rare opportunity to own a versatile property with excellent income potential in a prime, high-traffic location. Whether you’re looking for a spacious home for an extended family, an Airbnb opportunity, or a mixed-use property, this unique property offers incredible flexibility and outstanding potential. #InvestmentPropertyforSale #IncomePropertyforSale #AirbnbInvestment #MultiFamilyHomeForSale #CommercialOpportunity #PropertyForSale #ParagonProperties #TrinidadRealEstate #TTRealEstate #CaribbeanRealEstate #RealEstateInvestor #PassiveIncome #LuxuryHome #SanJuan #SantaCruz #InvestInTrinidad

About the Region
San Juan San Juan (pronounced, in the local English dialect, ""sah-wah"") is a town in Trinidad and Tobago. Located in San Juan–Laventille region in Saint George County, it lies within the East-West Corridor Metropolitan Area, between Barataria and Saint Joseph. The local nightlife includes many pubs and bars along the main streets of San Juan. The nightlife facilities are available daily until approximately midnight, on Fridays and Saturdays nightlife goes until 5am. Aranguez is home to one of the country's most popular savannahs, Aranguez Savannah. Aranguez Savannah hosts major celebrations and events including Holi, Diwali, Eid al-Fitr, Hosay, Carnival, cricket games, and The Samaan Tree Rock Festival among many other live concerts. San Juan is well known for its busy day life as many working class people use this town as an in transit junction. It serves as a main supply for environs as it facilitates business ventures such as markets, groceries, wholesale and other retail shops.",Gated Compound; Private Pool; Air Conditioning; Covered Garage; Freehold Land; Walk-in Closets,2026-08-06T23:26:03.287773+00:00
https://mybunchofkeys.com/property/san-fernando-property-for-sale/,Investment Alert 🚨 San Fernando - My Bunch of Keys,"$4,500,000",BOK-857247,"Leotaud Street , San Fernando",5,3,10000sq.ft.,,Ebenezer Real Estate Services Limited,,868-299-2295,https://mybunchofkeys.com/wp-content/uploads/2022/04/White-Background-ERES-Logo-320x320.png,https://mybunchofkeys.com/wp-content/uploads/2025/02/20250219_181923.jpg,https://mybunchofkeys.com/wp-content/uploads/2026/01/IMG-20250220-WA0015_Original.jpeg; https://mybunchofkeys.com/wp-content/uploads/2025/02/20250219_180112.jpg; https://mybunchofkeys.com/wp-content/uploads/2025/02/20250219_180021.jpg; https://mybunchofkeys.com/wp-content/uploads/2025/02/20250219_181923.jpg; https://mybunchofkeys.com/wp-content/uploads/2025/02/dji_fly_20250219_175634_499_1740002205350_photo_optimized-1920x1080.jpg; https://mybunchofkeys.com/wp-content/uploads/2025/02/dji_fly_20250219_175532_496_1740002199931_photo_optimized-1920x1080.jpg; https://mybunchofkeys.com/wp-content/uploads/2025/02/dji_fly_20250219_175238_491_1740001983799_photo_optimized-1920x1080.jpg; https://mybunchofkeys.com/wp-content/uploads/2025/02/dji_fly_20250219_175208_490_1740001987163_photo_optimized-1920x1080.jpg,2026-07-19T14:23:55+00:00,,House,For Sale,"Investment Alert 🚨 | San Fernando 📍Leotaud Street This one is all about location + scale + future upside. Ideally located opposite the Ministry of Legal Affairs (Birth Paper Office). 🏗 10,000 sqft of land 🏠 Approx. 2,400 sqft living space 🛏 5 Bedrooms | 3 Baths 🚶Walking distance to Cipero & Coffee Street ✅ Close to all major amenities 📑 Fully approved plans for a 3-storey building Perfect for investors looking to hold, develop, or reposition in a high-demand area. 💰 Reduced Price: $4.5M 📞 Joshua: 299-2295 📞 Karysse: 753-8697 Ebenezer Real Estate Services Ltd Strategic. Solid. Long-term value.

About the Region
San Fernando San Fernando, officially the City of San Fernando, is the most populous city and second most populous municipality in Trinidad and Tobago, after Chaguanas. Sando, as it is also known, occupies 19 km² and is located in the south western part of the island of Trinidad. It is bounded to the north by the Guaracara River, the south by the Oropouche River, the east by the Sir Solomon Hochoy Highway, and the west by the Gulf of Paria. The former borough was elevated to the status of a city corporation on 18 November 1988. The motto of San Fernando is: ""Sanitas Fortis"" - In a Healthy Environment We Will Find Strength. Many local Trinidadians refer to the city with the shortened name ""Sando."" San Fernando is called Trinidad and Tobago's ""industrial capital"" because of its proximity to the Pointe-à-Pierre oil refinery and many other petrochemical, LNG, iron and steel and aluminium smelters in places such as Point Lisas in Couva, Point Fortin, and La Brea. The city is well known for its wide array of shopping facilitates located in the heart of San Fernando. Services offered are that of Police, fire, banking, transport, jewellery repairs etc. Many citizens visit San Fernando for the night life which consists of restaurants, street food and the many party clubs readily available. The city has one of the most visited fish depot which attracts vendors from all over Trinidad. The San Fernando Hill is a main tourist attraction because of the view it provides of Trinidad. Many newlyweds visit this location to bask in its ambience and take wedding photos. The outer part of San Fernando is well known for its malls and cinemas which attracts both tourists and citizens which makes shopping here an integrated experience.",T&C Approved; Fully Fenced,2026-08-06T23:38:25.633244+00:00
https://mybunchofkeys.com/property/fixer-upper-in-san-juan/,FIXER UPPER IN SAN JUAN - My Bunch of Keys,"$1,100,000",BOK-1007362,San Juan,3,1,5359sq.ft.,3,Prime Realty Ltd,,(868) 468-1712,https://mybunchofkeys.com/wp-content/uploads/2025/04/Prime-Realty-Logo-320x320.png,https://mybunchofkeys.com/wp-content/uploads/2026/03/20260314_164001.jpg,https://mybunchofkeys.com/wp-content/uploads/2026/03/20260314_163536.jpg; https://mybunchofkeys.com/wp-content/uploads/2026/03/20260314_164001.jpg; https://mybunchofkeys.com/wp-content/uploads/2026/03/20260314_164132.jpg; https://mybunchofkeys.com/wp-content/uploads/2026/03/20260314_164248.jpg; https://mybunchofkeys.com/wp-content/uploads/2026/03/20260314_164206.jpg; https://mybunchofkeys.com/wp-content/uploads/2026/03/20260314_164158.jpg; https://mybunchofkeys.com/wp-content/uploads/2026/03/20260314_164229.jpg; https://mybunchofkeys.com/wp-content/uploads/2026/03/20260314_164340.jpg,2026-07-18T22:20:17+00:00,,House,For Sale,"Fixer Upper in San Juan With beautiful mountain views and boasting 5350 sq ft of land space, this property has great potential for your family or as a rental home investment. 3 bedrooms 1 bath Fully fenced with manual gate Car port for 2 vehicles Spacious yard for gardening or expansion All documents in place for bank financing. Prequalified clients can call or Whatsapp Kimberly Raj at 468-1712.

About the Region
San Juan San Juan (pronounced, in the local English dialect, ""sah-wah"") is a town in Trinidad and Tobago. Located in San Juan–Laventille region in Saint George County, it lies within the East-West Corridor Metropolitan Area, between Barataria and Saint Joseph. The local nightlife includes many pubs and bars along the main streets of San Juan. The nightlife facilities are available daily until approximately midnight, on Fridays and Saturdays nightlife goes until 5am. Aranguez is home to one of the country's most popular savannahs, Aranguez Savannah. Aranguez Savannah hosts major celebrations and events including Holi, Diwali, Eid al-Fitr, Hosay, Carnival, cricket games, and The Samaan Tree Rock Festival among many other live concerts. San Juan is well known for its busy day life as many working class people use this town as an in transit junction. It serves as a main supply for environs as it facilitates business ventures such as markets, groceries, wholesale and other retail shops.",,2026-08-06T23:25:25.841011+00:00
https://mybunchofkeys.com/property/house-for-sale-in-arima-21/,House for sale in Arima - My Bunch of Keys,"$2,200,000",BOK-963482,"The Crossings, Off Tumpuna Road, Arima",3,2,6200sq.ft.,3,Josette Quesnel,House Hunters,(868) 789-0768,https://mybunchofkeys.com/wp-content/uploads/2021/02/josette_reduced-320x320.jpg,https://mybunchofkeys.com/wp-content/uploads/2025/11/UNIT-20251117-001-2.jpg,https://mybunchofkeys.com/wp-content/uploads/2025/11/UNIT-20251117-001-2.jpg; https://mybunchofkeys.com/wp-content/uploads/2025/11/UNIT-20251117-001-8.jpg; https://mybunchofkeys.com/wp-content/uploads/2025/11/UNIT-20251117-001-10.jpg; https://mybunchofkeys.com/wp-content/uploads/2025/11/UNIT-20251117-001-13.jpg; https://mybunchofkeys.com/wp-content/uploads/2025/11/UNIT-20251117-001-7-608x1080.jpg; https://mybunchofkeys.com/wp-content/uploads/2025/11/UNIT-20251117-001-6-810x1080.jpg; https://mybunchofkeys.com/wp-content/uploads/2025/11/UNIT-20251117-001-4-810x1080.jpg; https://mybunchofkeys.com/wp-content/uploads/2025/11/UNIT-20251117-001-3-810x1080.jpg; https://mybunchofkeys.com/wp-content/uploads/2025/11/UNIT-20251117-001-11.jpg; https://mybunchofkeys.com/wp-content/uploads/2025/11/UNIT-20251117-001-5.jpg; https://mybunchofkeys.com/wp-content/uploads/2025/11/UNIT-20251117-001-1-810x1080.jpg; https://mybunchofkeys.com/wp-content/uploads/2025/11/UNIT-20251117-001-12.jpg; https://mybunchofkeys.com/wp-content/uploads/2025/11/UNIT-20251117-001-9.jpg,2026-07-17T20:41:20+00:00,,House,For Sale,"Located at the exclusive gated community “The Crossings” in Arima, featuring modern recently constructed “turnkey” homes, 24-hour security, and amenities such as a swimming pool, gym, jogging track, clubhouse, and a recreational park. This attractive single-story home fits-the-bill with; a seamless open layout concept perfect for entertaining and family life, three (3) bedroom, two (2) full bathrooms, and features such as skirting, recessed ceilings, crown moldings, open-plan kitchen, combined living & dining, carport, and air-conditioning throughout. Additional Features: Front Porch, Porcelain Tile Floors, Master Double Vanity & Walk-in Closet, Internal Laundry, Built-in Bedroom Cupboard, Fully Burglar-Proofed, Double-Door Security Front-Door, Wrap-around Lawn, Water Tank & Pump

About the Region
Arima Arima, officially The Royal Chartered Borough of Arima is the easternmost and second largest area of the three boroughs of Trinidad and Tobago. This town is well known for its shopping areas located in the inner most portion of the town. It serves as a main trading hub for environs which makes the town considerably busy. Many persons visit Arima to relax and enjoy the wide array of local bars and street food offered such as burgers, doubles, gyros etc. Home to the famous drag malls, persons can visit Arima to purchase items of Rastafarian heritage. Arima, has primary and secondary schools, hospitals, police and fire services readily available. It attracts persons from all over as it hosts exciting borough day & Jouvert celebrations Fun fact, Arima is home to the indigenous people known as the “Caribs”. They are mainly found in the area of Arima called Calvary Hill which attracts many tourists as the Caribs were a well-known tribe in their time.",Gated Compound; Gated Community; Air Conditioning; Covered Garage; Parking on Compound; Laundry Area/Facility; Built-in Closets; Water Tank; Water Pump; Water Heater,2026-08-06T23:31:59.885700+00:00
https://mybunchofkeys.com/property/house-for-sale-in-goodwood-park-2/,House For Sale In Goodwood Park - My Bunch of Keys,"$11,000,000",BOK-1060871,Goodwood Park,5,6,5875sq.ft.,3,Jean-Paul de Meillac,Terra Caribbean,(868) 687-2047,https://mybunchofkeys.com/wp-content/uploads/2025/05/Terra-Jean-Paul-de-Meillac-320x320.jpg,https://mybunchofkeys.com/wp-content/uploads/2026/07/a-7.jpeg,https://mybunchofkeys.com/wp-content/uploads/2026/07/a-7.jpeg; https://mybunchofkeys.com/wp-content/uploads/2026/07/a-7-1440x1080.jpeg; https://mybunchofkeys.com/wp-content/uploads/2026/07/b-6-1440x1080.jpeg; https://mybunchofkeys.com/wp-content/uploads/2026/07/c-7-1440x1080.jpeg; https://mybunchofkeys.com/wp-content/uploads/2026/07/d-7.jpeg; https://mybunchofkeys.com/wp-content/uploads/2026/07/e-6-1440x1080.jpeg; https://mybunchofkeys.com/wp-content/uploads/2026/07/f-6-1440x1080.jpeg; https://mybunchofkeys.com/wp-content/uploads/2026/07/g-6-1440x1080.jpeg; https://mybunchofkeys.com/wp-content/uploads/2026/07/h-6-1440x1080.jpeg; https://mybunchofkeys.com/wp-content/uploads/2026/07/i-6-1440x1080.jpeg; https://mybunchofkeys.com/wp-content/uploads/2026/07/j-3-1440x1080.jpeg; https://mybunchofkeys.com/wp-content/uploads/2026/07/k-3-1440x1080.jpeg; https://mybunchofkeys.com/wp-content/uploads/2026/07/l-3-1440x1080.jpeg; https://mybunchofkeys.com/wp-content/uploads/2026/07/m-3-1440x1080.jpeg; https://mybunchofkeys.com/wp-content/uploads/2026/07/n-3-1440x1080.jpeg; https://mybunchofkeys.com/wp-content/uploads/2026/07/o-2-1440x1080.jpeg; https://mybunchofkeys.com/wp-content/uploads/2026/07/p-2-1440x1080.jpeg,2026-07-17T17:28:18+00:00,,House,For Sale,"Located in the desirable Goodwood Park neighbourhood, this spacious home sits on 16,464 sq. ft of land and offers approximately 5,000 sq. ft of living space with well sized bedrooms and en-suite bathrooms. This architecturally designed multi -storey house enjoys large open living areas, natural lights, lots of space for family entertainment and panoramic sea views. TT30311

About the Region
Goodwood Park Goodwood Park is located in Diego Martin. It is placed in a hilly region of Trinidad and offers attractive views. It is considered a residential area and the residents are provided with business support from the small businesses and main businesses located in Diego Martin.",Gated Compound; Private Pool; Air Conditioning; Powder Room; Parking on Compound; Pet Friendly; Walk-in Closets; Water Tank; Water Pump,2026-08-06T23:32:40.452044+00:00
https://mybunchofkeys.com/property/home-at-allan-lucky-street-bel-air/,"Home at Allan Lucky Street, Bel Air - My Bunch of Keys","$2,800,000",BOK-1060644,Bel Air,3,2.5,2670sq.ft.,2,V-Star Properties,,(868) 718-7839,https://mybunchofkeys.com/wp-content/uploads/2021/04/V-Star-Properties-Logo-320x320.jpg,https://mybunchofkeys.com/wp-content/uploads/2026/07/IMG-20260713-WA0015-1.jpg,https://mybunchofkeys.com/wp-content/uploads/2026/07/IMG-20260713-WA0015-1.jpg; https://mybunchofkeys.com/wp-content/uploads/2026/07/IMG-20260713-WA0046-810x1080.jpg; https://mybunchofkeys.com/wp-content/uploads/2026/07/IMG-20260713-WA0042-1-810x1080.jpg; https://mybunchofkeys.com/wp-content/uploads/2026/07/IMG-20260713-WA0043-1-810x1080.jpg; https://mybunchofkeys.com/wp-content/uploads/2026/07/IMG-20260713-WA0044-1-1440x1080.jpg; https://mybunchofkeys.com/wp-content/uploads/2026/07/IMG-20260713-WA0045-1-1440x1080.jpg; https://mybunchofkeys.com/wp-content/uploads/2026/07/IMG-20260713-WA0037-1-1440x1080.jpg; https://mybunchofkeys.com/wp-content/uploads/2026/07/IMG-20260713-WA0038-1-810x1080.jpg; https://mybunchofkeys.com/wp-content/uploads/2026/07/IMG-20260713-WA0039-1.jpg; https://mybunchofkeys.com/wp-content/uploads/2026/07/IMG-20260713-WA0040-1-810x1080.jpg; https://mybunchofkeys.com/wp-content/uploads/2026/07/IMG-20260713-WA0041-1-1440x1080.jpg; https://mybunchofkeys.com/wp-content/uploads/2026/07/IMG-20260713-WA0032-1-1440x1080.jpg; https://mybunchofkeys.com/wp-content/uploads/2026/07/IMG-20260713-WA0033-1440x1080.jpg; https://mybunchofkeys.com/wp-content/uploads/2026/07/IMG-20260713-WA0034-1-1440x1080.jpg; https://mybunchofkeys.com/wp-content/uploads/2026/07/IMG-20260713-WA0035-1-1440x1080.jpg; https://mybunchofkeys.com/wp-content/uploads/2026/07/IMG-20260713-WA0036-1-1440x1080.jpg; https://mybunchofkeys.com/wp-content/uploads/2026/07/IMG-20260713-WA0027-1440x1080.jpg; https://mybunchofkeys.com/wp-content/uploads/2026/07/IMG-20260713-WA0028-1440x1080.jpg; https://mybunchofkeys.com/wp-content/uploads/2026/07/IMG-20260713-WA0029-1-810x1080.jpg; https://mybunchofkeys.com/wp-content/uploads/2026/07/IMG-20260713-WA0030-1-1440x1080.jpg; https://mybunchofkeys.com/wp-content/uploads/2026/07/IMG-20260713-WA0031-1-1440x1080.jpg; https://mybunchofkeys.com/wp-content/uploads/2026/07/IMG-20260713-WA0025-1440x1080.jpg; https://mybunchofkeys.com/wp-content/uploads/2026/07/IMG-20260713-WA0026-1440x1080.jpg; https://mybunchofkeys.com/wp-content/uploads/2026/07/IMG-20260713-WA0023-1440x1080.jpg; https://mybunchofkeys.com/wp-content/uploads/2026/07/IMG-20260713-WA0024-1440x1080.jpg; https://mybunchofkeys.com/wp-content/uploads/2026/07/IMG-20260713-WA0021-1440x1080.jpg; https://mybunchofkeys.com/wp-content/uploads/2026/07/IMG-20260713-WA0022-1440x1080.jpg; https://mybunchofkeys.com/wp-content/uploads/2026/07/IMG-20260713-WA0019-1440x1080.jpg; https://mybunchofkeys.com/wp-content/uploads/2026/07/IMG-20260713-WA0020-810x1080.jpg; https://mybunchofkeys.com/wp-content/uploads/2026/07/IMG-20260713-WA0015-1-810x1080.jpg; https://mybunchofkeys.com/wp-content/uploads/2026/07/IMG-20260713-WA0014-810x1080.jpg; https://mybunchofkeys.com/wp-content/uploads/2026/07/IMG-20260713-WA0018-1-810x1080.jpg; https://mybunchofkeys.com/wp-content/uploads/2026/07/IMG-20260713-WA0016-1-1440x1080.jpg,2026-07-16T22:41:49+00:00,,House,For Sale,"Allan Lucky Street, Bel Air Extension, San Fernando Land Space- 1158 sq freehold land Living Space- 2670 sq ft 3 bedrooms 2.5 toilet and baths Unfurnished Fully AC Parking for 2 vehicles covered Valuation from Reputable Valuator in 2025 for $2,950,000 Asking Price- $2,800,000 Or Rental- $9000 per month Contact- 718-7839",Unfurnished; Air Conditioning,2026-08-06T23:29:22.317514+00:00
https://mybunchofkeys.com/property/property-for-sale-woodbrook-3m-ono/,PROPERTY FOR SALE WOODBROOK $3M ONO - My Bunch of Keys,"$3,000,000",BOK-1019883,Woodbrook,7,2.5,,6,Gina Maria Pinheiro,Pinheiro Realty Services,(868) 620-6310,https://mybunchofkeys.com/wp-content/uploads/2018/06/Gina-Maria-Pinheiro-320x320.jpg,https://mybunchofkeys.com/wp-content/uploads/2026/04/WhatsApp-Image-2026-04-12-at-11.04.21-PM.jpeg,https://mybunchofkeys.com/wp-content/uploads/2026/04/WhatsApp-Image-2026-04-12-at-11.04.20-PM-1.jpeg; https://mybunchofkeys.com/wp-content/uploads/2026/04/WhatsApp-Image-2026-04-12-at-11.04.20-PM-2.jpeg; https://mybunchofkeys.com/wp-content/uploads/2026/04/WhatsApp-Image-2026-04-12-at-11.04.20-PM-3.jpeg; https://mybunchofkeys.com/wp-content/uploads/2026/04/WhatsApp-Image-2026-04-12-at-11.04.20-PM-4.jpeg; https://mybunchofkeys.com/wp-content/uploads/2026/04/WhatsApp-Image-2026-04-12-at-11.04.20-PM-5-810x1080.jpeg; https://mybunchofkeys.com/wp-content/uploads/2026/04/WhatsApp-Image-2026-04-12-at-11.04.20-PM-6-810x1080.jpeg; https://mybunchofkeys.com/wp-content/uploads/2026/04/WhatsApp-Image-2026-04-12-at-11.04.20-PM-7-810x1080.jpeg; https://mybunchofkeys.com/wp-content/uploads/2026/04/WhatsApp-Image-2026-04-12-at-11.04.20-PM-8-810x1080.jpeg; https://mybunchofkeys.com/wp-content/uploads/2026/04/WhatsApp-Image-2026-04-12-at-11.04.20-PM.jpeg; https://mybunchofkeys.com/wp-content/uploads/2026/04/WhatsApp-Image-2026-04-12-at-11.04.21-PM.jpeg; https://mybunchofkeys.com/wp-content/uploads/2026/04/Image-2026-04-12-at-11.04.21-PM.jpeg; https://mybunchofkeys.com/wp-content/uploads/2026/04/WhatsApp-Image-2026-04-12-at-11.04.19-PM-1-810x1080.jpeg; https://mybunchofkeys.com/wp-content/uploads/2026/04/WhatsApp-Image-2026-04-12-at-11.04.19-PM-2-810x1080.jpeg; https://mybunchofkeys.com/wp-content/uploads/2026/04/WhatsApp-Image-2026-04-12-at-11.04.19-PM-3.jpeg; https://mybunchofkeys.com/wp-content/uploads/2026/04/WhatsApp-Image-2026-04-12-at-11.04.19-PM-4-810x1080.jpeg; https://mybunchofkeys.com/wp-content/uploads/2026/04/WhatsApp-Image-2026-04-12-at-11.04.19-PM-5-810x1080.jpeg; https://mybunchofkeys.com/wp-content/uploads/2026/04/WhatsApp-Image-2026-04-12-at-11.04.19-PM-6-810x1080.jpeg; https://mybunchofkeys.com/wp-content/uploads/2026/04/WhatsApp-Image-2026-04-12-at-11.04.19-PM-810x1080.jpeg,2026-07-16T13:00:11+00:00,,House,For Sale,"PROPERTY FOR SALE LUIS ST. WOODBROOK ASKING $3M ONO Approved for Mixed Use It can be commercial, residential or both. Excellent investment. Covered parking for 2 on one side of the property. Covered parking on next side, tandem parking. Electronic gates. Annex (Tenanted) To the back 3 bedrooms and 1 bathroom Entertainment space Parking 6–7 cars Main House A/C in bedrooms Kitchen Nice wooden living room/dining area Small bedroom off the front patio, plus 3 bedrooms inside, 2 toilets, 1 shower.

About the Region
Woodbrook The large Woodbrook district, west of Downtown Port of Spain, Trinidad and Tobago, was formerly a sugar estate owned by the Siegert family of Angostura bitters fame. The estate was sold to the Town Board in 1911 and developed into a residential neighbourhood, with many of the north–south streets named for the Siegert siblings, some of whom were Carlos, Luis, Petra and Alfredo. In the last twenty years the main east–west thoroughfares, Ariapita Avenue and Tragarete Road, have become almost entirely commercialized, and Ariapita Avenue west of Murray Street has become a relatively upscale dining and entertainment ""strip"". A few small parks are sprinkled through the neighbourhood; Adam Smith Square and Siegert Square are the two largest. The Community Association held a series of events in August 2011 to celebrate its 100th anniversary. Just north of Woodbrook along Tragarete Road is the Queen's Park Oval, a major Test cricket ground which is owned by the private Queen's Park Cricket Club (QPCC). At Woodbrook's western end, at the edge of Invaders Bay, is the Hasley Crawford Stadium, the national venue for football and track and field events.",Air Conditioning; Patio; Covered Garage; Remote Gate; Annex; Built-in Closets,2026-08-06T23:37:46.168536+00:00
https://mybunchofkeys.com/property/siewdass-road-freeport-2/,"Siewdass Road, Freeport - My Bunch of Keys","$450,000",BOK-1004832,Freeport,2,1,500sq.ft.,,Tucker Real Estate,,(868) 628-9307,https://mybunchofkeys.com/wp-content/uploads/2018/07/Tucker-Real-Estate-320x320.png,https://mybunchofkeys.com/wp-content/uploads/2026/03/3f0e7470-8623-49d4-bfdd-41ec524d28e3.jpg,https://mybunchofkeys.com/wp-content/uploads/2026/03/3f0e7470-8623-49d4-bfdd-41ec524d28e3.jpg; https://mybunchofkeys.com/wp-content/uploads/2026/03/3f0e7470-8623-49d4-bfdd-41ec524d28e3-810x1080.jpg; https://mybunchofkeys.com/wp-content/uploads/2026/03/87099919-3445-4dd2-a9b4-e50e04c45559-810x1080.jpg,2026-07-15T21:40:32+00:00,,House,For Sale,"Siewdass Road, Freeport – “Affordable Living with Room to Make It Your Own.” Newly Built Home with Great Potential This newly constructed single-storey 2-bedroom, 1-bath home (500 sq. ft.) features solid concrete block construction and a durable galvanized roof, providing a strong and reliable foundation. The home includes large windows for natural light and ventilation, secure window bars, and a welcoming double-door entrance. Situated on 2,400 sq. ft. of land, the property offers space for landscaping, parking, or future expansion. Located in a quiet residential area, this home presents an excellent opportunity for first-time buyers, small families, or investors to add their own finishing touches and create a comfortable living space.

About the Region
Freeport Freeport is a town in the Republic of Trinidad and Tobago. It is located in west-central Trinidad, and is administered by the Couva–Tabaquite–Talparo Regional Corporation. It has a population of approximately 11,850. The Solomon Hochoy Highway splits Freeport into two, on the east and the west of the highway where you can find most commercial businesses. Known as a residential area, there are many small, medium and large businesses that have proven success through the growth of this community. Most residents have either sold properties or turned them into rental units. This community is also protected by the Freeport police service.",Unfurnished; Parking on Compound; Water Tank,2026-08-06T23:39:11.833086+00:00
https://mybunchofkeys.com/property/turnkey-4-bedroom-modern-homestead-on-10000-sq-ft-freehold-land/,"Turnkey 4-Bedroom Modern Homestead on 10,000 sq. ft. Freehold Land - My Bunch of Keys","$1,795,000",BOK-1057267,Las Lomas,4,2.5,10000sq.ft.,6,Amelinda Quash,Pinheiro Realty Services,(868) 762-8576,https://mybunchofkeys.com/wp-content/uploads/2021/05/TR.jpg,https://mybunchofkeys.com/wp-content/uploads/2026/07/6-Front-yard-.png,https://mybunchofkeys.com/wp-content/uploads/2026/07/6-Front-yard-.png; https://mybunchofkeys.com/wp-content/uploads/2026/07/Outdoor-Room.png; https://mybunchofkeys.com/wp-content/uploads/2026/07/Outdoor-Office-.png; https://mybunchofkeys.com/wp-content/uploads/2026/07/Outdoor-Kitchen-.png; https://mybunchofkeys.com/wp-content/uploads/2026/07/Outdoor-Bathroom-.png; https://mybunchofkeys.com/wp-content/uploads/2026/07/Master-Bedroom-.png; https://mybunchofkeys.com/wp-content/uploads/2026/07/Entrance-to-Outdoor-Amenities-.png; https://mybunchofkeys.com/wp-content/uploads/2026/07/Dining-Room-.png; https://mybunchofkeys.com/wp-content/uploads/2026/07/Back-Patio.png; https://mybunchofkeys.com/wp-content/uploads/2026/07/Atic.png; https://mybunchofkeys.com/wp-content/uploads/2026/07/30-1.png; https://mybunchofkeys.com/wp-content/uploads/2026/07/28-1.png; https://mybunchofkeys.com/wp-content/uploads/2026/07/26-1.png; https://mybunchofkeys.com/wp-content/uploads/2026/07/25-1.png; https://mybunchofkeys.com/wp-content/uploads/2026/07/22-1.png; https://mybunchofkeys.com/wp-content/uploads/2026/07/21-1.png; https://mybunchofkeys.com/wp-content/uploads/2026/07/15-Bedroom-1.png; https://mybunchofkeys.com/wp-content/uploads/2026/07/14-hall-way.png; https://mybunchofkeys.com/wp-content/uploads/2026/07/13-Hallway.png; https://mybunchofkeys.com/wp-content/uploads/2026/07/12-Indoor-Office-.png; https://mybunchofkeys.com/wp-content/uploads/2026/07/11-Laundry-Room-.png; https://mybunchofkeys.com/wp-content/uploads/2026/07/10-Kitchen-.png; https://mybunchofkeys.com/wp-content/uploads/2026/07/9-Dining-Room.png; https://mybunchofkeys.com/wp-content/uploads/2026/07/8-Living-Room-.png; https://mybunchofkeys.com/wp-content/uploads/2026/07/7-Entrance-Sitting-Area-.png; https://mybunchofkeys.com/wp-content/uploads/2026/07/6-1.png; https://mybunchofkeys.com/wp-content/uploads/2026/07/6-Front-of-house-.png; https://mybunchofkeys.com/wp-content/uploads/2026/07/4-Driveway-.png; https://mybunchofkeys.com/wp-content/uploads/2026/07/3-Front-of-House-.png; https://mybunchofkeys.com/wp-content/uploads/2026/07/2-Front-of-House-.png; https://mybunchofkeys.com/wp-content/uploads/2026/07/1-Drone-Shot.png,2026-07-15T21:29:18+00:00,,House,For Sale,"Property Type: Residential Single Family Size: 2,248 sq. ft. (House) | 10,000 sq. ft. (Land) Price: $1,795,000 TTD (Negotiable) — Motivated Seller, Recently Reduced from $1.995M! Valuation: Recent Valuation Report in Hand Property Overview Experience the best of both worlds with this exceptional property that effortlessly combines modern urban living with semi-rural peace and harmony. This aesthetically pleasing, fully tiled, and fully air-conditioned home is completely move-in ready, offering generous acreage and high-end finishes. Key Features Interior Living Spaces Master Suite: Features a spacious bedroom, private en-suite bathroom, and a dedicated dressing room. Additional Bedrooms: 3 generous bedrooms with ample built-in cupboard space, serviced by a large full bathroom. Chef’s Kitchen & Dining: Outfitted with custom solid teak cabinetry, granite countertops, and premium finishes. Separate, formal dining area nearby. Work & Leisure: Includes a private front-porch entrance, a dedicated home office/study, and a sprawling family living room. Modern roll-down blinds are fitted throughout. Utility & Storage: Abundant storage throughout the home, plus a large, practical laundry room/pantry. Outdoor Living & Entertainment The Patio: A fully tiled, covered back patio designed for relaxation, positioned perfectly to capture refreshing easterly breezes. Entertainment Hub: A private outdoor “lime” space featuring a teak and granite wet bar, an outdoor kitchen, a dedicated BBQ area, and a convenient outdoor half-bathroom. The Grounds: 10,000 sq. ft. of pristine, well-manicured freehold land featuring beautifully landscaped gardens and bearing fruit trees. Bonus Features & Security Multi-Purpose Annex: A 200 sq. ft. structure adjoining the pantry, ideal for an office extension, gym, or maid’s quarters. Infrastructure: Equipped with a backup electrical generator. Parking & Security: Electronic main gate, full-property security camera system, and a driveway that comfortably accommodates 6 vehicles. Schedule a Viewing This property represents incredible value for money and is priced to sell quickly. Serious inquiries only. Contact me today to book your walkthrough.

About the Region
Las Lomas Las Lomas is known for its # 1-3 locations, located in east Trinidad. It is located on both a hilly and flat landscape. The area has developed significantly as many residences have successful small businesses such as poultry, doubles, mini marts, bars. Many land owners have begun parceling out their land and offered it for sale. This creates economic growth as most land has been sold out and begun developing into homes. Las Lomas is easily accessible through the Caroni South & North Bank Road, Boy Cato road and Chin Chin Road.",Unfurnished; Air Conditioning; Kitchen Island; Pantry; Powder Room; Patio; Security Cameras; Covered Garage; Parking on Compound; Remote Gate; Freehold Land; Fully Fenced; Pet Friendly; Kid Friendly; Laundry Area/Facility; Built-in Closets; Walk-in Closets; Water Tank; Water Pump; Water Heater,2026-08-06T23:40:49.176958+00:00
https://mybunchofkeys.com/property/for-sale-valsayn-north-2/,FOR SALE — VALSAYN NORTH - My Bunch of Keys,"$4,100,000",BOK-1033949,Valsayn,4,3,11000sq.ft.,,Amelinda Quash,Pinheiro Realty Services,(868) 762-8576,https://mybunchofkeys.com/wp-content/uploads/2021/05/TR.jpg,https://mybunchofkeys.com/wp-content/uploads/2026/05/WhatsApp-Image-2026-05-13-at-8.40.39-PM.jpeg,https://mybunchofkeys.com/wp-content/uploads/2026/05/WhatsApp-Image-2026-05-13-at-8.40.39-PM.jpeg; https://mybunchofkeys.com/wp-content/uploads/2026/05/WhatsApp-Image-2026-05-13-at-8.40.40-PM-1-1080x1080.jpeg; https://mybunchofkeys.com/wp-content/uploads/2026/05/WhatsApp-Image-2026-05-13-at-8.40.40-PM-2-1080x1080.jpeg; https://mybunchofkeys.com/wp-content/uploads/2026/05/WhatsApp-Image-2026-05-13-at-8.40.40-PM-3-1080x1080.jpeg; https://mybunchofkeys.com/wp-content/uploads/2026/05/WhatsApp-Image-2026-05-13-at-8.40.40-PM-1080x1080.jpeg; https://mybunchofkeys.com/wp-content/uploads/2026/05/WhatsApp-Image-2026-05-13-at-8.40.43-PM-1080x1080.jpeg; https://mybunchofkeys.com/wp-content/uploads/2026/05/WhatsApp-Image-2026-05-13-at-8.40.44-PM-1-1080x1080.jpeg; https://mybunchofkeys.com/wp-content/uploads/2026/05/WhatsApp-Image-2026-05-13-at-8.40.44-PM-2-1080x1080.jpeg; https://mybunchofkeys.com/wp-content/uploads/2026/05/WhatsApp-Image-2026-05-13-at-8.40.44-PM-3-1080x1080.jpeg; https://mybunchofkeys.com/wp-content/uploads/2026/05/WhatsApp-Image-2026-05-13-at-8.40.44-PM-4-1080x1080.jpeg; https://mybunchofkeys.com/wp-content/uploads/2026/05/WhatsApp-Image-2026-05-13-at-8.40.44-PM-1080x1080.jpeg; https://mybunchofkeys.com/wp-content/uploads/2026/05/WhatsApp-Image-2026-05-13-at-8.40.45-PM-1-1080x1080.jpeg; https://mybunchofkeys.com/wp-content/uploads/2026/05/WhatsApp-Image-2026-05-13-at-8.40.45-PM-2-1080x1080.jpeg; https://mybunchofkeys.com/wp-content/uploads/2026/05/WhatsApp-Image-2026-05-13-at-8.40.45-PM-3-1080x1080.jpeg; https://mybunchofkeys.com/wp-content/uploads/2026/05/WhatsApp-Image-2026-05-13-at-8.40.45-PM-4-1080x1080.jpeg; https://mybunchofkeys.com/wp-content/uploads/2026/05/WhatsApp-Image-2026-05-13-at-8.40.45-PM-5-1080x1080.jpeg; https://mybunchofkeys.com/wp-content/uploads/2026/05/WhatsApp-Image-2026-05-13-at-8.40.45-PM-1080x1080.jpeg; https://mybunchofkeys.com/wp-content/uploads/2026/05/WhatsApp-Image-2026-05-13-at-8.40.46-PM-1-1080x1080.jpeg; https://mybunchofkeys.com/wp-content/uploads/2026/05/WhatsApp-Image-2026-05-13-at-8.40.46-PM-2-1080x1080.jpeg; https://mybunchofkeys.com/wp-content/uploads/2026/05/WhatsApp-Image-2026-05-13-at-8.40.46-PM-3-1080x1080.jpeg; https://mybunchofkeys.com/wp-content/uploads/2026/05/WhatsApp-Image-2026-05-13-at-8.40.46-PM-4-1080x1080.jpeg; https://mybunchofkeys.com/wp-content/uploads/2026/05/WhatsApp-Image-2026-05-13-at-8.40.46-PM-5-1080x1080.jpeg; https://mybunchofkeys.com/wp-content/uploads/2026/05/WhatsApp-Image-2026-05-13-at-8.40.46-PM-1080x1080.jpeg,2026-07-15T21:23:45+00:00,,House,For Sale,"$4.1M | Prime Freehold Property | 11,000 sq. ft. Nestled in one of Trinidad’s most desirable family neighbourhoods , this spacious Valsayn North home offers the perfect blend of comfort, convenience, and future potential. Located just minutes from Valpark Shopping Centre , UWI , and Mt. Hope Medical , it delivers unmatched accessibility while maintaining the quiet charm of an established residential community.

About the Region
Valsayn Valsayn is specific to being as an upper class residential area. Many local well-known business owners reside in this area. The area is located closely to Curepe and is split by North and South Valsayn. Valsayn has a Superpharm, a mall, night club and service station amongst other things. This area is heavily protected by owners with home & amalgamated security. The location, even though residential, hosts fetes for the carnival season. It is also very visited by locals nationwide for the Christmas season as many residences decorate their homes in a distinguished manner. It is memorable.",Unfurnished; Move in Ready; Recently Renovated; Gated Compound; Gated Community; Air Conditioning; Patio; Covered Garage; Parking on Compound; Remote Gate; Freehold Land; T&C Approved; Fully Fenced; Pet Friendly; Kid Friendly; Office Space; Laundry Area/Facility; Annex; Built-in Closets; Water Tank; Water Pump; Water Heater,2026-08-06T23:28:21.652173+00:00
https://mybunchofkeys.com/property/experience-resort-style-living-your-renovated-dream-home-in-trincity-awaits/,Experience Resort-Style Living: Your Renovated Dream Home in Trincity Awaits! - My Bunch of Keys,"$4,200,000",BOK-915528,Trincity,5,4,5000sq.ft.,3,Amelinda Quash,Pinheiro Realty Services,(868) 762-8576,https://mybunchofkeys.com/wp-content/uploads/2021/05/TR.jpg,https://mybunchofkeys.com/wp-content/uploads/2025/07/20250716_162757.jpg,https://mybunchofkeys.com/wp-content/uploads/2025/07/20250716_162757.jpg; https://mybunchofkeys.com/wp-content/uploads/2025/07/20250716_162757-499x1080.jpg; https://mybunchofkeys.com/wp-content/uploads/2025/07/20250716_162746-499x1080.jpg; https://mybunchofkeys.com/wp-content/uploads/2025/07/20250716_162823-499x1080.jpg; https://mybunchofkeys.com/wp-content/uploads/2025/07/20250716_163009-499x1080.jpg; https://mybunchofkeys.com/wp-content/uploads/2025/07/20250716_162834-499x1080.jpg; https://mybunchofkeys.com/wp-content/uploads/2025/12/IMG_5911-1440x1080.jpg; https://mybunchofkeys.com/wp-content/uploads/2025/12/IMG_5944-1440x1080.jpg; https://mybunchofkeys.com/wp-content/uploads/2025/12/IMG_5939-1440x1080.jpg; https://mybunchofkeys.com/wp-content/uploads/2025/12/IMG_5935-1440x1080.jpg; https://mybunchofkeys.com/wp-content/uploads/2025/12/IMG_5920-1440x1080.jpg; https://mybunchofkeys.com/wp-content/uploads/2025/12/IMG_5919-1440x1080.jpg; https://mybunchofkeys.com/wp-content/uploads/2025/12/IMG_5918-1440x1080.jpg; https://mybunchofkeys.com/wp-content/uploads/2025/12/IMG_5917-1440x1080.jpg; https://mybunchofkeys.com/wp-content/uploads/2025/12/IMG_5915-1440x1080.jpg; https://mybunchofkeys.com/wp-content/uploads/2025/12/IMG_5913-1440x1080.jpg; https://mybunchofkeys.com/wp-content/uploads/2025/12/IMG_5912-1440x1080.jpg; https://mybunchofkeys.com/wp-content/uploads/2025/12/IMG_5908-1440x1080.jpg; https://mybunchofkeys.com/wp-content/uploads/2025/12/IMG_5907-1440x1080.jpg; https://mybunchofkeys.com/wp-content/uploads/2025/12/IMG_5906-1440x1080.jpg; https://mybunchofkeys.com/wp-content/uploads/2025/12/IMG_5905-1122x1080.jpg,2026-07-15T21:12:52+00:00,,House,For Sale,"Discover unparalleled luxury and convenience in this recently renovated property located in the highly desirable neighborhood of Trincity. Offering the ideal blend of comfort and accessibility, this home places you moments away from essential amenities and major transportation routes. Step into a world of refined living within this expansive 5,000 sq. ft. property, meticulously designed for modern family life and sophisticated entertaining. Property Highlights: Spacious Accommodation: Boasting 5 generous bedrooms and 4 luxurious bathrooms , there’s ample space for every member of the family and guests. Open Concept Living: The heart of this home features a stunning open-concept kitchen, living, and dining area , creating a seamless flow perfect for gatherings and everyday enjoyment. Ultimate Comfort: Enjoy year-round comfort with a fully air-conditioned interior , ensuring a cool and inviting atmosphere throughout. Convenience at Hand: An internal laundry area adds to the practicality of daily living. Secure & Serene: Nestled within a gated community and featuring a perimeter fence , this home offers peace of mind and enhanced security. Reliable Utilities: Equipped with a water pump and tank , you’ll have consistent water supply. Unbeatable Location: 1 minute to East Gate & Trincity Mall – your retail and dining needs are just around the corner! 3 minutes to the Churchill Roosevelt Highway – quick access to major routes for easy commuting. 5 minutes to the Piarco Plaza – more shopping, dining, and services within easy reach. This move-in-ready residence is more than just a house; it’s a lifestyle upgrade. Don’t miss this exceptional opportunity to own a slice of paradise in Trincity. Contact me today to schedule your private viewing and make this exquisite home your own!

About the Region
Trincity Trincity is a planned community in northern Trinidad. It is located along the East–West Corridor south of Tunapuna and north of Piarco. Trincity was developed by Home Construction Limited. In recent years Trincity has been one of the major growth areas in Trinidad and Tobago. Trincity Mall has been substantially enlarged, to a total of 2 million square feet making it the largest contiguous mall in the Caribbean. Trincity Mall’s anchor tenants include Caribbean Cinemas (eight-screen cineplex), Radio Shack, Francis Fashions, Tru Valu Grand Market, Pennywise Superstore just to name a few. Construction of an office park, three gated communities and a PGA golf course have been completed. Banks are located in both Trincity Mall, HB Legacy Centre and surroundings for easy business transactions. Restaurants, bars, schools and pharmacies can also be found in Trincity.",Unfurnished; Recently Renovated; Gated Community; Air Conditioning; Pantry; Powder Room; Parking on Compound; Leasehold Land; T&C Approved; Kid Friendly; Laundry Area/Facility; Built-in Closets; Water Tank; Water Pump; Water Heater,2026-08-06T23:24:39.784030+00:00
https://mybunchofkeys.com/property/exquisite-4-bedroom-residence-on-welcome-road-chaguanas/,"Exquisite 4-Bedroom Residence on Welcome Road, Chaguanas! - My Bunch of Keys","$3,600,000",BOK-895467,Chaguanas,4,4,,6,Amelinda Quash,Pinheiro Realty Services,(868) 762-8576,https://mybunchofkeys.com/wp-content/uploads/2021/05/TR.jpg,https://mybunchofkeys.com/wp-content/uploads/2025/06/WhatsApp-Image-2025-05-16-at-10.40.35-AM-5.jpeg,https://mybunchofkeys.com/wp-content/uploads/2025/06/WhatsApp-Image-2025-05-16-at-10.40.35-AM-5.jpeg; https://mybunchofkeys.com/wp-content/uploads/2025/06/WhatsApp-Image-2025-05-16-at-10.40.36-AM-3.jpeg; https://mybunchofkeys.com/wp-content/uploads/2025/06/WhatsApp-Image-2025-05-16-at-10.40.35-AM-6.jpeg; https://mybunchofkeys.com/wp-content/uploads/2025/06/WhatsApp-Image-2025-05-16-at-10.40.34-AM-7.jpeg; https://mybunchofkeys.com/wp-content/uploads/2025/06/19.png; https://mybunchofkeys.com/wp-content/uploads/2025/06/18.png; https://mybunchofkeys.com/wp-content/uploads/2025/06/17.png; https://mybunchofkeys.com/wp-content/uploads/2025/06/16.png; https://mybunchofkeys.com/wp-content/uploads/2025/06/11-1.png; https://mybunchofkeys.com/wp-content/uploads/2025/06/10.png; https://mybunchofkeys.com/wp-content/uploads/2025/06/8-1.png; https://mybunchofkeys.com/wp-content/uploads/2025/06/7-1.png; https://mybunchofkeys.com/wp-content/uploads/2025/06/5-1.png; https://mybunchofkeys.com/wp-content/uploads/2025/06/4-1.png; https://mybunchofkeys.com/wp-content/uploads/2025/06/3-1.png; https://mybunchofkeys.com/wp-content/uploads/2025/06/2-1.png; https://mybunchofkeys.com/wp-content/uploads/2025/06/1-1.png; https://mybunchofkeys.com/wp-content/uploads/2025/06/13.png,2026-07-15T21:09:20+00:00,,House,For Sale,"Discover unparalleled comfort and style in this magnificent 4-bedroom, 4-bathroom, two-story home for sale on Welcome Road, Chaguanas. This meticulously designed property offers ample space for family living and entertaining, both indoors and out. The thoughtful layout includes two spacious bedrooms on the ground floor , providing convenience and flexibility, while two additional bedrooms are located on the first floor , offering privacy and comfort. The heart of the home features an open-plan kitchen and living area , perfect for seamless daily life and social gatherings. Step out onto the inviting porch off the living room , ideal for enjoying your morning coffee or evening breezes. Experience the joy of expansive outdoor living with a spacious front and back yard . The truly exceptional backyard oasis boasts a stunning outdoor kitchen , perfect for al fresco dining, and a refreshing swimming pool complete with an outdoor bathroom – your private resort! The entire property, including the backyard, is fully tiled , ensuring easy maintenance and a sophisticated finish. Parking is never an issue with an enclosed garage featuring a roll-up door, accommodating two vehicles , plus additional parking for at least four more vehicles on the premises. For your convenience and security, the property is equipped with an automatic gate . This move-in-ready home combines luxurious features with practical design, offering the perfect blend of elegance and functionality. Don’t miss the opportunity to make this exquisite Chaguanas residence your own!

About the Region
Chaguanas The Borough of Chaguanas is the largest borough with an average population of 83,489 and fastest-growing town in Trinidad and Tobago, it is located in the West-Central area of Trinidad. Chaguanas is popular for its shopping malls, variety stores and street shopping. Many citizens as well as tourists visit these sites to partake in the buying of many items offered for sale. This town is fast paced as many business sectors such as banking, insurance, auto rentals and food are readily available. All sites are easily accessible as transport hubs are located throughout the streets of this beautiful town, not to mention the safety of the police & fire services that are available upon request. Home to the famous Divali Nagar site, many tourists as well as citizens visit this location to buy merchandise offered from the well-known Indian heritage such as clothing, food, religious items etc. Fun fact, Chaguanas was named after the indigenous tribe who originally settled there.",Unfurnished; Gated Compound; Private Pool; Wet Bar; Air Conditioning; Powder Room; Patio; Covered Garage; Parking on Compound; Remote Gate; Freehold Land; T&C Approved; Fully Fenced; Kid Friendly; Laundry Area/Facility; Built-in Closets; Walk-in Closets; Water Tank; Water Pump; Water Heater,2026-08-06T23:24:44.846064+00:00
https://mybunchofkeys.com/property/newly-renovated-single-storey-executive-home-for-sale-in-north-west-moorings/,Charming 3-Bedroom Home – For Sale or Rent! - My Bunch of Keys,"$5,000,000",BOK-588099,Westmoorings,3,3,,3,Amelinda Quash,Pinheiro Realty Services,(868) 762-8576,https://mybunchofkeys.com/wp-content/uploads/2021/05/TR.jpg,https://mybunchofkeys.com/wp-content/uploads/2023/05/3-14.jpg,https://mybunchofkeys.com/wp-content/uploads/2023/05/3-14.jpg; https://mybunchofkeys.com/wp-content/uploads/2023/05/1-15-1440x1080.jpg; https://mybunchofkeys.com/wp-content/uploads/2023/05/2-14-1440x1080.jpg; https://mybunchofkeys.com/wp-content/uploads/2023/05/4-13-1440x1080.jpg; https://mybunchofkeys.com/wp-content/uploads/2023/05/5-12-1440x1080.jpg; https://mybunchofkeys.com/wp-content/uploads/2023/05/6-12-1440x1080.jpg; https://mybunchofkeys.com/wp-content/uploads/2023/05/7-12-1440x1080.jpg; https://mybunchofkeys.com/wp-content/uploads/2023/05/8-12-1440x1080.jpg; https://mybunchofkeys.com/wp-content/uploads/2023/05/9-11-1440x1080.jpg; https://mybunchofkeys.com/wp-content/uploads/2023/05/10-6-1440x1080.jpg; https://mybunchofkeys.com/wp-content/uploads/2023/05/11-7-1440x1080.jpg; https://mybunchofkeys.com/wp-content/uploads/2023/05/12-6-1440x1080.jpg; https://mybunchofkeys.com/wp-content/uploads/2023/05/13-4-1440x1080.jpg; https://mybunchofkeys.com/wp-content/uploads/2023/05/14-4-1440x1080.jpg; https://mybunchofkeys.com/wp-content/uploads/2023/05/16-2-1440x1080.jpg; https://mybunchofkeys.com/wp-content/uploads/2023/05/17-1440x1080.jpg; https://mybunchofkeys.com/wp-content/uploads/2023/05/18-1440x1080.jpg,2026-07-15T21:02:12+00:00,,House,For Sale,"🏡 Your Perfect Family Home Awaits! Nestled in a safe, family-friendly neighborhood , this beautifully upgraded 3-bedroom, 3-bathroom home offers the perfect blend of modern comfort and timeless charm . Whether you’re looking to buy or rent , this home is move-in ready and designed for effortless living. Property Features: ✨ Spacious Open-Plan Layout – A bright and airy living & dining area, perfect for entertaining. 🍽 Modern Kitchen – Tastefully renovated with stainless steel stove, fridge, and microwave . 🛁 Upgraded Bathrooms – Designed with elegance and functionality in mind. 🧺 External Laundry Area – Includes a washer and dryer for added convenience. 🚗 Ample Parking – Space for at least three vehicles . 🌳 Expansive Yard – Ideal for a play area, garden retreat, or outdoor entertainment space . 📍 Prime Location: Situated in a peaceful, well-connected neighborhood, this home provides easy access to schools, shopping, and essential amenities. 💰 Available for Sale or Rent – Don’t Miss Out! 📞 Call today to schedule a viewing!

About the Region
Westmoorings Westmoorings is a residential area in the region of Diego Martin on the island Trinidad, west of Port of Spain, the capital of Trinidad and Tobago. This suburb consists of mainly lower middle class to upper-class families and is generally known throughout the country for its upscale housing and expatriate population. It also has a few offshore moorings, a mall (The Falls at Westmall), a government college (St. Anthony's College), the International School of Port of Spain, and a private primary school, Dunross Preparatory School. It is bordering the sea and the Diego Martin River. It also has a Massy store, KFC, and Republic Bank.",Unfurnished; Semi Furnished; Recently Renovated; Gated Compound; Air Conditioning; Kitchen Appliances; Powder Room; Patio; Parking on Compound; Remote Gate; Leasehold Land; T&C Approved; Pet Friendly; Kid Friendly; Laundry Area/Facility; Built-in Closets; Water Tank; Water Pump,2026-08-06T23:36:01.512843+00:00
https://mybunchofkeys.com/property/house-for-sale-santa-cruz-3/,"House for Sale, Santa Cruz - My Bunch of Keys","$3,400,000",BOK-1060220,"Hololo Heights, Santa Cruz, Santa Cruz",4,5,10300sq.ft.,3,Lauren Carabache,Open Door Realty,(868) 682-7811,https://mybunchofkeys.com/wp-content/uploads/2025/12/Lauren-Carabache-320x320.jpg,https://mybunchofkeys.com/wp-content/uploads/2026/07/Santa-Cruz-Ext-D-Moka-July-2026-1.jpeg,https://mybunchofkeys.com/wp-content/uploads/2026/07/Santa-Cruz-Ext-D-Moka-July-2026-1.jpeg; https://mybunchofkeys.com/wp-content/uploads/2026/07/Santa-Cruz-Ext2-D-Moka-July-2026-1.jpeg; https://mybunchofkeys.com/wp-content/uploads/2026/07/Santa-Cruz-Ext1-D-Moka-July-2026-1.jpeg; https://mybunchofkeys.com/wp-content/uploads/2026/07/Santa-Cruz-Courtyard-D-Moka-July-2026-1.jpeg; https://mybunchofkeys.com/wp-content/uploads/2026/07/Santa-Cruz-Garden-D-Moka-July-2026-1.jpeg; https://mybunchofkeys.com/wp-content/uploads/2026/07/Santa-Cruz-Views-D-Moka-July-2026-1.jpeg; https://mybunchofkeys.com/wp-content/uploads/2026/07/Santa-Cruz-Staircase1-D-Moka-July-2026-1.jpeg; https://mybunchofkeys.com/wp-content/uploads/2026/07/Santa-Cruz-Living-Room3-D-Moka-July-2026-1.jpeg; https://mybunchofkeys.com/wp-content/uploads/2026/07/Santa-Cruz-Living-Room1-D-Moka-July-2026-1.jpeg; https://mybunchofkeys.com/wp-content/uploads/2026/07/Santa-Cruz-Living-Room-D-Moka-July-2026-1.jpeg; https://mybunchofkeys.com/wp-content/uploads/2026/07/Santa-Cruz-Family-Room-D-Moka-July-2026-1-1.jpeg; https://mybunchofkeys.com/wp-content/uploads/2026/07/Santa-Cruz-Kitchen-D-Moka-July-2026-1.jpeg; https://mybunchofkeys.com/wp-content/uploads/2026/07/Santa-Cruz-Kitchen1-D-Moka-July-2026-1.jpeg; https://mybunchofkeys.com/wp-content/uploads/2026/07/Santa-Cruz-Bath-D-Moka-July-2026-1.jpeg; https://mybunchofkeys.com/wp-content/uploads/2026/07/Santa-Cruz-Bedroom-D-Moka-July-2026-1.jpeg,2026-07-15T20:58:40+00:00,,House,For Sale,"Exceptional Space, Comfort & Value | Hololo Heights, Santa Cruz 5,018 Sq. Ft. Home on 10,300 Sq. Ft. of Land Asking: $3.4M ONO Experience the perfect blend of space, comfort, and tranquillity in this impressive two-storey residence, nestled within the peaceful, established community of Hololo Heights, Santa Cruz. Set on a generous 10,300 sq. ft. freehold lot , this home offers approximately 5,018 sq. ft. of living space , making it ideal for growing families or those who simply appreciate room to live, work, and entertain. Tucked away in a quiet hillside neighbourhood, the property enjoys privacy, refreshing mountain breezes, and a serene atmosphere while remaining conveniently accessible to nearby amenities. Property Features: • 4 spacious en-suite bedrooms • 5½ bathrooms • Expansive primary suite with private balcony • Upper-level balconies showcasing beautiful mountain views • Formal and informal living areas • Open-plan design with generous living and entertaining spaces • Multipurpose room adjacent to the laundry area—ideal as a home office, gym, playroom, or additional storage • Covered and uncovered parking • Large outdoor space with endless potential for landscaping, gardening, or family recreation Whether you’re looking for a forever family home or a property with exceptional space and versatility, this residence presents outstanding value in one of Santa Cruz’s well-established residential communities. Contact us today to arrange your private viewing and discover all that this exceptional property has to offer.

About the Region
Santa Cruz Santa Cruz is a town in Trinidad and Tobago. It extends across the Santa Cruz Valley, between Maraval and San Juan, along the Saddle Road. It lies between the hills of the Northern Range, a mountain range Santa Cruz is home for a few primary and secondary schools. Some primary schools include the La Pastora Government Primary School, Santa Cruz Presbyterian School, Cantaro Roman Catholic School and Bourg Mulatresse Primary School. San Juan North Secondary School is also situated in the Lower Santa Cruz Valley and it was constructed along the mountain side in Bourg Mulatresse near the Bourg Mulatresse Primary School. There are two postal delivery offices and fuel stations in Bourg Mulatresse and Cantaro. Santa Cruz is also home of a police station and a fire station. The Santa Cruz Fire Station houses the Land Search and Rescue Team, this team responds to all search and rescue calls within the Northern Division dealing with automobile accidents, fire emergencies, North Coast Road mishaps and assisting EMTs in responding to medical emergencies beyond road access.",Semi Furnished; Gated Compound; Internet Access; Air Conditioning; Kitchen Appliances; Kitchen Island; Powder Room; Parking on Compound; Pet Friendly; Laundry Area/Facility; Built-in Closets; Water Tank; Water Pump; Water Heater,2026-08-06T23:33:17.974113+00:00
https://mybunchofkeys.com/property/central-park-house-for-sale-6-beds-5-baths/,"CENTRAL PARK HOUSE FOR SALE (6 Beds, 5 Baths) - My Bunch of Keys","$3,200,000",BOK-1059631,"Central Park, Balmain Central Park Couva",6,5,6030sq.ft.,6,Mode De Vie Real Estate,,(868) 763-8155,https://mybunchofkeys.com/wp-content/uploads/2024/06/Mode-De-Vie-Logo-320x320.jpg,https://mybunchofkeys.com/wp-content/uploads/2026/07/313a098b-87e9-4b84-b0f4-22917fc34b12.jpeg,https://mybunchofkeys.com/wp-content/uploads/2026/07/313a098b-87e9-4b84-b0f4-22917fc34b12.jpeg; https://mybunchofkeys.com/wp-content/uploads/2026/07/313a098b-87e9-4b84-b0f4-22917fc34b12-1483x1080.jpeg; https://mybunchofkeys.com/wp-content/uploads/2026/07/431bd1a1-04aa-4011-9796-31846f10d6aa.jpeg; https://mybunchofkeys.com/wp-content/uploads/2026/07/634bc26f-70a7-4893-a2f7-fc9dcbb2db63-1440x1080.jpeg; https://mybunchofkeys.com/wp-content/uploads/2026/07/d34c5d51-fa2a-49c5-83c1-f6e6cc50e9d7-1440x1080.jpeg; https://mybunchofkeys.com/wp-content/uploads/2026/07/4c3b7fec-3b9a-44e7-a092-c1530e43c75e-1440x1080.jpeg; https://mybunchofkeys.com/wp-content/uploads/2026/07/bbd8bff6-5a74-4e35-8156-66e4a4e6d653-1440x1080.jpeg; https://mybunchofkeys.com/wp-content/uploads/2026/07/90f54f4e-2ec2-45db-bab7-d88e91f5844a-1440x1080.jpeg; https://mybunchofkeys.com/wp-content/uploads/2026/07/fc8181c7-6727-45a9-9c20-42ce70a45bc7-1440x1080.jpeg; https://mybunchofkeys.com/wp-content/uploads/2026/07/ef2a70b2-67ed-4f9d-9713-62e012c8073e-1440x1080.jpeg; https://mybunchofkeys.com/wp-content/uploads/2026/07/68aba198-80a3-40fb-b3d2-009de2af3bd4-1440x1080.jpeg; https://mybunchofkeys.com/wp-content/uploads/2026/07/4c012f5f-ccab-4ba3-ba0d-1446b2e9d107-1440x1080.jpeg; https://mybunchofkeys.com/wp-content/uploads/2026/07/20fb4439-735e-4019-8dd7-a25e38cac5cb-1440x1080.jpeg; https://mybunchofkeys.com/wp-content/uploads/2026/07/dfb16f5d-1d57-4f44-b0cf-6d8cbb4321c7-1440x1080.jpeg; https://mybunchofkeys.com/wp-content/uploads/2026/07/4e1cb7eb-a881-422f-8c8a-328d5bea11fe-1440x1080.jpeg; https://mybunchofkeys.com/wp-content/uploads/2026/07/b23ffafb-a8f5-4b0c-bf7d-8e8517faea55-1440x1080.jpeg; https://mybunchofkeys.com/wp-content/uploads/2026/07/273d2d1f-8086-413e-82f8-a26ff68db378-1440x1080.jpeg; https://mybunchofkeys.com/wp-content/uploads/2026/07/5df2a7b9-2bc0-429f-b23a-7244342754aa-1440x1080.jpeg; https://mybunchofkeys.com/wp-content/uploads/2026/07/780a79b9-62f5-47bd-8425-929d1522cbcd-1440x1080.jpeg; https://mybunchofkeys.com/wp-content/uploads/2026/07/6b75a652-6395-4029-83b6-43a185aaed87-1440x1080.jpeg; https://mybunchofkeys.com/wp-content/uploads/2026/07/31078c8f-fac4-498f-9483-c42555901a58-1440x1080.jpeg; https://mybunchofkeys.com/wp-content/uploads/2026/07/e0866b27-1ea1-419b-a039-66a543c5a968-1440x1080.jpeg; https://mybunchofkeys.com/wp-content/uploads/2026/07/878d9eef-1643-47da-b100-1d57b5b3d141-1440x1080.jpeg; https://mybunchofkeys.com/wp-content/uploads/2026/07/472ced2e-5c57-4ade-9700-c0cb785e87e8-1440x1080.jpeg; https://mybunchofkeys.com/wp-content/uploads/2026/07/d11eb1c7-51a5-4a99-8595-25637b12c988-810x1080.jpeg; https://mybunchofkeys.com/wp-content/uploads/2026/07/5dcc69c6-f23c-45c7-a846-35a154cac820-1440x1080.jpeg; https://mybunchofkeys.com/wp-content/uploads/2026/07/e2aae14b-12c3-43d5-944e-48a0e52f90c1-1440x1080.jpeg; https://mybunchofkeys.com/wp-content/uploads/2026/07/14d383b8-a91d-4b65-88e8-137c1b3d8f91-1440x1080.jpeg; https://mybunchofkeys.com/wp-content/uploads/2026/07/3ecf9532-8dcc-4819-b92d-1b3b7976d4c6-1440x1080.jpeg; https://mybunchofkeys.com/wp-content/uploads/2026/07/20d48251-de62-4e71-b922-30082978c010-810x1080.jpeg; https://mybunchofkeys.com/wp-content/uploads/2026/07/13f7b0e7-d2fe-486f-b3ff-79f0a16fb350-1440x1080.jpeg; https://mybunchofkeys.com/wp-content/uploads/2026/07/348362bd-c8e0-4f47-b8d5-97fb8ab58e3d-1440x1080.jpeg; https://mybunchofkeys.com/wp-content/uploads/2026/07/47d1024d-9da0-4988-ae3d-cd59600f16ab-810x1080.jpeg,2026-07-15T16:21:56+00:00,,House,For Sale,"CENTRAL PARK HOUSE 6030 sq. ft. – Land 4000 sq. ft. – House Leasehold 6 Bedrooms 5 Baths 3 Bedrooms en-suite 2 Kitchens 1 Kitchenette Bonus room Office 2 Living rooms Covered garage Parking for 6 vehicles Trees – Coconut, Mango, Fig Price – $3.2M Located in Central Park, stands this beautiful, large house, in the safe-knit community of Balmain. It features 6 bedrooms of which 3 are en-suite. A newly constructed area of the house gives new rooms and a gorgeous, large expanse of living area. The kitchen cupboards are made of Cedar wood with beautiful granite countertops. There are multiple spaces for a home office. Covered parking is available for 2 vehicles, with additional parking for 4 more. Beautiful vegetation surrounds this house with spaces for entertaining guests and relatives. This will not be on the market for long. Book your viewing today!

About the Region
Couva For many years, the village was little more than a clearing in a sugarcane field. The population was mainly indentured workers of Indian origin with a smaller number of former African slaves and numbered no more than a few hundred. Couva continued to grow in size with the national census recording a figure of 3,572 persons in 1980. Couva benefits immensely from its unique location. The Sir Solomon Hochoy Highway ensures easy access to Port of Spain and San Fernando, in addition to the neighboring towns of Chaguanas, Arima and Point Fortin. Transportation, Public Service Utilities, Shopping, Recreation and Entertainment, Health Care, Businesses, Schools and Industrial Centres are readily accessible. The urban structure of Couva is similar to that of most towns in Central Trinidad with a mix of residential and commercial activity within the town centre itself, i.e. along the Southern Main Road, recently people have begun buying land and starting their businesses out of the town centre areas. Couva is the administrative and commercial centre of the region and the Point Lisas Port and Industrial Estate falls within the Greater Couva Urban Area. Most popular sites in Couva are now the Brian Lara Stadium where the CPL is held. This attracts many tourists to come sit and watch the exciting cricket matches",Unfurnished; Gated Compound; Air Conditioning; Patio; Covered Garage; Parking on Compound; Remote Gate; Leasehold Land; Fully Fenced; Pet Friendly; Kid Friendly; Office Space; Laundry Area/Facility; Built-in Closets,2026-08-06T23:22:24.988339+00:00
https://mybunchofkeys.com/property/house-for-sale-block-4-palmiste-3-725mtt/,"House For Sale - Block 4, Palmiste - TTD$3.55M - My Bunch of Keys","$3,550,000",BOK-949085,La Romain Palmiste San Fernando,4,3,7027sq.ft.,4,Veridian Realty,,(868) 476-4235,https://mybunchofkeys.com/wp-content/uploads/2021/09/veridian-logo-320x320.png,https://mybunchofkeys.com/wp-content/uploads/2025/10/DSC04928.jpg,https://mybunchofkeys.com/wp-content/uploads/2025/10/DSC04928.jpg; https://mybunchofkeys.com/wp-content/uploads/2025/10/DSC04897.jpg; https://mybunchofkeys.com/wp-content/uploads/2025/10/DSC04902.jpg; https://mybunchofkeys.com/wp-content/uploads/2025/10/DSC04876.jpg; https://mybunchofkeys.com/wp-content/uploads/2025/10/DSC04878.jpg; https://mybunchofkeys.com/wp-content/uploads/2025/10/DSC04883.jpg; https://mybunchofkeys.com/wp-content/uploads/2025/10/DSC04890.jpg; https://mybunchofkeys.com/wp-content/uploads/2025/10/DSC04892.jpg; https://mybunchofkeys.com/wp-content/uploads/2025/10/DSC04919.jpg; https://mybunchofkeys.com/wp-content/uploads/2025/10/DSC04924.jpg; https://mybunchofkeys.com/wp-content/uploads/2025/10/DJI_20251002143515_0091_D.jpg; https://mybunchofkeys.com/wp-content/uploads/2025/10/DJI_20251002143607_0096_D.jpg; https://mybunchofkeys.com/wp-content/uploads/2025/10/DJI_20251002143650_0100_D.jpg,2026-07-15T09:00:41+00:00,,House,For Sale,"House For Sale – Block 4, Palmiste – TTD$3.55M Elegant and spacious two-storey home comprising approximately 4,048sf of living space on 7,027sf of 999-year leasehold land. This beautifully finished residence features 4 bedrooms and 3.5 bathrooms, including two main bedrooms—one on the ground floor and another on the first floor. The fully air-conditioned interior showcases teak kitchen cabinetry with marble countertops, gypsum ceilings, downlights, and a walk-in closet in the primary suite. Designed for comfort and entertaining, the home offers multiple living and entertainment areas, a private swimming pool with a quartz stone deck, and a covered garage for 2 vehicles with additional on-site parking for up to 4 cars. Two storage rooms provide added convenience. Please contact us for more information:

About the Region
La Romain La Romain is located along the South Truck Road and Southern Main Road in the South West region of Trinidad. It is known as a residential area, the community also has a high school, a primary school, small businesses, a conference centre, puja shops etc. Located in La Romain is Dansteel Limited, Dyna Plas Limited, Pennywise Cosmetics Limited which contributes to employment of residents.",Unfurnished; Private Pool; Air Conditioning; Powder Room; Patio; Covered Garage; Parking on Compound; Remote Gate; Fully Fenced; Pet Friendly; Kid Friendly; Office Space; Laundry Area/Facility; Built-in Closets; Walk-in Closets; Water Tank; Water Pump; Water Heater,2026-08-06T23:30:55.046191+00:00
https://mybunchofkeys.com/property/for-sale-modern-3-bedroom-house-in-gated-community/,FOR SALE: MODERN 3 BEDROOM HOUSE IN GATED COMMUNITY - My Bunch of Keys,"$2,200,000",BOK-1059731,"Daniel Estate, Mt Moriah Road, Chaguanas Chin Chin Cunupia",3,2,9500sq.ft.,,Exclusive Paragon Properties,,(868) 323-7196,https://mybunchofkeys.com/wp-content/uploads/2026/07/Paragon-Properties-Logo.png,https://mybunchofkeys.com/wp-content/uploads/2026/07/Screenshot-2026-07-14-204321.png,https://mybunchofkeys.com/wp-content/uploads/2026/07/Screenshot-2026-07-14-204321.png; https://mybunchofkeys.com/wp-content/uploads/2026/07/MAX_0170.jpg; https://mybunchofkeys.com/wp-content/uploads/2026/07/Screenshot-2026-07-14-204426.png; https://mybunchofkeys.com/wp-content/uploads/2026/07/Screenshot-2026-07-14-204526.png; https://mybunchofkeys.com/wp-content/uploads/2026/07/1Q2A2410-HDR-1620x1080.jpg; https://mybunchofkeys.com/wp-content/uploads/2026/07/1Q2A2395-HDR-720x1080.jpg; https://mybunchofkeys.com/wp-content/uploads/2026/07/1Q2A2340-HDR-720x1080.jpg; https://mybunchofkeys.com/wp-content/uploads/2026/07/1Q2A2365-HDR-1620x1080.jpg; https://mybunchofkeys.com/wp-content/uploads/2026/07/1Q2A2320-HDR-1620x1080.jpg; https://mybunchofkeys.com/wp-content/uploads/2026/07/Screenshot-2026-07-14-204445.png; https://mybunchofkeys.com/wp-content/uploads/2026/07/Screenshot-2026-07-14-204506.png; https://mybunchofkeys.com/wp-content/uploads/2026/07/Screenshot-2026-07-14-204259.png; https://mybunchofkeys.com/wp-content/uploads/2026/07/475231792_17996405729748888_9075288852610633779_n-1080x1080.jpg,2026-07-15T00:49:52+00:00,,House,For Sale,"📍Location: Mt Moriah Road, Cunupia 💰Price: $2.2M (Unfurnished) $2.4M (Furnished) Step into contemporary comfort with this New 3-bedroom, 2-bathroom home, perfectly positioned on a generous 9,500 sq. ft. lot in a quiet, gated community. Designed with style and functionality in mind, this move-in-ready home offers spacious living, premium finishes, and a peaceful setting that’s ideal for families or professionals. Property Features: 🔸 3 Bedrooms, 2 Bathrooms 🔸 Spacious Master room with en-suite bathroom 🔸 Open-concept living and dining areas 🔸 Modern kitchen with quality finishes 🔸 Contemporary lighting fixtures throughout 🔸 Fully air-conditioned 🔸 Expansive 9,500 sq. ft. lot with plenty of yard space for entertaining, gardening, or future additions ✅ Located in a secure, gated community ✅ Enjoy access to a beautiful community swimming pool ✅ Peaceful, family-friendly neighborhood with a relaxed atmosphere Whether you’re looking for your forever home or a smart investment, this stunning property offers the perfect blend of modern elegance, privacy, and outdoor space. 📞 Contact us today! #HouseForSaleCunupia #NewListing #DanielEstateCunupia #Chaguanas #HomeForSale #ParagonProperties #RealEstate #PropertyForSale #HouseHunting #HomeOwnership #MoveInReady #TrinidadRealEstate #TTRealEstate #HouseForSaleTT #CaribbeanRealEstate #FindYourHome #Cunupia

About the Region
Chaguanas The Borough of Chaguanas is the largest borough with an average population of 83,489 and fastest-growing town in Trinidad and Tobago, it is located in the West-Central area of Trinidad. Chaguanas is popular for its shopping malls, variety stores and street shopping. Many citizens as well as tourists visit these sites to partake in the buying of many items offered for sale. This town is fast paced as many business sectors such as banking, insurance, auto rentals and food are readily available. All sites are easily accessible as transport hubs are located throughout the streets of this beautiful town, not to mention the safety of the police & fire services that are available upon request. Home to the famous Divali Nagar site, many tourists as well as citizens visit this location to buy merchandise offered from the well-known Indian heritage such as clothing, food, religious items etc. Fun fact, Chaguanas was named after the indigenous tribe who originally settled there.",Move in Ready; Gated Community; Shared Pool; Air Conditioning; Remote Gate; Leasehold Land; T&C Approved; Laundry Area/Facility; Built-in Closets,2026-08-06T23:27:05.944612+00:00
https://mybunchofkeys.com/property/scenic-valley-view-house-for-sale-rent/,Luxury 4 Bedroom Villa in Valley View for SALE - My Bunch of Keys,"$6,980,000",BOK-952104,"valley view, st. joseph, Maracas Valley St. Joseph",4,5,20756sq.ft.,2,Shanna Singh Baksh,Alcazar Realtors,(868) 332-4780,https://mybunchofkeys.com/wp-content/uploads/2025/12/Shanna-Singh-Baskh-320x320.jpeg,https://mybunchofkeys.com/wp-content/uploads/2025/10/IMG_5977-1.jpg,https://mybunchofkeys.com/wp-content/uploads/2025/10/IMG_5977-1.jpg; https://mybunchofkeys.com/wp-content/uploads/2025/10/IMG_5878-1620x1080.jpg; https://mybunchofkeys.com/wp-content/uploads/2025/10/IMG_6032-1620x1080.jpg; https://mybunchofkeys.com/wp-content/uploads/2025/10/IMG_5825-1620x1080.jpg; https://mybunchofkeys.com/wp-content/uploads/2025/10/IMG_5815-1-1620x1080.jpg; https://mybunchofkeys.com/wp-content/uploads/2025/10/IMG_5811-1-1620x1080.jpg; https://mybunchofkeys.com/wp-content/uploads/2025/10/IMG_5863-1620x1080.jpg; https://mybunchofkeys.com/wp-content/uploads/2025/10/IMG_5847-1620x1080.jpg; https://mybunchofkeys.com/wp-content/uploads/2025/10/IMG_6011-1620x1080.jpg; https://mybunchofkeys.com/wp-content/uploads/2025/10/IMG_6015-1620x1080.jpg; https://mybunchofkeys.com/wp-content/uploads/2025/10/IMG_5896-1620x1080.jpg; https://mybunchofkeys.com/wp-content/uploads/2025/10/IMG_5990-1620x1080.jpg; https://mybunchofkeys.com/wp-content/uploads/2025/10/IMG_6034-1620x1080.jpg; https://mybunchofkeys.com/wp-content/uploads/2025/10/IMG_5977-1-1620x1080.jpg; https://mybunchofkeys.com/wp-content/uploads/2025/10/IMG_5913-1620x1080.jpg; https://mybunchofkeys.com/wp-content/uploads/2025/10/IMG_5831-1620x1080.jpg; https://mybunchofkeys.com/wp-content/uploads/2025/10/IMG_5961-1620x1080.jpg; https://mybunchofkeys.com/wp-content/uploads/2025/10/IMG_5931-1620x1080.jpg; https://mybunchofkeys.com/wp-content/uploads/2025/10/IMG_5956-1620x1080.jpg; https://mybunchofkeys.com/wp-content/uploads/2025/10/IMG_5950-1620x1080.jpg; https://mybunchofkeys.com/wp-content/uploads/2025/10/IMG_5929-1620x1080.jpg,2026-07-14T18:44:43+00:00,,House,For Sale,"✨ Luxury Hillside Estate — Panoramic Views of El Tucuche Set on half an acre of meticulously landscaped grounds, this exceptional residence commands tranquil, uninterrupted views of El Tucuche Mountain and the surrounding hills — a rare offering of privacy, elegance, and enduring appeal. Entry through a wrought-iron gate introduces a home where contemporary design meets classic craftsmanship. Marble flooring, hand-carved mahogany doors, jalousie windows, silk drapery, and bull-nosed staircases speak to meticulous attention to detail throughout. 🛏 Three en-suite bedrooms open onto private verandahs, with the master suite enjoying its own terrace, a generous walk-in closet, private office, and a spa-inspired bathroom with glass-enclosed shower and soaking tub. ❤ Open-plan living and dining spaces extend seamlessly onto the pool deck, framed by lush garden views — designed equally for entertaining and quiet retreat. The property is being sold inclusive of fixtures, fittings, appliances and furniture. Additional Features include: 🏡 Self-contained pool cottage with en-suite bathroom 🏋🏽‍♀ Private gym beneath the pool deck 🚗 Two-car enclosed garage with electric gate 🚻 Guest powder room 🔋 Backup generator and full security camera system 🍽 Outdoor entertaining patio with kitchen and bar 🌳 Mature, professionally landscaped gardens anchored by a signature Samman tree

About the Region
Maracas Valley Maracas Valley is a valley located in North-East Trinidad. It is separated by two mountains between Maracas–Saint Joseph and Maracas Beach. The valley is home to the nation's tallest waterfall, Maracas Falls, which towers over the valley with a height of 91.5 meters (300 ft) and is the source of the Maracas River. This river provides water for the surrounding communities. Maracas Valley is also the location of the main campus for the University of the Southern Caribbean. Trinidad's second highest mountain peak, El Tucuche, towers over the lush valley and bounds it to the north. Due to this geographic location, the valley is usually cool",Fully Furnished; Move in Ready; Gated Compound; Private Pool; Air Conditioning; Kitchen Appliances; Kitchen Island; Home Gym; Powder Room; Patio; Security Alarms; Security Cameras; Covered Garage; Remote Gate; Freehold Land; Fully Fenced; Laundry Area/Facility; Built-in Closets; Walk-in Closets,2026-08-06T23:38:56.790629+00:00
https://mybunchofkeys.com/property/house-for-sale-charlieville-chaguanas-3-9mtt/,"House For Sale - Charlieville, Chaguanas - TTD$3.6M - My Bunch of Keys","$3,600,000",BOK-967025,Chaguanas Charlieville,5,5,4000sq.ft.,2,Veridian Realty,,(868) 476-4235,https://mybunchofkeys.com/wp-content/uploads/2021/09/veridian-logo-320x320.png,https://mybunchofkeys.com/wp-content/uploads/2025/11/DJI_20251110123602_0557_D.jpg,https://mybunchofkeys.com/wp-content/uploads/2025/11/DJI_20251110123602_0557_D.jpg; https://mybunchofkeys.com/wp-content/uploads/2025/11/DSC06040.jpg; https://mybunchofkeys.com/wp-content/uploads/2025/11/DSC06047.jpg; https://mybunchofkeys.com/wp-content/uploads/2025/11/DSC06077.jpg; https://mybunchofkeys.com/wp-content/uploads/2025/11/DSC06064.jpg; https://mybunchofkeys.com/wp-content/uploads/2025/11/DSC06003.jpg; https://mybunchofkeys.com/wp-content/uploads/2025/11/DSC06010.jpg; https://mybunchofkeys.com/wp-content/uploads/2025/11/DSC06032.jpg; https://mybunchofkeys.com/wp-content/uploads/2025/11/DSC06049.jpg; https://mybunchofkeys.com/wp-content/uploads/2025/11/DSC06105.jpg; https://mybunchofkeys.com/wp-content/uploads/2025/11/DSC06082.jpg; https://mybunchofkeys.com/wp-content/uploads/2025/11/DSC06109.jpg; https://mybunchofkeys.com/wp-content/uploads/2025/11/DSC06123.jpg; https://mybunchofkeys.com/wp-content/uploads/2025/11/DJI_20251110123713_0564_D.jpg,2026-07-14T10:30:17+00:00,,House,For Sale,"House For Sale – Charlieville, Chaguanas – TTD$3.6M This spacious, well-maintained two storey residential property offers over 4,000sf of versatile living space, ideal for investment, rental income, or multi-family living. It features 5 bedrooms, 5 bathrooms, 2 living rooms, 2 dining rooms, 2 fully equipped kitchens, and 2 laundry areas—perfect for dual-family use or tenant accommodation. Additional highlights include a private office, full air-conditioning, ample storage, a flexible layout, and quality finishes throughout. Located in the highly accessible community of Charlieville, it provides convenient proximity to the highway, Prize Plaza, shopping centers, restaurants, and other essential amenities, making it an exceptional choice for comfort and practicality. Please contact us for more information:

About the Region
Chaguanas The Borough of Chaguanas is the largest borough with an average population of 83,489 and fastest-growing town in Trinidad and Tobago, it is located in the West-Central area of Trinidad. Chaguanas is popular for its shopping malls, variety stores and street shopping. Many citizens as well as tourists visit these sites to partake in the buying of many items offered for sale. This town is fast paced as many business sectors such as banking, insurance, auto rentals and food are readily available. All sites are easily accessible as transport hubs are located throughout the streets of this beautiful town, not to mention the safety of the police & fire services that are available upon request. Home to the famous Divali Nagar site, many tourists as well as citizens visit this location to buy merchandise offered from the well-known Indian heritage such as clothing, food, religious items etc. Fun fact, Chaguanas was named after the indigenous tribe who originally settled there.",Unfurnished; Air Conditioning; Patio; Covered Garage; Parking on Compound; Fully Fenced; Pet Friendly; Kid Friendly; Laundry Area/Facility; Built-in Closets; Water Tank; Water Pump; Water Heater,2026-08-06T23:31:14.400934+00:00
https://mybunchofkeys.com/property/for-sale-3-bedroom-house-in-cane-farm-trincity/,FOR SALE: 3 BEDROOM HOUSE IN CANE FARM TRINCITY - My Bunch of Keys,"$2,400,000",BOK-1059165,"Cane Farm, Arouca Trincity",3,2,5000sq.ft.,,Exclusive Paragon Properties,,(868) 323-7196,https://mybunchofkeys.com/wp-content/uploads/2026/07/Paragon-Properties-Logo.png,https://mybunchofkeys.com/wp-content/uploads/2026/07/WhatsApp-Image-2026-07-27-at-6.16.00-AM-2.jpeg,https://mybunchofkeys.com/wp-content/uploads/2026/07/WhatsApp-Image-2026-07-27-at-6.16.00-AM-2.jpeg; https://mybunchofkeys.com/wp-content/uploads/2026/07/WhatsApp-Image-2026-07-27-at-6.16.00-AM-2-1440x1080.jpeg; https://mybunchofkeys.com/wp-content/uploads/2026/07/WhatsApp-Image-2026-07-13-at-10.53.28-PM-810x1080.jpeg; https://mybunchofkeys.com/wp-content/uploads/2026/07/WhatsApp-Image-2026-07-13-at-10.53.28-PM-1-1440x1080.jpeg; https://mybunchofkeys.com/wp-content/uploads/2026/07/20260212_102307-810x1080.jpg; https://mybunchofkeys.com/wp-content/uploads/2026/07/20260212_102910-810x1080.jpg; https://mybunchofkeys.com/wp-content/uploads/2026/07/20260212_102928-810x1080.jpg,2026-07-14T02:55:54+00:00,,House,For Sale,"📍Location: Cane Farm East, Trincity 💰Price: $2.4M or US Equivalent Property Features: 🔸 3 Bedrooms, 2 Full Bathrooms 🔸 Air-conditioned bedrooms 🔸 Spacious open-plan living and dining room 🔸 Modern kitchen with built-in cupboards 🔸 Convenient indoor laundry area 🔸 Covered carport 🔸 One (1) 1,000-gallon water tank with water pump 🔸 Situated on 4,000 sq. ft. of leasehold land ✅ Easy access to the Eastern Main Road and Priority Bus Route ✅ Just 2 minutes from East Gates Mall, Trincity Mall, SuperPharm, Banks, Supermarkets, Restaurants, Schools, and other everyday amenities 💡 With just a few minor upgrades, this home can be transformed into your modern dream residence or an excellent investment opportunity. Don’t miss this chance to own a well-located home with outstanding potential. Contact us today to arrange a viewing! #FirstTimeHomeBuyer #ParagonProperties #houseforsaleTrincity #PropertyForSale #HouseHunting #PropertyforsaleTrinidad #Realestateagent #TrinidadRealEstate

About the Region
Arouca Arouca is a town in the East–West Corridor of Trinidad and Tobago located 19 km East of Port-of-Spain, along the Eastern Main Road. It is located west of Arima, east of Tunapuna and Tacarigua, south of Lopinot, and north of Piarco. It mainly comprises residential housing. There are several schools located in Arouca including the Bon Air Primary School, Arouca Anglican Primary School, Arouca Girls R.C., Arouca Boys R.C., Arouca Government Primary Schools and Bon Air High School. Arouca is home to four prisons and one correctional facility. These include the Golden Grove Prison, Remand Prison, Women's Prison and Youth Training and Rehabilitation Centre.",Unfurnished; Move in Ready; Air Conditioning; Covered Garage; Parking on Compound; Remote Gate; T&C Approved; Laundry Area/Facility; Water Tank; Water Pump,2026-08-06T23:25:51.063241+00:00
https://mybunchofkeys.com/property/house-for-sale-in-arima-just-off-tumpuna-road/,"House for SALE in Arima, just off Tumpuna Road - My Bunch of Keys","$3,200,000",BOK-1059075,Arima,5,3,,3,Alan Real Estate T&T,,(868) 362-6771,https://mybunchofkeys.com/wp-content/uploads/2021/02/Alan-Real-Estate-TT-320x320.png,https://mybunchofkeys.com/wp-content/uploads/2026/07/Cover-photo-Ganknaski-Avenue-Arima.jpg,https://mybunchofkeys.com/wp-content/uploads/2026/07/Cover-photo-Ganknaski-Avenue-Arima.jpg; https://mybunchofkeys.com/wp-content/uploads/2026/07/Ganknaski-Avenu-Arima-for-RENT-2-br-upstairs-12-810x1080.jpg; https://mybunchofkeys.com/wp-content/uploads/2026/07/Games-room-area-1-810x1080.jpeg; https://mybunchofkeys.com/wp-content/uploads/2026/07/Games-room-area-2-810x1080.jpeg; https://mybunchofkeys.com/wp-content/uploads/2026/07/Games-room-area-4-810x1080.jpeg; https://mybunchofkeys.com/wp-content/uploads/2026/07/Ganknaski-Avenu-Arima-for-RENT-2-br-upstairs-2-1440x1080.jpg; https://mybunchofkeys.com/wp-content/uploads/2026/07/Ganknaski-Avenu-Arima-for-RENT-2-br-upstairs-4-810x1080.jpg; https://mybunchofkeys.com/wp-content/uploads/2026/07/Ganknaski-Avenu-Arima-for-RENT-2-br-upstairs-6-810x1080.jpg; https://mybunchofkeys.com/wp-content/uploads/2026/07/Ganknaski-Avenu-Arima-for-RENT-2-br-upstairs-7-1440x1080.jpg; https://mybunchofkeys.com/wp-content/uploads/2026/07/Ganknaski-Avenu-Arima-for-RENT-2-br-upstairs-8-1440x1080.jpg; https://mybunchofkeys.com/wp-content/uploads/2026/07/Two-storey-apt-for-RENT-1-606x1080.jpg; https://mybunchofkeys.com/wp-content/uploads/2026/07/Two-storey-apt-for-RENT-3.jpg; https://mybunchofkeys.com/wp-content/uploads/2026/07/Two-storey-apt-for-RENT-5-899x1080.jpg; https://mybunchofkeys.com/wp-content/uploads/2026/07/Two-storey-apt-for-RENT-7-760x1080.jpg,2026-07-13T23:07:13+00:00,,House,For Sale,"5-bedroom, 3-bathroom two-storey house with a yard and parking on the compound now available on Ganknaski Avenue.

About the Region
Arima Arima, officially The Royal Chartered Borough of Arima is the easternmost and second largest area of the three boroughs of Trinidad and Tobago. This town is well known for its shopping areas located in the inner most portion of the town. It serves as a main trading hub for environs which makes the town considerably busy. Many persons visit Arima to relax and enjoy the wide array of local bars and street food offered such as burgers, doubles, gyros etc. Home to the famous drag malls, persons can visit Arima to purchase items of Rastafarian heritage. Arima, has primary and secondary schools, hospitals, police and fire services readily available. It attracts persons from all over as it hosts exciting borough day & Jouvert celebrations Fun fact, Arima is home to the indigenous people known as the “Caribs”. They are mainly found in the area of Arima called Calvary Hill which attracts many tourists as the Caribs were a well-known tribe in their time.",Move in Ready; Recently Renovated; Air Conditioning; Patio; Parking on Compound; Built-in Closets,2026-08-06T23:32:05.351231+00:00
https://mybunchofkeys.com/property/3-bedroom-house-cunupia-3/,3 Bedroom House - Cunupia - My Bunch of Keys,"$1,800,000",BOK-997571,Cunupia St. Helena,3,2,11890sq.ft.,6,Vesta Properties,,(868) 781-4784,https://mybunchofkeys.com/wp-content/uploads/2020/03/vesta-properties-logo-320x320.jpg,https://mybunchofkeys.com/wp-content/uploads/2026/02/Main-pic-2.jpg,https://mybunchofkeys.com/wp-content/uploads/2026/02/Main-pic-2.jpg; https://mybunchofkeys.com/wp-content/uploads/2026/02/Main-1.jpg; https://mybunchofkeys.com/wp-content/uploads/2026/02/House.jpg; https://mybunchofkeys.com/wp-content/uploads/2026/02/Living-1.jpg; https://mybunchofkeys.com/wp-content/uploads/2026/02/Living-room-7.jpg; https://mybunchofkeys.com/wp-content/uploads/2026/02/Kitchen-5.jpg; https://mybunchofkeys.com/wp-content/uploads/2026/02/Kitchen-counters.jpg; https://mybunchofkeys.com/wp-content/uploads/2026/02/Kitchen-1-4.jpg; https://mybunchofkeys.com/wp-content/uploads/2026/02/Dining-1.jpg; https://mybunchofkeys.com/wp-content/uploads/2026/02/master-bed-1.jpg; https://mybunchofkeys.com/wp-content/uploads/2026/02/master-bedroom-1.jpg; https://mybunchofkeys.com/wp-content/uploads/2026/02/Masterbath-1.jpg; https://mybunchofkeys.com/wp-content/uploads/2026/02/Masterbathroom.jpg; https://mybunchofkeys.com/wp-content/uploads/2026/02/Bedroom-1-3.jpg; https://mybunchofkeys.com/wp-content/uploads/2026/02/Bedroom-2-3.jpg; https://mybunchofkeys.com/wp-content/uploads/2026/02/Bath-3.jpg; https://mybunchofkeys.com/wp-content/uploads/2026/02/Bathroom-a.jpg; https://mybunchofkeys.com/wp-content/uploads/2026/02/Bathroom-4.jpg; https://mybunchofkeys.com/wp-content/uploads/2026/02/House-side.jpg; https://mybunchofkeys.com/wp-content/uploads/2026/02/House-back.jpg,2026-07-13T19:36:07+00:00,,House,For Sale,"📍CUNUPIA – Discover this spacious single storey, three (3) bedroom, two (2) bathroom home, located off Madras Road, perfect for families or anyone seeking comfortable living space in a peaceful setting. 🏡This property features: A bright living room, ideal for relaxing or entertaining. Functional kitchen with brand new cupboards and dining area. Three generously sized bedrooms. Two full bathrooms. Large covered front area suitable for parking or outdoor seating. Spacious yard with room for landscaping, gardening or expansion. Enclose back area that can be converted into a self contained one (1) bedroom apartment. This spacious home offers 2,905 sq. ft. of living space and sits on a large parcel of freehold land measuring 11,890 sq. ft. with solid construction and plenty of outdoor space. The home offers an excellent opportunity for families, investors or any buyer, looking to have it personalise, and making it their own. Listed at $1.8M. For viewings or further information, please call 📲781-4784.

About the Region
Cunupia Cunupia is a town in central Trinidad. It is part of the Borough of Chaguanas. Cunupia is just northeast of Chaguanas proper. Like Chaguanas itself, Cunupia has experienced rapid growth in recent years, especially in terms of residential developments. You can find many variety stores, the famous Sheik Lisha Ltd., restaurants, supermarkets and places of worships in this community. Cunupia is also a route that can easily take you to different parts of central Trinidad.",Unfurnished; Move in Ready; Air Conditioning; Kitchen Appliances; Patio; Covered Garage; Freehold Land; T&C Approved; Fully Fenced; Pet Friendly; Kid Friendly; Laundry Area/Facility; Annex; Built-in Closets; Water Tank; Water Pump; Water Heater,2026-08-06T23:19:47.422905+00:00
https://mybunchofkeys.com/property/buena-vista-home-for-sale/,Buena Vista home for sale. - My Bunch of Keys,"$2,300,000",BOK-1050911,Arima,3,2.5,,,Deluxe Investments,,(868) 742-2053,https://mybunchofkeys.com/wp-content/uploads/2019/07/Deluxe-Investments-Logo.png,https://mybunchofkeys.com/wp-content/uploads/2026/06/38b54362-ea24-42c3-8a53-ae48c337b9da.jpeg,https://mybunchofkeys.com/wp-content/uploads/2026/06/38b54362-ea24-42c3-8a53-ae48c337b9da.jpeg; https://mybunchofkeys.com/wp-content/uploads/2026/06/0766dc75-09aa-40b7-8d75-afa22931934d.jpeg; https://mybunchofkeys.com/wp-content/uploads/2026/06/ee9457eb-1eac-41d3-af8b-bac1dc784188-810x1080.jpeg; https://mybunchofkeys.com/wp-content/uploads/2026/06/126d19f5-d950-4099-9990-53cb1e971696-810x1080.jpeg; https://mybunchofkeys.com/wp-content/uploads/2026/06/596dcd53-0565-4e70-a12f-3ca8007e1149-810x1080.jpeg; https://mybunchofkeys.com/wp-content/uploads/2026/06/777fe302-f0da-48b3-b410-8d46ca8a04d4-810x1080.jpeg; https://mybunchofkeys.com/wp-content/uploads/2026/06/80a92592-f739-4bf4-93c6-2e5d333fca12-810x1080.jpeg; https://mybunchofkeys.com/wp-content/uploads/2026/06/bb432406-5517-44fc-8437-72ec69b8b769-810x1080.jpeg,2026-07-13T17:00:43+00:00,,House,For Sale,"📍Buena Visa Gardens Three bedroom 2.5 bath home for sale.

About the Region
Arima Arima, officially The Royal Chartered Borough of Arima is the easternmost and second largest area of the three boroughs of Trinidad and Tobago. This town is well known for its shopping areas located in the inner most portion of the town. It serves as a main trading hub for environs which makes the town considerably busy. Many persons visit Arima to relax and enjoy the wide array of local bars and street food offered such as burgers, doubles, gyros etc. Home to the famous drag malls, persons can visit Arima to purchase items of Rastafarian heritage. Arima, has primary and secondary schools, hospitals, police and fire services readily available. It attracts persons from all over as it hosts exciting borough day & Jouvert celebrations Fun fact, Arima is home to the indigenous people known as the “Caribs”. They are mainly found in the area of Arima called Calvary Hill which attracts many tourists as the Caribs were a well-known tribe in their time.",,2026-08-06T23:21:52.715300+00:00
https://mybunchofkeys.com/property/five5-beds-three3-bath-home-for-sale-whiteland-williamsville/,FIVE(5) BEDS THREE(3) BATH HOME FOR SALE - WHITELAND WILLIAMSVILLE - My Bunch of Keys,"$2,250,000",BOK-1058932,"Sankarlal Drive, Whiteland, Gasparillo, Williamsville",5,3,8716sq.ft.,2,Realty One Ltd,,(868) 474-6873,https://mybunchofkeys.com/wp-content/uploads/2022/06/realty-one-logo-320x320.jpg,https://mybunchofkeys.com/wp-content/uploads/2026/07/20250702_110757.jpg,https://mybunchofkeys.com/wp-content/uploads/2026/07/20250702_110757.jpg; https://mybunchofkeys.com/wp-content/uploads/2026/07/20250702_110757-1440x1080.jpg; https://mybunchofkeys.com/wp-content/uploads/2026/07/20250702_105304-1440x1080.jpg; https://mybunchofkeys.com/wp-content/uploads/2026/07/20250702_105107-1440x1080.jpg; https://mybunchofkeys.com/wp-content/uploads/2026/07/20250702_104958-1440x1080.jpg; https://mybunchofkeys.com/wp-content/uploads/2026/07/20250702_105138-1440x1080.jpg; https://mybunchofkeys.com/wp-content/uploads/2026/07/20250702_105315-1440x1080.jpg; https://mybunchofkeys.com/wp-content/uploads/2026/07/20250702_105415-1440x1080.jpg; https://mybunchofkeys.com/wp-content/uploads/2026/07/20250702_105437-1440x1080.jpg; https://mybunchofkeys.com/wp-content/uploads/2026/07/20250702_105524-1440x1080.jpg; https://mybunchofkeys.com/wp-content/uploads/2026/07/20250702_105635-1440x1080.jpg; https://mybunchofkeys.com/wp-content/uploads/2026/07/20250702_105730-1440x1080.jpg; https://mybunchofkeys.com/wp-content/uploads/2026/07/20250702_110310-1440x1080.jpg; https://mybunchofkeys.com/wp-content/uploads/2026/07/20250702_110436-1440x1080.jpg; https://mybunchofkeys.com/wp-content/uploads/2026/07/Dofoto_20260528_175624388-1080x1080.jpg,2026-07-13T16:46:43+00:00,,House,For Sale,"PRICE REDUCED

About the Region
Williamsville Williamsville is a populated are located in Princes Town and can be accessed via the Corial Road or Garth Road, Trinidad and Tobago. It is known as a residential area. There is a main recreational ground known as the Brother’s Recreational ground where many cricket competitions are played. Williamsville has much small businesses that support its community such as, mini marts, bars, parlours, liquor marts, auto care etc.",Unfurnished; Parking on Compound; Fully Fenced; Kid Friendly,2026-08-06T23:25:15.418324+00:00
https://mybunchofkeys.com/property/valsayn-north-4/,VALSAYN NORTH - My Bunch of Keys,"$8,000,000",BOK-1028286,"Prince Charles Ave Valsayn North,",5,6,23000sq.ft.,20,Sonia Marcano,Guillen Realty,(868) 685-4511,https://mybunchofkeys.com/wp-content/uploads/2023/09/GR-Members-4-320x320.jpg,https://mybunchofkeys.com/wp-content/uploads/2026/05/DJI_20260410115315_0134_D.jpg,https://mybunchofkeys.com/wp-content/uploads/2026/05/20260410_111833-1-1918x1080.jpg; https://mybunchofkeys.com/wp-content/uploads/2026/05/DJI_20260410115315_0134_D.jpg; https://mybunchofkeys.com/wp-content/uploads/2026/05/DJI_20260410115709_0140_D.jpg; https://mybunchofkeys.com/wp-content/uploads/2026/05/20260410_111759-1918x1080.jpg; https://mybunchofkeys.com/wp-content/uploads/2026/05/20260410_111858-1918x1080.jpg; https://mybunchofkeys.com/wp-content/uploads/2026/05/20260410_111833-2-1918x1080.jpg; https://mybunchofkeys.com/wp-content/uploads/2026/05/20260410_111822-1918x1080.jpg; https://mybunchofkeys.com/wp-content/uploads/2026/05/20260410_111856-1918x1080.jpg; https://mybunchofkeys.com/wp-content/uploads/2026/05/20260410_110312-1918x1080.jpg; https://mybunchofkeys.com/wp-content/uploads/2026/05/DJI_20260410113418_0103_D.jpg,2026-07-13T15:11:02+00:00,,House,For Sale,"📍39 Valsayn North (west) 📐23,000 sqft of Freehold Land 📏House 4500 sqft other covered spaces 2200 sqft This is a potential property, in need of renovations, it has good bones, owned and built by a reputable contractor. An ideal location for a family home, the property is also warmly know to some as a fete mecca at Carnival time throughout previous the years. Sitting on 23,000 s qft of freehold land at the end of the street on the cul-de-sac with access to a large green open space, and Jamboree park behind. ℹ️ 5 bedrooms 4 en-suite Jacuzzi room off Master 6 bathrooms ℹ️ Formal & Informal Dining rooms Family room Office / Study ℹ️ Laundry Room Gated Covered carport for 4 additional parking for lots ℹ️ Large Back porch Front porch Large Warehouse Detached Large Gazebo with full bathroom DETAILS 🏷 Listed at $8 MTTD ( negotiable) ⚡ Serious buyers only – its a great find 📲 Contact Sonia Marcano 📞 868-685-4511 📧 sonia@guillenrealty.com ☀️IG: @soniamarcano.guillenrealty",Unfurnished; Jacuzzi; Powder Room; Security Patrols; Covered Garage; Parking on Compound; Freehold Land; Fully Fenced; Pet Friendly; Kid Friendly; Office Space; Laundry Area/Facility; Maid Quarters; Built-in Closets; Walk-in Closets; Water Tank,2026-08-06T23:41:22.513837+00:00
https://mybunchofkeys.com/property/blanchisseuse-hillside-haven/,BLANCHISSEUSE Hillside Haven - My Bunch of Keys,"$3,700,000",BOK-988960,"North Coast Road , Blanchisseuse",6,8,10000sq.ft.,6,Sonia Marcano,Guillen Realty,(868) 685-4511,https://mybunchofkeys.com/wp-content/uploads/2023/09/GR-Members-4-320x320.jpg,https://mybunchofkeys.com/wp-content/uploads/2026/02/DJI_20260202131649_0249_D.jpg,https://mybunchofkeys.com/wp-content/uploads/2026/02/DJI_20260202131649_0249_D.jpg; https://mybunchofkeys.com/wp-content/uploads/2026/02/DJI_20260202125436_0239_D.jpg; https://mybunchofkeys.com/wp-content/uploads/2026/02/20240305_132704-1918x1080.jpg; https://mybunchofkeys.com/wp-content/uploads/2026/02/20240305_132643-1918x1080.jpg; https://mybunchofkeys.com/wp-content/uploads/2026/02/20240305_132659-1918x1080.jpg; https://mybunchofkeys.com/wp-content/uploads/2026/02/20240305_131541-1918x1080.jpg; https://mybunchofkeys.com/wp-content/uploads/2026/02/20240305_131526-1918x1080.jpg; https://mybunchofkeys.com/wp-content/uploads/2026/02/20240305_131015-1918x1080.jpg; https://mybunchofkeys.com/wp-content/uploads/2026/02/20240305_130957-1918x1080.jpg; https://mybunchofkeys.com/wp-content/uploads/2026/02/20240305_130749-1918x1080.jpg; https://mybunchofkeys.com/wp-content/uploads/2026/02/20240305_130515-1918x1080.jpg; https://mybunchofkeys.com/wp-content/uploads/2026/02/20240305_130503-1918x1080.jpg; https://mybunchofkeys.com/wp-content/uploads/2026/02/20240305_130652-1918x1080.jpg; https://mybunchofkeys.com/wp-content/uploads/2026/02/20240305_125554-1918x1080.jpg; https://mybunchofkeys.com/wp-content/uploads/2026/02/20240305_125601-1918x1080.jpg; https://mybunchofkeys.com/wp-content/uploads/2026/02/20240305_125633-1918x1080.jpg; https://mybunchofkeys.com/wp-content/uploads/2026/02/20240305_125711-1918x1080.jpg; https://mybunchofkeys.com/wp-content/uploads/2026/02/20240305_125816-1918x1080.jpg; https://mybunchofkeys.com/wp-content/uploads/2026/02/20240305_125942-1918x1080.jpg; https://mybunchofkeys.com/wp-content/uploads/2026/02/20240305_130228-1918x1080.jpg; https://mybunchofkeys.com/wp-content/uploads/2026/02/DJI_20260202125436_0239_D-1.jpg,2026-07-13T14:10:35+00:00,,House,,"🌊 Stunning Elevated Beach Home | North Coast 🏖 Perfectly positioned on the hillside along our beautiful North Coast, this exceptional beach home sits elevated above the Caribbean Sea, offering breathtaking, uninterrupted views and cooling ocean breezes. A rare opportunity to own a private family retreat that also functions beautifully as an income-producing property. ℹ️ Property Overview •10,000 sq. ft. of freehold land •5,000+ sq. ft. of living space •3 self-contained units •Walking distance to beaches ℹ️ Property Details •6 air-conditioned bedrooms •8 bathrooms •3 fully equipped kitchens •Medium-sized swimming pool & pool deck •Jacuzzi •Parking for 7 vehicles (3 covered) •4 × 1,000-gallon water tanks. 🏖 Whether you’re creating endless family memories or generating additional rental income, this versatile beach home offers the best of both worlds — privacy, comfort, and an unbeatable location. ✨️COME SEE IT!!!! ✨️ 🔖 Listed at $ 3.7 MTTD 📲 Contact Sonia Marcano 📞 868-685-4511 📧 sonia@guillenrealty.com IG:@soniamarcano.guillenrealty

About the Region
Blanchisseuse Blanchisseuse (pronounced, in the local English dialect, ""blan-chee-shears"") is a village in Trinidad and Tobago. It is located about midway along the north coast of Trinidad on the northern slope of the Northern Range, about 24 km north of Arima. The village was settled by the French following the Cedula of Population in 1783. When Captain Frederick Mallet was charting and surveying the island of Trinidad following its capitulation to the British in 1797, he was told that the village had no name. Observing the women washing clothes in the river, he simply wrote on his survey chart: ""Ladies River"". Later, the settlers called the place after the washerwomen the surveyor had seen, Blanchisseuse being the French for ""washerwoman"". The village is accessible from Port of Spain via the North Coast Road. Blanchisseuse is located much further than the Maracas Beach and Las Cuevas beaches but it still remains a popular beach. Blanchisseuse is famous for the Blanchisseuse Spring Bridge, beaches and Marianne river. The Blanchiessuse Spring Bridge is located on the Paria Main Road Blanchisseuse where most people visit to take photos of this historic site.",Fully Furnished; Move in Ready; Private Pool; Wet Bar; Jacuzzi; Internet Access; Cable TV; Electricity; Air Conditioning; Kitchen Appliances; Studio; Powder Room; Patio; Security Cameras; Covered Garage; Parking on Compound; Freehold Land; T&C Approved; Fully Fenced; Pet Friendly; Kid Friendly; Laundry Area/Facility; Annex; Water Tank; Water Pump; Water Heater,2026-08-06T23:21:26.474056+00:00
https://mybunchofkeys.com/property/trincity-cane-farm-gardens/,TRINCITY CANE FARM GARDENS - My Bunch of Keys,"$2,070,000",BOK-1048436,,6,4,5445sq.ft.,4,Sonia Marcano,Guillen Realty,(868) 685-4511,https://mybunchofkeys.com/wp-content/uploads/2023/09/GR-Members-4-320x320.jpg,https://mybunchofkeys.com/wp-content/uploads/2026/06/20260612_123242.jpg,https://mybunchofkeys.com/wp-content/uploads/2026/06/20260612_123242.jpg; https://mybunchofkeys.com/wp-content/uploads/2026/06/20260612_123242-1918x1080.jpg; https://mybunchofkeys.com/wp-content/uploads/2026/06/20260612_123113-1918x1080.jpg; https://mybunchofkeys.com/wp-content/uploads/2026/06/20260612_122848-1918x1080.jpg; https://mybunchofkeys.com/wp-content/uploads/2026/06/20260612_122825-1918x1080.jpg; https://mybunchofkeys.com/wp-content/uploads/2026/06/20260612_123306-1918x1080.jpg; https://mybunchofkeys.com/wp-content/uploads/2026/06/20260612_122112-1918x1080.jpg; https://mybunchofkeys.com/wp-content/uploads/2026/06/20260612_122055-1918x1080.jpg; https://mybunchofkeys.com/wp-content/uploads/2026/06/20260612_122518-1918x1080.jpg,2026-07-13T13:39:41+00:00,,House,For Sale,"📍 TRINCITY | CANE FARM GARDENS Cazabon Avenue 🔖 $2,070,000 TTD ✨ Priced on Valuation A well-maintained property with excellent potential in need of upgrades this is excellent for rental income and or extended family living. There is a breeze way between both buildings and each has its own entrance on 2 different streets. 📐 5,445 Sq. Ft. Freehold Land 📍 Conveniently located just 5 minutes from the Churchill-Roosevelt Highway. ⭐ Main House (1,800 Sq. Ft.) • 4 Bedrooms • 2 Bathrooms • Separate Entrance • Parking for 3 (2 covered) ⭐ Detached Annex (1,495 Sq. Ft.) • 2 Bedrooms • 2 Bathrooms • Separate entrance • Parking for 2 (1 covered) 📞 Serious Enquiries Only ⭐️Sonia Marcano 📱 868-685-4511 📧 sonia@guillenrealty.com ☀️ IG: @soniamarcano.guillenrealty",Semi Furnished; Internet Access; Cable TV; Electricity; Kitchen Island; Patio; Covered Garage; Parking on Compound; Remote Gate; Freehold Land; T&C Approved; Fully Fenced; Pet Friendly; Kid Friendly; Laundry Area/Facility; Annex; Built-in Closets; Water Tank; Water Pump; Water Heater,2026-08-06T23:40:43.236287+00:00
https://mybunchofkeys.com/property/maraval-andulica/,"MARAVAL, ANDULICA - My Bunch of Keys","$3,900,000",BOK-1040877,,4,3,10318sq.ft.,4,Sonia Marcano,Guillen Realty,(868) 685-4511,https://mybunchofkeys.com/wp-content/uploads/2023/09/GR-Members-4-320x320.jpg,https://mybunchofkeys.com/wp-content/uploads/2026/05/20260516_105913.jpg,https://mybunchofkeys.com/wp-content/uploads/2026/05/20260516_105913.jpg; https://mybunchofkeys.com/wp-content/uploads/2026/05/20260516_111052-1918x1080.jpg; https://mybunchofkeys.com/wp-content/uploads/2026/05/20260516_111237-1918x1080.jpg; https://mybunchofkeys.com/wp-content/uploads/2026/05/20260516_105727-1918x1080.jpg; https://mybunchofkeys.com/wp-content/uploads/2026/05/20260516_110554-1918x1080.jpg; https://mybunchofkeys.com/wp-content/uploads/2026/05/20260516_110450-1918x1080.jpg; https://mybunchofkeys.com/wp-content/uploads/2026/05/20260516_111446-1918x1080.jpg; https://mybunchofkeys.com/wp-content/uploads/2026/05/20260516_111541-1918x1080.jpg; https://mybunchofkeys.com/wp-content/uploads/2026/05/20260516_105913-1918x1080.jpg; https://mybunchofkeys.com/wp-content/uploads/2026/05/20260516_111653-1918x1080.jpg; https://mybunchofkeys.com/wp-content/uploads/2026/05/20260516_111215-1918x1080.jpg; https://mybunchofkeys.com/wp-content/uploads/2026/05/20260516_111745-1918x1080.jpg; https://mybunchofkeys.com/wp-content/uploads/2026/05/20260516_111911-1918x1080.jpg,2026-07-13T13:39:09+00:00,,House,For Sale,"📍Maraval, Andulica 🔸️ FOR SALE $3.9 MTTD ✨️Well Maintained Family Home Situated in the Estate of Andulica, a guarded community in Maraval, this property is move in ready. Last refurbished in 2006 it has good bones and is a fantastic template for modern upgrades with few hard renovations. ✨️The grounds has ample room for entertaining and / or a pool. ✨️There is a large self contained adjoining granny flat or a possibility of an income maker. ℹ️ Information including granny flat 10,385 sqft Land ( Leasehold 199 yrs) 3700 sqft of House 🔸️ 4 bedrooms (2 ensuite) 🔸️ 3 bathrooms 🔸️ Open plan Kitchen and living space 🔸️ Formal living Space 🔸️ Open air back patio HOA fees $930 per (¼ ) quater • ( $310.00 per month) Agent: Sonia Marcano 📱 Mobile : 1 868 685 4511",Unfurnished; Move in Ready; Air Conditioning; Kitchen Island; Pantry; Studio; Patio; Covered Garage; Remote Gate; Leasehold Land; Fully Fenced; Pet Friendly; Kid Friendly; Office Space; Laundry Area/Facility; Water Tank; Water Pump; Water Heater,2026-08-06T23:34:43.670027+00:00
https://mybunchofkeys.com/property/for-sale-hilbury-plantation-house-st-george-barbados/,"FOR SALE - Hilbury Estate, St. George, Barbados - My Bunch of Keys","$1,497,500(USD)",BOK-995252,N/A,4,3,31363sq.ft.,,Michelle Sharma,de Silva Realty,(868) 354-1226,https://mybunchofkeys.com/wp-content/uploads/2023/06/Michelle-Sharma-Profile-Pic-320x320.jpg,https://mybunchofkeys.com/wp-content/uploads/2026/02/2e1b43df-31ab-4080-9508-234cb05fc016.jpg,https://mybunchofkeys.com/wp-content/uploads/2026/02/2e1b43df-31ab-4080-9508-234cb05fc016.jpg; https://mybunchofkeys.com/wp-content/uploads/2026/02/Screenshot-2026-02-24-at-2.37.38-PM.png; https://mybunchofkeys.com/wp-content/uploads/2026/02/Screenshot-2026-02-24-at-2.41.47-PM-1635x1080.png; https://mybunchofkeys.com/wp-content/uploads/2026/02/Screenshot-2026-02-24-at-2.43.11-PM-1625x1080.png; https://mybunchofkeys.com/wp-content/uploads/2026/02/Screenshot-2026-02-24-at-2.42.28-PM-1625x1080.png; https://mybunchofkeys.com/wp-content/uploads/2026/02/75ced0ea-865e-4131-94e6-05623921b8cb-1440x1080.jpg; https://mybunchofkeys.com/wp-content/uploads/2026/02/773e413d-6938-4ff8-9435-406431971265-810x1080.jpg; https://mybunchofkeys.com/wp-content/uploads/2026/02/b2d6d8c8-bce8-4881-b462-46b0322e453f-810x1080.jpg; https://mybunchofkeys.com/wp-content/uploads/2026/02/55225d2e-882c-4ea8-80f6-61bd719c3785-1440x1080.jpg; https://mybunchofkeys.com/wp-content/uploads/2026/02/01b41b58-bff2-4110-aeb4-779b7a53d5fa-1440x1080.jpg; https://mybunchofkeys.com/wp-content/uploads/2026/02/Screenshot-2026-02-24-at-2.43.44-PM-1-1637x1080.png; https://mybunchofkeys.com/wp-content/uploads/2026/02/25928c3c-252a-4afb-959c-ecc3f0b8f5c5-810x1080.jpg; https://mybunchofkeys.com/wp-content/uploads/2026/02/d11a2d4b-a94e-4f7b-b433-c6e145932b4c-1440x1080.jpg; https://mybunchofkeys.com/wp-content/uploads/2026/02/785d9b14-c594-4dd3-a87d-124449cc81ca-810x1080.jpg; https://mybunchofkeys.com/wp-content/uploads/2026/02/4d9e0404-3a6f-4028-b524-09e6c51d6ecb-1440x1080.jpg; https://mybunchofkeys.com/wp-content/uploads/2026/02/Screenshot-2026-02-24-at-2.40.22-PM.png; https://mybunchofkeys.com/wp-content/uploads/2026/02/Screenshot-2026-02-24-at-2.40.57-PM-1629x1080.png,2026-07-13T13:18:33+00:00,,House,For Sale,"FOR SALE – Hilbury Estate, St. George, Barbados Built in the 20th century, Hilbury Plantation House showcases traditional colonial architecture, featuring a symmetrical façade, classic sash windows, and a pitched roof that reflects its timeless character. The ground floor offers spacious open-plan living areas, including a living room, dining room, and kitchen. High ceilings and expansive windows flood the interiors with natural light, enhancing the sense of space and comfort throughout. The first floor comprises three bedrooms, while the basement provides generous additional storage for residents. Externally, the property is equally impressive. A covered terrace, historic and striking sugar mill, substantial outbuilding, and beautifully landscaped gardens contribute to its appeal. A tree-lined driveway leads to a courtyard parking area, creating a grand sense of arrival, while coral stone boundary walls and chain-link fencing ensure privacy and security. The land is subdivided into seven lots, with the main residence situated on one parcel and six additional undeveloped lots offering significant potential for expansion or further development with details as follows: Property Overview This exceptional property sits on 0.72 acres , with the surrounding subdivided lots comprising an additional 3.2 acres , bringing the total land area to an impressive 3.92 acres . The Residence 4 Bedrooms 3 Bathrooms 4,400 sq. ft. of living space (combined upstairs and downstairs) 2,197 sq. ft. basement 1,042 sq. ft. standalone covered garage The scale and layout offer both comfort and flexibility for modern family living or entertaining. The Surrounding Lots For purchasers considering further development, the additional lots present a rare opportunity: Each lot is already subdivided Town planning approval is in place for residential use Utilities (water, electricity, and telecommunications) are installed underground and ready for connection Hilbury Plantation House is a distinguished and well-appointed private estate, blending historic charm with modern convenience to create an exceptional place to call home. FOR SALE US$1,497,500.00",Unfurnished; Gated Compound; Powder Room; Covered Garage; Parking on Compound; Pet Friendly; Kid Friendly,2026-08-06T23:26:43.491241+00:00
https://mybunchofkeys.com/property/for-sale-split-level-3-bedroom-house-in-dabadie/,FOR SALE: SPLIT LEVEL 3 BEDROOM HOUSE IN D'ABADIE - My Bunch of Keys,"$3,000,000",BOK-1058609,"Santa Monica Gardens, Arima D'abadie Mausica",3,3,7863sq.ft.,,Exclusive Paragon Properties,,(868) 323-7196,https://mybunchofkeys.com/wp-content/uploads/2026/07/Paragon-Properties-Logo.png,https://mybunchofkeys.com/wp-content/uploads/2026/07/WhatsApp-Image-2026-07-26-at-5.17.33-AM.jpeg,https://mybunchofkeys.com/wp-content/uploads/2026/07/WhatsApp-Image-2026-07-26-at-5.17.33-AM.jpeg; https://mybunchofkeys.com/wp-content/uploads/2026/07/WhatsApp-Image-2026-07-26-at-5.17.33-AM-1440x1080.jpeg; https://mybunchofkeys.com/wp-content/uploads/2026/07/WhatsApp-Image-2026-07-26-at-5.17.33-AM-1-1440x1080.jpeg; https://mybunchofkeys.com/wp-content/uploads/2026/07/20230830_163956-1440x1080.jpg; https://mybunchofkeys.com/wp-content/uploads/2026/07/20230830_163922-1440x1080.jpg; https://mybunchofkeys.com/wp-content/uploads/2026/07/20230830_163750-1440x1080.jpg; https://mybunchofkeys.com/wp-content/uploads/2026/07/20230830_163714-810x1080.jpg; https://mybunchofkeys.com/wp-content/uploads/2026/07/20230830_163127-1440x1080.jpg; https://mybunchofkeys.com/wp-content/uploads/2026/07/20230830_163122-1440x1080.jpg; https://mybunchofkeys.com/wp-content/uploads/2026/07/20230830_162950-1440x1080.jpg; https://mybunchofkeys.com/wp-content/uploads/2026/07/20230830_163003-810x1080.jpg,2026-07-12T16:50:40+00:00,,House,For Sale,"📍Location: Santa Monica Gardens, D’Abadie 💰Price: $3M ono Property Features: 🔸 3 spacious bedrooms with built-in cupboards ▪️ Master bedroom with an en-suite bathroom and Jacuzzi tub 🔸 3 full bathrooms 🔸 Well-appointed kitchen with built-in cupboards 🔸 Separate dining room complete with a dining set 🔸 Comfortable living room 🔸 Dedicated bar area, perfect for entertaining 🔸 Spacious yard with a decorative water fountain and green space ideal for a small garden or outdoor relaxation 🔸 Covered garage with additional uncovered parking 🔸 7,863 sq. ft. of freehold land 🔸 Located in a secure, gated community 🔸 Quiet, upscale neighborhood offering privacy, safety, and a peaceful lifestyle This well-maintained home offers generous indoor and outdoor living spaces, making it an excellent choice for families or anyone seeking comfort, functionality, and room to entertain.

About the Region
Arima Arima, officially The Royal Chartered Borough of Arima is the easternmost and second largest area of the three boroughs of Trinidad and Tobago. This town is well known for its shopping areas located in the inner most portion of the town. It serves as a main trading hub for environs which makes the town considerably busy. Many persons visit Arima to relax and enjoy the wide array of local bars and street food offered such as burgers, doubles, gyros etc. Home to the famous drag malls, persons can visit Arima to purchase items of Rastafarian heritage. Arima, has primary and secondary schools, hospitals, police and fire services readily available. It attracts persons from all over as it hosts exciting borough day & Jouvert celebrations Fun fact, Arima is home to the indigenous people known as the “Caribs”. They are mainly found in the area of Arima called Calvary Hill which attracts many tourists as the Caribs were a well-known tribe in their time.",Move in Ready; Gated Community; Jacuzzi; Security Patrols; Covered Garage; Freehold Land; T&C Approved; Fully Fenced,2026-08-06T23:27:54.504347+00:00
https://mybunchofkeys.com/property/for-sale-brand-new-3-bedroom-house/,FOR SALE: BRAND NEW 3 BEDROOM HOUSE - My Bunch of Keys,"$1,400,000",BOK-1058600,"Araf Drive Las Lomas No 3, Las Lomas St. Helena",,,5001sq.ft.,,Exclusive Paragon Properties,,(868) 323-7196,https://mybunchofkeys.com/wp-content/uploads/2026/07/Paragon-Properties-Logo.png,https://mybunchofkeys.com/wp-content/uploads/2026/07/20260212_114852.jpg,https://mybunchofkeys.com/wp-content/uploads/2026/07/20260212_114852.jpg; https://mybunchofkeys.com/wp-content/uploads/2026/07/20260212_114852-1440x1080.jpg; https://mybunchofkeys.com/wp-content/uploads/2026/07/20260212_130655-810x1080.jpg; https://mybunchofkeys.com/wp-content/uploads/2026/07/20260212_130800-810x1080.jpg; https://mybunchofkeys.com/wp-content/uploads/2026/07/20260212_130828-810x1080.jpg; https://mybunchofkeys.com/wp-content/uploads/2026/07/20260212_130850-810x1080.jpg; https://mybunchofkeys.com/wp-content/uploads/2026/07/20260212_121222-1440x1080.jpg,2026-07-12T16:28:33+00:00,,House,For Sale,"📍Location: Araf Drive, Las Lomas No 3 💰Price: $1.4M Property Features: 🔸 Brand-new home situated on 5,000 sq. ft. of land 🔸 3 bedrooms and 2 full bathrooms 🔸 Spacious primary suite with an en-suite bathroom featuring his-and-her vanities and a built-in closet 🔸 Bright, open-plan living and dining area 🔸 Indoor laundry area for added convenience 🔸 Functional kitchen fitted with low-level cabinetry , ready for your choice of upper cabinets and finishes 🔸 Covered carport Important Information ⚠️ Cash purchase only as Approvals are currently pending. ⚠️ Being sold completed.

About the Region
Las Lomas Las Lomas is known for its # 1-3 locations, located in east Trinidad. It is located on both a hilly and flat landscape. The area has developed significantly as many residences have successful small businesses such as poultry, doubles, mini marts, bars. Many land owners have begun parceling out their land and offered it for sale. This creates economic growth as most land has been sold out and begun developing into homes. Las Lomas is easily accessible through the Caroni South & North Bank Road, Boy Cato road and Chin Chin Road.",Unfurnished; Move in Ready; Freehold Land; Laundry Area/Facility,2026-08-06T23:26:08.617003+00:00
https://mybunchofkeys.com/property/for-sale-5-acre-estate-in-maracas-valley/,FOR SALE: 5 ACRE ESTATE IN MARACAS VALLEY - My Bunch of Keys,"$2,700,000",BOK-1058593,"Sombradura Estate, Maracas Valley St. Joseph",,,217800sq.ft.,,Exclusive Paragon Properties,,(868) 323-7196,https://mybunchofkeys.com/wp-content/uploads/2026/07/Paragon-Properties-Logo.png,https://mybunchofkeys.com/wp-content/uploads/2026/07/20260312_104457.jpg,https://mybunchofkeys.com/wp-content/uploads/2026/07/20260312_104457.jpg; https://mybunchofkeys.com/wp-content/uploads/2026/07/20260312_104457-1440x1080.jpg; https://mybunchofkeys.com/wp-content/uploads/2026/07/20260312_101739-1440x1080.jpg; https://mybunchofkeys.com/wp-content/uploads/2026/07/20260312_102419-1440x1080.jpg; https://mybunchofkeys.com/wp-content/uploads/2026/07/20260312_101819-1440x1080.jpg,2026-07-12T16:15:55+00:00,,House,For Sale,"📍Location: Maracas Valley, St Joseph 💰Price: $2.7M ono Discover the perfect blend of space, privacy, and natural beauty on this breathtaking 5-acre estate . Surrounded by rolling lawns, mature trees, and stunning mountain vistas, this exceptional property offers the ideal setting for peaceful living. Enjoy your morning coffee on the patio, unwind in the fresh mountain air, and end each day with spectacular sunsets over the hills. Property Features: 🔸 5-acre freehold estate with a spacious 6-bedroom, two-storey residence 🔸 4 full bathrooms 🔸 Solid steel-frame construction for lasting strength and durability 🔸 Natural spring water supply—independent of the WASA water system 🔸 Panoramic mountain views 🔸 Combination of flat and gently sloping terrain 🔸 Paved road access for easy entry 🔸 Priced below its 2024 valuation Whether you’re seeking a private family retreat or an investment with endless possibilities, this remarkable property delivers an unmatched lifestyle in a truly picturesque setting.

About the Region
Maracas Valley Maracas Valley is a valley located in North-East Trinidad. It is separated by two mountains between Maracas–Saint Joseph and Maracas Beach. The valley is home to the nation's tallest waterfall, Maracas Falls, which towers over the valley with a height of 91.5 meters (300 ft) and is the source of the Maracas River. This river provides water for the surrounding communities. Maracas Valley is also the location of the main campus for the University of the Southern Caribbean. Trinidad's second highest mountain peak, El Tucuche, towers over the lush valley and bounds it to the north. Due to this geographic location, the valley is usually cool",Freehold Land,2026-08-06T23:25:57.280649+00:00
https://mybunchofkeys.com/property/christina-gardens-home-on-16910-sq-ft-land/,"CHRISTINA GARDENS HOME on 16,910 sq ft Land - My Bunch of Keys","$2,500,000",BOK-1058556,N/A,4,3,16910sq.ft.,4,FRANCOIS@T&TRealty,,(868) 332-1340,https://mybunchofkeys.com/wp-content/uploads/2022/09/Francois-TT-Realty-Logo.jpg,https://mybunchofkeys.com/wp-content/uploads/2026/07/IMG-20260715-WA0023111.jpg,https://mybunchofkeys.com/wp-content/uploads/2026/07/IMG-20260710-WA0081-1404x1080.jpg; https://mybunchofkeys.com/wp-content/uploads/2026/07/IMG-20260710-WA0088-1440x1080.jpg; https://mybunchofkeys.com/wp-content/uploads/2026/07/IMG-20260710-WA0083-1440x1080.jpg; https://mybunchofkeys.com/wp-content/uploads/2026/07/IMG-20260710-WA0087-1440x1080.jpg; https://mybunchofkeys.com/wp-content/uploads/2026/07/IMG-20260710-WA0086-1440x1080.jpg; https://mybunchofkeys.com/wp-content/uploads/2026/07/IMG-20260710-WA0090-1440x1080.jpg; https://mybunchofkeys.com/wp-content/uploads/2026/07/IMG-20260710-WA0085-1440x1080.jpg; https://mybunchofkeys.com/wp-content/uploads/2026/07/20260710_152826-1440x1080.jpg; https://mybunchofkeys.com/wp-content/uploads/2026/07/20260710_152832-1440x1080.jpg; https://mybunchofkeys.com/wp-content/uploads/2026/07/20260710_154124-1440x1080.jpg; https://mybunchofkeys.com/wp-content/uploads/2026/07/IMG-20260710-WA0106-1440x1080.jpg; https://mybunchofkeys.com/wp-content/uploads/2026/07/IMG-20260710-WA0105-1440x1080.jpg; https://mybunchofkeys.com/wp-content/uploads/2026/07/IMG-20260710-WA0101-1440x1080.jpg; https://mybunchofkeys.com/wp-content/uploads/2026/07/IMG-20260710-WA0107-1440x1080.jpg; https://mybunchofkeys.com/wp-content/uploads/2026/07/IMG-20260710-WA0098-1440x1080.jpg; https://mybunchofkeys.com/wp-content/uploads/2026/07/IMG-20260710-WA0096-810x1080.jpg; https://mybunchofkeys.com/wp-content/uploads/2026/07/IMG-20260715-WA0022.jpg; https://mybunchofkeys.com/wp-content/uploads/2026/07/IMG-20260715-WA0025.jpg; https://mybunchofkeys.com/wp-content/uploads/2026/07/IMG-20260715-WA0023111.jpg,2026-07-12T04:17:11+00:00,,House,For Sale,"CHRISTINA GARDENS, O’MEARA Access to Christina Gardens, is directly off O’Meara Rd, in the vicinity of the O’MEARA MALL ASKING @ $2.5M SINGLE LEVEL HOME on 16,910 sq ft of LAND * WESTERN BOUNDARY IS WITHIN THE DEVELOPMENT * EASTERN BOUNDARY IS ALONG THE MN ROAD ( Subero St) Approx 120′ in lgth Potential options on this are endless… Location: Within 5 mins of CRH, ARIMA , LG Stadium & the Industrial Estate STRUCTURE .AVERAGE SETBACK IS 20′ FROM THE EASTERN PERIMETER WALL PEDESTRIAN GATE ACCESS ON SUBERO ST OPEN FLOOR PLAN FOR COMMON AREAS MSTR IS ENSUITE WITH WALK IN CLOSET ENCLOSED FRONT PORCH FREE STANDING TOOL SHED LAUNDRY ROOM DRIVE IN ACCESS WITHIN CHRISTINA GARDENS SUBERO ST IS COMMERCIAL /RESIDENTIAL IN USAGE LAND IS GENERALLY RECTANGULAR IN SHAPE ( sml indent on the southern side) FLAT FREEHOLD GOOD DRAINAGE Call us, we are the Exclusive Realtors #332 1340 #318 0156 #678 1970 # 350 4641",Unfurnished; Move in Ready; Electricity; Air Conditioning; Kitchen Island; Powder Room; Patio; Security Cameras; Covered Garage; Parking on Compound; Remote Gate; Freehold Land; T&C Approved; Fully Fenced; Pet Friendly; Kid Friendly; Laundry Area/Facility; Maid Quarters; Accessible; Built-in Closets; Water Tank; Water Pump; Water Heater,2026-08-06T23:22:46.561401+00:00
https://mybunchofkeys.com/property/for-sale-mixed-use-property-in-arouca/,FOR SALE: MIXED USE PROPERTY IN AROUCA - My Bunch of Keys,"$3,500,000",BOK-1058547,"Arima Old Road, Arouca",3,5,10000sq.ft.,,Exclusive Paragon Properties,,(868) 323-7196,https://mybunchofkeys.com/wp-content/uploads/2026/07/Paragon-Properties-Logo.png,https://mybunchofkeys.com/wp-content/uploads/2026/07/20260417_102720.jpg,https://mybunchofkeys.com/wp-content/uploads/2026/07/20260417_102720.jpg; https://mybunchofkeys.com/wp-content/uploads/2026/07/20260417_102642-1440x1080.jpg; https://mybunchofkeys.com/wp-content/uploads/2026/07/20260417_101622-810x1080.jpg; https://mybunchofkeys.com/wp-content/uploads/2026/07/20260417_101535-1440x1080.jpg; https://mybunchofkeys.com/wp-content/uploads/2026/07/20260417_101423-810x1080.jpg; https://mybunchofkeys.com/wp-content/uploads/2026/07/20260417_100923-1440x1080.jpg; https://mybunchofkeys.com/wp-content/uploads/2026/07/20260417_100812-1440x1080.jpg; https://mybunchofkeys.com/wp-content/uploads/2026/07/20260417_100644-1440x1080.jpg; https://mybunchofkeys.com/wp-content/uploads/2026/07/20260417_102720-1440x1080.jpg,2026-07-12T03:57:14+00:00,,House,For Sale,"📍Location: Arima Old Road, Arouca 💰Prices: $3.5M Property Features 🔸 Newly refurbished residential and commercial property offering a versatile live/work opportunity 🔸 Situated on 10,000 sq. ft. of freehold land with approximately 150 ft. of road frontage 🔸 Move-in ready condition 🔸 Covered and uncovered parking spaces 🔸 Two (2) 1,000-gallon water tanks 🔸 Excellent potential for business operations, investment, or a combined residential/commercial use Residential Building Features: ▪️ 3 spacious ensuite bedrooms with 2 additional bathrooms ▪️ 2 kitchens, ideal for flexible living arrangements ▪️ Dedicated study room ▪️ Large living and dining areas ▪️ Fully air-conditioned throughout ▪️ Enhanced security features including security systems, burglar-proofing, and security doors Commercial Building Features: ▪️ Open-plan layout with an attractive glass frontage ▪️ Separate entrances with parking available at the front and side ▪️ Decking area with potential for an additional level A rare opportunity to own a versatile property offering both comfort and commercial potential.

About the Region
Arouca Arouca is a town in the East–West Corridor of Trinidad and Tobago located 19 km East of Port-of-Spain, along the Eastern Main Road. It is located west of Arima, east of Tunapuna and Tacarigua, south of Lopinot, and north of Piarco. It mainly comprises residential housing. There are several schools located in Arouca including the Bon Air Primary School, Arouca Anglican Primary School, Arouca Girls R.C., Arouca Boys R.C., Arouca Government Primary Schools and Bon Air High School. Arouca is home to four prisons and one correctional facility. These include the Golden Grove Prison, Remand Prison, Women's Prison and Youth Training and Rehabilitation Centre.",Unfurnished; Move in Ready; Recently Renovated; Security Cameras; Parking on Compound; Remote Gate; Freehold Land; Office Space; Laundry Area/Facility; Built-in Closets,2026-08-06T23:26:59.806299+00:00
https://mybunchofkeys.com/property/land-for-sale-34400-sf-in-st-helena/,LAND FOR SALE: 34400 SF IN ST HELENA - My Bunch of Keys,"$2,500,000",BOK-1058506,"Ross Trace, Piarco St. Helena",,,34400sq.ft.,,Exclusive Paragon Properties,,(868) 323-7196,https://mybunchofkeys.com/wp-content/uploads/2026/07/Paragon-Properties-Logo.png,https://mybunchofkeys.com/wp-content/uploads/2026/07/WhatsApp-Image-2026-07-29-at-11.47.42-PM.jpeg,https://mybunchofkeys.com/wp-content/uploads/2026/07/WhatsApp-Image-2026-07-29-at-11.47.42-PM.jpeg; https://mybunchofkeys.com/wp-content/uploads/2026/07/aneil-pic.jpeg; https://mybunchofkeys.com/wp-content/uploads/2026/07/aneil-cadastral.png,2026-07-12T03:10:14+00:00,,House,For Sale,"📍Location: Ross Trace, St Helena Price: $2.5M Property Features: 🔸 34,372 sq. ft. of flat, freehold land 🔸 Excellent opportunity for an A partment complex or T ownhouse development 🔸 Conveniently located near Supermarkets, Hardware stores, Auto service centers, Schools, and other essential amenities 🔸 Just 2 minutes from Piarco International Airport 🔸 Outline approval for a 5-lot subdivision already in place 🔸 Prime location with outstanding investment and development potential 🔸Final Approvals for Residential development pending

About the Region
Piarco Piarco is a town in northern Trinidad and is the site of Piarco International Airport. Piarco includes the villages of Piarco and St. Helena. Piarco is the site of one of the few natural savannahs in Trinidad and Tobago, the Piarco Savannah. Most of this savannah land has been incorporated into the airport. Businesses such as Caribbean Airlines headquarters, Airport Authority Administrative Centre, Swissport Cargo, Civil Aviation, TTPOST just to name a few are located in and around Piarco. Trincity Mall, Piarco Plaza, Service stations, Supermarkets, Pharmacies, Hardware and Hotels can also be found in the vicinity of Piarco. Piarco is also facilitated by one of our many Fire and Police Stations in Trinidad.",Freehold Land; T&C Approved,2026-08-06T23:33:58.525785+00:00
https://mybunchofkeys.com/property/for-sale-eco-resort-in-cumuto/,FOR SALE: ECO-RESORT IN CUMUTO - My Bunch of Keys,"$2,600,000",BOK-1058491,"Coryal, Cumuto",,,33000sq.ft.,,Exclusive Paragon Properties,,(868) 323-7196,https://mybunchofkeys.com/wp-content/uploads/2026/07/Paragon-Properties-Logo.png,https://mybunchofkeys.com/wp-content/uploads/2026/07/20260313_113713.jpg,https://mybunchofkeys.com/wp-content/uploads/2026/07/20260313_113713.jpg; https://mybunchofkeys.com/wp-content/uploads/2026/07/20260313_113713-1440x1080.jpg; https://mybunchofkeys.com/wp-content/uploads/2026/07/20260313_120257-1440x1080.jpg; https://mybunchofkeys.com/wp-content/uploads/2026/07/20260313_114149-1440x1080.jpg; https://mybunchofkeys.com/wp-content/uploads/2026/07/20260313_114123-1440x1080.jpg; https://mybunchofkeys.com/wp-content/uploads/2026/07/20260313_114537-1440x1080.jpg; https://mybunchofkeys.com/wp-content/uploads/2026/07/20260313_114542-1440x1080.jpg; https://mybunchofkeys.com/wp-content/uploads/2026/07/Photo-from-Excl-Paragon-Properties.jpg,2026-07-12T02:47:21+00:00,,House,For Sale,"📍Location: Coryal Village, Cumuto 💰Price: $2.6M Property Features 🔸 33,000 sq. ft. of freehold land offering ample space for expansion and future development 🔸 Spacious kitchen equipped with commercial-grade appliances 🔸 Well-maintained swimming pool 🔸 Separate male and female restroom facilities 🔸 Dedicated office space 🔸 Comfortable lounge and bar area, for entertaining guests 🔸 Three large, fully furnished bedrooms 🔸 Scenic natural pond, ideal for fishing and relaxation 🔸 Large on-site parking area to accommodate guests and patrons 🔸 Versatile property ideally suited for wedding receptions, corporate events, birthday celebrations, retreats, vacation rentals, training seminars, and other special events 🔸 Excellent potential for conversion into a geriatric home, wellness centre 🔸 Being sold as is 🔸 Conveniently located approximately 1 0 minutes from the heart of Sangre Grande A unique multi-purpose property offering endless possibilities for hospitality, event hosting, healthcare, or recreational use. Whether you’re looking to expand an existing business or launch a new venture, this property provides the space, amenities, and flexibility to bring your vision to life.

About the Region
Cumuto Cumuto is a district in Trinidad. Cumuto is east of Sangre Grande and south of Arima. It is within the Sangre Grande region. Cumuto is the site of the Aripo Savannas Scientific Reserve, an area which contains one of the last remaining areas of natural savannah in Trinidad and Tobago. This village is easily accessible and has developed significantly. It is protected by the Cumuto Police station. The residences have stabilized their standard of living by successfully development their small businesses. There are Churches, Schools and recreational parks.",Move in Ready; Freehold Land,2026-08-06T23:26:32.875523+00:00
https://mybunchofkeys.com/property/3bedroom-freeport-house/,3Bedroom Freeport - House - My Bunch of Keys,"$1,950,000",BOK-1058437,"freeport, Balmain Chaguanas Couva Freeport",3,2,5000sq.ft.,2,Dwell & Associates Real Estate Ltd,,(868) 365-5110,https://mybunchofkeys.com/wp-content/uploads/2020/07/prof-pic-dwell-320x320.jpg,https://mybunchofkeys.com/wp-content/uploads/2026/07/WhatsApp-Image-2026-05-11-at-10.54.39-PM-1.jpeg,https://mybunchofkeys.com/wp-content/uploads/2026/07/WhatsApp-Image-2026-05-11-at-10.54.39-PM-1.jpeg; https://mybunchofkeys.com/wp-content/uploads/2026/07/WhatsApp-Image-2026-05-11-at-10.54.38-PM-2-810x1080.jpeg; https://mybunchofkeys.com/wp-content/uploads/2026/07/WhatsApp-Image-2026-05-11-at-10.54.39-PM-810x1080.jpeg; https://mybunchofkeys.com/wp-content/uploads/2026/07/WhatsApp-Image-2026-05-11-at-10.54.39-PM-3-810x1080.jpeg; https://mybunchofkeys.com/wp-content/uploads/2026/07/WhatsApp-Image-2026-05-11-at-10.54.39-PM-2-810x1080.jpeg; https://mybunchofkeys.com/wp-content/uploads/2026/07/WhatsApp-Image-2026-05-11-at-10.54.39-PM-1-810x1080.jpeg; https://mybunchofkeys.com/wp-content/uploads/2026/07/WhatsApp-Image-2026-05-11-at-10.54.38-PM-810x1080.jpeg; https://mybunchofkeys.com/wp-content/uploads/2026/07/WhatsApp-Image-2026-05-11-at-10.54.38-PM-3-810x1080.jpeg; https://mybunchofkeys.com/wp-content/uploads/2026/07/WhatsApp-Image-2026-05-11-at-10.54.39-PM-4-810x1080.jpeg; https://mybunchofkeys.com/wp-content/uploads/2026/07/WhatsApp-Image-2026-05-11-at-10.54.40-PM-810x1080.jpeg; https://mybunchofkeys.com/wp-content/uploads/2026/07/WhatsApp-Image-2026-05-11-at-10.54.38-PM-1-810x1080.jpeg,2026-07-11T16:55:05+00:00,,House,For Sale,"House, Palm View Gardens, Freeport – For Sale | $1.95M Nestled within the prestigious gated community of Palm View Gardens, this exquisite home offers the perfect blend of comfort, style and convenience. Situated in one of Freeport’s most sought-after locations, this property boasts proximity to essential amenities, schools, shopping and excellent transport links. Property Information: -Land 5,000sq.ft. -Internal 2,000sq.ft. -3 Bedrooms [potential 4th bedroom] -2½ Bathrooms -Fully Airconditioned -Internal Laundry -Gated Community -Bonus Space | Area -Kid | Pet Friendly -Water Tank | Pump | Heater -Covered Backyard | Patio -1 Minute to the Southern Main Road -5 Minutes to the Highway -10 Minutes to the C3 Centre Development Features: -Club House -Gazebo -Play Park -Green Space CALL For Private viewing WhatsApp for Full Video Walkthrough 365-5110 374-4617 308-6162

About the Region
Chaguanas The Borough of Chaguanas is the largest borough with an average population of 83,489 and fastest-growing town in Trinidad and Tobago, it is located in the West-Central area of Trinidad. Chaguanas is popular for its shopping malls, variety stores and street shopping. Many citizens as well as tourists visit these sites to partake in the buying of many items offered for sale. This town is fast paced as many business sectors such as banking, insurance, auto rentals and food are readily available. All sites are easily accessible as transport hubs are located throughout the streets of this beautiful town, not to mention the safety of the police & fire services that are available upon request. Home to the famous Divali Nagar site, many tourists as well as citizens visit this location to buy merchandise offered from the well-known Indian heritage such as clothing, food, religious items etc. Fun fact, Chaguanas was named after the indigenous tribe who originally settled there.",Unfurnished; Move in Ready; Gated Compound; Gated Community; Air Conditioning; Patio; Leasehold Land; Pet Friendly; Office Space; Laundry Area/Facility; Built-in Closets,2026-08-06T23:19:58.345093+00:00
https://mybunchofkeys.com/property/for-sale-split-level-house-on-don-miguel-rd-el-socorro/,"FOR SALE: SPLIT LEVEL HOUSE ON DON MIGUEL RD, EL SOCORRO - My Bunch of Keys","$3,700,000",BOK-1058364,"Don Miguel Road, El Socorro San Juan",3,4,7500sq.ft.,,Exclusive Paragon Properties,,(868) 323-7196,https://mybunchofkeys.com/wp-content/uploads/2026/07/Paragon-Properties-Logo.png,https://mybunchofkeys.com/wp-content/uploads/2026/07/WhatsApp-Image-2026-06-11-at-2.46.16-PM-6.jpeg,https://mybunchofkeys.com/wp-content/uploads/2026/07/WhatsApp-Image-2026-06-11-at-2.46.16-PM-6.jpeg; https://mybunchofkeys.com/wp-content/uploads/2026/07/WhatsApp-Image-2026-06-11-at-2.46.16-PM-6-1440x1080.jpeg; https://mybunchofkeys.com/wp-content/uploads/2026/07/WhatsApp-Image-2026-06-11-at-2.46.16-PM-5-810x1080.jpeg; https://mybunchofkeys.com/wp-content/uploads/2026/07/WhatsApp-Image-2026-06-11-at-2.46.16-PM-4-810x1080.jpeg; https://mybunchofkeys.com/wp-content/uploads/2026/07/WhatsApp-Image-2026-06-11-at-2.46.16-PM-3-1440x1080.jpeg; https://mybunchofkeys.com/wp-content/uploads/2026/07/WhatsApp-Image-2026-06-11-at-2.46.16-PM-2-1440x1080.jpeg; https://mybunchofkeys.com/wp-content/uploads/2026/07/WhatsApp-Image-2026-06-11-at-2.46.16-PM-1-1440x1080.jpeg; https://mybunchofkeys.com/wp-content/uploads/2026/07/WhatsApp-Image-2026-06-11-at-2.46.16-PM-1440x1080.jpeg,2026-07-10T22:16:40+00:00,,House,For Sale,"📍Location: Don Miguel Road, El Socorro 💰Price: $3.7M Property Features Upper Level: 🔸 3 spacious bedrooms , each with its own En-suite bathroom 🔸 Built-in closets in every bedroom 🔸 Dedicated study area, ideal for a home office or reading nook 🔸 Glass-enclosed porch offering additional living space and natural light Ground Level 🔸 Spacious kitchen 🔸 Separate living and dining rooms 🔸 Comfortable TV/family room 🔸 Entertainment area complete with a built-in bar 🔸 Laundry room 🔸 One full bathroom and one powder room 🔸 Welcoming front porch Additional Highlights 🔸 Covered driveway accommodating 2 vehicles 🔸 Situated on over 7,000 sq. ft. of land 🔸 Beautifully landscaped grounds with mature fruit trees, including mango, guava, and more 🔸 Architecturally designed with quality craftsmanship and premium Kohler fixtures and fittings 🔸 Competitively priced based on an earlier professional valuation 📍 Just 1 minute from the Churchill Roosevelt Highway 📍 Approximately 5 minutes to Port of Spain 📍 Conveniently located within walking distance of schools, shopping, public transportation, restaurants, and other everyday amenities. An exceptional family home combining generous living spaces, quality construction, and a highly sought-after location.

About the Region
El Socorro El Socorro is considered as a residential area. Along the El Socorro Main Road, you can find many small businesses such as wholesale or retail, its many Chinese cuisines and gas service stations. It is well known for the El Socorro Mosque which is heavily attended on days of prayer & provides charity for the poor. All of its roads are connected to its environs such as Barataria, San Juan or Aranquez which makes it easily accessible to other business services that maybe required. This district is separated into two areas, North & South. The Southern side has grown tremendously and focuses more on the commercial activity such as Manufacturing of Paints, Beverage, Clothing, Marine and has many warehousing facilities for FMCG operations. Residents who live amongst these sectors have grown accustomed to this life style and have begun benefiting from it as many small businesses have been developed (Parlors, bars, groceries food outlets) to provide sustenance for employees. It is protected by the El Socorro barracks. Commuting is easily available and on both the Northern and Southern side of El Socorro.",Move in Ready; Air Conditioning; Covered Garage; Freehold Land; Fully Fenced; Pet Friendly; Laundry Area/Facility; Built-in Closets,2026-08-06T23:27:59.619364+00:00
https://mybunchofkeys.com/property/discover-lima-estates-prime-gated-community-in-central/,DISCOVER LIMA ESTATES- PRIME GATED COMMUNITY IN CENTRAL - My Bunch of Keys,"$2,200,000",BOK-956978,Couva Freeport,3,3,1920sq.ft.,2,Prime Realty Ltd,,(868) 468-1712,https://mybunchofkeys.com/wp-content/uploads/2025/04/Prime-Realty-Logo-320x320.png,https://mybunchofkeys.com/wp-content/uploads/2025/10/IMG-20251017-WA0024-1.jpg,https://mybunchofkeys.com/wp-content/uploads/2025/10/IMG-20251017-WA0024-1.jpg; https://mybunchofkeys.com/wp-content/uploads/2025/10/IMG-20251017-WA0024-1-864x1080.jpg; https://mybunchofkeys.com/wp-content/uploads/2025/10/IMG-20250805-WA0061-1440x1080.jpg; https://mybunchofkeys.com/wp-content/uploads/2025/10/IMG-20250805-WA0064-1440x1080.jpg; https://mybunchofkeys.com/wp-content/uploads/2025/10/IMG-20250805-WA0060-1440x1080.jpg; https://mybunchofkeys.com/wp-content/uploads/2025/10/IMG-20250805-WA0065-1440x1080.jpg; https://mybunchofkeys.com/wp-content/uploads/2025/10/IMG-20250805-WA0063-1440x1080.jpg; https://mybunchofkeys.com/wp-content/uploads/2025/10/IMG-20250805-WA0045-1440x1080.jpg; https://mybunchofkeys.com/wp-content/uploads/2025/10/IMG-20250805-WA0038-810x1080.jpg; https://mybunchofkeys.com/wp-content/uploads/2025/10/IMG-20250805-WA0043-1440x1080.jpg; https://mybunchofkeys.com/wp-content/uploads/2025/10/IMG-20250805-WA0046-1440x1080.jpg,2026-07-10T18:22:02+00:00,,House,For Sale,"Where security meets superior craftsmanship for the discerning homeowner. Ideally located with seamless access to the Southern Main Road and both north- and south-bound highways, Lima Estates offers convenience, comfort, and peace of mind in one exclusive address. Offering two story and single story houses in a high end gated residence. Two storey homes start from $2,800,000 – 4 bedrooms, 4.5 bathrooms Pre-selling New phase – Lots 25, 26, 27 and 33; to be completed March, 2026. Lot #25 – Land size: 6024.56 sq ft, Living Space: 2181 sq ft $2,365,200 Lot #26 – Land size: 5214 sq ft, Living Space: 1935 sq ft $2,269,000 Lot #27 – Land size:5264 sq ft, Living Space: 1794 sq ft $2,200,000 Lot #33 – Land size: 5014.9 sq ft, Living Space: 1765 sq ft $2,200,000 Each single storey home features: 💢3 ensuite bedrooms, 3.5 baths 💢Open concept living. dining rooms and kitchen 💢Internal laundry room 💢Enclosed garage 💢Security camaras and alarm systems 💢Fully air-conditioned with power saving units 💢Porcelain tiles throughout 💢Appliances included : Refrigerator, Electric Stove, Range Hood, Dishwasher, Microwave, Water Heater, Washer and Dryer 💢Warranty on roofing, plumbing, Electrical and Air-conditioning units with different conditions for each item. Development Main Features: ☘️Security guard posted at the southern (main) entrance🚨 ☘️Two entrances to the west and south of the development ☘️Wide well-maintained streets, green space, perfect for bike riding and walking. ☘️Maintenance of common areas, streets, electronic gates ☘️HOA fees $750 month Make a smart investment in your family’s future with more value for money. Call or Whatsapp Kimberly Raj

About the Region
Couva For many years, the village was little more than a clearing in a sugarcane field. The population was mainly indentured workers of Indian origin with a smaller number of former African slaves and numbered no more than a few hundred. Couva continued to grow in size with the national census recording a figure of 3,572 persons in 1980. Couva benefits immensely from its unique location. The Sir Solomon Hochoy Highway ensures easy access to Port of Spain and San Fernando, in addition to the neighboring towns of Chaguanas, Arima and Point Fortin. Transportation, Public Service Utilities, Shopping, Recreation and Entertainment, Health Care, Businesses, Schools and Industrial Centres are readily accessible. The urban structure of Couva is similar to that of most towns in Central Trinidad with a mix of residential and commercial activity within the town centre itself, i.e. along the Southern Main Road, recently people have begun buying land and starting their businesses out of the town centre areas. Couva is the administrative and commercial centre of the region and the Point Lisas Port and Industrial Estate falls within the Greater Couva Urban Area. Most popular sites in Couva are now the Brian Lara Stadium where the CPL is held. This attracts many tourists to come sit and watch the exciting cricket matches",Semi Furnished; Move in Ready; Gated Community; Air Conditioning; Central Air Conditioning; Kitchen Appliances; Security Cameras; Covered Garage; Remote Gate; T&C Approved; Pet Friendly; Kid Friendly; Laundry Area/Facility; Built-in Closets; Walk-in Closets; Water Tank; Water Pump,2026-08-06T23:23:42.393809+00:00
https://mybunchofkeys.com/property/fixer-upper-for-sale-ragbir-circular-tacarigua/,"Fixer-Upper for Sale | Ragbir Circular, Tacarigua - My Bunch of Keys","$1,300,000",BOK-1058096,"Ragbir Circular, Dinsley Village, Tacarigua, Tacarigua",,,5168sq.ft.,,Warren Kerry,Stuart Spiers Real Estate Services,(868) 379-7408,https://mybunchofkeys.com/wp-content/uploads/2024/03/Screenshot_20240223-095734-320x320.png,https://mybunchofkeys.com/wp-content/uploads/2026/07/IMG-20260428-WA0022-e1783706389245.jpg,https://mybunchofkeys.com/wp-content/uploads/2026/07/IMG-20260428-WA0022-e1783706389245.jpg; https://mybunchofkeys.com/wp-content/uploads/2026/07/IMG-20260428-WA0017.jpg; https://mybunchofkeys.com/wp-content/uploads/2026/07/IMG-20260428-WA0022-608x1080.jpg; https://mybunchofkeys.com/wp-content/uploads/2026/07/IMG-20260428-WA0014.jpg; https://mybunchofkeys.com/wp-content/uploads/2026/07/IMG-20260428-WA0020.jpg; https://mybunchofkeys.com/wp-content/uploads/2026/07/IMG-20260428-WA0021.jpg,2026-07-10T18:00:13+00:00,,House,For Sale,"This property offers immense potential for customization. It features a single-storey design with four separate apartments, so investors or owner-occupiers can develop or upgrade a multi-family residence. The land size of 5,168 square feet provides good space for outdoor improvements, while the existing building size measures 2,565 square feet. Please note that the property requires structural work, presenting an opportunity for renovation enthusiasts to transform it into a desirable multi-family residence or income earning compound. One-Storey Multi-dwelling Building Four (4) Apartments Sale Price: TTD $1.3M Contact: (868) 379 7408 Call/WhatsApp For more information or to arrange a viewing, please contact! 📞 #SSRES #TrinidadRealtor #InvestmentProperty #FixerUpper

About the Region
Tacarigua Tacarigua (originally San Pablo de Tacarigua) is a town in the East–West Corridor of Trinidad and Tobago, located east of Tunapuna, north of Trincity and west of Arouca. It is on the banks of the Tacarigua River. The city is governed by the Tunapuna–Piarco Regional Corporation. Tacarigua was originally a Spanish encomienda, prior to the relocation of the Amerindians to Arima in 1789. Some of the first mosques were built at Tacarigua in 1850. Famous cricket player Kieron Pollard was born here.",Freehold Land,2026-08-06T23:25:21.441047+00:00
https://mybunchofkeys.com/property/for-salerent-westmoorings/,FOR SALE+RENT: WESTMOORINGS - My Bunch of Keys,"$5,000,000",BOK-1058044,Westmoorings,3,3,6508sq.ft.,2,Jennifer Carr,Carr Realty,(868) 740-5359,https://mybunchofkeys.com/wp-content/uploads/2021/03/Jennifer-Carr-320x320.jpg,https://mybunchofkeys.com/wp-content/uploads/2026/07/20-Back-Yard.jpeg,https://mybunchofkeys.com/wp-content/uploads/2026/07/20-Back-Yard.jpeg; https://mybunchofkeys.com/wp-content/uploads/2026/07/6-Living-Dining-Area.jpeg; https://mybunchofkeys.com/wp-content/uploads/2026/07/8-Kitchen.jpeg; https://mybunchofkeys.com/wp-content/uploads/2026/07/10-Bedroom.jpeg; https://mybunchofkeys.com/wp-content/uploads/2026/07/16-Ensuite-Bathroom.jpeg,2026-07-10T14:57:04+00:00,,House,For Sale,"🛏 3 Bedroom 🚿 3 Bathroom 🏠 Semi Furnished House 📏 Building: 2,215 sf 🌳 Land: 6,508 sf 🪴 Front and Back Yard 🚘 2 Parking Spaces SALE PRICE – TT$5ML RENTAL PRICE – TT$15,000 This semi furnished 3 bedroom, 3 bathroom home set on 6,508 square feet of land with a house size of 2,215 square feet is an ideal choice for families or anyone seeking a peaceful lifestyle in a premier residential community. As you step inside, you are welcomed by a bright and spacious open plan living and dining area with the kitchen just off of this space. French doors extend the living area outdoors, opening onto the backyard where you can enjoy the tranquil surroundings. Each bedroom is fitted with built in closets and an ensuite bathroom, with one bedroom located to the right of the entrance and the remaining two positioned to the left of the main living area. Additional Highlights + Fully Air Conditioned + Front and Back Yard [Manicured Gardens] + Side Gate Access to Back Yard + Secured Parking for 2 Vehicles + Easy Access to Many Amenities [Westmall, Superpharm, West Park] Offering spacious interiors and beautifully landscaped outdoor spaces, this exceptional home provides the perfect setting for everyday living. 📲 Contact our team for additional pictures or information

About the Region
Westmoorings Westmoorings is a residential area in the region of Diego Martin on the island Trinidad, west of Port of Spain, the capital of Trinidad and Tobago. This suburb consists of mainly lower middle class to upper-class families and is generally known throughout the country for its upscale housing and expatriate population. It also has a few offshore moorings, a mall (The Falls at Westmall), a government college (St. Anthony's College), the International School of Port of Spain, and a private primary school, Dunross Preparatory School. It is bordering the sea and the Diego Martin River. It also has a Massy store, KFC, and Republic Bank.",Semi Furnished; Move in Ready; Air Conditioning; Kitchen Appliances; Parking on Compound; Remote Gate; Fully Fenced; Kid Friendly; Laundry Area/Facility; Built-in Closets,2026-08-06T23:28:33.246188+00:00
https://mybunchofkeys.com/property/for-sale-residential-property-in-west-moorings/,FOR SALE: RESIDENTIAL PROPERTY IN WEST MOORINGS - My Bunch of Keys,"$3,100,000",BOK-1057972,"Western Main Road, Cocorite Westmoorings",9,4,8795sq.ft.,,Exclusive Paragon Properties,,(868) 323-7196,https://mybunchofkeys.com/wp-content/uploads/2026/07/Paragon-Properties-Logo.png,https://mybunchofkeys.com/wp-content/uploads/2026/07/WhatsApp-Image-2026-07-17-at-11.14.09-AM.jpeg,https://mybunchofkeys.com/wp-content/uploads/2026/07/WhatsApp-Image-2026-07-17-at-11.14.09-AM.jpeg; https://mybunchofkeys.com/wp-content/uploads/2026/07/WhatsApp-Image-2026-07-17-at-11.14.09-AM-1440x1080.jpeg; https://mybunchofkeys.com/wp-content/uploads/2026/07/WhatsApp-Image-2026-07-17-at-11.14.10-AM-1440x1080.jpeg; https://mybunchofkeys.com/wp-content/uploads/2026/07/WhatsApp-Image-2026-07-07-at-9.29.30-PM.jpeg; https://mybunchofkeys.com/wp-content/uploads/2026/07/WhatsApp-Image-2026-07-07-at-9.29.29-PM-3-499x1080.jpeg; https://mybunchofkeys.com/wp-content/uploads/2026/07/WhatsApp-Image-2026-07-07-at-9.29.29-PM-2-499x1080.jpeg; https://mybunchofkeys.com/wp-content/uploads/2026/07/WhatsApp-Image-2026-07-07-at-9.29.29-PM.jpeg; https://mybunchofkeys.com/wp-content/uploads/2026/07/WhatsApp-Image-2026-07-09-at-10.48.01-PM-810x1080.jpeg,2026-07-10T02:54:32+00:00,,House,For Sale,"Location: Corner of Western Main Rd and Ocean View Drive

About the Region
Cocorite Cocorite is located in the region of Diego Martin. Diego Martin's capital Petit Valley (Petit Valley) is approximately 2.7 km / 1.7 mi away from Cocorite. The distance from Cocorite to Trinidad and Tobago's capital Port-of-Spain is approximately 3.6 km / 2.3 mi.",Unfurnished; Recently Renovated; Air Conditioning; Parking on Compound; Leasehold Land; Fully Fenced,2026-08-06T23:27:33.868024+00:00
https://mybunchofkeys.com/property/santa-cruz-home-for-sale-5/,Santa Cruz Home for Sale - My Bunch of Keys,"$2,300,000",BOK-1057709,"Sinanan Gardens , Santa Cruz",3,3,2300sq.ft.,2,Guillen Realty,,(868) 617-1704,https://mybunchofkeys.com/wp-content/uploads/2018/03/guillenrealty.png,https://mybunchofkeys.com/wp-content/uploads/2026/07/Sininan-Grdns-1.jpeg,https://mybunchofkeys.com/wp-content/uploads/2026/07/Sininan-Grdns-1.jpeg; https://mybunchofkeys.com/wp-content/uploads/2026/07/Sininan-Grdns-1-1439x1080.jpeg; https://mybunchofkeys.com/wp-content/uploads/2026/07/Sininan-Grdns-2-1440x1080.jpeg; https://mybunchofkeys.com/wp-content/uploads/2026/07/Sininan-Grdns-3-1440x1080.jpeg; https://mybunchofkeys.com/wp-content/uploads/2026/07/Sininan-Grdns-4-1440x1080.jpeg; https://mybunchofkeys.com/wp-content/uploads/2026/07/Sininan-Grdns-5-1440x1080.jpeg; https://mybunchofkeys.com/wp-content/uploads/2026/07/Sininan-Grdns-6-1440x1080.jpeg; https://mybunchofkeys.com/wp-content/uploads/2026/07/Sininan-Grdns-7-1440x1080.jpeg; https://mybunchofkeys.com/wp-content/uploads/2026/07/Sininan-Grdns-8-1440x1080.jpeg; https://mybunchofkeys.com/wp-content/uploads/2026/07/Sininan-Grdns-9-1440x1080.jpeg; https://mybunchofkeys.com/wp-content/uploads/2026/07/Sininan-Grdns-10-1440x1080.jpeg; https://mybunchofkeys.com/wp-content/uploads/2026/07/Sininan-Grdns-11-1440x1080.jpeg; https://mybunchofkeys.com/wp-content/uploads/2026/07/Sininan-Grdns-12-1440x1080.jpeg; https://mybunchofkeys.com/wp-content/uploads/2026/07/Sininan-Grdns-13-810x1080.jpeg; https://mybunchofkeys.com/wp-content/uploads/2026/07/Sininan-Grdns-14-1440x1080.jpeg; https://mybunchofkeys.com/wp-content/uploads/2026/07/Sininan-Grdns-15-1440x1080.jpeg; https://mybunchofkeys.com/wp-content/uploads/2026/07/Sininan-Grdns-16-1440x1080.jpeg; https://mybunchofkeys.com/wp-content/uploads/2026/07/Sininan-Grdns-17-1440x1080.jpeg,2026-07-09T18:09:00+00:00,,House,For Sale,"Santa Cruz Home for Sale 💰ASKING TT$2.3M ONO💰 Features: Land: 5,570sq. ft. of freehold land House: approximately 2,300sq. ft. 3 bedrooms; 2 of which are en-suite 3 bathrooms Open plan, living and dining 3rd bedroom off of living area Covered parking for 2 plus uncovered space for more Gated property

About the Region
Santa Cruz Santa Cruz is a town in Trinidad and Tobago. It extends across the Santa Cruz Valley, between Maraval and San Juan, along the Saddle Road. It lies between the hills of the Northern Range, a mountain range Santa Cruz is home for a few primary and secondary schools. Some primary schools include the La Pastora Government Primary School, Santa Cruz Presbyterian School, Cantaro Roman Catholic School and Bourg Mulatresse Primary School. San Juan North Secondary School is also situated in the Lower Santa Cruz Valley and it was constructed along the mountain side in Bourg Mulatresse near the Bourg Mulatresse Primary School. There are two postal delivery offices and fuel stations in Bourg Mulatresse and Cantaro. Santa Cruz is also home of a police station and a fire station. The Santa Cruz Fire Station houses the Land Search and Rescue Team, this team responds to all search and rescue calls within the Northern Division dealing with automobile accidents, fire emergencies, North Coast Road mishaps and assisting EMTs in responding to medical emergencies beyond road access.",Semi Furnished; Gated Compound; Electricity; Air Conditioning; Kitchen Appliances; Patio; Covered Garage; Parking on Compound; Freehold Land; Pet Friendly; Kid Friendly; Laundry Area/Facility; Accessible; Built-in Closets; Water Tank; Water Pump; Water Heater,2026-08-06T23:38:38.793848+00:00
https://mybunchofkeys.com/property/house-for-sale-in-freeport-9/,House For Sale In Freeport - My Bunch of Keys,"$1,400,000",BOK-846135,Freeport,2,2,4580sq.ft.,,Gayle Nandoo,Terra Caribbean,(868) 770-7583,https://mybunchofkeys.com/wp-content/uploads/2025/05/Terra-Gayle-Nando-320x320.jpg,https://mybunchofkeys.com/wp-content/uploads/2025/02/a-1.jpg,https://mybunchofkeys.com/wp-content/uploads/2025/02/a-1.jpg; https://mybunchofkeys.com/wp-content/uploads/2025/02/b-1.jpg; https://mybunchofkeys.com/wp-content/uploads/2025/02/c-1.jpg; https://mybunchofkeys.com/wp-content/uploads/2025/02/d.jpg,2026-07-09T17:44:59+00:00,,House,For Sale,"Excellent location with lots of potential. This single story property is divided into two, 2 bedroom apartments. It is a fantastic opportunity for homeowners and investors alike. Located just meters away from highway access to both North & South it offers unmatched convenience and accessibility, within walking distance to public transportation, medical facilities, police station & supermarkets. Can easily be reconverted into a 4 bedroom house. Don’t miss this opportunity. TT30269

About the Region
Freeport Freeport is a town in the Republic of Trinidad and Tobago. It is located in west-central Trinidad, and is administered by the Couva–Tabaquite–Talparo Regional Corporation. It has a population of approximately 11,850. The Solomon Hochoy Highway splits Freeport into two, on the east and the west of the highway where you can find most commercial businesses. Known as a residential area, there are many small, medium and large businesses that have proven success through the growth of this community. Most residents have either sold properties or turned them into rental units. This community is also protected by the Freeport police service.",Unfurnished; Air Conditioning; Fully Fenced; Pet Friendly; Water Tank; Water Pump,2026-08-06T23:32:29.004894+00:00
https://mybunchofkeys.com/property/el-dorado-tunapuna-ramlogan-drive/,"EL DORADO, TUNAPUNA - “Ramlogan Drive” - My Bunch of Keys","$1,975,000",BOK-959764,El Dorado Tunapuna,7,4,5022sq.ft.,4,Decle Realty,,(868) 681-6137,https://mybunchofkeys.com/wp-content/uploads/2022/12/Decle-Realty-Logo-320x320.jpg,https://mybunchofkeys.com/wp-content/uploads/2025/11/IMG_0820.jpeg,https://mybunchofkeys.com/wp-content/uploads/2025/11/IMG_0820.jpeg; https://mybunchofkeys.com/wp-content/uploads/2025/11/IMG_0825-1440x1080.jpeg; https://mybunchofkeys.com/wp-content/uploads/2025/11/IMG_0738-810x1080.jpeg; https://mybunchofkeys.com/wp-content/uploads/2025/11/IMG_0747-1440x1080.jpeg; https://mybunchofkeys.com/wp-content/uploads/2025/11/IMG_0748-1440x1080.jpeg; https://mybunchofkeys.com/wp-content/uploads/2025/11/IMG_0749-1440x1080.jpeg; https://mybunchofkeys.com/wp-content/uploads/2025/11/IMG_0750-810x1080.jpeg; https://mybunchofkeys.com/wp-content/uploads/2025/11/IMG_0751-1440x1080.jpeg; https://mybunchofkeys.com/wp-content/uploads/2025/11/IMG_0755-1440x1080.jpeg; https://mybunchofkeys.com/wp-content/uploads/2025/11/IMG_0757-1440x1080.jpeg; https://mybunchofkeys.com/wp-content/uploads/2025/11/IMG_0758-1440x1080.jpeg; https://mybunchofkeys.com/wp-content/uploads/2025/11/IMG_0760-1440x1080.jpeg; https://mybunchofkeys.com/wp-content/uploads/2025/11/IMG_0752-1440x1080.jpeg; https://mybunchofkeys.com/wp-content/uploads/2025/11/IMG_0759-1440x1080.jpeg; https://mybunchofkeys.com/wp-content/uploads/2025/11/IMG_0799-810x1080.jpeg; https://mybunchofkeys.com/wp-content/uploads/2025/11/IMG_0800-1440x1080.jpeg; https://mybunchofkeys.com/wp-content/uploads/2025/11/IMG_0801-1440x1080.jpeg; https://mybunchofkeys.com/wp-content/uploads/2025/11/IMG_0803-1440x1080.jpeg; https://mybunchofkeys.com/wp-content/uploads/2025/11/IMG_0804-1440x1080.jpeg; https://mybunchofkeys.com/wp-content/uploads/2025/11/IMG_0805-810x1080.jpeg; https://mybunchofkeys.com/wp-content/uploads/2025/11/IMG_0806-1440x1080.jpeg; https://mybunchofkeys.com/wp-content/uploads/2025/11/IMG_0808-1440x1080.jpeg; https://mybunchofkeys.com/wp-content/uploads/2025/11/IMG_0809-1440x1080.jpeg; https://mybunchofkeys.com/wp-content/uploads/2025/11/IMG_0810-1440x1080.jpeg; https://mybunchofkeys.com/wp-content/uploads/2025/11/IMG_0811-1440x1080.jpeg; https://mybunchofkeys.com/wp-content/uploads/2025/11/IMG_0812-1440x1080.jpeg; https://mybunchofkeys.com/wp-content/uploads/2025/11/IMG_0819-1440x1080.jpeg; https://mybunchofkeys.com/wp-content/uploads/2025/11/IMG_0818-810x1080.jpeg; https://mybunchofkeys.com/wp-content/uploads/2025/11/IMG_0821-1440x1080.jpeg,2026-07-09T17:39:44+00:00,,House,For Sale,"EL DORADO, TUNAPUNA (“Ramlogan Drive”) 🏡 This spacious two-storey home offers excellent income potential in a great residential location with quick access to the Eastern Main Road and Highway. 🏡 Two self-contained 3-bedroom, 2-bathroom apartments — one on each floor 🏠 Plus a 1-bedroom annex 📏 Land: 5,022 sq.ft. | Building: 3,772 sq.ft. ⚡️ Separate meters for both apartments 🧺 External laundry area 💰 Valuation: $2.25M 📉 Priced under valuation at $1.975M ✨Perfect for investors or extended families looking for space, convenience, and flexibility.✨

About the Region
El Dorado El Dorado is considered both residential and commercial area and is split into North and South by the Priority Bus Route, with South being the commercial district. North provides Secondary and Primary schools and newly developed housing schemes which are privately owned. This area has groceries and many small businesses alongside the Eastern Main Road (EMR) which provides services to the community. The centralized Constantine park provides use for sporting activities and exercising. South functions around Industrial and manufacturing type businesses however there are residence living amongst this activity. This main carriageway located in El Dorado South can divert you to the Churchill Roosevelt Highway where you can find Massy Stores, Popeyes, Service Station etc. El Dorado is protected by the Tunapuna police and Fire services. Many residence who require a wider array of services will usually commute to Tunapuna as this area acts as the main hub for shopping, cinema, or purchasing a wide array of goods offered form the well-known Tunapuna Market.",Unfurnished; Recently Renovated; Electricity; Air Conditioning; Patio; Covered Garage; Freehold Land; Fully Fenced; Pet Friendly; Kid Friendly; Office Space; Laundry Area/Facility; Annex; Water Tank; Water Pump,2026-08-06T23:23:54.260992+00:00
https://mybunchofkeys.com/property/house-for-sale-alexander-road-vistabella-san-fernando-4-95mtt/,"House For Sale - Alexander Road, Vistabella, San Fernando TTD$4.4M - My Bunch of Keys","$4,400,000",BOK-903344,San Fernando Vistabella,5,4,4000sq.ft.,2,Veridian Realty,,(868) 476-4235,https://mybunchofkeys.com/wp-content/uploads/2021/09/veridian-logo-320x320.png,https://mybunchofkeys.com/wp-content/uploads/2025/06/DJI_20250507145138_0192_D.jpg,https://mybunchofkeys.com/wp-content/uploads/2025/06/DJI_20250507145138_0192_D.jpg; https://mybunchofkeys.com/wp-content/uploads/2025/06/DSC06176.jpg; https://mybunchofkeys.com/wp-content/uploads/2025/06/DSC06162.jpg; https://mybunchofkeys.com/wp-content/uploads/2025/06/DSC06167.jpg; https://mybunchofkeys.com/wp-content/uploads/2025/06/DSC06171.jpg; https://mybunchofkeys.com/wp-content/uploads/2025/06/DSC06160.jpg; https://mybunchofkeys.com/wp-content/uploads/2025/06/DSC06157.jpg; https://mybunchofkeys.com/wp-content/uploads/2025/06/DSC06146.jpg; https://mybunchofkeys.com/wp-content/uploads/2025/06/DSC06142.jpg; https://mybunchofkeys.com/wp-content/uploads/2025/06/DSC06144.jpg; https://mybunchofkeys.com/wp-content/uploads/2025/06/DSC06148.jpg; https://mybunchofkeys.com/wp-content/uploads/2025/06/DJI_20250507144941_0184_D.jpg; https://mybunchofkeys.com/wp-content/uploads/2025/06/DJI_20250507145237_0196_D.jpg,2026-07-09T16:19:02+00:00,,House,For Sale,"House For Sale – Alexander Road, Vistabella, San Fernando TTD$4.4M This spacious 5 bedroom, 4.5 bathroom residence offers an exceptional blend of comfort, functionality, and scenic views. The home features a self-contained annex—perfect for guests or extended family—as well as dedicated spaces for an office, gym, and laundry. Enjoy multiple outdoor living areas with two patios and a stunning rooftop deck that showcases breathtaking views of the San Fernando Hill and Gulf of Paria. With parking for two vehicles, this property is ideal for those seeking a versatile and well-appointed home in a desirable location. Please contact us for more information:

About the Region
San Fernando San Fernando, officially the City of San Fernando, is the most populous city and second most populous municipality in Trinidad and Tobago, after Chaguanas. Sando, as it is also known, occupies 19 km² and is located in the south western part of the island of Trinidad. It is bounded to the north by the Guaracara River, the south by the Oropouche River, the east by the Sir Solomon Hochoy Highway, and the west by the Gulf of Paria. The former borough was elevated to the status of a city corporation on 18 November 1988. The motto of San Fernando is: ""Sanitas Fortis"" - In a Healthy Environment We Will Find Strength. Many local Trinidadians refer to the city with the shortened name ""Sando."" San Fernando is called Trinidad and Tobago's ""industrial capital"" because of its proximity to the Pointe-à-Pierre oil refinery and many other petrochemical, LNG, iron and steel and aluminium smelters in places such as Point Lisas in Couva, Point Fortin, and La Brea. The city is well known for its wide array of shopping facilitates located in the heart of San Fernando. Services offered are that of Police, fire, banking, transport, jewellery repairs etc. Many citizens visit San Fernando for the night life which consists of restaurants, street food and the many party clubs readily available. The city has one of the most visited fish depot which attracts vendors from all over Trinidad. The San Fernando Hill is a main tourist attraction because of the view it provides of Trinidad. Many newlyweds visit this location to bask in its ambience and take wedding photos. The outer part of San Fernando is well known for its malls and cinemas which attracts both tourists and citizens which makes shopping here an integrated experience.",Unfurnished; Air Conditioning; Home Gym; Powder Room; Patio; Parking on Compound; Fully Fenced; Pet Friendly; Kid Friendly; Laundry Area/Facility; Water Tank; Water Pump; Water Heater,2026-08-06T23:30:38.376690+00:00
https://mybunchofkeys.com/property/brand-new-4-bedroom-house-gasparillo-2-990m/,"BRAND NEW 4 BEDROOM HOUSE, GASPARILLO - $2.990M - My Bunch of Keys","$2,990,000",BOK-1057528,Gasparillo,4,3,,2,Xippi Properties Ltd,,(868) 712-5742,https://mybunchofkeys.com/wp-content/uploads/2021/09/Xippi-Logo-320x320.png,https://mybunchofkeys.com/wp-content/uploads/2026/07/742002376_2409483392911273_3348669451271487777_n.jpg,https://mybunchofkeys.com/wp-content/uploads/2026/07/742002376_2409483392911273_3348669451271487777_n.jpg; https://mybunchofkeys.com/wp-content/uploads/2026/07/742581359_1348417594064598_3023513754880179106_n-867x1080.jpg; https://mybunchofkeys.com/wp-content/uploads/2026/07/742619953_1342015891447523_7293310114726855830_n-866x1080.jpg; https://mybunchofkeys.com/wp-content/uploads/2026/07/741439646_1372654331501710_2158488865999226230_n-866x1080.jpg; https://mybunchofkeys.com/wp-content/uploads/2026/07/741481361_1421990949793860_144326610576903911_n-866x1080.jpg; https://mybunchofkeys.com/wp-content/uploads/2026/07/741510339_1944197916271023_1409992023265485040_n-866x1080.jpg; https://mybunchofkeys.com/wp-content/uploads/2026/07/744042367_1049800837570807_1265900434445329154_n-866x1080.jpg; https://mybunchofkeys.com/wp-content/uploads/2026/07/741918497_1554482626390022_2104141858208116423_n-866x1080.jpg; https://mybunchofkeys.com/wp-content/uploads/2026/07/740765110_887490517742859_799791541416107783_n-866x1080.jpg; https://mybunchofkeys.com/wp-content/uploads/2026/07/741693741_1356006736675034_8689177727821481624_n-866x1080.jpg; https://mybunchofkeys.com/wp-content/uploads/2026/07/742417010_1801041410912733_6248202318331593269_n-866x1080.jpg; https://mybunchofkeys.com/wp-content/uploads/2026/07/742267108_865430612926305_2592397304924571797_n-866x1080.jpg; https://mybunchofkeys.com/wp-content/uploads/2026/07/742198349_2197654054359926_8657854529546040561_n-866x1080.jpg; https://mybunchofkeys.com/wp-content/uploads/2026/07/742930012_1741096293589724_1178062184443202804_n-866x1080.jpg; https://mybunchofkeys.com/wp-content/uploads/2026/07/742951765_1011285991517249_5136056944711583531_n-866x1080.jpg; https://mybunchofkeys.com/wp-content/uploads/2026/07/741236039_1756064389161581_2091561911781059937_n-866x1080.jpg; https://mybunchofkeys.com/wp-content/uploads/2026/07/742096464_2072122510064413_6830663708828054257_n-866x1080.jpg; https://mybunchofkeys.com/wp-content/uploads/2026/07/742186219_1622029853258608_3200255634288920979_n-866x1080.jpg; https://mybunchofkeys.com/wp-content/uploads/2026/07/742501643_2172347317040240_935786863779257142_n-866x1080.jpg,2026-07-09T14:01:17+00:00,,House,For Sale,"BRAND NEW 4 BEDROOM HOUSE, GASPARILLO.

About the Region
Gasparillo Gasparillo is a town in southern Trinidad. It lies east of Pointe-à-Pierre and northeast of San Fernando. The population is 16,426. The name Gasparillo is applied not only to Gasparillo area, but also the surrounding communities including Bonne Aventure, Reform and Whiteland. Trinidadians do not use Spanish sounds when saying Gasparillo. Correct local pronunciation is ""gas-PARR-ri-low."" Gasparillo is administrated by Couva–Tabaquite–Talparo Regional Corporation and Princes Town Regional Corporation. Gasparillo owes much of its size to its proximity to the Petrotrin oil refinery at Pointe-à-Pierre. It also provides the only publicly accessible route from the Sir Solomon Hochoy Highway to the town of Marabella and the Manny Ramjohn Stadium, named for Olympian, Scout Leader and long-time Gasparillo resident, Manny Ramjohn. Gasparillo is well protected by its fire and protective services.",Air Conditioning; Security Alarms; Security Cameras; Remote Gate; Laundry Area/Facility; Water Tank; Water Pump; Water Heater,2026-08-06T23:21:46.982577+00:00
https://mybunchofkeys.com/property/land-for-sale-half-acre-along-chin-chin-road-cunupia/,LAND FOR SALE: HALF ACRE ALONG CHIN CHIN ROAD CUNUPIA - My Bunch of Keys,"$1,900,000",BOK-1057513,Chin Chin Cunupia,4,4,23134sq.ft.,,Exclusive Paragon Properties,,(868) 323-7196,https://mybunchofkeys.com/wp-content/uploads/2026/07/Paragon-Properties-Logo.png,https://mybunchofkeys.com/wp-content/uploads/2026/07/WhatsApp-Image-2026-06-09-at-8.37.52-PM.jpeg,https://mybunchofkeys.com/wp-content/uploads/2026/07/WhatsApp-Image-2026-06-09-at-8.37.52-PM.jpeg; https://mybunchofkeys.com/wp-content/uploads/2026/07/WhatsApp-Image-2026-06-09-at-8.37.53-PM-1-810x1080.jpeg; https://mybunchofkeys.com/wp-content/uploads/2026/07/WhatsApp-Image-2026-06-09-at-8.37.53-PM-1440x1080.jpeg; https://mybunchofkeys.com/wp-content/uploads/2026/07/WhatsApp-Image-2026-06-09-at-8.37.52-PM-1440x1080.jpeg; https://mybunchofkeys.com/wp-content/uploads/2026/07/WhatsApp-Image-2026-06-09-at-8.01.39-PM-1440x1080.jpeg,2026-07-09T13:23:28+00:00,,House,For Sale,"Location: Chin Chin Road, Cunupia

About the Region
Chin Chin Chin Chin is a road located in Cunupia, Trinidad and Tobago. This area is considered residential, many small and medium sized businesses such as parlours, mini marts, bars, food outlets, car care, grocery and RORO Importers operate in this area. This road can merge travelers into Las Lomas, Madras Road and Cunupia.",Unfurnished; Move in Ready; Freehold Land; Fully Fenced,2026-08-06T23:34:04.581081+00:00
https://mybunchofkeys.com/property/house-for-sale-in-phillipine/,House For Sale In Phillipine - My Bunch of Keys,"$2,975,000",BOK-961791,Phillipine,3,3,3500sq.ft.,4,Delisha Maharaj,Terra Caribbean,(868) 374-9973,https://mybunchofkeys.com/wp-content/uploads/2025/05/Terra-Delisha-Maharaj-320x320.jpg,https://mybunchofkeys.com/wp-content/uploads/2025/11/a-11.jpg,https://mybunchofkeys.com/wp-content/uploads/2025/11/a-11.jpg; https://mybunchofkeys.com/wp-content/uploads/2025/11/b-10.jpg; https://mybunchofkeys.com/wp-content/uploads/2025/11/c-10.jpg; https://mybunchofkeys.com/wp-content/uploads/2025/11/d-10.jpg; https://mybunchofkeys.com/wp-content/uploads/2025/11/e-9.jpg; https://mybunchofkeys.com/wp-content/uploads/2025/11/f-9.jpg; https://mybunchofkeys.com/wp-content/uploads/2025/11/g-9.jpg; https://mybunchofkeys.com/wp-content/uploads/2025/11/h-8.jpg; https://mybunchofkeys.com/wp-content/uploads/2025/11/i-8.jpg; https://mybunchofkeys.com/wp-content/uploads/2025/11/j-8.jpg; https://mybunchofkeys.com/wp-content/uploads/2025/11/k-8.jpg; https://mybunchofkeys.com/wp-content/uploads/2025/11/l-7.jpg; https://mybunchofkeys.com/wp-content/uploads/2025/11/m-6.jpg; https://mybunchofkeys.com/wp-content/uploads/2025/11/n-5-1259x1080.jpg; https://mybunchofkeys.com/wp-content/uploads/2025/11/o-1.jpg,2026-07-09T13:17:05+00:00,,House,For Sale,"This elegant home located on Ruby Avenue, Emerald Gardens, Phillipine, offers modern comfort and style in a sought-after residential community. The huge kitchen is the heart of the home, featuring rich wooden cabinetry, sleek stainless-steel appliances, and a large island with seating for casual dining or entertaining. Pendant lighting and wood-look tile floors add warmth and sophistication to the space. The open-plan living area exudes luxury with soaring double-height ceilings, large floor-to-ceiling windows, and custom blinds that alleviate the need for drapery. The neutral tasteful tones provide the perfect backdrop for you to create a welcoming atmosphere perfect for family gatherings or relaxing evenings. Upstairs, the 3 bedrooms are inviting and well-appointed. The master is ensuite with a walk-in closet. The featured room, bright and airy with a large window and soft pastel walls makes an ideal child’s bedroom or guest suite. It includes air-conditioning and ample space for storage and play. There is also a study with a balcony and another bedroom – 4 rooms in total on the second floor. Added bonuses include a roof top patio accessed by a spiral staircase off the second level. At the basement there is atleast 500 square feet of flat concreted area suitable for enclosing and making it into an income generating unit. Every detail of this property has been designed for comfort and functionality, blending modern finishes with a timeless aesthetic. Located in a quiet, family-friendly neighborhood close to schools, shopping, and major amenities, this home is the perfect balance of elegance and everyday convenience. An ideal place to create lasting memories. TT30381

About the Region
Phillipine Phillipine is a residential area located amongst communities such as Picton and Hermitage, South Trinidad. Some businesses located amongst the residences are Nick’s Café, Doc’s Ranch and Bar and Rituals.",Semi Furnished; Air Conditioning; Kitchen Appliances; Kitchen Island; Parking on Compound; Fully Fenced; Pet Friendly; Walk-in Closets; Water Tank; Water Pump,2026-08-06T23:32:50.079564+00:00
https://mybunchofkeys.com/property/for-sale-2-storey-fixer-upper-house/,FOR SALE: 2 STOREY FIXER UPPER HOUSE IN PARAMIN - My Bunch of Keys,"$1,200,000",BOK-1057495,"Beau Pres Road, Paramin, Maraval Paramin",3,1,5348sq.ft.,,Exclusive Paragon Properties,,(868) 323-7196,https://mybunchofkeys.com/wp-content/uploads/2026/07/Paragon-Properties-Logo.png,https://mybunchofkeys.com/wp-content/uploads/2026/07/WhatsApp-Image-2026-07-29-at-11.47.41-PM.jpeg,https://mybunchofkeys.com/wp-content/uploads/2026/07/WhatsApp-Image-2026-07-29-at-11.47.41-PM.jpeg; https://mybunchofkeys.com/wp-content/uploads/2026/07/WhatsApp-Image-2026-07-29-at-11.47.41-PM-1440x1080.jpeg; https://mybunchofkeys.com/wp-content/uploads/2026/07/WhatsApp-Image-2026-07-29-at-11.47.41-PM-2-1440x1080.jpeg; https://mybunchofkeys.com/wp-content/uploads/2026/07/WhatsApp-Image-2026-07-29-at-11.47.41-PM-1-1440x1080.jpeg; https://mybunchofkeys.com/wp-content/uploads/2026/07/WhatsApp-Image-2024-01-21-at-10.24.30-AM-1440x1080.jpeg; https://mybunchofkeys.com/wp-content/uploads/2026/07/648305691_122281940822064496_2813018867773542904_n.jpg; https://mybunchofkeys.com/wp-content/uploads/2026/07/648289942_122281940768064496_3516108960840180141_n-810x1080.jpg; https://mybunchofkeys.com/wp-content/uploads/2026/07/WhatsApp-Image-2024-01-21-at-10.24.28-AM-1440x1080.jpeg; https://mybunchofkeys.com/wp-content/uploads/2026/07/WhatsApp-Image-2024-01-21-at-10.24.32-AM-1440x1080.jpeg; https://mybunchofkeys.com/wp-content/uploads/2026/07/648318197_122281940876064496_7607987356404533179_n.jpg,2026-07-09T13:06:03+00:00,,House,For Sale,"📍 Location: Beau Pres Road, Paramin 💰Price: $1.2M Property Highlights: 🔸 First Floor: 3 spacious bedrooms, 1 bathroom, kitchen, open-plan living/dining area, and front porch 🔸 Ground Floor: Open-concept space, offering excellent rental potential 🔸 Freehold Land: 5,350 sq. ft. 🔸 Building Size: 1,679 sq. ft. (Ground Floor) | 1,851 sq. ft. (First Floor) 🔸 Enjoy breathtaking mountain views 🔸 Expansive yard with ample space for future expansion or additional development 🔸 Covered and uncovered parking available 🔸 Property professionally valuated in July 2023 🔸 Existing structure is over 40 years old 🔸 Excellent investment opportunity with strong potential for conversion into income-generating apartments 🔸 Fixer-Upper with Minor Upgrades Required – A great opportunity to add value through light renovations and customize the property to suit your vision. Call or Whatsapp Us Today!

About the Region
Maraval Maraval is one of the northern suburbs of Trinidad's capital, Port of Spain, a valley in northern Trinidad in Trinidad and Tobago. It is situated at the bottom of the hills of Paramin and located east of the Diego Martin valley to which it is connected directly by Morne Coco Road, and west of Santa Cruz valley, to which it is connected by Saddle Road. Maraval is considered one of the major high-income residential areas in the country in combination with the Westmoorings, Goodwood Park and Glencoe area, it is home of much of the island's elite, including a number of diplomats. Maraval is sometimes referred to as ""Diego Martin East"". It is home to Trinity College secondary school, St. Andrew's Golf Course and Club in Moka, which is considered to be one of the finest golf courses in the Caribbean that was established in 1891 making it one of the oldest in the world. It arguably provides the best route of access from the capital to the North Coast. Along with Santa Cruz, Maraval is located close to the best beaches on the island, allowing its residents quick access to both leisure activities, as well as downtown business and entertainment. Maraval has branches of the major locally-operating banks, supermarkets, pharmacies, boutiuqes, clothing outlets, catholic schools, churches and parish groups.",Unfurnished; Covered Garage; Parking on Compound; Freehold Land; Fully Fenced,2026-08-06T23:25:44.878852+00:00
https://mybunchofkeys.com/property/haleland-park-family-home-for-sale/,Gorgeous Four Bedroom Family Home in Haleland Park for SALE - My Bunch of Keys,"$7,000,000",BOK-928783,"Mace Place, Haleland Park, Haleland Park Maraval",4,4,18600sq.ft.,2,Shanna Singh Baksh,Alcazar Realtors,(868) 332-4780,https://mybunchofkeys.com/wp-content/uploads/2025/12/Shanna-Singh-Baskh-320x320.jpeg,https://mybunchofkeys.com/wp-content/uploads/2025/08/IMG_5535-1.jpg,https://mybunchofkeys.com/wp-content/uploads/2025/08/IMG_5535-1.jpg; https://mybunchofkeys.com/wp-content/uploads/2025/08/IMG_5583-1620x1080.jpg; https://mybunchofkeys.com/wp-content/uploads/2025/08/IMG_5568-1-1620x1080.jpg; https://mybunchofkeys.com/wp-content/uploads/2025/08/IMG_5549-1620x1080.jpg; https://mybunchofkeys.com/wp-content/uploads/2025/08/IMG_5553-1620x1080.jpg; https://mybunchofkeys.com/wp-content/uploads/2025/08/IMG_5547-1620x1080.jpg; https://mybunchofkeys.com/wp-content/uploads/2025/08/IMG_5560-1620x1080.jpg; https://mybunchofkeys.com/wp-content/uploads/2025/08/IMG_5554-1724x1080.jpg; https://mybunchofkeys.com/wp-content/uploads/2025/08/IMG_5564-1-1620x1080.jpg; https://mybunchofkeys.com/wp-content/uploads/2025/08/IMG_5611-1620x1080.jpg; https://mybunchofkeys.com/wp-content/uploads/2025/08/IMG_5603-1620x1080.jpg; https://mybunchofkeys.com/wp-content/uploads/2025/08/IMG_5587-1620x1080.jpg; https://mybunchofkeys.com/wp-content/uploads/2025/08/IMG_5606-1620x1080.jpg; https://mybunchofkeys.com/wp-content/uploads/2025/08/IMG_5537-1620x1080.jpg; https://mybunchofkeys.com/wp-content/uploads/2025/08/IMG_5512-1-1620x1080.jpg; https://mybunchofkeys.com/wp-content/uploads/2025/08/IMG_5536-1-1620x1080.jpg; https://mybunchofkeys.com/wp-content/uploads/2025/08/IMG_5526-1-1620x1080.jpg; https://mybunchofkeys.com/wp-content/uploads/2025/08/IMG_5569-1620x1080.jpg; https://mybunchofkeys.com/wp-content/uploads/2025/08/IMG_5575-1620x1080.jpg,2026-07-09T10:40:24+00:00,,House,For Sale,"✨ Prestigious Haleland Park, Maraval ✨

About the Region
Haleland Park Haleland Park is located in Maraval Trinidad. This residential area is known for its stunning villas & Modern design townhouse units located in a gated community comprising of both townhouses and stand-alone units. Haleland Park is surrounded by the St. Andrews Golf Club and the Villas of Moka.",Semi Furnished; Gated Community; Private Pool; Air Conditioning; Kitchen Appliances; Pantry; Covered Garage; Parking on Compound; Fully Fenced; Laundry Area/Facility; Built-in Closets; Walk-in Closets,2026-08-06T23:28:57.583959+00:00
https://mybunchofkeys.com/property/1057432/,FOR SALE: SPLIT LEVEL 5 BEDROOM HOUSE IN VALSAYN NORTH - My Bunch of Keys,"$10,000,000",BOK-1057432,"Valsayn Avenue, Valsayn North, Valsayn",5,5,16000sq.ft.,,Exclusive Paragon Properties,,(868) 323-7196,https://mybunchofkeys.com/wp-content/uploads/2026/07/Paragon-Properties-Logo.png,https://mybunchofkeys.com/wp-content/uploads/2026/07/WhatsApp-Image-2026-07-26-at-5.05.38-AM.jpeg,https://mybunchofkeys.com/wp-content/uploads/2026/07/WhatsApp-Image-2026-07-26-at-5.05.38-AM.jpeg; https://mybunchofkeys.com/wp-content/uploads/2026/07/20230909_143952-1440x1080.jpg; https://mybunchofkeys.com/wp-content/uploads/2026/07/20230909_143956-1440x1080.jpg; https://mybunchofkeys.com/wp-content/uploads/2026/07/IMG-20230912-WA0030.jpg; https://mybunchofkeys.com/wp-content/uploads/2026/07/IMG-20230912-WA0025.jpg; https://mybunchofkeys.com/wp-content/uploads/2026/07/20230909_144233-1440x1080.jpg; https://mybunchofkeys.com/wp-content/uploads/2026/07/20230909_144039-1440x1080.jpg; https://mybunchofkeys.com/wp-content/uploads/2026/07/WhatsApp-Image-2026-07-26-at-5.05.38-AM-1440x1080.jpeg,2026-07-09T03:00:26+00:00,,House,For Sale,"Luxury Living at Its Finest Experience the perfect blend of elegance, comfort, and security in this impressive 8,000 sq. ft. residence. 📍Location: Valsayn Avenue, Valsayn North 💰Price: TT $10M (neg) or US$1.475M Property Highlights: 5 generously sized bedrooms, each featuring built-in wardrobes Expansive primary suite with an En-suite bathroom 5 1/2 well-appointed bathrooms Available furnished or unfurnished to suit your lifestyle Dedicated laundry room with three (3) 600-gallon water storage tanks Fully secured property with 12 perimeter surveillance cameras Beautifully landscaped front and back yards offering ample outdoor space Mature fruit trees such as mango, fig, avocado, and dragon fruit Covered garage with additional un-covered parking Prime location just moments from prestigious schools, shopping, restaurants, and everyday conveniences A rare opportunity to own a spacious, well-appointed home in a highly desirable neighborhood. Look No Further! Schedule your private viewing today to experience the grandeur of this residence first hand.

About the Region
Valsayn Valsayn is specific to being as an upper class residential area. Many local well-known business owners reside in this area. The area is located closely to Curepe and is split by North and South Valsayn. Valsayn has a Superpharm, a mall, night club and service station amongst other things. This area is heavily protected by owners with home & amalgamated security. The location, even though residential, hosts fetes for the carnival season. It is also very visited by locals nationwide for the Christmas season as many residences decorate their homes in a distinguished manner. It is memorable.",Move in Ready; Powder Room; Security Patrols; Security Cameras; Covered Garage; Remote Gate; Freehold Land; Laundry Area/Facility; Built-in Closets; Walk-in Closets,2026-08-06T23:19:11.821773+00:00
https://mybunchofkeys.com/property/modern-luxury-home-gated-community-couva/,"MODERN LUXURY HOME, GATED COMMUNITY, COUVA - My Bunch of Keys","$3,500,000",BOK-1057145,"Olive Grove Boulevard, Couva, Trinidad and Tobago, Couva Freeport",5,5,4600sq.ft.,,Deed 2 Deed Real Estate,,868-771-3333,https://mybunchofkeys.com/wp-content/uploads/2023/01/deed-2-deed-logo-320x320.jpg,https://mybunchofkeys.com/wp-content/uploads/2026/07/WhatsApp-Image-2026-07-08-at-3.17.26-PM-6.jpeg,https://mybunchofkeys.com/wp-content/uploads/2026/07/WhatsApp-Image-2026-07-08-at-3.17.21-PM-1.jpeg; https://mybunchofkeys.com/wp-content/uploads/2026/07/WhatsApp-Image-2026-07-08-at-3.17.21-PM.jpeg; https://mybunchofkeys.com/wp-content/uploads/2026/07/WhatsApp-Image-2026-07-08-at-3.17.22-PM-1.jpeg; https://mybunchofkeys.com/wp-content/uploads/2026/07/WhatsApp-Image-2026-07-08-at-3.17.22-PM-2.jpeg; https://mybunchofkeys.com/wp-content/uploads/2026/07/WhatsApp-Image-2026-07-08-at-3.17.22-PM-3.jpeg; https://mybunchofkeys.com/wp-content/uploads/2026/07/WhatsApp-Image-2026-07-08-at-3.17.22-PM-4.jpeg; https://mybunchofkeys.com/wp-content/uploads/2026/07/WhatsApp-Image-2026-07-08-at-3.17.22-PM-5.jpeg; https://mybunchofkeys.com/wp-content/uploads/2026/07/WhatsApp-Image-2026-07-08-at-3.17.22-PM-6.jpeg; https://mybunchofkeys.com/wp-content/uploads/2026/07/WhatsApp-Image-2026-07-08-at-3.17.22-PM.jpeg; https://mybunchofkeys.com/wp-content/uploads/2026/07/WhatsApp-Image-2026-07-08-at-3.17.23-PM-1.jpeg; https://mybunchofkeys.com/wp-content/uploads/2026/07/WhatsApp-Image-2026-07-08-at-3.17.23-PM-2.jpeg; https://mybunchofkeys.com/wp-content/uploads/2026/07/WhatsApp-Image-2026-07-08-at-3.17.23-PM-3.jpeg; https://mybunchofkeys.com/wp-content/uploads/2026/07/WhatsApp-Image-2026-07-08-at-3.17.23-PM-4.jpeg; https://mybunchofkeys.com/wp-content/uploads/2026/07/WhatsApp-Image-2026-07-08-at-3.17.23-PM-5.jpeg; https://mybunchofkeys.com/wp-content/uploads/2026/07/WhatsApp-Image-2026-07-08-at-3.17.23-PM-6.jpeg; https://mybunchofkeys.com/wp-content/uploads/2026/07/WhatsApp-Image-2026-07-08-at-3.17.23-PM.jpeg; https://mybunchofkeys.com/wp-content/uploads/2026/07/WhatsApp-Image-2026-07-08-at-3.17.24-PM-1-810x1080.jpeg; https://mybunchofkeys.com/wp-content/uploads/2026/07/WhatsApp-Image-2026-07-08-at-3.17.24-PM-2.jpeg; https://mybunchofkeys.com/wp-content/uploads/2026/07/WhatsApp-Image-2026-07-08-at-3.17.24-PM-3-810x1080.jpeg; https://mybunchofkeys.com/wp-content/uploads/2026/07/WhatsApp-Image-2026-07-08-at-3.17.24-PM-4.jpeg; https://mybunchofkeys.com/wp-content/uploads/2026/07/WhatsApp-Image-2026-07-08-at-3.17.24-PM-5.jpeg; https://mybunchofkeys.com/wp-content/uploads/2026/07/WhatsApp-Image-2026-07-08-at-3.17.24-PM-6.jpeg; https://mybunchofkeys.com/wp-content/uploads/2026/07/WhatsApp-Image-2026-07-08-at-3.17.24-PM-810x1080.jpeg; https://mybunchofkeys.com/wp-content/uploads/2026/07/WhatsApp-Image-2026-07-08-at-3.17.25-PM-1.jpeg; https://mybunchofkeys.com/wp-content/uploads/2026/07/WhatsApp-Image-2026-07-08-at-3.17.25-PM-2-810x1080.jpeg; https://mybunchofkeys.com/wp-content/uploads/2026/07/WhatsApp-Image-2026-07-08-at-3.17.25-PM-3.jpeg; https://mybunchofkeys.com/wp-content/uploads/2026/07/WhatsApp-Image-2026-07-08-at-3.17.25-PM-4.jpeg; https://mybunchofkeys.com/wp-content/uploads/2026/07/WhatsApp-Image-2026-07-08-at-3.17.25-PM-5.jpeg; https://mybunchofkeys.com/wp-content/uploads/2026/07/WhatsApp-Image-2026-07-08-at-3.17.25-PM-6.jpeg; https://mybunchofkeys.com/wp-content/uploads/2026/07/WhatsApp-Image-2026-07-08-at-3.17.25-PM.jpeg; https://mybunchofkeys.com/wp-content/uploads/2026/07/WhatsApp-Image-2026-07-08-at-3.17.26-PM-1-810x1080.jpeg; https://mybunchofkeys.com/wp-content/uploads/2026/07/WhatsApp-Image-2026-07-08-at-3.17.26-PM-2.jpeg; https://mybunchofkeys.com/wp-content/uploads/2026/07/WhatsApp-Image-2026-07-08-at-3.17.26-PM-3.jpeg; https://mybunchofkeys.com/wp-content/uploads/2026/07/WhatsApp-Image-2026-07-08-at-3.17.26-PM-4-810x1080.jpeg; https://mybunchofkeys.com/wp-content/uploads/2026/07/WhatsApp-Image-2026-07-08-at-3.17.26-PM-5-810x1080.jpeg; https://mybunchofkeys.com/wp-content/uploads/2026/07/WhatsApp-Image-2026-07-08-at-3.17.26-PM-6.jpeg; https://mybunchofkeys.com/wp-content/uploads/2026/07/WhatsApp-Image-2026-07-08-at-3.17.26-PM.jpeg,2026-07-08T19:30:15+00:00,,House,For Sale,"FOR SALE MODERN LUXURY HOME, GATED COMMUNITY, COUVA 📍 Olive Grove, Couva 💰 TT$3.5M Priced Below Valuation! FEATURES: Gated Community 5 Bedrooms Bonus Multi-Purpose Room (Office / Gym / Media Room) 5½ Bathrooms Premium Designer Finishes Throughout Stunning Double-Height Living Area Floor-to-Ceiling Windows with Exceptional Natural Light Modern Open Concept Kitchen Spa-Inspired Bathrooms with Luxury Fixtures Freestanding Soaking Tub in Primary Ensuite HOA: $500/month 🏡 4600 sq ft ⛰️ 5000 + sq ft An exceptional opportunity to own a beautifully designed contemporary home offering luxury, space and outstanding value in one of Couva’s most desirable gated communities. ☎️ 771-3333 / 771-8899 📧 deed2deedtt@gmail.com 💻 deed2deedrealestate.com

About the Region
Couva For many years, the village was little more than a clearing in a sugarcane field. The population was mainly indentured workers of Indian origin with a smaller number of former African slaves and numbered no more than a few hundred. Couva continued to grow in size with the national census recording a figure of 3,572 persons in 1980. Couva benefits immensely from its unique location. The Sir Solomon Hochoy Highway ensures easy access to Port of Spain and San Fernando, in addition to the neighboring towns of Chaguanas, Arima and Point Fortin. Transportation, Public Service Utilities, Shopping, Recreation and Entertainment, Health Care, Businesses, Schools and Industrial Centres are readily accessible. The urban structure of Couva is similar to that of most towns in Central Trinidad with a mix of residential and commercial activity within the town centre itself, i.e. along the Southern Main Road, recently people have begun buying land and starting their businesses out of the town centre areas. Couva is the administrative and commercial centre of the region and the Point Lisas Port and Industrial Estate falls within the Greater Couva Urban Area. Most popular sites in Couva are now the Brian Lara Stadium where the CPL is held. This attracts many tourists to come sit and watch the exciting cricket matches",Move in Ready; Gated Community,2026-08-06T23:35:37.184469+00:00
https://mybunchofkeys.com/property/pinewood-gardens-petit-valley-for-sale-2-5m/,"Pinewood Gardens, Petit Valley for Sale - NOW $2.5M - My Bunch of Keys","$2,500,000",BOK-960299,Diego Martin Petit Valley,4,2,5432sq.ft.,4,Cristel de Silva,de Silva Realty,(868) 294-9118,https://mybunchofkeys.com/wp-content/uploads/2021/07/cristel-de-silva-profile-alt-320x320.jpg,https://mybunchofkeys.com/wp-content/uploads/2025/11/IMG_0432.jpeg,https://mybunchofkeys.com/wp-content/uploads/2025/11/IMG_0432.jpeg; https://mybunchofkeys.com/wp-content/uploads/2025/11/IMG_0430-1440x1080.jpeg; https://mybunchofkeys.com/wp-content/uploads/2025/11/IMG_0432-1440x1080.jpeg; https://mybunchofkeys.com/wp-content/uploads/2025/11/IMG_0447-1440x1080.jpeg; https://mybunchofkeys.com/wp-content/uploads/2025/11/IMG_0449-1440x1080.jpeg; https://mybunchofkeys.com/wp-content/uploads/2025/11/IMG_0453-1440x1080.jpeg; https://mybunchofkeys.com/wp-content/uploads/2025/11/IMG_0457-1440x1080.jpeg; https://mybunchofkeys.com/wp-content/uploads/2025/11/IMG_0459-1440x1080.jpeg; https://mybunchofkeys.com/wp-content/uploads/2025/11/IMG_0469-1440x1080.jpeg; https://mybunchofkeys.com/wp-content/uploads/2025/11/IMG_0471-1440x1080.jpeg; https://mybunchofkeys.com/wp-content/uploads/2025/11/IMG_0430-1-1440x1080.jpeg; https://mybunchofkeys.com/wp-content/uploads/2025/11/IMG_0433-1440x1080.jpeg; https://mybunchofkeys.com/wp-content/uploads/2025/11/IMG_0437-1440x1080.jpeg; https://mybunchofkeys.com/wp-content/uploads/2025/11/IMG_0439-1440x1080.jpeg; https://mybunchofkeys.com/wp-content/uploads/2025/11/IMG_0446-810x1080.jpeg; https://mybunchofkeys.com/wp-content/uploads/2025/11/IMG_0456-810x1080.jpeg; https://mybunchofkeys.com/wp-content/uploads/2025/11/IMG_0458-810x1080.jpeg; https://mybunchofkeys.com/wp-content/uploads/2025/11/IMG_0462-1440x1080.jpeg,2026-07-08T16:56:12+00:00,,House,For Sale,"Pinewood Gardens, Petit Valley for Sale – $2.5M Bungalow house on 5,432 s f flat freehold Sq land in the sought after neighbourhood of Pinewood Gardens in Petit Valley. If you are looking for a home that’s in close proximity to pharmacies, schools, groceries and shopping with easy access from the Diego Martin Highway and Morne Coco Road this one is for you. Details as follows: 4 bedrooms (master ensuite) 2 full bathrooms Parking for 4 (2 covered) Family neighbourhood Ample storage Laundry Room Living Room, Dining Room, Entertainment Room and Kitchen with Breakfast Nook Land Size – 5,432 Sq ft Freehold Unfurnished or Semi Furnished Size of House – 2,662 Sq Ft Neighbourhood park Annual neighbourhood maintenance $500 RECENT VALUATION IN HAND Listed for Sale Now Reduced to $2.5M 📞 Message to schedule a viewing or get more details! ☎️ +1-868-294-9118 – Cristel de Silva 📭 cristel@desilvarealty.com

About the Region
Diego Martin Diego Martin is a town and is the urban commercial center and capital of the Diego Martin region in Trinidad and Tobago. Its location in the region is just on the southeastern border, west of the capital city of Port of Spain and east of the town of Carenage. Diego Martin in the Northern Range was once filled with a number of small valleys but is now a densely populated area. It was named after a Spanish explorer Don Diego Martín. The area was settled by French planters and their slaves in the 1780s. The town area is administered by the Diego Martin Regional Corporation and is the birth home of Empress Shebah 'Ra III and the home town of Miss Universe 1998, Wendy Fitzwilliam. Diego Martin is well known for St. Dominic's Pastoral Centre- The home of the Order of Preachers in Trinidad and Tobago, Shri Ram Dhaam SWAHA Mandir-The Shri Ram Dhaam SWAHA Mandir was built in 1998 and has a 15-foot animated murti of the Hindu deity Hanuman, the first of its kind in the Western Hemisphere. Christ Child Convalescent Home-This home was founded by the Corpus Christi Carmelites who came to Diego Martin in 1945. ""In 1946 the Mother Foundress opened the Christ Child Convalescent Home to take care of the poor children both in the community and outside of the community who were convalescing from illness. This was the first Children's Home in the country"". Corpus Christi College-""Corpus Christi College was founded on September 8, 1959 by Corpus Christi Carmelites at the request of then Diego Martin parish priest, Fr Cyril Ward, CSSp. The first intake of students totalled 36, including Sr Petronilla, then known as Gloris Joseph"". Diego Martin also has heritage and cultural sites such as River Estate Museum, Water Wheel, Valley Haps Steel Orchestra, Merrytones Steel Orchestra and Paramin village just to name a few. At least one mall, banks, supermarkets, pharmacies, gyms and other stores can be found in this town. The location of the mall made it an easy drop in place on the way home for the pickup of groceries or to deal with one's personal affairs.",Unfurnished; Semi Furnished; Air Conditioning; Kitchen Appliances; Covered Garage; Parking on Compound; Freehold Land; Fully Fenced; Pet Friendly; Kid Friendly; Laundry Area/Facility; Built-in Closets; Water Tank; Water Pump; Water Heater,2026-08-06T23:37:17.421457+00:00
https://mybunchofkeys.com/property/blanchisseuse-hime-for-sale/,Blanchisseuse Home for sale - My Bunch of Keys,"$1,750,000",BOK-842871,Blanchisseuse,3,3,6000sq.ft.,3,SOL Real Estate,,(868) 729-0239,https://mybunchofkeys.com/wp-content/uploads/2020/06/sol-re-logo-320x320.jpg,https://mybunchofkeys.com/wp-content/uploads/2025/01/015-2.jpeg,https://mybunchofkeys.com/wp-content/uploads/2025/01/015-2.jpeg; https://mybunchofkeys.com/wp-content/uploads/2025/01/015-2-810x1080.jpeg; https://mybunchofkeys.com/wp-content/uploads/2025/01/017-2-810x1080.jpeg; https://mybunchofkeys.com/wp-content/uploads/2025/01/bbd61803-fcdf-445a-a9e4-828a6b517edc-1440x1080.jpeg; https://mybunchofkeys.com/wp-content/uploads/2025/01/000-1-810x1080.jpeg; https://mybunchofkeys.com/wp-content/uploads/2025/01/001-2-810x1080.jpeg; https://mybunchofkeys.com/wp-content/uploads/2025/01/004-2-810x1080.jpeg; https://mybunchofkeys.com/wp-content/uploads/2025/01/003-2-810x1080.jpeg; https://mybunchofkeys.com/wp-content/uploads/2025/01/002-2-810x1080.jpeg; https://mybunchofkeys.com/wp-content/uploads/2025/01/005-2-810x1080.jpeg; https://mybunchofkeys.com/wp-content/uploads/2025/01/006-2-810x1080.jpeg; https://mybunchofkeys.com/wp-content/uploads/2025/01/007-2-810x1080.jpeg; https://mybunchofkeys.com/wp-content/uploads/2025/01/008-2-810x1080.jpeg; https://mybunchofkeys.com/wp-content/uploads/2025/01/009-2-810x1080.jpeg; https://mybunchofkeys.com/wp-content/uploads/2025/01/010-2-810x1080.jpeg; https://mybunchofkeys.com/wp-content/uploads/2025/01/013-2-810x1080.jpeg; https://mybunchofkeys.com/wp-content/uploads/2025/01/012-2-810x1080.jpeg; https://mybunchofkeys.com/wp-content/uploads/2025/01/011-2-810x1080.jpeg; https://mybunchofkeys.com/wp-content/uploads/2025/01/014-1-810x1080.jpeg; https://mybunchofkeys.com/wp-content/uploads/2025/01/016-2-810x1080.jpeg; https://mybunchofkeys.com/wp-content/uploads/2025/01/019-2-1440x1080.jpeg; https://mybunchofkeys.com/wp-content/uploads/2025/01/018-2-810x1080.jpeg,2026-07-08T16:34:16+00:00,,House,For Sale,"Blanchisseuse Vacation Home for Sale This adorable tranquil 3 bedroom ,3 bath Home is well priced and move in ready . This property sits on 6000 sq ft of land with the structure comprising 3000 sq ft . The ground floor has a 1 bedroom self contained apartment with kitchen ,full bath and bedroom with a wrap around patio and covered outdoor space for entertaining .There is parking for 2-3 cars . The top floor has scenic views of the ocean with a wrap around patio to enjoy those beautiful sunrise and sunsets over the ocean with 2 bedrooms/2 baths ,full kitchen and living room . If you are looking for your own piece of paradise ,this unit is well appointed ,move in ready and can be yours !!! This unit needs no renovations as it has been well maintained over the years ‼️ Price :1.75 Million TT Dollars ONO Contact ☎️ ￼⁨(868) 729-0239⁩ for more info “Envision it,Dream it,Live it “

About the Region
Blanchisseuse Blanchisseuse (pronounced, in the local English dialect, ""blan-chee-shears"") is a village in Trinidad and Tobago. It is located about midway along the north coast of Trinidad on the northern slope of the Northern Range, about 24 km north of Arima. The village was settled by the French following the Cedula of Population in 1783. When Captain Frederick Mallet was charting and surveying the island of Trinidad following its capitulation to the British in 1797, he was told that the village had no name. Observing the women washing clothes in the river, he simply wrote on his survey chart: ""Ladies River"". Later, the settlers called the place after the washerwomen the surveyor had seen, Blanchisseuse being the French for ""washerwoman"". The village is accessible from Port of Spain via the North Coast Road. Blanchisseuse is located much further than the Maracas Beach and Las Cuevas beaches but it still remains a popular beach. Blanchisseuse is famous for the Blanchisseuse Spring Bridge, beaches and Marianne river. The Blanchiessuse Spring Bridge is located on the Paria Main Road Blanchisseuse where most people visit to take photos of this historic site.",Move in Ready; Recently Renovated; Gated Compound; Powder Room; Patio; Parking on Compound; Fully Fenced; Pet Friendly; Kid Friendly; Laundry Area/Facility; Maid Quarters; Built-in Closets; Water Tank; Water Pump; Water Heater,2026-08-06T23:21:31.778811+00:00
https://mybunchofkeys.com/property/vacation-home-for-sale/,Vacation Home for Sale - My Bunch of Keys,"$2,500,000",BOK-872690,Blanchisseuse,4,2.5,,5,SOL Real Estate,,(868) 729-0239,https://mybunchofkeys.com/wp-content/uploads/2020/06/sol-re-logo-320x320.jpg,https://mybunchofkeys.com/wp-content/uploads/2025/04/IMG_4602.jpeg,https://mybunchofkeys.com/wp-content/uploads/2025/04/IMG_4602.jpeg; https://mybunchofkeys.com/wp-content/uploads/2025/04/IMG_4600-1440x1080.jpeg; https://mybunchofkeys.com/wp-content/uploads/2025/04/IMG_4601-810x1080.jpeg; https://mybunchofkeys.com/wp-content/uploads/2025/04/IMG_4604-1440x1080.jpeg; https://mybunchofkeys.com/wp-content/uploads/2025/04/IMG_4602-1440x1080.jpeg; https://mybunchofkeys.com/wp-content/uploads/2025/04/IMG_4603-1440x1080.jpeg; https://mybunchofkeys.com/wp-content/uploads/2025/04/IMG_4605-810x1080.jpeg; https://mybunchofkeys.com/wp-content/uploads/2025/04/IMG_4606-1440x1080.jpeg; https://mybunchofkeys.com/wp-content/uploads/2025/04/IMG_4607-1440x1080.jpeg; https://mybunchofkeys.com/wp-content/uploads/2025/04/IMG_4608-810x1080.jpeg; https://mybunchofkeys.com/wp-content/uploads/2025/04/IMG_4609-810x1080.jpeg; https://mybunchofkeys.com/wp-content/uploads/2025/04/IMG_4610-810x1080.jpeg; https://mybunchofkeys.com/wp-content/uploads/2025/04/IMG_4611-1440x1080.jpeg; https://mybunchofkeys.com/wp-content/uploads/2025/04/IMG_4612-1440x1080.jpeg; https://mybunchofkeys.com/wp-content/uploads/2025/04/IMG_4613-810x1080.jpeg; https://mybunchofkeys.com/wp-content/uploads/2025/04/IMG_4614-1440x1080.jpeg; https://mybunchofkeys.com/wp-content/uploads/2025/04/IMG_4615-1440x1080.jpeg; https://mybunchofkeys.com/wp-content/uploads/2025/04/IMG_4616-810x1080.jpeg,2026-07-08T12:26:24+00:00,,House,For Sale,"4 Bedroom Vacation Home Blanchisseuse Beautiful ocean views in this move in ready Home ‼️ This home has covered parking🚙 for 2 with 3 + additional spots . On the ground floor there is one 🛌bedroom and bath which can be used for guests or maid quarters with kitchen ,dining and living room . On the 1st floor there are 3 🛌bedrooms and 1 bath with a large wrap around porch that offers scenic views of the ocean🏝 . The property sits on just under 9000 sq ft of land and the house comprises just about 3000 sq feet . There are many fruit trees scattered and there is room for further expansion if desired as well as space for a pool . This unit is very close to the town and many other beaches that line the north coast . Sale 2.5 Million TT Dollars ONO Contact 729-0239 for more info …. “Envision it ,Dream it ,Live it “

About the Region
Blanchisseuse Blanchisseuse (pronounced, in the local English dialect, ""blan-chee-shears"") is a village in Trinidad and Tobago. It is located about midway along the north coast of Trinidad on the northern slope of the Northern Range, about 24 km north of Arima. The village was settled by the French following the Cedula of Population in 1783. When Captain Frederick Mallet was charting and surveying the island of Trinidad following its capitulation to the British in 1797, he was told that the village had no name. Observing the women washing clothes in the river, he simply wrote on his survey chart: ""Ladies River"". Later, the settlers called the place after the washerwomen the surveyor had seen, Blanchisseuse being the French for ""washerwoman"". The village is accessible from Port of Spain via the North Coast Road. Blanchisseuse is located much further than the Maracas Beach and Las Cuevas beaches but it still remains a popular beach. Blanchisseuse is famous for the Blanchisseuse Spring Bridge, beaches and Marianne river. The Blanchiessuse Spring Bridge is located on the Paria Main Road Blanchisseuse where most people visit to take photos of this historic site.",Fully Furnished; Move in Ready; Air Conditioning; Covered Garage; Parking on Compound; Freehold Land; Fully Fenced; Pet Friendly; Kid Friendly; Laundry Area/Facility; Annex; Maid Quarters; Built-in Closets; Water Tank; Water Heater,2026-08-06T23:41:11.120794+00:00
https://mybunchofkeys.com/property/for-sale-commercial-property-eastern-main-road-arouca/,FOR SALE COMMERCIAL PROPERTY EASTERN MAIN ROAD AROUCA - My Bunch of Keys,"$3,350,000",BOK-1041158,Arouca,,2,3300sq.ft.,3,Penny Properties,,(868) 303-2323,https://mybunchofkeys.com/wp-content/uploads/2024/12/Penny-Properties-Logo-320x320.jpg,https://mybunchofkeys.com/wp-content/uploads/2026/05/9ABB6AEC-F6D3-4247-998F-54244233ECC5.png,https://mybunchofkeys.com/wp-content/uploads/2026/05/9ABB6AEC-F6D3-4247-998F-54244233ECC5.png; https://mybunchofkeys.com/wp-content/uploads/2026/05/E3D19ED3-3EC5-4964-A29C-36E31E1B20B9-608x1080.png; https://mybunchofkeys.com/wp-content/uploads/2026/05/9DEFB08F-5A71-4AD9-8686-AF976B374C37-608x1080.png; https://mybunchofkeys.com/wp-content/uploads/2026/05/BB21DB50-07EC-4246-9F68-CE17C06F716C-608x1080.png; https://mybunchofkeys.com/wp-content/uploads/2026/05/3283EC78-D8E8-4EB2-B374-DB58CCA98E8D-608x1080.png; https://mybunchofkeys.com/wp-content/uploads/2026/05/00F81401-980B-4764-A42F-98131CD3920D-608x1080.png; https://mybunchofkeys.com/wp-content/uploads/2026/05/1DA038B5-B5C9-41AC-AAD5-AEE6572B0A9F-608x1080.png; https://mybunchofkeys.com/wp-content/uploads/2026/05/23B19632-B604-4ABA-96FA-6E305CE90F4C-608x1080.png; https://mybunchofkeys.com/wp-content/uploads/2026/05/CB454503-0814-4B18-9189-4EE0199FB9AD-608x1080.png; https://mybunchofkeys.com/wp-content/uploads/2026/05/5D1C0CFD-386F-4914-9A78-E00926DC2EDB-608x1080.png; https://mybunchofkeys.com/wp-content/uploads/2026/05/5B4CE21A-85DC-40EC-BF10-E710E50E3F53-608x1080.png; https://mybunchofkeys.com/wp-content/uploads/2026/05/F58F2075-CB3F-4213-A2A1-EC5DDA3B5A7E-608x1080.png; https://mybunchofkeys.com/wp-content/uploads/2026/05/9ABB6AEC-F6D3-4247-998F-54244233ECC5-608x1080.png; https://mybunchofkeys.com/wp-content/uploads/2026/05/B2D94724-534C-473B-85C4-2E76DEEF72DF-608x1080.png; https://mybunchofkeys.com/wp-content/uploads/2026/05/BC457D79-F55C-46F9-BDE7-BFA0324F7DCD-608x1080.png; https://mybunchofkeys.com/wp-content/uploads/2026/05/3E7AA483-0C90-492A-B37C-14765B62FFE9-608x1080.png,2026-07-08T11:40:59+00:00,,House,For Sale,"FOR SALE | COMMERCIAL PROPERTY | EASTERN MAIN ROAD, AROUCA * Prime Eastern Main Road location * Two-storey commercial building * Approx. 2500 sq. ft. building * Freehold land: Approx. 3,300 sq. ft. * Approx. 35 ft frontage × 95 ft depth * Excellent visibility and accessibility * Ideal investment property with existing income stream Parking for 3-4 vehicles Price: TT$3.35M For further information or to arrange a viewing, contact Penny Properties.

About the Region
Arouca Arouca is a town in the East–West Corridor of Trinidad and Tobago located 19 km East of Port-of-Spain, along the Eastern Main Road. It is located west of Arima, east of Tunapuna and Tacarigua, south of Lopinot, and north of Piarco. It mainly comprises residential housing. There are several schools located in Arouca including the Bon Air Primary School, Arouca Anglican Primary School, Arouca Girls R.C., Arouca Boys R.C., Arouca Government Primary Schools and Bon Air High School. Arouca is home to four prisons and one correctional facility. These include the Golden Grove Prison, Remand Prison, Women's Prison and Youth Training and Rehabilitation Centre.",Unfurnished; Freehold Land,2026-08-06T23:26:26.949692+00:00
https://mybunchofkeys.com/property/house-on-freehold-land-for-sale/,Toco House on Freehold Land for Sale - My Bunch of Keys,"$1,800,000",BOK-571401,Toco,3,2,1500sq.ft.,2,SOL Real Estate,,(868) 729-0239,https://mybunchofkeys.com/wp-content/uploads/2020/06/sol-re-logo-320x320.jpg,https://mybunchofkeys.com/wp-content/uploads/2023/04/4CF796B2-4852-47C8-8F52-091DF30C90A4.jpeg,https://mybunchofkeys.com/wp-content/uploads/2023/04/4CF796B2-4852-47C8-8F52-091DF30C90A4.jpeg; https://mybunchofkeys.com/wp-content/uploads/2023/04/657D1293-7DD2-4E57-B86A-AFF9E762C534-1440x1080.jpeg; https://mybunchofkeys.com/wp-content/uploads/2023/04/6FD75888-693B-471A-8581-31B2F43DC205-810x1080.jpeg; https://mybunchofkeys.com/wp-content/uploads/2023/04/4CF796B2-4852-47C8-8F52-091DF30C90A4-810x1080.jpeg; https://mybunchofkeys.com/wp-content/uploads/2023/04/29B9C7BD-ABD2-4C9F-AB2D-DC1132435B99-810x1080.jpeg; https://mybunchofkeys.com/wp-content/uploads/2023/04/8166F894-A12A-4DCA-85C0-C9B2A2EE3DE1.jpeg; https://mybunchofkeys.com/wp-content/uploads/2023/04/E28319A8-809F-428E-B08E-E98B87A536DD-810x1080.jpeg; https://mybunchofkeys.com/wp-content/uploads/2023/04/FDE5F466-BF01-467D-810A-2B6A60550BBC.jpeg; https://mybunchofkeys.com/wp-content/uploads/2023/04/A21C60EB-9D1A-4374-95C6-3D16B1068574-810x1080.jpeg; https://mybunchofkeys.com/wp-content/uploads/2023/04/8B31EA41-2C94-487D-A87E-B13F0520789B-810x1080.jpeg; https://mybunchofkeys.com/wp-content/uploads/2023/04/6BE0125E-D966-4DCC-B0B0-F49339AE44C8-810x1080.jpeg; https://mybunchofkeys.com/wp-content/uploads/2023/04/896C0145-C1E4-403E-A82D-18487B7D5013-810x1080.jpeg; https://mybunchofkeys.com/wp-content/uploads/2023/04/DC8D227D-8981-46B1-AFBC-FCBDB58DAA13-810x1080.jpeg; https://mybunchofkeys.com/wp-content/uploads/2023/04/7AA67B41-8F6C-48CE-9FA1-25724197E1E6-810x1080.jpeg; https://mybunchofkeys.com/wp-content/uploads/2023/04/A6E8E0C3-3FCA-4EFF-99AB-87D8E3AA9902-810x1080.jpeg; https://mybunchofkeys.com/wp-content/uploads/2023/04/C5A8E8EC-AFF6-4DE1-8787-5F5332D1F2A7-810x1080.jpeg; https://mybunchofkeys.com/wp-content/uploads/2023/04/6B0282D5-5474-4850-A290-0CB61BAEAC08-810x1080.jpeg; https://mybunchofkeys.com/wp-content/uploads/2023/04/8E46EB4D-9BC9-43E2-83F1-45BF7DF5096B-810x1080.jpeg; https://mybunchofkeys.com/wp-content/uploads/2023/04/18A25F95-CE3F-48BC-B1C0-2C404F0DC357-810x1080.jpeg; https://mybunchofkeys.com/wp-content/uploads/2023/04/8EA8CE57-7E68-4968-8094-E1E88EE4DFB3.jpeg; https://mybunchofkeys.com/wp-content/uploads/2023/04/5D89850E-83F1-485C-96FD-8E57F5517AA7-810x1080.jpeg; https://mybunchofkeys.com/wp-content/uploads/2023/04/3F5EBB4A-E3D6-44D2-AA68-B0D9BD09264D-810x1080.jpeg,2026-07-08T07:32:05+00:00,,House,For Sale,"✅House On Freehold Land for Sale 🏡 Beautiful property with lots of greenery and plant farm. Wonderful opportunity to own a lovely home on this part of the island. Perfect for nature lovers ! 🏠House 1: 3 Beds 🛏 2 Baths 🛁 1,500 sq.f 🏠House 2: (On same property ) 2 Apartments 1 Bed 🛏, 1 Bath 🛁 each ✅Self-contained 660 sqft. f each AC 💨 🌳Land: 4 lots 🧭Location: Toco, 100mm from Police Station 🚔 and proposed port. 1-2 minute walk from the beach 🏝 Price: 💰 1.8 Million ☎️ ‪Contact ‪+1 (868) 729‑0239‬ for more info… “Envision it, Dream it, Live it!”

About the Region
Toco Toco is the most northeasterly village on the island of Trinidad in the County of Saint David where the Caribbean Sea and the Atlantic Ocean meets. Tobago is 35 kilometres to the northeast, making Toco the closest point in Trinidad to the sister island Tobago. A popular tourist destination, the Galera Point Lighthouse in Toco was built in 1897 and today is surrounded by a park and picnic area. Today, Toco remains sparsely populated, although the numbers have grown since the olden days. In 1980, census reports indicate that the population was about 1311. The villagers of Toco are often very friendly. With its serene atmosphere and picturesque beaches, Toco remains one of the most popular surfing and vacationing spots in Trinidad and Tobago. In Toco, there are several coconut estates. The Baldeosingh family owns one of the largest in the area. Toco is considered to be a fishing village. Locals can get an education at Toco Secondary formerly Toco Composite, Toco Roman Catholic School and Toco Anglican School. Toco has produced successful sportsmen such as: Keishorn Walcott (Gold medal Olympic winner), Mervin Dillion (Former West Indies Fast Bowler) & Famous Soca star Patrice Roberts.",Fully Furnished; Move in Ready; Air Conditioning; Kitchen Appliances; Parking on Compound; Freehold Land,2026-08-06T23:33:29.574502+00:00
https://mybunchofkeys.com/property/natural-beauty-and-charm-at-ajoupa-gardens/,Natural Beauty and Charm at Ajoupa Gardens - My Bunch of Keys,"$4,900,000",BOK-925030,"Chickland Village , Freeport",4,2,,,Prime Realty Ltd,,(868) 468-1712,https://mybunchofkeys.com/wp-content/uploads/2025/04/Prime-Realty-Logo-320x320.png,https://mybunchofkeys.com/wp-content/uploads/2025/08/20250812_175824.jpg,https://mybunchofkeys.com/wp-content/uploads/2025/08/20250812_175824.jpg; https://mybunchofkeys.com/wp-content/uploads/2025/08/20250812_165457.jpg; https://mybunchofkeys.com/wp-content/uploads/2025/08/20250812_164844.jpg; https://mybunchofkeys.com/wp-content/uploads/2025/08/20250812_164857.jpg; https://mybunchofkeys.com/wp-content/uploads/2025/08/20250812_165543.jpg; https://mybunchofkeys.com/wp-content/uploads/2025/08/20250812_165151.jpg; https://mybunchofkeys.com/wp-content/uploads/2025/08/20250812_171859.jpg; https://mybunchofkeys.com/wp-content/uploads/2025/08/20250812_172837.jpg; https://mybunchofkeys.com/wp-content/uploads/2025/08/20250812_165335.jpg,2026-07-07T21:59:07+00:00,,House,For Sale,"PRIME PROPERTY FOR ECO-HOSPITALITY LOCATION: Chickland, Upper Carapichaima (Freeport) PRICE: $4.9 MIL, negotiable Are you looking for a blend of charm, natural untouched beauty and the best views of the Northern Range? Your search is over! Enter this un-spoilt garden, with historic significance and beauty, through a private tree lined driveway. Well-kept 4.24 acres of serene property features a colonial style 4 bedroom, 1.5 bath home with a terracotta paved lower floor that features a beautiful rustic kitchen and living space. This property is perfect for a commercial venture in eco-hospitality. The great house can be used as a restaurant with a view and the smaller house can be used for a spa retreat. Ample space, including a cocoa house and open studio can be used as rental cabins, with ample space for more cabins that can be rented out for Airbnb or local glamping trips. Mature cedar trees, anthuriums and fruiting trees on the compound create a wonderful backdrop for weddings and events. Perfect for farming or eco-friendly living. PROPERTY DETAILS: GREAT HOUSE: Two storey home with colonial architecture and high ceilings 4 bedrooms, 1.5 bathrooms. Front verandah, perfect for brunching or bird watching Wooden construction – cedar and greenwood back porch with wonderful views of the Northern Range SECOND HOUSE: Durable 2 Storey wood construction 2 bedrooms, 1 bath Living room /kitchen and porch Perfect for Massages, spa treatments GENERAL FEATURES: 4.24 acres Subdivision approval for a portion of the property Additional buildings – cocoa house and studio To snatch this opportunity, please call or Whatsapp Kimberly at 468-1712.

About the Region
Freeport Freeport is a town in the Republic of Trinidad and Tobago. It is located in west-central Trinidad, and is administered by the Couva–Tabaquite–Talparo Regional Corporation. It has a population of approximately 11,850. The Solomon Hochoy Highway splits Freeport into two, on the east and the west of the highway where you can find most commercial businesses. Known as a residential area, there are many small, medium and large businesses that have proven success through the growth of this community. Most residents have either sold properties or turned them into rental units. This community is also protected by the Freeport police service.",Internet Access; Freehold Land; T&C Approved; Pet Friendly; Water Tank,2026-08-06T23:35:50.361205+00:00
https://mybunchofkeys.com/property/for-sale-two-storey-home-lucana-drive-sangre-grande/,"For Sale: Two-Storey Home - Lucana Drive, Sangre Grande - My Bunch of Keys","$2,800,000",BOK-1056687,"Lucana Drive, Sangre Grande, Sangre Grande",4,3,5760sq.ft.,2,Warren Kerry,Stuart Spiers Real Estate Services,(868) 379-7408,https://mybunchofkeys.com/wp-content/uploads/2024/03/Screenshot_20240223-095734-320x320.png,https://mybunchofkeys.com/wp-content/uploads/2026/07/IMG-20260327-WA0014.jpg,https://mybunchofkeys.com/wp-content/uploads/2026/07/IMG-20260327-WA0014.jpg; https://mybunchofkeys.com/wp-content/uploads/2026/07/IMG-20260327-WA0018.jpg; https://mybunchofkeys.com/wp-content/uploads/2026/07/IMG-20260327-WA0017.jpg; https://mybunchofkeys.com/wp-content/uploads/2026/07/IMG-20260327-WA0016.jpg; https://mybunchofkeys.com/wp-content/uploads/2026/07/IMG-20260420-WA0026.jpg; https://mybunchofkeys.com/wp-content/uploads/2026/07/IMG-20260420-WA0023-1440x1080.jpg; https://mybunchofkeys.com/wp-content/uploads/2026/07/IMG-20260420-WA0024-1440x1080.jpg; https://mybunchofkeys.com/wp-content/uploads/2026/07/IMG-20260420-WA0017.jpg; https://mybunchofkeys.com/wp-content/uploads/2026/07/IMG-20260420-WA0018.jpg; https://mybunchofkeys.com/wp-content/uploads/2026/07/IMG-20260420-WA0019.jpg; https://mybunchofkeys.com/wp-content/uploads/2026/07/IMG-20260420-WA0020.jpg; https://mybunchofkeys.com/wp-content/uploads/2026/07/IMG-20260420-WA0021.jpg; https://mybunchofkeys.com/wp-content/uploads/2026/07/IMG-20260420-WA0022.jpg; https://mybunchofkeys.com/wp-content/uploads/2026/07/IMG-20260327-WA0015.jpg; https://mybunchofkeys.com/wp-content/uploads/2026/07/IMG-20260327-WA0013.jpg,2026-07-07T18:37:32+00:00,,House,For Sale,"Located on Lucana Drive in Sangre Grande, this freehold property sits on 5,760 sq. ft. of land and offers a spacious layout suited for comfortable family living. The home provides a functional flow between the main living spaces and includes additional rooms that can be used for a study, office, or extra accommodation. The property is fully fenced and features secure access, making it a practical option for a family seeking both space and privacy. Two additional rooms (multi-purpose) Covered double carport garage Electronic gate Fully fenced property Two 1,000-gallon water tanks Sale Price: TTD $2.8M Contact: (868) 379 7408 Call/WhatsApp For more information or to arrange a viewing, please contact! 📞 #SSRES #TrinidadRealtor #Sangre Grande

About the Region
Sangre Grande The name Sangre Grande means ""big blood"", and it has been suggested that the town was named for a battle that took place between the native Amerindians and the Spanish settlers. However, this interpretation is not supported by historical records. The true origin of the name refers to when, in the late 1770s, Spanish surveyors who were charting the island for the purposes of creating a map, found that the waters of two of the tributaries of the nearby Oropouche River were red as blood, hence the name.",Gated Compound; Electricity; Parking on Compound; Remote Gate; Freehold Land; Kid Friendly,2026-08-06T23:28:11.417000+00:00
https://mybunchofkeys.com/property/gulf-view-home-for-sale-tt7-25m/,Gulf View - Home for Sale - TT$7.25M - My Bunch of Keys,"$7,250,000",BOK-1024091,Gulf View San Fernando,6,8,9600sq.ft.,7,Carolyn Ross,Twin Isle Property Consultants,(868) 765-7677,https://mybunchofkeys.com/wp-content/uploads/2025/09/Twin-Isle-Carolyn-320x320.jpg,https://mybunchofkeys.com/wp-content/uploads/2026/04/WhatsApp-Image-2026-04-25-at-5.59.39-PM-8.jpeg,https://mybunchofkeys.com/wp-content/uploads/2026/04/WhatsApp-Image-2026-04-25-at-5.59.38-PM.jpeg; https://mybunchofkeys.com/wp-content/uploads/2026/04/WhatsApp-Image-2026-04-25-at-5.59.38-PM-1.jpeg; https://mybunchofkeys.com/wp-content/uploads/2026/04/WhatsApp-Image-2026-04-25-at-5.59.38-PM-2.jpeg; https://mybunchofkeys.com/wp-content/uploads/2026/04/WhatsApp-Image-2026-04-25-at-5.59.38-PM-3.jpeg; https://mybunchofkeys.com/wp-content/uploads/2026/04/WhatsApp-Image-2026-04-25-at-5.59.37-PM.jpeg; https://mybunchofkeys.com/wp-content/uploads/2026/04/WhatsApp-Image-2026-04-25-at-5.59.39-PM-11-810x1080.jpeg; https://mybunchofkeys.com/wp-content/uploads/2026/04/WhatsApp-Image-2026-04-25-at-6.00.28-PM-598x1080.jpeg; https://mybunchofkeys.com/wp-content/uploads/2026/04/WhatsApp-Image-2026-04-25-at-5.59.39-PM-7.jpeg; https://mybunchofkeys.com/wp-content/uploads/2026/04/WhatsApp-Image-2026-04-25-at-5.59.39-PM-8.jpeg; https://mybunchofkeys.com/wp-content/uploads/2026/04/WhatsApp-Image-2026-04-25-at-5.59.39-PM-9.jpeg; https://mybunchofkeys.com/wp-content/uploads/2026/04/WhatsApp-Image-2026-04-25-at-5.59.39-PM-32-810x1080.jpeg; https://mybunchofkeys.com/wp-content/uploads/2026/04/WhatsApp-Image-2026-04-25-at-5.59.39-PM-3-810x1080.jpeg; https://mybunchofkeys.com/wp-content/uploads/2026/04/WhatsApp-Image-2026-04-25-at-5.59.39-PM-1.jpeg; https://mybunchofkeys.com/wp-content/uploads/2026/04/WhatsApp-Image-2026-04-25-at-5.59.39-PM.jpeg; https://mybunchofkeys.com/wp-content/uploads/2026/04/WhatsApp-Image-2026-04-25-at-5.59.39-PM-2-810x1080.jpeg; https://mybunchofkeys.com/wp-content/uploads/2026/04/WhatsApp-Image-2026-04-25-at-5.59.39-PM-5-810x1080.jpeg; https://mybunchofkeys.com/wp-content/uploads/2026/04/WhatsApp-Image-2026-04-25-at-5.59.39-PM-13-810x1080.jpeg; https://mybunchofkeys.com/wp-content/uploads/2026/04/WhatsApp-Image-2026-04-25-at-5.59.39-PM-6-810x1080.jpeg; https://mybunchofkeys.com/wp-content/uploads/2026/04/WhatsApp-Image-2026-04-25-at-5.59.39-PM-14-810x1080.jpeg; https://mybunchofkeys.com/wp-content/uploads/2026/04/WhatsApp-Image-2026-04-25-at-5.59.39-PM-15-810x1080.jpeg; https://mybunchofkeys.com/wp-content/uploads/2026/04/WhatsApp-Image-2026-04-25-at-5.59.39-PM-12-810x1080.jpeg; https://mybunchofkeys.com/wp-content/uploads/2026/04/WhatsApp-Image-2026-04-25-at-5.59.39-PM-16-810x1080.jpeg; https://mybunchofkeys.com/wp-content/uploads/2026/04/WhatsApp-Image-2026-04-25-at-5.59.39-PM-17-810x1080.jpeg; https://mybunchofkeys.com/wp-content/uploads/2026/04/WhatsApp-Image-2026-04-25-at-5.59.39-PM-18.jpeg; https://mybunchofkeys.com/wp-content/uploads/2026/04/WhatsApp-Image-2026-04-25-at-5.59.39-PM-19.jpeg; https://mybunchofkeys.com/wp-content/uploads/2026/04/WhatsApp-Image-2026-04-25-at-5.59.39-PM-20.jpeg; https://mybunchofkeys.com/wp-content/uploads/2026/04/WhatsApp-Image-2026-04-25-at-5.59.39-PM-22-810x1080.jpeg; https://mybunchofkeys.com/wp-content/uploads/2026/04/WhatsApp-Image-2026-04-25-at-5.59.39-PM-23-810x1080.jpeg; https://mybunchofkeys.com/wp-content/uploads/2026/04/WhatsApp-Image-2026-04-25-at-5.59.39-PM-24-810x1080.jpeg; https://mybunchofkeys.com/wp-content/uploads/2026/04/WhatsApp-Image-2026-04-25-at-5.59.39-PM-25-810x1080.jpeg; https://mybunchofkeys.com/wp-content/uploads/2026/04/WhatsApp-Image-2026-04-25-at-5.59.39-PM-26-810x1080.jpeg; https://mybunchofkeys.com/wp-content/uploads/2026/04/WhatsApp-Image-2026-04-25-at-5.59.39-PM-27-810x1080.jpeg; https://mybunchofkeys.com/wp-content/uploads/2026/04/WhatsApp-Image-2026-04-25-at-5.59.39-PM-28-810x1080.jpeg; https://mybunchofkeys.com/wp-content/uploads/2026/04/WhatsApp-Image-2026-04-25-at-5.59.39-PM-29-810x1080.jpeg; https://mybunchofkeys.com/wp-content/uploads/2026/04/WhatsApp-Image-2026-04-25-at-5.59.39-PM-30-810x1080.jpeg; https://mybunchofkeys.com/wp-content/uploads/2026/04/WhatsApp-Image-2026-04-25-at-5.59.38-PM-5.jpeg; https://mybunchofkeys.com/wp-content/uploads/2026/04/WhatsApp-Image-2026-04-25-at-5.59.39-PM-33-810x1080.jpeg; https://mybunchofkeys.com/wp-content/uploads/2026/04/WhatsApp-Image-2026-04-25-at-5.59.38-PM-4-810x1080.jpeg,2026-07-07T15:32:28+00:00,,House,For Sale,"Gulf View – Executive Home for Sale 💰 Price: TT$7.25M Located in the highly sought-after Gulf View community, this impressive executive home offers luxury living, generous space, and exceptional entertaining areas—perfect for a large or extended family. 🏡 Property Highlights: 6 spacious en-suite bedrooms Modern design with expansive living and entertaining areas Elegant kitchen featuring granite countertops and built-in appliances Fully air-conditioned interiors ✨ Entertaining & Outdoor Features: Lower-level entertainment area with full bathroom facilities Seamless flow onto a private swimming pool Mature Ashoka trees surrounding the property, providing privacy and a serene atmosphere 🚗 Parking: Covered parking plus additional space for up to 6 vehicles This home combines comfort, elegance, and functionality in one of South’s most desirable residential locations—ideal for those seeking a refined lifestyle with ample space to entertain. 📞 Contact Carolyn: 765-7677 for further information or to schedule a viewing

About the Region
Gulf View Gulf View is located in La Romain in the South West region of Trinidad. This is known as a residential and commercial area. Residents have so much to enjoy here as there is the Gulf City Mall, KFC, Mc Donalds, Pennywise, Carnival City Casino, Massy Stores etc. This location is especially busy around the peak seasons where many come to shop, lime, or complete business transactions required.",Unfurnished; Move in Ready; Private Pool; Air Conditioning; Kitchen Island; Pantry; Patio; Covered Garage; Parking on Compound; Freehold Land; Fully Fenced; Pet Friendly; Kid Friendly; Laundry Area/Facility; Accessible; Walk-in Closets; Water Tank,2026-08-06T23:28:45.802891+00:00
https://mybunchofkeys.com/property/palmiste-home-for-sale-tt3-725/,Palmiste - Home for Sale - TT$3.725 - My Bunch of Keys,"$3,725,000",BOK-1024068,Palmiste San Fernando,4,4,7027sq.ft.,6,Carolyn Ross,Twin Isle Property Consultants,(868) 765-7677,https://mybunchofkeys.com/wp-content/uploads/2025/09/Twin-Isle-Carolyn-320x320.jpg,https://mybunchofkeys.com/wp-content/uploads/2026/04/WhatsApp-Image-2026-04-25-at-12.33.01-PM-5.jpeg,https://mybunchofkeys.com/wp-content/uploads/2026/04/WhatsApp-Image-2026-04-25-at-12.33.01-PM-5.jpeg; https://mybunchofkeys.com/wp-content/uploads/2026/04/WhatsApp-Image-2026-04-25-at-12.33.02-PM-1440x1080.jpeg; https://mybunchofkeys.com/wp-content/uploads/2026/04/WhatsApp-Image-2026-04-25-at-12.33.03-PM-1440x1080.jpeg; https://mybunchofkeys.com/wp-content/uploads/2026/04/WhatsApp-Image-2026-04-25-at-12.33.00-PM-4-1440x1080.jpeg; https://mybunchofkeys.com/wp-content/uploads/2026/04/WhatsApp-Image-2026-04-25-at-12.33.00-PM-1-810x1080.jpeg; https://mybunchofkeys.com/wp-content/uploads/2026/04/WhatsApp-Image-2026-04-25-at-12.33.00-PM-3-810x1080.jpeg; https://mybunchofkeys.com/wp-content/uploads/2026/04/WhatsApp-Image-2026-04-25-at-12.33.00-PM-1440x1080.jpeg; https://mybunchofkeys.com/wp-content/uploads/2026/04/WhatsApp-Image-2026-04-25-at-12.33.01-PM-7-1440x1080.jpeg; https://mybunchofkeys.com/wp-content/uploads/2026/04/WhatsApp-Image-2026-04-25-at-12.33.00-PM-2-1440x1080.jpeg; https://mybunchofkeys.com/wp-content/uploads/2026/04/WhatsApp-Image-2026-04-25-at-12.33.01-PM-6-1440x1080.jpeg; https://mybunchofkeys.com/wp-content/uploads/2026/04/WhatsApp-Image-2026-04-25-at-12.33.01-PM-810x1080.jpeg; https://mybunchofkeys.com/wp-content/uploads/2026/04/WhatsApp-Image-2026-04-25-at-12.33.01-PM-4-810x1080.jpeg; https://mybunchofkeys.com/wp-content/uploads/2026/04/WhatsApp-Image-2026-04-25-at-12.33.01-PM-1-1440x1080.jpeg; https://mybunchofkeys.com/wp-content/uploads/2026/04/WhatsApp-Image-2026-04-25-at-12.33.01-PM-2-1440x1080.jpeg; https://mybunchofkeys.com/wp-content/uploads/2026/04/WhatsApp-Image-2026-04-25-at-12.33.01-PM-3-810x1080.jpeg; https://mybunchofkeys.com/wp-content/uploads/2026/04/WhatsApp-Image-2026-04-25-at-12.33.01-PM-5-1440x1080.jpeg; https://mybunchofkeys.com/wp-content/uploads/2026/04/WhatsApp-Image-2026-04-25-at-12.33.01-PM-9-1440x1080.jpeg,2026-07-07T15:32:08+00:00,,House,For Sale,"House for Sale – Block 4, Palmiste 💰 Price: TT$3.725M This elegant and spacious two-storey home offers approximately 4,048 sq. ft. of living space on 7,027 sq. ft. of 999-year leasehold land , located in the highly desirable Palmiste community. Thoughtfully designed for both comfortable living and entertaining, this beautifully finished residence combines style, space, and functionality. 🏡 Property Features: 4 bedrooms, 3.5 bathrooms Two primary bedrooms (one on the ground floor, one on the first floor) Fully air-conditioned interior Teak kitchen cabinetry with marble countertops Gypsum ceilings with modern downlighting Walk-in closet in the main primary suite ✨ Living & Entertaining Spaces: Spacious living room (26 x 13 ft.) opening onto an enclosed front porch (7 x 35 ft.) Dining room that flows seamlessly onto the pool deck Multiple sitting and entertainment areas throughout the home 🌴 Outdoor Highlights: Private swimming pool with quartz stone tiled deck Ground floor patio leading to a well-maintained outdoor space Two access points with separate driveways 🚗 Parking & Storage: Covered garage for 2 vehicles Additional parking for up to 4 vehicles Two storage rooms for added convenience 🛏 Upstairs Features: Expansive primary bedroom (20 x 24 ft.) with two balconies One large balcony (19 x 7 ft.) featuring a concrete fish pond (can be converted to a planter) One smaller private balcony Additional bedrooms (approx. 11 x 14 ft.) with a large shared bathroom This home is ideal for families seeking a luxurious and spacious property in one of South’s most sought-after residential areas, offering both privacy and proximity to key amenities. 📞 Contact Carolyn: 765-7677 for further information or to schedule a viewing

About the Region
Palmiste Palmiste is located in the region of City of San Fernando. City of San Fernando's capital San Fernando is approximately 2.3 km / 1.4 mi away from Palmiste. The distance from Palmiste to Trinidad and Tobago's capital Port-of-Spain is approximately 45 km / 28 mi.",,2026-08-06T23:36:36.030614+00:00
https://mybunchofkeys.com/property/tableland-agriculture-land-for-sale-tt1-6m/,Tableland- Agriculture Land for Sale - $TT1.6M - My Bunch of Keys,"$1,600,000",BOK-826006,Tableland,2,1,278784sq.ft.,,Kira Ragbirsingh,Twin Isle Property Consultants,(868) 490-7723,https://mybunchofkeys.com/wp-content/uploads/2025/09/Twin-Isle-Kira-320x320.jpg,https://mybunchofkeys.com/wp-content/uploads/2024/12/WhatsApp-Image-2024-12-02-at-1.32.23-PM.jpeg,https://mybunchofkeys.com/wp-content/uploads/2024/12/WhatsApp-Image-2024-12-02-at-1.32.23-PM.jpeg,2026-07-07T15:28:51+00:00,,House,For Sale,"Tableland- Agriculture Land for Sale – $TT1.6M

About the Region
Tableland Tableland is a populated area and is located in Princes Town, Trinidad and Tobago. Known as a residential area. There are schools, churches and temples for worship. Also available are the many small businesses such as bars, food outlets, mini marts, shops etc. which accommodates the day to day activities of the residence.",Freehold Land,2026-08-06T23:40:12.500185+00:00
https://mybunchofkeys.com/property/williamsville-residential-commercial-property-for-sale-tt2-5m/,Williamsville - Residential/ Commercial Property for Sale - TT$2.5M - My Bunch of Keys,"$2,500,000",BOK-807491,Gasparillo Piparo Reform Williamsville,2,3,16600sq.ft.,4,Kira Ragbirsingh,Twin Isle Property Consultants,(868) 490-7723,https://mybunchofkeys.com/wp-content/uploads/2025/09/Twin-Isle-Kira-320x320.jpg,https://mybunchofkeys.com/wp-content/uploads/2024/10/WhatsApp-Image-2024-10-21-at-10.57.21-AM-1.jpeg,https://mybunchofkeys.com/wp-content/uploads/2024/10/WhatsApp-Image-2024-10-21-at-10.57.21-AM-1.jpeg; https://mybunchofkeys.com/wp-content/uploads/2024/10/WhatsApp-Image-2024-10-21-at-10.57.21-AM-1-810x1080.jpeg; https://mybunchofkeys.com/wp-content/uploads/2024/10/WhatsApp-Image-2024-10-21-at-10.57.22-AM.jpeg; https://mybunchofkeys.com/wp-content/uploads/2024/10/WhatsApp-Image-2024-10-21-at-10.57.22-AM-2.jpeg; https://mybunchofkeys.com/wp-content/uploads/2024/10/WhatsApp-Image-2024-10-21-at-10.57.22-AM-1.jpeg; https://mybunchofkeys.com/wp-content/uploads/2024/10/WhatsApp-Image-2024-10-21-at-10.57.21-AM-645x1080.jpeg,2026-07-07T15:28:01+00:00,,House,For Sale,"Williamsville – Residential/ Commercial Property for Sale – TT$2.5M For Sale: Residential or Commercial Property Package! This unique listing includes two separate properties with a combined land size of 16,600 square feet offering excellent potential for both residential and commercial use. Primary Home: 2 Bedrooms, 3 Bathrooms Ground floor previously used as a bar, ideal for a new commercial business or rental opportunity Wooden Home: Divided into 2 separate apartment units Each unit features 3 Bedrooms and 1 Bathroom Perfect for rental income or multi-family living Both properties are being sold together for $2.5M . This is an exceptional opportunity to invest in a versatile property package with significant potential for business and rental income. Contact Kira 490-7723 for further information

About the Region
Gasparillo Gasparillo is a town in southern Trinidad. It lies east of Pointe-à-Pierre and northeast of San Fernando. The population is 16,426. The name Gasparillo is applied not only to Gasparillo area, but also the surrounding communities including Bonne Aventure, Reform and Whiteland. Trinidadians do not use Spanish sounds when saying Gasparillo. Correct local pronunciation is ""gas-PARR-ri-low."" Gasparillo is administrated by Couva–Tabaquite–Talparo Regional Corporation and Princes Town Regional Corporation. Gasparillo owes much of its size to its proximity to the Petrotrin oil refinery at Pointe-à-Pierre. It also provides the only publicly accessible route from the Sir Solomon Hochoy Highway to the town of Marabella and the Manny Ramjohn Stadium, named for Olympian, Scout Leader and long-time Gasparillo resident, Manny Ramjohn. Gasparillo is well protected by its fire and protective services.",Unfurnished; Covered Garage; Parking on Compound; Freehold Land; Partially Fenced; Pet Friendly; Kid Friendly; Water Tank,2026-08-06T23:42:23.571712+00:00
https://mybunchofkeys.com/property/carapichaima-home-for-sale-tt2-3m/,Carapichaima - Home for Sale - $TT2.3M - My Bunch of Keys,"$2,300,000",BOK-708677,Carapichaima Couva Freeport,3,3,,2,Kira Ragbirsingh,Twin Isle Property Consultants,(868) 490-7723,https://mybunchofkeys.com/wp-content/uploads/2025/09/Twin-Isle-Kira-320x320.jpg,https://mybunchofkeys.com/wp-content/uploads/2024/03/WhatsApp-Image-2024-03-05-at-10.09.53-AM-7.jpeg,https://mybunchofkeys.com/wp-content/uploads/2024/03/WhatsApp-Image-2024-03-05-at-10.09.53-AM-7.jpeg; https://mybunchofkeys.com/wp-content/uploads/2024/03/WhatsApp-Image-2024-03-05-at-10.17.39-AM-1440x1080.jpeg; https://mybunchofkeys.com/wp-content/uploads/2024/03/WhatsApp-Image-2024-03-05-at-10.17.39-AM-1-1440x1080.jpeg; https://mybunchofkeys.com/wp-content/uploads/2024/03/WhatsApp-Image-2024-03-05-at-10.17.36-AM.jpeg; https://mybunchofkeys.com/wp-content/uploads/2024/03/WhatsApp-Image-2024-03-05-at-10.17.21-AM.jpeg; https://mybunchofkeys.com/wp-content/uploads/2024/03/WhatsApp-Image-2024-03-05-at-10.10.52-AM.jpeg; https://mybunchofkeys.com/wp-content/uploads/2024/03/WhatsApp-Image-2024-03-05-at-10.11.36-AM.jpeg; https://mybunchofkeys.com/wp-content/uploads/2024/03/WhatsApp-Image-2024-03-05-at-10.09.53-AM-3.jpeg; https://mybunchofkeys.com/wp-content/uploads/2024/03/WhatsApp-Image-2024-03-05-at-10.09.53-AM-4.jpeg; https://mybunchofkeys.com/wp-content/uploads/2024/03/WhatsApp-Image-2024-03-05-at-10.09.53-AM-2.jpeg; https://mybunchofkeys.com/wp-content/uploads/2024/03/WhatsApp-Image-2024-03-05-at-10.09.53-AM-1.jpeg; https://mybunchofkeys.com/wp-content/uploads/2024/03/WhatsApp-Image-2024-03-05-at-10.09.53-AM.jpeg; https://mybunchofkeys.com/wp-content/uploads/2024/03/WhatsApp-Image-2024-03-05-at-10.10.12-AM.jpeg,2026-07-07T15:26:39+00:00,,House,For Sale,"Carapichaima – Home for Sale – $TT2.3M For Sale: Two-Storey House in Carapichaima Location: Appo Avenue, Orangefield Road, Carapichaima Price: $2.3 Million Property Details: Upper Level: 3 Bedrooms, 2 Bathrooms, Veranda Lower Level: Kitchen, Living Room, Dining Room, Sitting Area, Wash Area, Storage Fully Fenced Fully Air Conditioned 1 Lot of Land Approved Description: Discover your dream home in the serene neighborhood of Carapichaima. This two-storey home was built in 2006, it has been very well maintained, and is move-in ready, or the new home-owner may opt to upgrade some of the finishings for a more modern aesthetic. This home is spacious spanning across two levels, providing ample space for comfortable family living. There are 2 main living spaces on the ground floor, with a full bathroom, which offers the potential of an office space or a ground floor bedroom. The first floor has 3 bedrooms, 2 baths and a huge office space. The master is an ensuite with a walk-in closet and a walk out balcony. Key Features: Upper Level Living: Three bedrooms and two bathrooms on the upper level, including a cozy veranda to enjoy the surrounding views. Lower Level Convenience: The lower level features a well-appointed kitchen, spacious living and dining areas, a sitting area, wash area, and storage space, offering functionality and comfort. Outdoor Space: Fully fenced for privacy and security, with enough land for outdoor activities and potential expansion. Modern Comforts: Fully air-conditioned for year-round comfort, ensuring a cool and pleasant living environment. Approved: This property comes with all necessary approvals, streamlining the buying process for prospective owners. Experience the charm and tranquility of Carapichaima living in this well-designed two-storey home. Priced at $2.3 million, this property offers exceptional value and endless possibilities. Don’t miss out—schedule a viewing today! Contact Kira 490-7723 for further information

About the Region
Carapichaima Carapichaima is a town in central Trinida. Communities and villages in Carapichaima include Orangefield, Waterloo, Brickfield, and Korea Village. Carapichaima had been a sugar producing village that expanded after the railroad opened up in central Trinidad to development and population movements. Better access to transportation allowed the village to expand into a hub for transportation in central Trinidad and center for commerce for the surrounding areas and rural communities. Carapichaima has seen major changes and growth due to a number of factors. These include the construction of new schools in the area, the establishment and expansion of business into the area and the increase in tourism into the area. Major structural changes occurred in the past few years when the main sugar producing, state owned company, Caroni 1975 Ltd., was closed in 2003. A significant part of the rural population was employed in the sugar industry. A number of schools have sprouted in the area to accommodate its rising population. One of the first was the Canadian Missionary school, the Waterloo Presbyterian School. This was originally built to educate the rural East Indians who lived and formed the workforce of the sugar plantations that encompassed the region at that time. Eventually a number of schools were established like the Waterloo Hindu School, Orange Field Hindu School, Carapichaima RC School and the Carapichaima ASJA Muslim Primary School to name a few.",Move in Ready; Air Conditioning; Covered Garage; Parking on Compound; Remote Gate; Freehold Land; Fully Fenced; Pet Friendly; Office Space,2026-08-06T23:21:58.606622+00:00
https://mybunchofkeys.com/property/gulf-view-home-for-sale-us634k/,Gulf View - Home for Sale - TT$4.15M - My Bunch of Keys,"$4,150,000",BOK-1021596,Gulf View San Fernando,4,3,5010sq.ft.,7,Carolyn Ross,Twin Isle Property Consultants,(868) 765-7677,https://mybunchofkeys.com/wp-content/uploads/2025/09/Twin-Isle-Carolyn-320x320.jpg,https://mybunchofkeys.com/wp-content/uploads/2026/04/WhatsApp-Image-2026-04-21-at-1.10.35-PM.jpeg,https://mybunchofkeys.com/wp-content/uploads/2026/04/WhatsApp-Image-2026-04-21-at-1.10.35-PM.jpeg; https://mybunchofkeys.com/wp-content/uploads/2026/04/WhatsApp-Image-2026-04-21-at-1.10.43-PM-15.jpeg; https://mybunchofkeys.com/wp-content/uploads/2026/04/WhatsApp-Image-2026-04-21-at-1.10.43-PM-6-810x1080.jpeg; https://mybunchofkeys.com/wp-content/uploads/2026/04/WhatsApp-Image-2026-04-21-at-1.20.19-PM-1-1168x1080.jpeg; https://mybunchofkeys.com/wp-content/uploads/2026/04/WhatsApp-Image-2026-04-21-at-1.10.43-PM-13-810x1080.jpeg; https://mybunchofkeys.com/wp-content/uploads/2026/04/WhatsApp-Image-2026-04-25-at-9.51.52-PM-950x1080.jpeg; https://mybunchofkeys.com/wp-content/uploads/2026/04/WhatsApp-Image-2026-04-25-at-9.51.58-PM-3-810x1080.jpeg; https://mybunchofkeys.com/wp-content/uploads/2026/04/WhatsApp-Image-2026-04-21-at-1.10.35-PM-3-810x1080.jpeg; https://mybunchofkeys.com/wp-content/uploads/2026/04/WhatsApp-Image-2026-04-21-at-1.10.35-PM-4.jpeg; https://mybunchofkeys.com/wp-content/uploads/2026/04/WhatsApp-Image-2026-04-25-at-9.51.58-PM-2-810x1080.jpeg; https://mybunchofkeys.com/wp-content/uploads/2026/04/WhatsApp-Image-2026-04-21-at-1.10.35-PM-7-810x1080.jpeg; https://mybunchofkeys.com/wp-content/uploads/2026/04/WhatsApp-Image-2026-04-21-at-1.10.38-PM-810x1080.jpeg; https://mybunchofkeys.com/wp-content/uploads/2026/04/WhatsApp-Image-2026-04-21-at-1.10.36-PM-1-810x1080.jpeg; https://mybunchofkeys.com/wp-content/uploads/2026/04/WhatsApp-Image-2026-04-21-at-1.10.36-PM-2-810x1080.jpeg; https://mybunchofkeys.com/wp-content/uploads/2026/04/WhatsApp-Image-2026-04-21-at-1.10.38-PM-1-810x1080.jpeg; https://mybunchofkeys.com/wp-content/uploads/2026/04/WhatsApp-Image-2026-04-21-at-1.10.38-PM-2-810x1080.jpeg; https://mybunchofkeys.com/wp-content/uploads/2026/04/WhatsApp-Image-2026-04-21-at-1.10.38-PM-3-810x1080.jpeg; https://mybunchofkeys.com/wp-content/uploads/2026/04/WhatsApp-Image-2026-04-21-at-1.10.38-PM-4-810x1080.jpeg; https://mybunchofkeys.com/wp-content/uploads/2026/04/WhatsApp-Image-2026-04-21-at-1.10.38-PM-5-810x1080.jpeg; https://mybunchofkeys.com/wp-content/uploads/2026/04/WhatsApp-Image-2026-04-21-at-1.10.38-PM-12-810x1080.jpeg; https://mybunchofkeys.com/wp-content/uploads/2026/04/WhatsApp-Image-2026-04-21-at-1.10.38-PM-11-810x1080.jpeg; https://mybunchofkeys.com/wp-content/uploads/2026/04/WhatsApp-Image-2026-04-21-at-1.10.39-PM.jpeg; https://mybunchofkeys.com/wp-content/uploads/2026/04/WhatsApp-Image-2026-04-25-at-9.51.53-PM-6-810x1080.jpeg; https://mybunchofkeys.com/wp-content/uploads/2026/04/WhatsApp-Image-2026-04-21-at-1.10.43-PM-3-810x1080.jpeg; https://mybunchofkeys.com/wp-content/uploads/2026/04/WhatsApp-Image-2026-04-21-at-1.10.39-PM-1-810x1080.jpeg; https://mybunchofkeys.com/wp-content/uploads/2026/04/WhatsApp-Image-2026-04-21-at-1.10.39-PM-2-810x1080.jpeg; https://mybunchofkeys.com/wp-content/uploads/2026/04/WhatsApp-Image-2026-04-21-at-1.10.39-PM-4-810x1080.jpeg; https://mybunchofkeys.com/wp-content/uploads/2026/04/WhatsApp-Image-2026-04-21-at-1.10.40-PM-2-810x1080.jpeg; https://mybunchofkeys.com/wp-content/uploads/2026/04/WhatsApp-Image-2026-04-21-at-1.10.40-PM-810x1080.jpeg; https://mybunchofkeys.com/wp-content/uploads/2026/04/WhatsApp-Image-2026-04-21-at-1.10.41-PM-5-810x1080.jpeg; https://mybunchofkeys.com/wp-content/uploads/2026/04/WhatsApp-Image-2026-04-21-at-1.10.41-PM-6-810x1080.jpeg; https://mybunchofkeys.com/wp-content/uploads/2026/04/WhatsApp-Image-2026-04-21-at-1.10.43-PM-810x1080.jpeg; https://mybunchofkeys.com/wp-content/uploads/2026/04/WhatsApp-Image-2026-04-21-at-1.10.43-PM-1.jpeg; https://mybunchofkeys.com/wp-content/uploads/2026/04/WhatsApp-Image-2026-04-21-at-1.10.41-PM-810x1080.jpeg; https://mybunchofkeys.com/wp-content/uploads/2026/04/WhatsApp-Image-2026-04-21-at-1.10.41-PM-4-810x1080.jpeg; https://mybunchofkeys.com/wp-content/uploads/2026/04/WhatsApp-Image-2026-04-21-at-1.10.41-PM-3-810x1080.jpeg; https://mybunchofkeys.com/wp-content/uploads/2026/04/WhatsApp-Image-2026-04-21-at-1.10.41-PM-1-810x1080.jpeg; https://mybunchofkeys.com/wp-content/uploads/2026/04/WhatsApp-Image-2026-04-21-at-1.20.19-PM.jpeg,2026-07-07T15:25:20+00:00,,House,For Sale,"Gulf View – Home for Sale – TT$4,150,000.00 Gulf View – Home for Sale This beautifully architecturally designed home offers a perfect blend of space, elegance, and functionality. Built with strong structural integrity, the property features multiple living areas ideal for both formal entertaining and relaxed family gatherings. Property Highlights: 3,660 sq. ft. of living space 5,010 sq. ft. of land 4 spacious bedrooms 3 full bathrooms Grand dining room 3 large sitting/living areas A standout feature of this home is the majestic spiral staircase , complemented by high ceilings that create a stunning ambiance. The property is well maintained and thoughtfully designed, featuring: Teak kitchen cabinetry with granite countertops Front and rear patios on the upper level with views of the Gulf View residential area and Gulf City Mall Ground floor patio opening onto a well-kept garden Terrazzo-paved driveway Covered parking for 2 vehicles, plus additional parking for up to 5 vehicles Located in the desirable Gulf View community, this home offers both comfort and convenience in a prestigious neighbourhood. 📞 Contact Carolyn: 765-7677 for further information or to schedule a viewing

About the Region
Gulf View Gulf View is located in La Romain in the South West region of Trinidad. This is known as a residential and commercial area. Residents have so much to enjoy here as there is the Gulf City Mall, KFC, Mc Donalds, Pennywise, Carnival City Casino, Massy Stores etc. This location is especially busy around the peak seasons where many come to shop, lime, or complete business transactions required.",Unfurnished; Move in Ready; Patio; Covered Garage; Parking on Compound; Remote Gate; Leasehold Land; T&C Approved; Fully Fenced; Pet Friendly; Kid Friendly; Laundry Area/Facility; Accessible; Built-in Closets; Walk-in Closets; Water Tank; Water Pump; Water Heater,2026-08-06T23:28:52.016332+00:00
https://mybunchofkeys.com/property/crawford-gardens-gasparillo-home-for-sale-tt1-65m/,"Crawford Gardens, Gasparillo - Home for Sale - TT$1.65M - My Bunch of Keys","$1,650,000",BOK-932887,Gasparillo Reform Williamsville,3,2,5931sq.ft.,,Kira Ragbirsingh,Twin Isle Property Consultants,(868) 490-7723,https://mybunchofkeys.com/wp-content/uploads/2025/09/Twin-Isle-Kira-320x320.jpg,https://mybunchofkeys.com/wp-content/uploads/2025/09/WhatsApp-Image-2025-09-02-at-3.24.16-PM-18.jpeg,https://mybunchofkeys.com/wp-content/uploads/2025/09/WhatsApp-Image-2025-09-02-at-3.24.16-PM-18.jpeg; https://mybunchofkeys.com/wp-content/uploads/2025/09/WhatsApp-Image-2025-09-02-at-3.24.16-PM-19.jpeg; https://mybunchofkeys.com/wp-content/uploads/2025/09/WhatsApp-Image-2025-09-02-at-3.24.16-PM-17.jpeg; https://mybunchofkeys.com/wp-content/uploads/2025/09/WhatsApp-Image-2025-09-02-at-3.24.16-PM-15.jpeg; https://mybunchofkeys.com/wp-content/uploads/2025/09/WhatsApp-Image-2025-09-02-at-3.24.16-PM-1.jpeg; https://mybunchofkeys.com/wp-content/uploads/2025/09/WhatsApp-Image-2025-09-02-at-3.24.16-PM-2.jpeg; https://mybunchofkeys.com/wp-content/uploads/2025/09/WhatsApp-Image-2025-09-02-at-3.24.16-PM.jpeg; https://mybunchofkeys.com/wp-content/uploads/2025/09/WhatsApp-Image-2025-09-02-at-3.24.16-PM-3.jpeg; https://mybunchofkeys.com/wp-content/uploads/2025/09/WhatsApp-Image-2025-09-02-at-3.24.16-PM-8-810x1080.jpeg; https://mybunchofkeys.com/wp-content/uploads/2025/09/WhatsApp-Image-2025-09-02-at-3.24.16-PM-9-810x1080.jpeg; https://mybunchofkeys.com/wp-content/uploads/2025/09/WhatsApp-Image-2025-09-02-at-3.24.16-PM-4.jpeg; https://mybunchofkeys.com/wp-content/uploads/2025/09/WhatsApp-Image-2025-09-02-at-3.24.16-PM-14-810x1080.jpeg; https://mybunchofkeys.com/wp-content/uploads/2025/09/WhatsApp-Image-2025-09-02-at-3.24.16-PM-5-810x1080.jpeg; https://mybunchofkeys.com/wp-content/uploads/2025/09/WhatsApp-Image-2025-09-02-at-3.24.16-PM-7-810x1080.jpeg; https://mybunchofkeys.com/wp-content/uploads/2025/09/WhatsApp-Image-2025-09-02-at-3.24.16-PM-11-810x1080.jpeg; https://mybunchofkeys.com/wp-content/uploads/2025/09/WhatsApp-Image-2025-09-02-at-3.24.16-PM-12-810x1080.jpeg; https://mybunchofkeys.com/wp-content/uploads/2025/09/WhatsApp-Image-2025-09-02-at-3.24.16-PM-10-810x1080.jpeg; https://mybunchofkeys.com/wp-content/uploads/2025/09/WhatsApp-Image-2025-09-02-at-3.24.15-PM.jpeg,2026-07-07T15:14:05+00:00,,House,For Sale,"Crawford Gardens, Gasparillo – Home For Sale – TT$1.65M Located in the quiet, serene neighborhood of Crawford Gardens, Gasparillo , this home, (just over 10 years old) offers comfort, potential, and affordability.

About the Region
Gasparillo Gasparillo is a town in southern Trinidad. It lies east of Pointe-à-Pierre and northeast of San Fernando. The population is 16,426. The name Gasparillo is applied not only to Gasparillo area, but also the surrounding communities including Bonne Aventure, Reform and Whiteland. Trinidadians do not use Spanish sounds when saying Gasparillo. Correct local pronunciation is ""gas-PARR-ri-low."" Gasparillo is administrated by Couva–Tabaquite–Talparo Regional Corporation and Princes Town Regional Corporation. Gasparillo owes much of its size to its proximity to the Petrotrin oil refinery at Pointe-à-Pierre. It also provides the only publicly accessible route from the Sir Solomon Hochoy Highway to the town of Marabella and the Manny Ramjohn Stadium, named for Olympian, Scout Leader and long-time Gasparillo resident, Manny Ramjohn. Gasparillo is well protected by its fire and protective services.",Unfurnished; Move in Ready; Patio; Covered Garage; Freehold Land; T&C Approved; Fully Fenced; Pet Friendly; Laundry Area/Facility; Built-in Closets; Walk-in Closets; Water Tank; Water Pump; Water Heater,2026-08-06T23:23:13.730052+00:00
https://mybunchofkeys.com/property/mayaro-home-for-sale-tt2-5m/,Mayaro - Home for Sale - TT$2.5M - My Bunch of Keys,"$2,500,000",BOK-811016,Mayaro,3,3,20000sq.ft.,5,Kira Ragbirsingh,Twin Isle Property Consultants,(868) 490-7723,https://mybunchofkeys.com/wp-content/uploads/2025/09/Twin-Isle-Kira-320x320.jpg,https://mybunchofkeys.com/wp-content/uploads/2024/10/WhatsApp-Image-2024-10-29-at-11.03.03-AM-11.jpeg,https://mybunchofkeys.com/wp-content/uploads/2024/10/WhatsApp-Image-2024-10-29-at-11.03.03-AM-11.jpeg; https://mybunchofkeys.com/wp-content/uploads/2024/10/WhatsApp-Image-2024-10-29-at-11.03.03-AM-12.jpeg; https://mybunchofkeys.com/wp-content/uploads/2024/10/WhatsApp-Image-2024-10-29-at-11.03.02-AM-1.jpeg; https://mybunchofkeys.com/wp-content/uploads/2024/10/WhatsApp-Image-2024-10-29-at-11.03.02-AM-810x1080.jpeg; https://mybunchofkeys.com/wp-content/uploads/2024/10/WhatsApp-Image-2024-10-29-at-11.03.03-AM-4-810x1080.jpeg; https://mybunchofkeys.com/wp-content/uploads/2024/10/WhatsApp-Image-2024-10-29-at-11.03.03-AM-810x1080.jpeg; https://mybunchofkeys.com/wp-content/uploads/2024/10/WhatsApp-Image-2024-10-29-at-11.03.03-AM-3-810x1080.jpeg; https://mybunchofkeys.com/wp-content/uploads/2024/10/WhatsApp-Image-2024-10-29-at-11.03.03-AM-2-810x1080.jpeg; https://mybunchofkeys.com/wp-content/uploads/2024/10/WhatsApp-Image-2024-10-29-at-11.03.03-AM-6-810x1080.jpeg; https://mybunchofkeys.com/wp-content/uploads/2024/10/WhatsApp-Image-2024-10-29-at-11.03.03-AM-5-810x1080.jpeg; https://mybunchofkeys.com/wp-content/uploads/2024/10/WhatsApp-Image-2024-10-29-at-11.03.03-AM-7-810x1080.jpeg; https://mybunchofkeys.com/wp-content/uploads/2024/10/WhatsApp-Image-2024-10-29-at-11.03.03-AM-8.jpeg; https://mybunchofkeys.com/wp-content/uploads/2024/10/WhatsApp-Image-2024-10-29-at-11.03.03-AM-10.jpeg,2026-07-07T15:03:28+00:00,,House,For Sale,"Mayaro – Home for Sale – TT$2.5M

About the Region
Mayaro Mayaro is a town on the island of Trinidad in Trinidad and Tobago. Known as a fishing village, many vendors travel from all over to purchase the catch. Mayaro has developed into a well-known residential area where schools, health centres, police stations are all accessible. Most small business owners are residence and they thrive from many persons who are just passing through to enjoy the beaches available for bathing, relaxing etc. There are resorts that has significantly developed and many Trinidadians as well as tourists book these rooms especially around the Carnival and Easter season. Mayaro has a market, bus terminal, ATM’s Banking services, police and fire stations and many bars. Mayaro is also associated with the oil production - most of Trinidad's oil and natural gas production comes from offshore oil fields to the east of Mayaro. The major producer is BP Trinidad & Tobago (bpTT), together with BHP.",Unfurnished; Private Pool; Patio; Parking on Compound; Freehold Land; Fully Fenced; Pet Friendly; Kid Friendly,2026-08-06T23:35:19.803977+00:00
https://mybunchofkeys.com/property/st-helena-home-for-sale-tt2-2m/,"St. Helena - Home for Sale - TT$1,95M - My Bunch of Keys","$1,950,000",BOK-734786,Chin Chin Kelly Village Las Lomas St. Helena,4,2.5,10591.7sq.ft.,,Kira Ragbirsingh,Twin Isle Property Consultants,(868) 490-7723,https://mybunchofkeys.com/wp-content/uploads/2025/09/Twin-Isle-Kira-320x320.jpg,https://mybunchofkeys.com/wp-content/uploads/2024/05/WhatsApp-Image-2024-04-30-at-11.42.48-AM-1.jpeg,https://mybunchofkeys.com/wp-content/uploads/2024/05/WhatsApp-Image-2024-04-30-at-11.42.48-AM-2.jpeg; https://mybunchofkeys.com/wp-content/uploads/2024/05/WhatsApp-Image-2024-04-30-at-11.42.48-AM-1.jpeg; https://mybunchofkeys.com/wp-content/uploads/2024/05/WhatsApp-Image-2024-04-30-at-11.42.48-AM.jpeg; https://mybunchofkeys.com/wp-content/uploads/2024/05/WhatsApp-Image-2024-04-30-at-11.54.04-AM-4-1440x1080.jpeg; https://mybunchofkeys.com/wp-content/uploads/2024/05/WhatsApp-Image-2024-04-30-at-11.54.04-AM-2-1440x1080.jpeg; https://mybunchofkeys.com/wp-content/uploads/2024/05/WhatsApp-Image-2024-04-30-at-11.54.04-AM-3-1440x1080.jpeg; https://mybunchofkeys.com/wp-content/uploads/2024/05/WhatsApp-Image-2024-04-30-at-11.54.04-AM-5-810x1080.jpeg; https://mybunchofkeys.com/wp-content/uploads/2024/05/WhatsApp-Image-2024-04-30-at-11.54.04-AM-1-1440x1080.jpeg,2026-07-07T15:02:40+00:00,,House,For Sale,"St. Helena – Home for Sale – TT$2.2M Stunning Family Home with Exceptional Value – Priced Below Market Value!! Location: St. Helena, Kelly Village Price: $2.2 Million (Valuation: $2.5 Million) Property Type: Residential Description: Welcome to your dream home, where luxury meets affordability. This exquisite residence boasts of a spacious layout, premium amenities, making it the perfect choice for discerning buyers seeking both comfort and value. With meticulous attention to detail and an array of desirable features, this home offers an unparalleled living experience for you and your family. Key Features: Spacious Layout: Spanning 3,500 square feet of living space, this home offers ample room for your family to spread out and enjoy. From the elegant foyer to the designated office space, the cozy living room and formal dining room, every corner of this home exudes warmth and charm. Four Bedrooms, Two Bathrooms, and Powder Room: Retreat to your own private sanctuary in one of the four spacious bedrooms, including a luxurious master suite with ensuite bathroom. With two additional bathrooms and a powder room, convenience and comfort are always within reach. Property Details: Price: $2.2 Million (Valuation: $2.5 Million) Land Size: 10,591.7 square feet Living Space: 3,500 square feet Bedrooms: 4 Bathrooms: 2 (plus 1 powder room) Office Additional Rooms: garage, utility room, porch Ceiling: Gypsum Windows: Burglar-proofing Amenities: Solar-powered water heater Contact Kira 490-7723 for further information

About the Region
Chin Chin Chin Chin is a road located in Cunupia, Trinidad and Tobago. This area is considered residential, many small and medium sized businesses such as parlours, mini marts, bars, food outlets, car care, grocery and RORO Importers operate in this area. This road can merge travelers into Las Lomas, Madras Road and Cunupia.",Move in Ready; Air Conditioning; Powder Room; Patio; Covered Garage; Parking on Compound; Pet Friendly; Kid Friendly; Laundry Area/Facility; Built-in Closets; Water Tank; Water Pump,2026-08-06T23:39:57.287009+00:00
https://mybunchofkeys.com/property/seepaul-boulevard-la-romaine-home-for-sale-3-5m/,"Seepaul Boulevard, La Romaine- Home for Sale - $3.95M - My Bunch of Keys","$3,950,000",BOK-793281,La Romain Palmiste San Fernando,4,5,8533sq.ft.,4,Kira Ragbirsingh,Twin Isle Property Consultants,(868) 490-7723,https://mybunchofkeys.com/wp-content/uploads/2025/09/Twin-Isle-Kira-320x320.jpg,https://mybunchofkeys.com/wp-content/uploads/2024/08/WhatsApp-Image-2024-09-16-at-12.38.19-PM-1.jpeg,https://mybunchofkeys.com/wp-content/uploads/2024/08/WhatsApp-Image-2024-09-16-at-12.38.19-PM.jpeg; https://mybunchofkeys.com/wp-content/uploads/2024/08/WhatsApp-Image-2024-09-16-at-12.38.19-PM-1.jpeg; https://mybunchofkeys.com/wp-content/uploads/2024/08/WhatsApp-Image-2024-09-16-at-12.38.25-PM-3.jpeg; https://mybunchofkeys.com/wp-content/uploads/2024/08/WhatsApp-Image-2024-09-16-at-12.38.25-PM-2.jpeg; https://mybunchofkeys.com/wp-content/uploads/2024/08/WhatsApp-Image-2024-09-16-at-12.38.21-PM-2.jpeg; https://mybunchofkeys.com/wp-content/uploads/2024/08/WhatsApp-Image-2024-09-16-at-12.38.25-PM-1.jpeg; https://mybunchofkeys.com/wp-content/uploads/2024/08/WhatsApp-Image-2024-09-16-at-12.38.21-PM-810x1080.jpeg; https://mybunchofkeys.com/wp-content/uploads/2024/08/WhatsApp-Image-2024-09-16-at-12.38.23-PM.jpeg; https://mybunchofkeys.com/wp-content/uploads/2024/08/WhatsApp-Image-2024-09-16-at-12.38.23-PM-2.jpeg; https://mybunchofkeys.com/wp-content/uploads/2024/08/WhatsApp-Image-2024-09-16-at-12.38.23-PM-1.jpeg; https://mybunchofkeys.com/wp-content/uploads/2024/08/WhatsApp-Image-2024-09-16-at-12.38.25-PM.jpeg; https://mybunchofkeys.com/wp-content/uploads/2024/08/WhatsApp-Image-2024-09-16-at-12.38.24-PM.jpeg; https://mybunchofkeys.com/wp-content/uploads/2024/08/WhatsApp-Image-2024-09-16-at-12.38.24-PM-5-810x1080.jpeg; https://mybunchofkeys.com/wp-content/uploads/2024/08/WhatsApp-Image-2024-09-16-at-12.38.23-PM-4.jpeg; https://mybunchofkeys.com/wp-content/uploads/2024/08/WhatsApp-Image-2024-09-16-at-12.38.23-PM-5.jpeg; https://mybunchofkeys.com/wp-content/uploads/2024/08/WhatsApp-Image-2024-09-16-at-12.38.23-PM-6-810x1080.jpeg; https://mybunchofkeys.com/wp-content/uploads/2024/08/WhatsApp-Image-2024-09-16-at-12.38.24-PM-2.jpeg; https://mybunchofkeys.com/wp-content/uploads/2024/08/WhatsApp-Image-2024-09-16-at-12.38.24-PM-1-810x1080.jpeg; https://mybunchofkeys.com/wp-content/uploads/2024/08/WhatsApp-Image-2024-09-16-at-12.38.24-PM-3.jpeg; https://mybunchofkeys.com/wp-content/uploads/2024/08/WhatsApp-Image-2024-09-16-at-12.38.24-PM-4.jpeg; https://mybunchofkeys.com/wp-content/uploads/2024/08/WhatsApp-Image-2024-09-16-at-12.38.23-PM-3.jpeg; https://mybunchofkeys.com/wp-content/uploads/2024/08/WhatsApp-Image-2024-09-16-at-12.38.22-PM.jpeg; https://mybunchofkeys.com/wp-content/uploads/2024/08/WhatsApp-Image-2024-09-16-at-12.38.21-PM-3-810x1080.jpeg; https://mybunchofkeys.com/wp-content/uploads/2024/08/WhatsApp-Image-2024-09-16-at-12.38.21-PM-5.jpeg; https://mybunchofkeys.com/wp-content/uploads/2024/08/WhatsApp-Image-2024-09-16-at-12.38.21-PM-4.jpeg,2026-07-07T15:01:50+00:00,,House,For Sale,"🏡 Modern Home for Sale – Seepaul Boulevard, La Romaine (Plot 3) Price: TT$3.95M Land Size: 8,533 sq. ft. | Living Space: 3,400 sq. ft. We are thrilled to present an exceptional opportunity to own a beautifully designed, luxury home in the rapidly developing area of Seepaul Boulevard, La Romaine . This stunning property offers the perfect blend of style, space, and comfort — ideal for modern family living or entertaining in elegance. ✨ Key Features: 4 Spacious Bedrooms – All en-suite 2 with walk-in closets 2 with built-in closets Primary bedroom includes a walk-out balcony 3 Living Rooms – Perfect for relaxing and entertaining Flexible Ground Floor Room – Ideal for a home office, in-law suite, kids’ playroom, or TV room 4.5 Bathrooms Fully Equipped Kitchen with appliances Elegant Living & Dining Areas Lavish Pool for outdoor enjoyment 4 Inviting Porches for indoor-outdoor living Parking for 3 Vehicles 2.5 Levels of modern architectural design Whether you’re looking for your forever family home or a smart long-term investment in a growing neighborhood, this property offers it all! 📞 For further details or to schedule a private viewing, contact: Kira – 490-7723

About the Region
La Romain La Romain is located along the South Truck Road and Southern Main Road in the South West region of Trinidad. It is known as a residential area, the community also has a high school, a primary school, small businesses, a conference centre, puja shops etc. Located in La Romain is Dansteel Limited, Dyna Plas Limited, Pennywise Cosmetics Limited which contributes to employment of residents.",Move in Ready; Air Conditioning; Kitchen Appliances; Powder Room; Parking on Compound; Freehold Land; T&C Approved; Fully Fenced; Pet Friendly; Laundry Area/Facility; Built-in Closets; Walk-in Closets; Water Tank; Water Pump,2026-08-06T23:39:07.074661+00:00
https://mybunchofkeys.com/property/fairways-maraval-home-for-sale-tt3-5m/,"Fairways, Maraval - Apartment for Sale - TT$3.5M - My Bunch of Keys","$3,500,000",BOK-1014917,Fairways Maraval,3,4,3900sq.ft.,2,Carolyn Ross,Twin Isle Property Consultants,(868) 765-7677,https://mybunchofkeys.com/wp-content/uploads/2025/09/Twin-Isle-Carolyn-320x320.jpg,https://mybunchofkeys.com/wp-content/uploads/2026/04/WhatsApp-Image-2026-04-07-at-6.22.58-PM-50.jpeg,https://mybunchofkeys.com/wp-content/uploads/2026/04/WhatsApp-Image-2026-04-07-at-6.22.58-PM-50.jpeg; https://mybunchofkeys.com/wp-content/uploads/2026/04/WhatsApp-Image-2026-04-07-at-6.22.58-PM-47.jpeg; https://mybunchofkeys.com/wp-content/uploads/2026/04/WhatsApp-Image-2026-04-07-at-6.22.58-PM-42.jpeg; https://mybunchofkeys.com/wp-content/uploads/2026/04/WhatsApp-Image-2026-04-07-at-6.22.44-PM-810x1080.jpeg; https://mybunchofkeys.com/wp-content/uploads/2026/04/WhatsApp-Image-2026-04-07-at-6.22.50-PM-810x1080.jpeg; https://mybunchofkeys.com/wp-content/uploads/2026/04/WhatsApp-Image-2026-04-07-at-6.22.50-PM-1-810x1080.jpeg; https://mybunchofkeys.com/wp-content/uploads/2026/04/WhatsApp-Image-2026-04-07-at-6.22.54-PM-1-810x1080.jpeg; https://mybunchofkeys.com/wp-content/uploads/2026/04/WhatsApp-Image-2026-04-07-at-6.22.58-PM-4-810x1080.jpeg; https://mybunchofkeys.com/wp-content/uploads/2026/04/WhatsApp-Image-2026-04-07-at-6.22.58-PM-1-810x1080.jpeg; https://mybunchofkeys.com/wp-content/uploads/2026/04/WhatsApp-Image-2026-04-07-at-6.22.58-PM-3-810x1080.jpeg; https://mybunchofkeys.com/wp-content/uploads/2026/04/WhatsApp-Image-2026-04-07-at-6.22.58-PM-5-810x1080.jpeg; https://mybunchofkeys.com/wp-content/uploads/2026/04/WhatsApp-Image-2026-04-07-at-6.22.58-PM-6-810x1080.jpeg; https://mybunchofkeys.com/wp-content/uploads/2026/04/WhatsApp-Image-2026-04-07-at-6.22.58-PM-7-810x1080.jpeg; https://mybunchofkeys.com/wp-content/uploads/2026/04/WhatsApp-Image-2026-04-07-at-6.22.58-PM-36-810x1080.jpeg; https://mybunchofkeys.com/wp-content/uploads/2026/04/WhatsApp-Image-2026-04-07-at-6.22.58-PM-37-810x1080.jpeg; https://mybunchofkeys.com/wp-content/uploads/2026/04/WhatsApp-Image-2026-04-07-at-6.22.58-PM-11-810x1080.jpeg; https://mybunchofkeys.com/wp-content/uploads/2026/04/WhatsApp-Image-2026-04-07-at-6.22.58-PM-13-810x1080.jpeg; https://mybunchofkeys.com/wp-content/uploads/2026/04/WhatsApp-Image-2026-04-07-at-6.22.58-PM-15-810x1080.jpeg; https://mybunchofkeys.com/wp-content/uploads/2026/04/WhatsApp-Image-2026-04-07-at-6.22.58-PM-18-810x1080.jpeg; https://mybunchofkeys.com/wp-content/uploads/2026/04/WhatsApp-Image-2026-04-07-at-6.22.58-PM-20-810x1080.jpeg; https://mybunchofkeys.com/wp-content/uploads/2026/04/WhatsApp-Image-2026-04-07-at-6.22.58-PM-23-810x1080.jpeg; https://mybunchofkeys.com/wp-content/uploads/2026/04/WhatsApp-Image-2026-04-07-at-6.22.58-PM-25-810x1080.jpeg; https://mybunchofkeys.com/wp-content/uploads/2026/04/WhatsApp-Image-2026-04-07-at-6.22.58-PM-32.jpeg; https://mybunchofkeys.com/wp-content/uploads/2026/04/WhatsApp-Image-2026-04-07-at-6.22.58-PM-33.jpeg; https://mybunchofkeys.com/wp-content/uploads/2026/04/WhatsApp-Image-2026-04-07-at-6.22.58-PM-26.jpeg; https://mybunchofkeys.com/wp-content/uploads/2026/04/WhatsApp-Image-2026-04-07-at-6.22.58-PM-27.jpeg; https://mybunchofkeys.com/wp-content/uploads/2026/04/WhatsApp-Image-2026-04-07-at-6.22.58-PM-51.jpeg,2026-07-07T15:00:56+00:00,,House,For Sale,"Fairways, Maraval – Apartment for Sale – TT$3.5M Executive Apartment for Sale – Fairways, Maraval HOA Fees: TT$750.00 Monthly Nestled within one of the most prestigious and highly sought-after residential communities in Fairways, Maraval, this executive property offers the perfect blend of luxury, comfort, and investment potential. This fully gated community features dual access points — one with a security guard and the other with secure phone-entry access — ensuring both convenience and peace of mind. Residents also enjoy beautifully maintained surroundings and a spacious recreational park, perfect for families, weekend activities, and holiday relaxation. Property Overview This unique property is thoughtfully divided into apartments, offering versatility for both residential living and income-generating potential. Upper-Level Apartment Approx. 3,900 sq. ft. of living space 3 Bedrooms 2 En-suite bedrooms with walk-in closets and spacious bathrooms 3 1/2 Bathrooms Grand open-plan living and dining area Recently upgraded modern kitchen Elegant parquet flooring throughout Expansive wrap-around patio ideal for entertaining Bedrooms open onto a private rear patio Stunning uninterrupted mountain views This home is ideal for buyers seeking a distinctive property in a prime location, whether for personal use, multi-family living, or as a smart investment opportunity. 📞 Contact Carolyn to book a viewing or for further information.

About the Region
Fairways An upscale, residential area, known for its gated community, Fairways is a beautiful place to live. With strict security, access to the community is restricted to residents and their guests.",Unfurnished; Air Conditioning; Kitchen Island; Powder Room; Patio; Parking on Compound; Remote Gate; T&C Approved; Fully Fenced; Pet Friendly; Kid Friendly; Laundry Area/Facility; Built-in Closets; Walk-in Closets; Water Tank; Water Pump; Water Heater,2026-08-06T23:24:58.100673+00:00
https://mybunchofkeys.com/property/arima-home-for-sale-tt2-25m/,"Cleaver Heights, Arima - Home for Sale- TT$2M - My Bunch of Keys","$2,000,000",BOK-708675,Arima,4,3,10381sq.ft.,3,Kira Ragbirsingh,Twin Isle Property Consultants,(868) 490-7723,https://mybunchofkeys.com/wp-content/uploads/2025/09/Twin-Isle-Kira-320x320.jpg,https://mybunchofkeys.com/wp-content/uploads/2024/03/WhatsApp-Image-2024-03-05-at-10.00.30-AM-6.jpeg,https://mybunchofkeys.com/wp-content/uploads/2024/03/WhatsApp-Image-2024-03-05-at-10.00.30-AM-6.jpeg; https://mybunchofkeys.com/wp-content/uploads/2024/03/WhatsApp-Image-2024-03-05-at-10.00.30-AM-8.jpeg; https://mybunchofkeys.com/wp-content/uploads/2024/03/WhatsApp-Image-2024-03-05-at-10.00.30-AM-4.jpeg; https://mybunchofkeys.com/wp-content/uploads/2024/03/WhatsApp-Image-2024-03-05-at-10.00.30-AM-2.jpeg; https://mybunchofkeys.com/wp-content/uploads/2024/03/WhatsApp-Image-2024-03-05-at-10.00.29-AM-2.jpeg; https://mybunchofkeys.com/wp-content/uploads/2024/03/WhatsApp-Image-2024-03-05-at-10.00.30-AM.jpeg; https://mybunchofkeys.com/wp-content/uploads/2024/03/WhatsApp-Image-2024-03-05-at-10.00.29-AM.jpeg; https://mybunchofkeys.com/wp-content/uploads/2024/03/WhatsApp-Image-2024-03-05-at-10.00.30-AM-3.jpeg,2026-07-07T15:00:37+00:00,,House,For Sale,"For Sale: Arima Home – Ideal for Family Living – $2M This grand home offers the perfect blend of space and potential, waiting for the right owner to make it their own. Priced at $2 million, this property presents an excellent opportunity for those seeking a spacious and customizable home. With 4 bedrooms, including a master ensuite, and a ground floor bedroom, there’s plenty of room for the whole family. The home includes a bonus room, which is ideal for an office, study, providing versatility for remote work or educational needs. While the home may require some TLC, it presents a canvas for your imagination to run wild, allowing you to create the perfect family sanctuary. Enjoy the freedom of freehold land, spanning an impressive 10,381 square feet, providing ample outdoor space for relaxation and recreation. Situated in Arima, this home offers proximity to essential amenities, schools, and recreational facilities. Property Details: 4 Bedrooms (Master en-suite) Ground Floor Bedroom 3 Bathrooms Office/Study Freehold Land Land Size: 10,381 Square Feet Building Size: 3,235 Square Feet Contact Kira 490-7723 for further information

About the Region
Arima Arima, officially The Royal Chartered Borough of Arima is the easternmost and second largest area of the three boroughs of Trinidad and Tobago. This town is well known for its shopping areas located in the inner most portion of the town. It serves as a main trading hub for environs which makes the town considerably busy. Many persons visit Arima to relax and enjoy the wide array of local bars and street food offered such as burgers, doubles, gyros etc. Home to the famous drag malls, persons can visit Arima to purchase items of Rastafarian heritage. Arima, has primary and secondary schools, hospitals, police and fire services readily available. It attracts persons from all over as it hosts exciting borough day & Jouvert celebrations Fun fact, Arima is home to the indigenous people known as the “Caribs”. They are mainly found in the area of Arima called Calvary Hill which attracts many tourists as the Caribs were a well-known tribe in their time.",Unfurnished; Freehold Land; Accessible; Water Tank,2026-08-06T23:20:45.419328+00:00
https://mybunchofkeys.com/property/siparia-home-commercial-building-for-sale-rent-tt6m-tt25k/,Siparia - Home/Commercial building for Sale/Rent - TT$6M/TT$25K - My Bunch of Keys,"$6,000,000",BOK-1030036,Siparia,5,5,12889sq.ft.,15,Carolyn Ross,Twin Isle Property Consultants,(868) 765-7677,https://mybunchofkeys.com/wp-content/uploads/2025/09/Twin-Isle-Carolyn-320x320.jpg,https://mybunchofkeys.com/wp-content/uploads/2026/05/WhatsApp-Image-2026-05-06-at-1.16.57-PM-3.jpeg,https://mybunchofkeys.com/wp-content/uploads/2026/05/WhatsApp-Image-2026-05-06-at-1.16.57-PM-3.jpeg; https://mybunchofkeys.com/wp-content/uploads/2026/05/WhatsApp-Image-2026-05-06-at-1.16.57-PM-3-1174x1080.jpeg; https://mybunchofkeys.com/wp-content/uploads/2026/05/WhatsApp-Image-2026-05-06-at-1.16.57-PM-4-1130x1080.jpeg; https://mybunchofkeys.com/wp-content/uploads/2026/05/WhatsApp-Image-2026-05-06-at-1.16.57-PM-2.jpeg; https://mybunchofkeys.com/wp-content/uploads/2026/05/WhatsApp-Image-2026-05-07-at-2.15.17-PM-2.jpeg; https://mybunchofkeys.com/wp-content/uploads/2026/05/WhatsApp-Image-2026-05-07-at-2.15.17-PM-1-810x1080.jpeg; https://mybunchofkeys.com/wp-content/uploads/2026/05/WhatsApp-Image-2026-05-07-at-2.15.17-PM.jpeg; https://mybunchofkeys.com/wp-content/uploads/2026/05/WhatsApp-Image-2026-05-06-at-1.09.20-PM-4-810x1080.jpeg; https://mybunchofkeys.com/wp-content/uploads/2026/05/WhatsApp-Image-2026-05-06-at-1.11.33-PM-1082x1080.jpeg; https://mybunchofkeys.com/wp-content/uploads/2026/05/WhatsApp-Image-2026-05-06-at-1.09.19-PM-810x1080.jpeg; https://mybunchofkeys.com/wp-content/uploads/2026/05/WhatsApp-Image-2026-05-06-at-1.09.20-PM-8-810x1080.jpeg; https://mybunchofkeys.com/wp-content/uploads/2026/05/WhatsApp-Image-2026-05-06-at-1.09.20-PM-11-810x1080.jpeg; https://mybunchofkeys.com/wp-content/uploads/2026/05/WhatsApp-Image-2026-05-06-at-1.09.20-PM-9-810x1080.jpeg; https://mybunchofkeys.com/wp-content/uploads/2026/05/WhatsApp-Image-2026-05-06-at-1.09.20-PM-10-810x1080.jpeg; https://mybunchofkeys.com/wp-content/uploads/2026/05/WhatsApp-Image-2026-05-06-at-1.09.20-PM-12-810x1080.jpeg; https://mybunchofkeys.com/wp-content/uploads/2026/05/WhatsApp-Image-2026-05-06-at-1.09.20-PM-13-810x1080.jpeg; https://mybunchofkeys.com/wp-content/uploads/2026/05/WhatsApp-Image-2026-05-06-at-1.09.20-PM-15-810x1080.jpeg; https://mybunchofkeys.com/wp-content/uploads/2026/05/WhatsApp-Image-2026-05-06-at-1.09.20-PM-17.jpeg; https://mybunchofkeys.com/wp-content/uploads/2026/05/WhatsApp-Image-2026-05-06-at-1.09.20-PM-16.jpeg; https://mybunchofkeys.com/wp-content/uploads/2026/05/WhatsApp-Image-2026-05-06-at-1.09.20-PM-18-810x1080.jpeg; https://mybunchofkeys.com/wp-content/uploads/2026/05/WhatsApp-Image-2026-05-06-at-1.09.20-PM-19-810x1080.jpeg; https://mybunchofkeys.com/wp-content/uploads/2026/05/WhatsApp-Image-2026-05-06-at-1.09.20-PM-20-810x1080.jpeg; https://mybunchofkeys.com/wp-content/uploads/2026/05/WhatsApp-Image-2026-05-06-at-1.09.20-PM-21-810x1080.jpeg; https://mybunchofkeys.com/wp-content/uploads/2026/05/WhatsApp-Image-2026-05-06-at-1.09.20-PM-22-810x1080.jpeg; https://mybunchofkeys.com/wp-content/uploads/2026/05/WhatsApp-Image-2026-05-06-at-1.09.20-PM-23-810x1080.jpeg; https://mybunchofkeys.com/wp-content/uploads/2026/05/WhatsApp-Image-2026-05-06-at-1.09.20-PM-7-810x1080.jpeg; https://mybunchofkeys.com/wp-content/uploads/2026/05/WhatsApp-Image-2026-05-06-at-1.09.20-PM-6-810x1080.jpeg; https://mybunchofkeys.com/wp-content/uploads/2026/05/WhatsApp-Image-2026-05-06-at-1.09.20-PM-25-810x1080.jpeg; https://mybunchofkeys.com/wp-content/uploads/2026/05/WhatsApp-Image-2026-05-06-at-1.09.20-PM-14-810x1080.jpeg; https://mybunchofkeys.com/wp-content/uploads/2026/05/WhatsApp-Image-2026-05-06-at-1.09.20-PM-24-810x1080.jpeg; https://mybunchofkeys.com/wp-content/uploads/2026/05/WhatsApp-Image-2026-05-06-at-1.09.20-PM-26-810x1080.jpeg; https://mybunchofkeys.com/wp-content/uploads/2026/05/WhatsApp-Image-2026-05-06-at-1.09.20-PM-5.jpeg; https://mybunchofkeys.com/wp-content/uploads/2026/05/WhatsApp-Image-2026-05-06-at-1.09.20-PM-27-810x1080.jpeg; https://mybunchofkeys.com/wp-content/uploads/2026/05/WhatsApp-Image-2026-05-06-at-1.09.21-PM-810x1080.jpeg; https://mybunchofkeys.com/wp-content/uploads/2026/05/WhatsApp-Image-2026-05-06-at-1.09.20-PM-28-810x1080.jpeg; https://mybunchofkeys.com/wp-content/uploads/2026/05/WhatsApp-Image-2026-05-06-at-1.09.20-PM-1-810x1080.jpeg; https://mybunchofkeys.com/wp-content/uploads/2026/05/WhatsApp-Image-2026-05-06-at-1.09.20-PM-2-810x1080.jpeg; https://mybunchofkeys.com/wp-content/uploads/2026/05/WhatsApp-Image-2026-05-06-at-1.09.20-PM-3-810x1080.jpeg; https://mybunchofkeys.com/wp-content/uploads/2026/05/WhatsApp-Image-2026-05-06-at-1.09.20-PM-810x1080.jpeg; https://mybunchofkeys.com/wp-content/uploads/2026/05/WhatsApp-Image-2026-05-06-at-1.09.22-PM-810x1080.jpeg; https://mybunchofkeys.com/wp-content/uploads/2026/05/WhatsApp-Image-2026-05-06-at-1.09.21-PM-1-810x1080.jpeg; https://mybunchofkeys.com/wp-content/uploads/2026/05/WhatsApp-Image-2026-05-06-at-1.09.22-PM-1-810x1080.jpeg,2026-07-07T14:52:54+00:00,,House,For Sale,"Selling Price: TT$6M Commercial Rental: TT$25K Monthly This versatile property is available for both sale or rental, offering the perfect blend of executive living and commercial potential. Executive-Style Home with Endless Possibilities Positioned in a prime Siparia location, just minutes from town, High Street, and all major amenities, this solidly constructed property was built with durable steel beams and foundation blocks, making it an exceptional investment for residential or commercial use. Whether you envision a luxurious private residence, medical practice, corporate office, retirement home, or income-generating property — this one delivers space, flexibility, and opportunity. Property Features Ground Floor Apartment 1 Bedroom unit 1.5 Bathrooms Study/Home office Large multipurpose room ideal for a small business, office, or additional rental income First Floor 3 En-suite bedrooms Additional guest bathroom Library or optional 4th bedroom Spacious open-plan living and dining area Cozy sitting nook Additional Highlights Roof and under-ceiling redone approximately 5 years ago Situated on 2 lots of land Expansive outdoor space with room for recreation, gardening, or future expansion Excellent accessibility and visibility Ideal for residential or commercial conversion Big energy. Prime location. Endless potential. Contact Carolyn Ross of Twin Isle Property Consultants to schedule your private viewing today. Mobile: +1 868 765-7677 Email: carolynross1273@gmail.com

About the Region
Siparia Siparia is a town in southern Trinidad, in Trinidad and Tobago, south of San Fernando, southwest of Penal and Debe and southeast of Fyzabad. Also called ""The Sand City"", it was originally a non-Mission Amerindian settlement. Siparia grew to be the administrative centre for the Saint Patrick County, and later the Siparia Regional Corporation. Today it is a commercial centre and market town serving the surrounding agricultural areas and oil fields. Siparia is home to Trinidad & Tobago’s first female Prime Minister (2010-2015) and now opposition leader Mrs. Kamla Persad Bissessar.",Move in Ready; Recently Renovated; Air Conditioning; Kitchen Appliances; Patio; Covered Garage; Parking on Compound; Remote Gate; Freehold Land; Fully Fenced; Pet Friendly; Kid Friendly; Office Space; Laundry Area/Facility; Maid Quarters; Accessible; Walk-in Closets; Water Tank; Water Pump; Water Heater,2026-08-06T23:39:34.197699+00:00
https://mybunchofkeys.com/property/cunupia-for-sale-rent-tt4-6m/,Cunupia - For Sale/Rent - TT$4.6M - My Bunch of Keys,"$4,600,000",BOK-1034928,Chaguanas Cunupia,,,7674sq.ft.,,Kira Ragbirsingh,Twin Isle Property Consultants,(868) 490-7723,https://mybunchofkeys.com/wp-content/uploads/2025/09/Twin-Isle-Kira-320x320.jpg,https://mybunchofkeys.com/wp-content/uploads/2026/05/WhatsApp-Image-2026-05-18-at-12.04.02-PM-7.jpeg,https://mybunchofkeys.com/wp-content/uploads/2026/05/WhatsApp-Image-2026-05-18-at-12.04.02-PM-7.jpeg; https://mybunchofkeys.com/wp-content/uploads/2026/05/WhatsApp-Image-2026-05-18-at-12.04.02-PM-7-810x1080.jpeg; https://mybunchofkeys.com/wp-content/uploads/2026/05/WhatsApp-Image-2026-05-18-at-12.04.01-PM-2-1440x1080.jpeg; https://mybunchofkeys.com/wp-content/uploads/2026/05/WhatsApp-Image-2026-05-18-at-12.04.01-PM-1440x1080.jpeg; https://mybunchofkeys.com/wp-content/uploads/2026/05/WhatsApp-Image-2026-05-18-at-12.04.02-PM-6-810x1080.jpeg; https://mybunchofkeys.com/wp-content/uploads/2026/05/WhatsApp-Image-2026-05-18-at-12.04.02-PM-5-810x1080.jpeg; https://mybunchofkeys.com/wp-content/uploads/2026/05/WhatsApp-Image-2026-05-18-at-12.04.01-PM-1-810x1080.jpeg; https://mybunchofkeys.com/wp-content/uploads/2026/05/WhatsApp-Image-2026-05-18-at-12.04.00-PM-1440x1080.jpeg; https://mybunchofkeys.com/wp-content/uploads/2026/05/WhatsApp-Image-2026-05-18-at-12.04.02-PM-4-1440x1080.jpeg; https://mybunchofkeys.com/wp-content/uploads/2026/05/WhatsApp-Image-2026-05-18-at-12.04.02-PM-3-810x1080.jpeg; https://mybunchofkeys.com/wp-content/uploads/2026/05/WhatsApp-Image-2026-05-18-at-12.04.02-PM-1-810x1080.jpeg; https://mybunchofkeys.com/wp-content/uploads/2026/05/WhatsApp-Image-2026-05-18-at-12.04.01-PM-3-810x1080.jpeg; https://mybunchofkeys.com/wp-content/uploads/2026/05/WhatsApp-Image-2026-05-18-at-12.04.01-PM-4-810x1080.jpeg; https://mybunchofkeys.com/wp-content/uploads/2026/05/WhatsApp-Image-2026-05-18-at-12.04.02-PM-2-810x1080.jpeg; https://mybunchofkeys.com/wp-content/uploads/2026/05/WhatsApp-Image-2026-05-18-at-12.04.02-PM-1440x1080.jpeg,2026-07-07T14:36:18+00:00,,House,For Sale,"For Sale / Rent – Prime Mixed-Use Commercial Property | Cunupia TTD $4.6M | One Property Off the Southern Main Road Location is power… and this property understood the assignment. An exceptional opportunity to acquire a strategically located mixed-use commercial property in one of Central Trinidad’s rapidly expanding commercial corridors — just one property off the Southern Main Road, Cunupia. Positioned near Cereza Circular, this property benefits from excellent visibility, accessibility, and exposure within a high-traffic transit and commercial hub, making it ideal for investors, expanding businesses, or entrepreneurs looking to secure a strong foothold in a growing area. Set on 7,674 sq. ft. of leasehold land with access from two streets, this impressive property offers approximately 11,485 sq. ft. of building space across two levels, providing versatility, functionality, and serious income potential. Property Details 📍 Land Size: 7,674 sq. ft. (Leasehold) 📍 Building Size: Approx. 11,485 sq. ft. ▫️ Ground Floor: 6,798 sq. ft. ▫️ First Floor: 4,687 sq. ft. 📍 Dual Street Access Rental Opportunities Available Ground Floor Restaurant Space TTD $20,000/month Currently occupied with established rental value First Floor Commercial / Office Spaces ▫️ Room 1 (388 sq. ft.) – TTD $4,500/month ▫️ Room 2 (309 sq. ft.) – TTD $3,500/month ▫️ Room 3 (297 sq. ft.) – TTD $3,000/month Additional Downstairs Space TTD $16,500/month Electricity included Why This Property Stands Out ✔️ One property off the Southern Main Road ✔️ Located within a high-traffic transit hub ✔️ Burgeoning commercial area with strong growth potential ✔️ Multiple income-generating opportunities ✔️ Access from two streets for convenience and flexibility ✔️ Ideal for retail, restaurant, office, medical, wellness, or mixed-use operations This isn’t just commercial real estate — it’s a strategic move. ✨ Visibility. Versatility. Value. ✨ Contact Kira 490-7723 for further information or to book a viewing

About the Region
Chaguanas The Borough of Chaguanas is the largest borough with an average population of 83,489 and fastest-growing town in Trinidad and Tobago, it is located in the West-Central area of Trinidad. Chaguanas is popular for its shopping malls, variety stores and street shopping. Many citizens as well as tourists visit these sites to partake in the buying of many items offered for sale. This town is fast paced as many business sectors such as banking, insurance, auto rentals and food are readily available. All sites are easily accessible as transport hubs are located throughout the streets of this beautiful town, not to mention the safety of the police & fire services that are available upon request. Home to the famous Divali Nagar site, many tourists as well as citizens visit this location to buy merchandise offered from the well-known Indian heritage such as clothing, food, religious items etc. Fun fact, Chaguanas was named after the indigenous tribe who originally settled there.",Leasehold Land,2026-08-06T23:23:18.717344+00:00
https://mybunchofkeys.com/property/evergreen-piarco-home-for-sale-tt3-25m/,"Evergreen, Piarco - Home for Sale - TT$3.25M - My Bunch of Keys","$3,250,000",BOK-865563,Kelly Village Piarco St. Helena,3,2.5,6800sq.ft.,,Kira Ragbirsingh,Twin Isle Property Consultants,(868) 490-7723,https://mybunchofkeys.com/wp-content/uploads/2025/09/Twin-Isle-Kira-320x320.jpg,https://mybunchofkeys.com/wp-content/uploads/2025/03/WhatsApp-Image-2025-03-20-at-9.06.13-AM-2.jpeg,https://mybunchofkeys.com/wp-content/uploads/2025/03/WhatsApp-Image-2025-03-20-at-9.06.13-AM-2.jpeg; https://mybunchofkeys.com/wp-content/uploads/2025/03/WhatsApp-Image-2025-03-20-at-9.06.13-AM-3-1.jpeg; https://mybunchofkeys.com/wp-content/uploads/2025/03/WhatsApp-Image-2025-03-20-at-9.06.12-AM-4-1.jpeg; https://mybunchofkeys.com/wp-content/uploads/2025/03/WhatsApp-Image-2025-03-20-at-9.06.13-AM-1-1-810x1080.jpeg; https://mybunchofkeys.com/wp-content/uploads/2025/03/WhatsApp-Image-2025-03-20-at-9.06.12-AM-3-1.jpeg; https://mybunchofkeys.com/wp-content/uploads/2025/03/WhatsApp-Image-2025-03-20-at-9.06.12-AM-7-1-879x1080.jpeg; https://mybunchofkeys.com/wp-content/uploads/2025/03/WhatsApp-Image-2025-03-20-at-9.06.12-AM.jpeg; https://mybunchofkeys.com/wp-content/uploads/2025/03/WhatsApp-Image-2025-03-20-at-9.06.12-AM-1-1-808x1080.jpeg; https://mybunchofkeys.com/wp-content/uploads/2025/03/WhatsApp-Image-2025-03-20-at-9.06.12-AM-2-1.jpeg; https://mybunchofkeys.com/wp-content/uploads/2025/03/WhatsApp-Image-2025-03-20-at-9.06.12-AM-5-1-874x1080.jpeg; https://mybunchofkeys.com/wp-content/uploads/2025/03/WhatsApp-Image-2025-03-20-at-9.06.12-AM-6-1-855x1080.jpeg; https://mybunchofkeys.com/wp-content/uploads/2025/03/WhatsApp-Image-2025-03-20-at-9.06.13-AM-2-1-810x1080.jpeg; https://mybunchofkeys.com/wp-content/uploads/2025/03/WhatsApp-Image-2025-03-20-at-9.06.13-AM-4.jpeg,2026-07-07T14:31:11+00:00,,House,For Sale,"🔷 Evergreen Piarco – Luxurious 2-Storey Home for Sale 🔷 💰 Price: TT$3,250,000 📍 Location: Evergreen, Piarco (Gated Community) 🏡 Fully Furnished | Corner Lot | Secure & Private ✨ Property Features: ✔ Lot Size: 6,800 sq. ft. (Corner lot) ✔ Bedrooms: 3 spacious bedrooms, all with built-in closets ✔ Bathrooms: 2.5 baths ✔ Master Suite: Ensuite with walk-in closet, jacuzzi, and loft ✔ Kitchen: Full kitchen with teak cabinetry & breakfast nook ✔ Entertainment: Large TV/Entertainment Room ✔ Outdoor Oasis: Heated pool & jacuzzi with a full deck, bar area with sink ✔ Landscaping: Beautiful fountain/water feature at the opposite end of the property ✔ Architecture: Vaulted ceilings throughout ✔ Parking: Covered carport for 2 vehicles + space for 1 more ✔ Security & Comfort: Gated community – safe & secure Fully fenced & walled property with an electric gate Fully air-conditioned for maximum comfort Well-manicured yard 📞 Don’t miss this incredible opportunity! Contact Kira 490-7723 for more details or to schedule a viewing.

About the Region
Kelly Village Kelly Village is a village in the Tunapuna–Piarco region of Trinidad and Tobago. The village is bordered by the Caroni River to the north, Caroni Village to the northwest, Frederick Settlement to the west, Warren to the southwest, Piarco to the north and east, St. Helena to the southeast, and Cunupia to the south. Kelly Village is located right next to the Piarco International Airport. The Caroni South Bank Road runs through the center of the village. The village is governed by the Kelly Village Council. The village has a Hindu temple: the Kelly Village Shiv Mandir. Kelly Village also has the Islamic Center Mosque. The village also has the Bethel's Spiritual Baptist Church, Hydraulic Road Kelly Village Community Bible Church, the Kelly Presbyterian Church, the Kelly Community Bible Church, and the Jesus Life Center Pentecostal Church.",Private Pool; Jacuzzi; Air Conditioning; Powder Room; Patio; Parking on Compound; Remote Gate; Fully Fenced; Pet Friendly; Kid Friendly; Laundry Area/Facility; Accessible; Built-in Closets; Walk-in Closets; Water Tank; Water Pump; Water Heater,2026-08-06T23:24:11.352847+00:00
https://mybunchofkeys.com/property/bel-air-home-for-sale-tt3-5m/,Bel Air - Home for Sale - TT$3.5M - My Bunch of Keys,"$3,500,000",BOK-999110,Bel Air La Romain San Fernando,4,4,9069sq.ft.,5,Carolyn Ross,Twin Isle Property Consultants,(868) 765-7677,https://mybunchofkeys.com/wp-content/uploads/2025/09/Twin-Isle-Carolyn-320x320.jpg,https://mybunchofkeys.com/wp-content/uploads/2026/03/WhatsApp-Image-2026-03-02-at-1.35.32-PM-17.jpeg,https://mybunchofkeys.com/wp-content/uploads/2026/03/WhatsApp-Image-2026-03-02-at-1.35.32-PM-18-810x1080.jpeg; https://mybunchofkeys.com/wp-content/uploads/2026/03/WhatsApp-Image-2026-03-02-at-1.35.32-PM-16.jpeg; https://mybunchofkeys.com/wp-content/uploads/2026/03/WhatsApp-Image-2026-03-02-at-1.35.32-PM-17.jpeg; https://mybunchofkeys.com/wp-content/uploads/2026/03/WhatsApp-Image-2026-03-02-at-1.35.25-PM-810x1080.jpeg; https://mybunchofkeys.com/wp-content/uploads/2026/03/WhatsApp-Image-2026-03-02-at-1.35.28-PM-1-810x1080.jpeg; https://mybunchofkeys.com/wp-content/uploads/2026/03/WhatsApp-Image-2026-03-02-at-1.35.31-PM-5-810x1080.jpeg; https://mybunchofkeys.com/wp-content/uploads/2026/03/WhatsApp-Image-2026-03-02-at-1.35.31-PM-6-810x1080.jpeg; https://mybunchofkeys.com/wp-content/uploads/2026/03/WhatsApp-Image-2026-03-02-at-1.35.29-PM-1-810x1080.jpeg; https://mybunchofkeys.com/wp-content/uploads/2026/03/WhatsApp-Image-2026-03-02-at-1.35.29-PM-3-810x1080.jpeg; https://mybunchofkeys.com/wp-content/uploads/2026/03/WhatsApp-Image-2026-03-02-at-1.35.30-PM-810x1080.jpeg; https://mybunchofkeys.com/wp-content/uploads/2026/03/WhatsApp-Image-2026-03-02-at-1.35.30-PM-4-810x1080.jpeg; https://mybunchofkeys.com/wp-content/uploads/2026/03/WhatsApp-Image-2026-03-02-at-1.35.29-PM-2-810x1080.jpeg; https://mybunchofkeys.com/wp-content/uploads/2026/03/WhatsApp-Image-2026-03-02-at-1.35.30-PM-5-810x1080.jpeg; https://mybunchofkeys.com/wp-content/uploads/2026/03/WhatsApp-Image-2026-03-02-at-1.35.30-PM-6-810x1080.jpeg; https://mybunchofkeys.com/wp-content/uploads/2026/03/WhatsApp-Image-2026-03-02-at-1.35.30-PM-7-810x1080.jpeg; https://mybunchofkeys.com/wp-content/uploads/2026/03/WhatsApp-Image-2026-03-02-at-1.35.30-PM-10-810x1080.jpeg; https://mybunchofkeys.com/wp-content/uploads/2026/03/WhatsApp-Image-2026-03-02-at-1.35.30-PM-8-810x1080.jpeg; https://mybunchofkeys.com/wp-content/uploads/2026/03/WhatsApp-Image-2026-03-02-at-1.35.30-PM-14-810x1080.jpeg; https://mybunchofkeys.com/wp-content/uploads/2026/03/WhatsApp-Image-2026-03-02-at-1.35.30-PM-13-810x1080.jpeg; https://mybunchofkeys.com/wp-content/uploads/2026/03/WhatsApp-Image-2026-03-02-at-1.35.30-PM-11-810x1080.jpeg; https://mybunchofkeys.com/wp-content/uploads/2026/03/WhatsApp-Image-2026-03-02-at-1.35.31-PM-810x1080.jpeg; https://mybunchofkeys.com/wp-content/uploads/2026/03/WhatsApp-Image-2026-03-02-at-1.35.31-PM-7-810x1080.jpeg; https://mybunchofkeys.com/wp-content/uploads/2026/03/WhatsApp-Image-2026-03-02-at-1.35.32-PM-3-810x1080.jpeg; https://mybunchofkeys.com/wp-content/uploads/2026/03/WhatsApp-Image-2026-03-02-at-1.35.32-PM-4-810x1080.jpeg; https://mybunchofkeys.com/wp-content/uploads/2026/03/WhatsApp-Image-2026-03-02-at-1.35.32-PM-1-810x1080.jpeg; https://mybunchofkeys.com/wp-content/uploads/2026/03/WhatsApp-Image-2026-03-02-at-1.35.32-PM-2-810x1080.jpeg; https://mybunchofkeys.com/wp-content/uploads/2026/03/WhatsApp-Image-2026-03-02-at-1.35.32-PM-14-810x1080.jpeg; https://mybunchofkeys.com/wp-content/uploads/2026/03/WhatsApp-Image-2026-03-02-at-1.35.32-PM-13-810x1080.jpeg; https://mybunchofkeys.com/wp-content/uploads/2026/03/WhatsApp-Image-2026-03-02-at-1.35.32-PM-15-810x1080.jpeg,2026-07-07T14:30:54+00:00,,House,For Sale,"Bel Air – Home for Sale – TT$3.5M Bel Air, La Romaine – Home for Sale TT$3.5M Located in the prestigious, family-oriented community of Bel Air, this beautiful residence offers 3,605 sq. ft. of living space on 9,069 sq. ft. of freehold land . Designed with comfort and functionality in mind, the home exudes warmth and charm from the moment you step inside. The roof was completely redone in 2025 , providing added value and peace of mind. The spacious layout features generously sized bedrooms with walk-in closets, comfortable living and dining areas, and a recently renovated kitchen outfitted with solid teak cupboards, durable Courts countertops, and kitchen appliances included . Features: 4 Spacious Bedrooms (walk-in closets) 4 Bathrooms Living Room & Dining Room Office Room Gym Room Renovated kitchen with teak cupboards, Courts countertops & appliances included 2 Patio areas – front & backyard Mature fruit trees 2 x 600-gallon & 2 x 1,000-gallon water tanks Roof redone in 2025 Potential for minor conversion to a 1-bedroom rental apartment (excellent investment opportunity) 📍 Conveniently located near Gulf City Mall and Price Plaza , with easy access to all amenities. 📞 Call Carolyn at 765-7677 to book your private viewing.

About the Region
La Romain La Romain is located along the South Truck Road and Southern Main Road in the South West region of Trinidad. It is known as a residential area, the community also has a high school, a primary school, small businesses, a conference centre, puja shops etc. Located in La Romain is Dansteel Limited, Dyna Plas Limited, Pennywise Cosmetics Limited which contributes to employment of residents.",Unfurnished; Move in Ready; Recently Renovated; Air Conditioning; Patio; Covered Garage; Remote Gate; Freehold Land; Fully Fenced; Pet Friendly; Kid Friendly; Laundry Area/Facility; Built-in Closets; Walk-in Closets; Water Tank; Water Pump; Water Heater,2026-08-06T23:21:21.476869+00:00
https://mybunchofkeys.com/property/chaguanas-home-for-sale-tt2-25m/,Chaguanas - Home for Sale - TT$2.25M - My Bunch of Keys,"$2,225,000",BOK-1024043,Chaguanas Cunupia Endeavour Jerningham Junction,3,2,5200sq.ft.,4,Kira Ragbirsingh,Twin Isle Property Consultants,(868) 490-7723,https://mybunchofkeys.com/wp-content/uploads/2025/09/Twin-Isle-Kira-320x320.jpg,https://mybunchofkeys.com/wp-content/uploads/2026/04/WhatsApp-Image-2026-04-24-at-8.11.36-AM-20.jpeg,https://mybunchofkeys.com/wp-content/uploads/2026/04/WhatsApp-Image-2026-04-24-at-8.11.36-AM-20.jpeg; https://mybunchofkeys.com/wp-content/uploads/2026/04/WhatsApp-Image-2026-04-24-at-8.11.36-AM-19.jpeg; https://mybunchofkeys.com/wp-content/uploads/2026/04/WhatsApp-Image-2026-04-24-at-8.11.36-AM.jpeg; https://mybunchofkeys.com/wp-content/uploads/2026/04/WhatsApp-Image-2026-04-24-at-8.11.36-AM-1.jpeg; https://mybunchofkeys.com/wp-content/uploads/2026/04/WhatsApp-Image-2026-04-24-at-8.11.34-AM.jpeg; https://mybunchofkeys.com/wp-content/uploads/2026/04/WhatsApp-Image-2026-04-24-at-8.11.36-AM-17.jpeg; https://mybunchofkeys.com/wp-content/uploads/2026/04/WhatsApp-Image-2026-04-24-at-8.11.36-AM-10.jpeg; https://mybunchofkeys.com/wp-content/uploads/2026/04/WhatsApp-Image-2026-04-24-at-8.11.36-AM-12.jpeg; https://mybunchofkeys.com/wp-content/uploads/2026/04/WhatsApp-Image-2026-04-24-at-8.11.36-AM-13.jpeg; https://mybunchofkeys.com/wp-content/uploads/2026/04/WhatsApp-Image-2026-04-24-at-8.11.36-AM-11-810x1080.jpeg; https://mybunchofkeys.com/wp-content/uploads/2026/04/WhatsApp-Image-2026-04-24-at-8.11.36-AM-16.jpeg; https://mybunchofkeys.com/wp-content/uploads/2026/04/WhatsApp-Image-2026-04-24-at-8.11.36-AM-15.jpeg; https://mybunchofkeys.com/wp-content/uploads/2026/04/WhatsApp-Image-2026-04-24-at-8.11.36-AM-14.jpeg; https://mybunchofkeys.com/wp-content/uploads/2026/04/WhatsApp-Image-2026-04-24-at-8.11.36-AM-9.jpeg; https://mybunchofkeys.com/wp-content/uploads/2026/04/WhatsApp-Image-2026-04-24-at-8.11.36-AM-8.jpeg; https://mybunchofkeys.com/wp-content/uploads/2026/04/WhatsApp-Image-2026-04-24-at-8.11.36-AM-7-810x1080.jpeg; https://mybunchofkeys.com/wp-content/uploads/2026/04/WhatsApp-Image-2026-04-24-at-8.11.36-AM-5.jpeg; https://mybunchofkeys.com/wp-content/uploads/2026/04/WhatsApp-Image-2026-04-24-at-8.11.36-AM-4.jpeg; https://mybunchofkeys.com/wp-content/uploads/2026/04/WhatsApp-Image-2026-04-24-at-8.11.36-AM-3.jpeg; https://mybunchofkeys.com/wp-content/uploads/2026/04/WhatsApp-Image-2026-04-24-at-8.11.36-AM-2.jpeg; https://mybunchofkeys.com/wp-content/uploads/2026/04/WhatsApp-Image-2026-04-24-at-8.11.36-AM-18-810x1080.jpeg,2026-07-07T14:28:15+00:00,,House,For Sale,"FOR SALE | BRAND NEW HOME – CHAGUANAS ✨ Ideally located just off Soogrim Trace (S) in Chaguanas, this beautifully finished, brand-new home offers the perfect blend of modern comfort and everyday convenience. Positioned just minutes from Heartland Plaza and Price Plaza , with easy access to the highway, this property places you right in the heart of Central Trinidad. 💰 Asking Price: TT$2.25M 🏡 Property Details: Land Size: Just over 5,200 sq. ft. Living Space: 1,900 sq. ft. ✨ Features You’ll Love: Elegant teak kitchen cabinetry paired with sleek quartz countertops Cedar internal doors for a warm, upscale finish Durable aluminum external doors Spacious open-plan living and dining layout 3 comfortable bedrooms 2 modern bathrooms Internal laundry area for added convenience Enclosed garage with parking for 2 vehicles This move-in-ready home is ideal for families or professionals seeking a stylish property in a central, high-demand location with excellent accessibility. 📞 Contact Kira 490-7723 for further information or to schedule a viewing

About the Region
Chaguanas The Borough of Chaguanas is the largest borough with an average population of 83,489 and fastest-growing town in Trinidad and Tobago, it is located in the West-Central area of Trinidad. Chaguanas is popular for its shopping malls, variety stores and street shopping. Many citizens as well as tourists visit these sites to partake in the buying of many items offered for sale. This town is fast paced as many business sectors such as banking, insurance, auto rentals and food are readily available. All sites are easily accessible as transport hubs are located throughout the streets of this beautiful town, not to mention the safety of the police & fire services that are available upon request. Home to the famous Divali Nagar site, many tourists as well as citizens visit this location to buy merchandise offered from the well-known Indian heritage such as clothing, food, religious items etc. Fun fact, Chaguanas was named after the indigenous tribe who originally settled there.",Unfurnished; Move in Ready; Kitchen Island; Pantry; Covered Garage; Parking on Compound; T&C Approved; Fully Fenced; Pet Friendly; Kid Friendly; Laundry Area/Facility; Accessible; Walk-in Closets,2026-08-06T23:22:30.809169+00:00
https://mybunchofkeys.com/property/the-carlsen-villas-phase-ii-chaguanas-price-starting-at-1-725m-2/,The Carlsen Villas Phase II — Chaguanas Price: Starting at $1.725M - My Bunch of Keys,"$1,725,000",BOK-970200,Chaguanas,3,2,5000sq.ft.,2,Michelle Sharma,de Silva Realty,(868) 354-1226,https://mybunchofkeys.com/wp-content/uploads/2023/06/Michelle-Sharma-Profile-Pic-320x320.jpg,https://mybunchofkeys.com/wp-content/uploads/2025/12/IMG_1155.jpg,https://mybunchofkeys.com/wp-content/uploads/2025/12/IMG_1153.jpg; https://mybunchofkeys.com/wp-content/uploads/2025/12/IMG_1155.jpg; https://mybunchofkeys.com/wp-content/uploads/2025/12/IMG_1157.jpg; https://mybunchofkeys.com/wp-content/uploads/2025/12/IMG_1160.jpg; https://mybunchofkeys.com/wp-content/uploads/2025/12/IMG_1165.jpg; https://mybunchofkeys.com/wp-content/uploads/2025/12/IMG_1168.jpg; https://mybunchofkeys.com/wp-content/uploads/2025/12/IMG_1170.jpg; https://mybunchofkeys.com/wp-content/uploads/2025/12/IMG_1175.jpg; https://mybunchofkeys.com/wp-content/uploads/2025/12/IMG_1177.jpg; https://mybunchofkeys.com/wp-content/uploads/2025/12/IMG_1178.jpg; https://mybunchofkeys.com/wp-content/uploads/2025/12/IMG_1186.jpg,2026-07-07T14:28:10+00:00,,House,For Sale,"The Carlsen Villas Phase II — Chaguanas Price: Starting at $1.725M Welcome to The Carlsen Villas Phase II , a thoughtfully designed residential community where comfort, security, and modern living come together seamlessly. Set within a peaceful Chaguanas neighborhood, this development offers the perfect blend of convenience and tranquility—ideal for families, professionals, and anyone seeking a well-appointed home in a welcoming environment. Step inside and experience spacious, open-plan interiors crafted for effortless living. From inviting living areas to stylish kitchens and practical layouts, each home is designed to enhance everyday comfort while offering exceptional value. Amenities 5,000 sq. ft. freehold land 1,450 sq. ft. internal living space 3 bedrooms 2 bathrooms Laundry room Walk-in closet Bespoke cabinetry in all rooms Front porch Glazed porcelain tiles Shaker-style kitchen Water tank Water pump Water heater Air-conditioning in all bedrooms Gypsum ceilings Quartz countertops Stainless steel faucets Fully fenced units Secure gated community Monthly Maintenance $100 PET FRIENDLY Discover a place that feels like home from the moment you arrive. 📲 Contact us today for more details or to schedule a viewing! 📞 Michelle Sharma: (868) 354-1226

About the Region
Chaguanas The Borough of Chaguanas is the largest borough with an average population of 83,489 and fastest-growing town in Trinidad and Tobago, it is located in the West-Central area of Trinidad. Chaguanas is popular for its shopping malls, variety stores and street shopping. Many citizens as well as tourists visit these sites to partake in the buying of many items offered for sale. This town is fast paced as many business sectors such as banking, insurance, auto rentals and food are readily available. All sites are easily accessible as transport hubs are located throughout the streets of this beautiful town, not to mention the safety of the police & fire services that are available upon request. Home to the famous Divali Nagar site, many tourists as well as citizens visit this location to buy merchandise offered from the well-known Indian heritage such as clothing, food, religious items etc. Fun fact, Chaguanas was named after the indigenous tribe who originally settled there.",Unfurnished; Move in Ready; Recently Renovated; Gated Community; Air Conditioning; Kitchen Island; Patio; Parking on Compound; Fully Fenced; Pet Friendly; Kid Friendly; Laundry Area/Facility; Accessible; Built-in Closets; Walk-in Closets; Water Tank; Water Pump; Water Heater,2026-08-06T23:40:22.632867+00:00
https://mybunchofkeys.com/property/welcome-road-cunupia-housing-development-tt-1-55m/,"Welcome Road, Cunupia - TT$ 1.4M - My Bunch of Keys","$1,400,000",BOK-617062,Cunupia,3,2,1360sq.ft.,2,Carolyn Ross,Twin Isle Property Consultants,(868) 765-7677,https://mybunchofkeys.com/wp-content/uploads/2025/09/Twin-Isle-Carolyn-320x320.jpg,https://mybunchofkeys.com/wp-content/uploads/2024/01/WhatsApp-Image-2024-03-05-at-10.39.56-AM-5.jpeg,https://mybunchofkeys.com/wp-content/uploads/2024/01/WhatsApp-Image-2024-03-05-at-10.39.56-AM-7.jpeg; https://mybunchofkeys.com/wp-content/uploads/2024/01/WhatsApp-Image-2024-03-05-at-10.39.56-AM-6.jpeg; https://mybunchofkeys.com/wp-content/uploads/2024/01/WhatsApp-Image-2024-03-05-at-10.39.56-AM-5.jpeg; https://mybunchofkeys.com/wp-content/uploads/2024/01/WhatsApp-Image-2024-03-05-at-10.39.56-AM-4.jpeg; https://mybunchofkeys.com/wp-content/uploads/2024/01/WhatsApp-Image-2024-03-05-at-10.39.55-AM-810x1080.jpeg; https://mybunchofkeys.com/wp-content/uploads/2024/01/WhatsApp-Image-2024-03-05-at-10.39.56-AM-1.jpeg; https://mybunchofkeys.com/wp-content/uploads/2024/01/WhatsApp-Image-2024-03-05-at-10.39.56-AM-2.jpeg; https://mybunchofkeys.com/wp-content/uploads/2024/01/WhatsApp-Image-2024-03-05-at-10.39.56-AM.jpeg; https://mybunchofkeys.com/wp-content/uploads/2024/01/WhatsApp-Image-2024-01-29-at-12.02.16-PM.jpeg; https://mybunchofkeys.com/wp-content/uploads/2024/01/WhatsApp-Image-2024-01-29-at-11.25.47-AM-4.jpeg; https://mybunchofkeys.com/wp-content/uploads/2024/01/WhatsApp-Image-2024-01-29-at-11.25.47-AM-3.jpeg; https://mybunchofkeys.com/wp-content/uploads/2024/01/WhatsApp-Image-2024-01-29-at-11.25.47-AM-2.jpeg; https://mybunchofkeys.com/wp-content/uploads/2024/01/WhatsApp-Image-2024-01-29-at-11.25.47-AM-1.jpeg; https://mybunchofkeys.com/wp-content/uploads/2024/01/WhatsApp-Image-2024-01-29-at-11.25.47-AM.jpeg; https://mybunchofkeys.com/wp-content/uploads/2023/07/WhatsApp-Image-2023-07-18-at-2.44.36-PM-4.jpeg; https://mybunchofkeys.com/wp-content/uploads/2023/07/WhatsApp-Image-2023-07-18-at-2.44.36-PM-3.jpeg; https://mybunchofkeys.com/wp-content/uploads/2023/07/WhatsApp-Image-2023-07-18-at-2.44.36-PM-5.jpeg; https://mybunchofkeys.com/wp-content/uploads/2023/07/WhatsApp-Image-2023-07-18-at-2.44.36-PM-9.jpeg; https://mybunchofkeys.com/wp-content/uploads/2023/07/WhatsApp-Image-2023-07-18-at-2.44.36-PM-8.jpeg; https://mybunchofkeys.com/wp-content/uploads/2023/07/WhatsApp-Image-2023-07-18-at-2.44.36-PM-11.jpeg; https://mybunchofkeys.com/wp-content/uploads/2023/07/WhatsApp-Image-2023-07-18-at-2.44.35-PM-1.jpeg; https://mybunchofkeys.com/wp-content/uploads/2023/07/WhatsApp-Image-2023-07-18-at-2.44.35-PM-2.jpeg; https://mybunchofkeys.com/wp-content/uploads/2023/07/WhatsApp-Image-2023-07-18-at-2.44.35-PM-3.jpeg; https://mybunchofkeys.com/wp-content/uploads/2023/07/WhatsApp-Image-2023-07-18-at-2.44.36-PM-2.jpeg; https://mybunchofkeys.com/wp-content/uploads/2023/07/WhatsApp-Image-2023-07-18-at-2.44.35-PM-4.jpeg; https://mybunchofkeys.com/wp-content/uploads/2023/07/WhatsApp-Image-2023-07-18-at-2.44.35-PM-5.jpeg; https://mybunchofkeys.com/wp-content/uploads/2023/07/WhatsApp-Image-2023-07-18-at-2.44.35-PM.jpeg; https://mybunchofkeys.com/wp-content/uploads/2023/07/WhatsApp-Image-2023-07-18-at-2.44.36-PM.jpeg; https://mybunchofkeys.com/wp-content/uploads/2023/07/WhatsApp-Image-2023-07-18-at-2.44.36-PM-1.jpeg,2026-07-07T14:19:54+00:00,,House,For Sale,"✨ Welcome Road, Cunupia – New Homes for TT$1.4M! ✨ Luxury meets convenience in this exclusive gated community of just five brand-new home – Each 1,360 sq. ft. residence sits on a full lot, offering privacy, elegance, and modern living. 🏡 Property Highlights: 💎 3 Bedrooms – Master ensuite with walk-in closet 💎 2 Bathrooms – Sleek and stylish finishes 💎 Open-Concept Kitchen, Living & Dining – Designed for effortless flow 💎 Private Outdoor Space – Perfect for relaxation or entertaining 💎 Laundry Room – Because functionality matters 💎 2-Car Parking + Extra for Guests 🚗 🌿 Gated Compound | Low HOA – $200 🌿 📞 Call Carolyn at 765-7677 to claim your dream home before they’re gone! 💫

About the Region
Cunupia Cunupia is a town in central Trinidad. It is part of the Borough of Chaguanas. Cunupia is just northeast of Chaguanas proper. Like Chaguanas itself, Cunupia has experienced rapid growth in recent years, especially in terms of residential developments. You can find many variety stores, the famous Sheik Lisha Ltd., restaurants, supermarkets and places of worships in this community. Cunupia is also a route that can easily take you to different parts of central Trinidad.",Unfurnished; Move in Ready; Gated Compound; Air Conditioning; Patio; Parking on Compound; Remote Gate; T&C Approved; Laundry Area/Facility; Built-in Closets; Walk-in Closets; Water Tank; Water Pump,2026-08-06T23:42:12.120040+00:00
https://mybunchofkeys.com/property/welcome-road-cunupia-home-for-sale-tt1-95m/,"Welcome Road, Cunupia - Home for Sale - TT$1.85M - My Bunch of Keys","$1,850,000",BOK-968605,Chaguanas Cunupia,3,2,1900sq.ft.,,Kira Ragbirsingh,Twin Isle Property Consultants,(868) 490-7723,https://mybunchofkeys.com/wp-content/uploads/2025/09/Twin-Isle-Kira-320x320.jpg,https://mybunchofkeys.com/wp-content/uploads/2025/11/WhatsApp-Image-2025-11-28-at-10.57.51-AM-16.jpeg,https://mybunchofkeys.com/wp-content/uploads/2025/11/WhatsApp-Image-2025-11-28-at-10.57.51-AM-15.jpeg; https://mybunchofkeys.com/wp-content/uploads/2025/11/WhatsApp-Image-2025-11-28-at-10.57.51-AM-16.jpeg; https://mybunchofkeys.com/wp-content/uploads/2025/11/WhatsApp-Image-2025-11-28-at-10.57.51-AM-17.jpeg; https://mybunchofkeys.com/wp-content/uploads/2025/11/WhatsApp-Image-2025-11-28-at-10.57.52-AM-2.jpeg; https://mybunchofkeys.com/wp-content/uploads/2025/11/WhatsApp-Image-2025-11-28-at-10.57.51-AM-1.jpeg; https://mybunchofkeys.com/wp-content/uploads/2025/11/WhatsApp-Image-2025-11-28-at-10.57.51-AM-810x1080.jpeg; https://mybunchofkeys.com/wp-content/uploads/2025/11/WhatsApp-Image-2025-11-28-at-10.57.50-AM-1-810x1080.jpeg; https://mybunchofkeys.com/wp-content/uploads/2025/11/WhatsApp-Image-2025-11-28-at-10.57.51-AM-3.jpeg; https://mybunchofkeys.com/wp-content/uploads/2025/11/WhatsApp-Image-2025-11-28-at-10.57.51-AM-4.jpeg; https://mybunchofkeys.com/wp-content/uploads/2025/11/WhatsApp-Image-2025-11-28-at-10.57.51-AM-2.jpeg; https://mybunchofkeys.com/wp-content/uploads/2025/11/WhatsApp-Image-2025-11-28-at-10.57.51-AM-5.jpeg; https://mybunchofkeys.com/wp-content/uploads/2025/11/WhatsApp-Image-2025-11-28-at-10.57.51-AM-7.jpeg; https://mybunchofkeys.com/wp-content/uploads/2025/11/WhatsApp-Image-2025-11-28-at-10.57.51-AM-8.jpeg; https://mybunchofkeys.com/wp-content/uploads/2025/11/WhatsApp-Image-2025-11-28-at-10.57.51-AM-9.jpeg; https://mybunchofkeys.com/wp-content/uploads/2025/11/WhatsApp-Image-2025-11-28-at-10.57.51-AM-10.jpeg; https://mybunchofkeys.com/wp-content/uploads/2025/11/WhatsApp-Image-2025-11-28-at-10.57.51-AM-11-810x1080.jpeg; https://mybunchofkeys.com/wp-content/uploads/2025/11/WhatsApp-Image-2025-11-28-at-10.57.51-AM-12-810x1080.jpeg; https://mybunchofkeys.com/wp-content/uploads/2025/11/WhatsApp-Image-2025-11-28-at-10.57.51-AM-13-810x1080.jpeg; https://mybunchofkeys.com/wp-content/uploads/2025/11/WhatsApp-Image-2025-11-28-at-10.57.51-AM-14.jpeg; https://mybunchofkeys.com/wp-content/uploads/2025/11/WhatsApp-Image-2025-11-28-at-10.57.52-AM-1.jpeg; https://mybunchofkeys.com/wp-content/uploads/2025/11/WhatsApp-Image-2025-11-28-at-10.57.50-AM-810x1080.jpeg; https://mybunchofkeys.com/wp-content/uploads/2025/11/WhatsApp-Image-2025-11-28-at-10.57.52-AM-810x1080.jpeg,2026-07-07T14:11:35+00:00,,House,For Sale,"🏡 Welcome Road, Cunupia — Home for Sale Price: TT$1.85M Discover this beautifully maintained, move-in-ready home offering 1,900 sq. ft. of comfortable living space in a convenient and family-friendly neighbourhood. Enjoy an inviting open-concept layout that seamlessly blends the living room, dining room, and kitchen —perfect for everyday living and entertaining. The kitchen features elegant teak cabinets paired with granite countertops , providing both style and durability. The home includes spacious bedrooms, 2 bathrooms , along with a covered garage , fully fenced yard with remote-controlled gate , laundry room , water tanks and pump , and air-conditioning units already installed. Well maintained with a lush green lawn, this property is ready for you to move in and enjoy. Property Features 3 Bedrooms | 2 Bathrooms 2-Car parking Fully fenced with remote control gate Spacious laundry room Teak kitchen cabinets with an open-concept layout Granite countertops Air-condition units, water tanks & pump installed Well-kept property with a lush lawn Excellent condition 📞 Contact Kira 490-7723 for more information or to book a viewing.

About the Region
Chaguanas The Borough of Chaguanas is the largest borough with an average population of 83,489 and fastest-growing town in Trinidad and Tobago, it is located in the West-Central area of Trinidad. Chaguanas is popular for its shopping malls, variety stores and street shopping. Many citizens as well as tourists visit these sites to partake in the buying of many items offered for sale. This town is fast paced as many business sectors such as banking, insurance, auto rentals and food are readily available. All sites are easily accessible as transport hubs are located throughout the streets of this beautiful town, not to mention the safety of the police & fire services that are available upon request. Home to the famous Divali Nagar site, many tourists as well as citizens visit this location to buy merchandise offered from the well-known Indian heritage such as clothing, food, religious items etc. Fun fact, Chaguanas was named after the indigenous tribe who originally settled there.",Move in Ready; Air Conditioning; Covered Garage; Parking on Compound; Remote Gate; Fully Fenced; Pet Friendly; Kid Friendly; Laundry Area/Facility; Built-in Closets; Walk-in Closets; Water Tank; Water Pump; Water Heater,2026-08-06T23:42:06.617132+00:00
