{"type": "Feature", "properties": {"name": "Diego Martin", "display_name": "Diego Martin, Trinidad and Tobago", "osm_type": "relation", "osm_id": 7363636, "category": "boundary", "type": "administrative", "source": "OpenStreetMap / Nominatim", "license": "ODbL"}, "geometry": {"type": "MultiPolygon", "coordinates": [[[[-61.7647786, 10.6715481], [-61.7647652, 10.6715033], [-61.7647237, 10.6714203], [-61.7646995, 10.6713373], [-61.764666, 10.6712503], [-61.7646083, 10.6712134], [-61.764493, 10.6712213], [-61.7642891, 10.6712081], [-61.7641363, 10.6712134], [-61.7640035, 10.6712529], [-61.7637742, 10.6713583], [-61.7635676, 10.6713979], [-61.7630661, 10.6714361], [-61.7622614, 10.6715943], [-61.7619154, 10.6716786], [-61.7615506, 10.6717788], [-61.760923, 10.6718367], [-61.7601963, 10.671919], [-61.7593863, 10.6720719], [-61.7591503, 10.672346], [-61.7591235, 10.6726465], [-61.7586407, 10.6734161], [-61.7581257, 10.6742174], [-61.7570796, 10.6753614], [-61.7564842, 10.6757514], [-61.7561677, 10.6758885], [-61.7558512, 10.675957], [-61.7554864, 10.6760414], [-61.7551484, 10.6758727], [-61.75477, 10.6756745], [-61.7545959, 10.6751979], [-61.7543706, 10.6749765], [-61.7541077, 10.6747235], [-61.753818, 10.6747657], [-61.7534908, 10.6747867], [-61.7531875, 10.6745358], [-61.7529944, 10.6745226], [-61.7526164, 10.674655], [-61.7521763, 10.6748521], [-61.7519298, 10.6747762], [-61.7514899, 10.674734], [-61.7506743, 10.6747519], [-61.7502722, 10.6746286], [-61.7498216, 10.6744705], [-61.7489418, 10.6743176], [-61.7482605, 10.6740593], [-61.7478743, 10.673822], [-61.7476755, 10.673492], [-61.7474799, 10.67338], [-61.7469033, 10.6728995], [-61.7463186, 10.6730049], [-61.7459592, 10.6732158], [-61.7457175, 10.6734024], [-61.7455459, 10.6735342], [-61.7453313, 10.6736713], [-61.7449989, 10.6737061], [-61.7445966, 10.6736165], [-61.7440441, 10.6734003], [-61.7436308, 10.6733866], [-61.7433306, 10.6733212], [-61.7426547, 10.6732053], [-61.7422363, 10.6733107], [-61.7421612, 10.6735005], [-61.7422599, 10.67388], [-61.7439258, 10.6750761], [-61.7441055, 10.6751104], [-61.7450228, 10.6758563], [-61.7452564, 10.6761205], [-61.7457982, 10.6765633], [-61.7460718, 10.6768427], [-61.746796, 10.6773804], [-61.7474601, 10.67776], [-61.7475924, 10.6782865], [-61.7484899, 10.6789199], [-61.7492285, 10.6793487], [-61.7495853, 10.6793593], [-61.7499718, 10.6792254], [-61.7506101, 10.6788248], [-61.7508301, 10.6787351], [-61.7510339, 10.6787299], [-61.7513504, 10.6788933], [-61.7514172, 10.6791695], [-61.7515328, 10.6797051], [-61.7517581, 10.6799423], [-61.7519298, 10.6799318], [-61.7521014, 10.6797894], [-61.7521633, 10.6796391], [-61.7521729, 10.679544], [-61.7521778, 10.6794996], [-61.752185, 10.6794338], [-61.7522019, 10.6792652], [-61.752246, 10.6791379], [-61.7524018, 10.6790567], [-61.7528012, 10.6789296], [-61.753284, 10.6790034], [-61.7536756, 10.6791669], [-61.7542579, 10.6792517], [-61.754494, 10.6793097], [-61.7546764, 10.6795944], [-61.7548587, 10.6799107], [-61.7551538, 10.6801374], [-61.7552664, 10.6804273], [-61.7553467, 10.6807668], [-61.7556849, 10.6810651], [-61.7559287, 10.6813308], [-61.7559448, 10.6815417], [-61.7559316, 10.6820509], [-61.7557801, 10.68243], [-61.7555454, 10.682694], [-61.75499, 10.68294], [-61.7545154, 10.6831368], [-61.7544186, 10.683247], [-61.7544618, 10.683432], [-61.7546334, 10.6837905], [-61.7547139, 10.6841858], [-61.7548128, 10.6843788], [-61.754848, 10.6843999], [-61.7550733, 10.6845654], [-61.7555883, 10.6847657], [-61.7556151, 10.6850767], [-61.7554995, 10.6853648], [-61.7554204, 10.6855361], [-61.7554164, 10.68566], [-61.7554472, 10.6857614], [-61.7557117, 10.6859623], [-61.7558201, 10.686108], [-61.7558415, 10.6862425], [-61.7557718, 10.6863848], [-61.7556886, 10.6864863], [-61.7555586, 10.6865047], [-61.7553493, 10.6864863], [-61.7551562, 10.6864507], [-61.7549779, 10.6864032], [-61.7547579, 10.6862767], [-61.754601, 10.6861489], [-61.7545101, 10.6861363], [-61.7544588, 10.6861515], [-61.7544296, 10.686189], [-61.754432, 10.686286], [-61.7544562, 10.6863914], [-61.7544601, 10.68655], [-61.7544374, 10.6866233], [-61.7543062, 10.6867319], [-61.7542282, 10.6867525], [-61.7541531, 10.6867419], [-61.7540431, 10.6867077], [-61.7538929, 10.6866339], [-61.7538127, 10.6866107], [-61.7536354, 10.6865785], [-61.7534584, 10.6865548], [-61.7533648, 10.6865369], [-61.7533243, 10.6865126], [-61.7532733, 10.686452], [-61.7531553, 10.6863176], [-61.7530346, 10.6861252], [-61.7529434, 10.6860408], [-61.752879, 10.6860197], [-61.7528066, 10.6860329], [-61.7527369, 10.6860909], [-61.7525625, 10.6863624], [-61.7524821, 10.6865284], [-61.7524123, 10.6867393], [-61.7523938, 10.6868953], [-61.7523775, 10.6872243], [-61.7523828, 10.6875537], [-61.7523399, 10.6877092], [-61.752238, 10.6878305], [-61.751724, 10.688317], [-61.7516973, 10.6883407], [-61.7515594, 10.6884604], [-61.7513233, 10.6885764], [-61.7511651, 10.6885553], [-61.7509666, 10.6884314], [-61.7507574, 10.6882706], [-61.7505133, 10.6881547], [-61.7497572, 10.6880234], [-61.7490301, 10.6876974], [-61.7488691, 10.6876684], [-61.7486854, 10.6876974], [-61.7484319, 10.6877936], [-61.7481959, 10.6880071], [-61.7481208, 10.6881863], [-61.7480966, 10.6883866], [-61.748153, 10.6887701], [-61.7483126, 10.6895173], [-61.7483622, 10.6898092], [-61.7483622, 10.6898804], [-61.7483193, 10.6899357], [-61.7480494, 10.6901619], [-61.7480266, 10.6901739], [-61.7478528, 10.6902848], [-61.7472359, 10.6905431], [-61.7469024, 10.6906631], [-61.7468447, 10.6906664], [-61.7467964, 10.6906533], [-61.7467495, 10.6906104], [-61.7467099, 10.6905959], [-61.7466724, 10.6905926], [-61.7465946, 10.6906131], [-61.7463438, 10.6906915], [-61.7460863, 10.6906592], [-61.7458626, 10.6905536], [-61.745519, 10.6902553], [-61.7449185, 10.6890408], [-61.74472, 10.6887245], [-61.7444357, 10.6886085], [-61.7441675, 10.6886191], [-61.7439743, 10.6887719], [-61.7436257, 10.6888352], [-61.7434486, 10.6887034], [-61.7433735, 10.6885031], [-61.7433628, 10.6883344], [-61.7432501, 10.6882553], [-61.7427566, 10.6880708], [-61.7426371, 10.6880291], [-61.7426072, 10.6880093], [-61.7424348, 10.6877546], [-61.7424481, 10.6870456], [-61.7426279, 10.686558], [-61.7427405, 10.6862311], [-61.7428264, 10.6860097], [-61.7427901, 10.6858516], [-61.7424455, 10.6856592], [-61.74208, 10.6854699], [-61.741437, 10.6850978], [-61.741306, 10.6850169], [-61.741251, 10.6850057], [-61.7412061, 10.6850136], [-61.741137, 10.6850505], [-61.7410344, 10.6850676], [-61.7409191, 10.6850551], [-61.7408064, 10.6849945], [-61.740734, 10.6849681], [-61.7406931, 10.6849668], [-61.7406468, 10.6849747], [-61.7404041, 10.6851052], [-61.7402498, 10.6851407], [-61.7400084, 10.6851434], [-61.7398274, 10.6850998], [-61.7397191, 10.6850251], [-61.7396842, 10.6850037], [-61.7396131, 10.6849344], [-61.7393341, 10.6845008], [-61.7390874, 10.6841173], [-61.7387223, 10.683815], [-61.7385507, 10.6837491], [-61.7384554, 10.6837451], [-61.7383685, 10.6837799], [-61.7381486, 10.6839539], [-61.7380177, 10.6840273], [-61.7378015, 10.6840957], [-61.7375601, 10.6840957], [-61.737399, 10.6840559], [-61.7372923, 10.6839777], [-61.7370703, 10.6834373], [-61.7370328, 10.6827309], [-61.736963, 10.6825464], [-61.7368665, 10.6823883], [-61.7367885, 10.6823403], [-61.736708, 10.6823508], [-61.7366436, 10.6823825], [-61.7365658, 10.6824984], [-61.7364802, 10.6826255], [-61.7362708, 10.6828991], [-61.7360026, 10.6832733], [-61.7358872, 10.6833946], [-61.7357826, 10.6834209], [-61.7356592, 10.6834051], [-61.7355654, 10.6833313], [-61.7354956, 10.6832074], [-61.7354098, 10.6830598], [-61.7353454, 10.6829623], [-61.7353186, 10.682878], [-61.7353267, 10.6826961], [-61.7353082, 10.6825728], [-61.7352489, 10.6824378], [-61.7351901, 10.6823672], [-61.7351201, 10.6823008], [-61.7350531, 10.6822401], [-61.7349941, 10.682227], [-61.7349431, 10.6822586], [-61.7349136, 10.6823139], [-61.7348841, 10.6824325], [-61.7348251, 10.6825643], [-61.7346936, 10.6827041], [-61.7345998, 10.6827673], [-61.7344737, 10.6827963], [-61.7343262, 10.6827884], [-61.7341357, 10.6827646], [-61.7339909, 10.6826777], [-61.7338863, 10.6825353], [-61.7338514, 10.6824378], [-61.7338005, 10.6822217], [-61.7337495, 10.6820451], [-61.7337039, 10.6818448], [-61.7336154, 10.6816787], [-61.7335296, 10.681597], [-61.7334732, 10.6815917], [-61.7334333, 10.6816028], [-61.7333099, 10.6817399], [-61.7331758, 10.6818084], [-61.7324891, 10.6814341], [-61.7314752, 10.6809544], [-61.7311263, 10.6810251], [-61.7308903, 10.6812965], [-61.7309442, 10.6816292], [-61.7310729, 10.6821616], [-61.7313841, 10.6827257], [-61.7318829, 10.6834478], [-61.7328617, 10.6839454], [-61.7337015, 10.6845127], [-61.7340287, 10.6853455], [-61.7343291, 10.6855037], [-61.7345756, 10.6858748], [-61.734589, 10.686025], [-61.7344002, 10.6861033], [-61.7343114, 10.6862425], [-61.7343238, 10.6864578], [-61.7345193, 10.6868394], [-61.7345676, 10.687016], [-61.7344793, 10.6873276], [-61.7343291, 10.6875648], [-61.734412, 10.688015], [-61.7346078, 10.6882126], [-61.7345113, 10.688832], [-61.7345703, 10.6890429], [-61.7351821, 10.6894256], [-61.7357209, 10.6896702], [-61.7364022, 10.6895964], [-61.7367992, 10.6898046], [-61.7374912, 10.6903449], [-61.7378428, 10.6905009], [-61.7380545, 10.6906743], [-61.738025, 10.6908931], [-61.7381993, 10.6910592], [-61.7385616, 10.6911967], [-61.7388672, 10.6913359], [-61.7389798, 10.691668], [-61.7394358, 10.6919553], [-61.7396477, 10.6920976], [-61.7397577, 10.692485], [-61.7400527, 10.6927038], [-61.7410561, 10.6933422], [-61.7423648, 10.6942008], [-61.7430675, 10.6948795], [-61.7433038, 10.6953241], [-61.7444303, 10.6962413], [-61.7446074, 10.6964311], [-61.74477, 10.69656], [-61.7459484, 10.6971005], [-61.7470804, 10.6972244], [-61.747273, 10.6973137], [-61.7474505, 10.6974036], [-61.7476031, 10.6974953], [-61.7477614, 10.6976429], [-61.7477989, 10.6977431], [-61.7478177, 10.697867], [-61.7478338, 10.6979513], [-61.7478418, 10.6980014], [-61.7478472, 10.6980699], [-61.7478284, 10.6982412], [-61.7477801, 10.6983282], [-61.7476916, 10.6984178], [-61.7476621, 10.6984547], [-61.7476487, 10.6984942], [-61.7476648, 10.6985891], [-61.7477345, 10.698684], [-61.7478043, 10.6987947], [-61.7478612, 10.6988716], [-61.7479279, 10.6989982], [-61.747992, 10.6991294], [-61.7480725, 10.6992533], [-61.7481854, 10.699404], [-61.7483517, 10.6995622], [-61.7487326, 10.6997309], [-61.7492744, 10.6998943], [-61.749843, 10.7000419], [-61.7499957, 10.7002021], [-61.7502132, 10.700395], [-61.7503577, 10.7005473], [-61.7506957, 10.7006343], [-61.7513287, 10.700376], [-61.7515969, 10.700347], [-61.7518169, 10.7004129], [-61.752061, 10.700687], [-61.7521763, 10.7008821], [-61.7522755, 10.7009216], [-61.7523614, 10.70089], [-61.7526218, 10.7005268], [-61.7528954, 10.7003423], [-61.7533404, 10.7000176], [-61.7537642, 10.699812], [-61.7539841, 10.6997066], [-61.7542148, 10.6997119], [-61.7544186, 10.6997988], [-61.7545822, 10.6999227], [-61.7548665, 10.6999781], [-61.7550489, 10.6999201], [-61.7551965, 10.6997277], [-61.7553332, 10.6995827], [-61.7556149, 10.6993903], [-61.7558965, 10.6992823], [-61.756095, 10.6992796], [-61.7562103, 10.6993113], [-61.7562613, 10.6993982], [-61.7562398, 10.6995195], [-61.7561969, 10.6996144], [-61.7561916, 10.6996908], [-61.7562398, 10.6997619], [-61.7563257, 10.6997514], [-61.7565188, 10.6996038], [-61.7566046, 10.6994457], [-61.7566529, 10.6993139], [-61.7567414, 10.6992164], [-61.7569131, 10.6991162], [-61.7572323, 10.6989924], [-61.7574871, 10.6988131], [-61.7577499, 10.6986893], [-61.7580718, 10.6984152], [-61.7582716, 10.6982847], [-61.7583534, 10.6982254], [-61.758395, 10.6981134], [-61.7583749, 10.6980449], [-61.7582729, 10.6980132], [-61.7577808, 10.6980712], [-61.7576788, 10.6980515], [-61.757656, 10.6980119], [-61.7576534, 10.6979618], [-61.7576949, 10.6978683], [-61.7582233, 10.6974057], [-61.7583078, 10.6972898], [-61.7583266, 10.6972133], [-61.7583105, 10.6971395], [-61.7582166, 10.6970447], [-61.7580235, 10.6969129], [-61.7577606, 10.6967995], [-61.7575943, 10.6967442], [-61.7574978, 10.6966994], [-61.7574213, 10.6966295], [-61.757353, 10.6965597], [-61.7573154, 10.6964596], [-61.757314, 10.6963515], [-61.7573462, 10.6962777], [-61.757365, 10.6962526], [-61.7574026, 10.6962316], [-61.7574495, 10.6962316], [-61.7574938, 10.6962263], [-61.7575246, 10.6962065], [-61.7575675, 10.6961644], [-61.7576185, 10.6961169], [-61.7576936, 10.6960537], [-61.7578197, 10.6959772], [-61.7579699, 10.6959061], [-61.758112, 10.6958534], [-61.7581925, 10.6957822], [-61.7582515, 10.6956847], [-61.7582729, 10.6955924], [-61.758222, 10.6954396], [-61.7581281, 10.6953447], [-61.7579189, 10.6952235], [-61.757715, 10.6950706], [-61.7574844, 10.6948571], [-61.7573878, 10.6946832], [-61.7573771, 10.6945856], [-61.7574012, 10.6944749], [-61.7574576, 10.6943932], [-61.7576158, 10.6942746], [-61.7576802, 10.6941798], [-61.7577553, 10.6939504], [-61.7578143, 10.6936922], [-61.7579618, 10.6934286], [-61.7578843, 10.6931946], [-61.7575731, 10.6930048], [-61.7574683, 10.6927222], [-61.7575463, 10.6924777], [-61.757597, 10.6921978], [-61.7576668, 10.6919711], [-61.7578083, 10.6916818], [-61.7579182, 10.691438], [-61.7579176, 10.6913873], [-61.7578559, 10.6913254], [-61.7573583, 10.6911119], [-61.7572309, 10.6909999], [-61.7571893, 10.6909102], [-61.7572202, 10.690764], [-61.7572618, 10.6906743], [-61.7573664, 10.6906111], [-61.7575058, 10.6905531], [-61.7575179, 10.6904833], [-61.7574911, 10.6904016], [-61.7573127, 10.6902823], [-61.7571437, 10.6900365], [-61.7570796, 10.6898789], [-61.7570206, 10.6895732], [-61.7570525, 10.6895041], [-61.757243, 10.6894804], [-61.7573074, 10.6894435], [-61.7573771, 10.6894066], [-61.7574629, 10.6893934], [-61.7576507, 10.6893802], [-61.7578733, 10.6893802], [-61.7580852, 10.689404], [-61.7582005, 10.6894092], [-61.7582837, 10.6893829], [-61.7583507, 10.6893354], [-61.7585304, 10.6891931], [-61.7586458, 10.6890402], [-61.7587155, 10.6889849], [-61.7587987, 10.6889638], [-61.7589167, 10.6889796], [-61.758965, 10.6889612], [-61.7590669, 10.6888953], [-61.7590776, 10.688861], [-61.7590769, 10.6887839], [-61.7590924, 10.688749], [-61.7591178, 10.6887286], [-61.759262, 10.6886943], [-61.7593733, 10.6886745], [-61.7595537, 10.6886587], [-61.7596335, 10.688635], [-61.7597455, 10.688579], [-61.7597656, 10.6885685], [-61.7597716, 10.6885467], [-61.7597649, 10.6885243], [-61.7597428, 10.6885078], [-61.7595953, 10.6884024], [-61.7594665, 10.6883339], [-61.7594102, 10.6882706], [-61.7593995, 10.6881968], [-61.7594129, 10.6880202], [-61.7594397, 10.6879675], [-61.7596154, 10.6877277], [-61.7597441, 10.6875919], [-61.7598863, 10.6875221], [-61.7599748, 10.6874522], [-61.7600097, 10.6873798], [-61.7599989, 10.6872572], [-61.7600177, 10.6871715], [-61.7600714, 10.6870832], [-61.7602028, 10.6869686], [-61.7602524, 10.6869132], [-61.7602618, 10.6868408], [-61.7602243, 10.6867894], [-61.760121, 10.6867564], [-61.7599782, 10.686732], [-61.7598876, 10.6866945], [-61.75983, 10.6866365], [-61.7596811, 10.6864876], [-61.759555, 10.6864204], [-61.7592748, 10.686307], [-61.7591232, 10.6862807], [-61.7589462, 10.6862214], [-61.7588583, 10.6861588], [-61.7588295, 10.6861028], [-61.7588121, 10.6859684], [-61.7587933, 10.6858036], [-61.7587531, 10.6857232], [-61.758678, 10.6856745], [-61.7585398, 10.6856494], [-61.7583601, 10.6855809], [-61.7580758, 10.6853977], [-61.75799, 10.6853687], [-61.7578896, 10.685393], [-61.7576643, 10.6854562], [-61.7572566, 10.6856091], [-61.7567899, 10.6854931], [-61.7565657, 10.685316], [-61.7564651, 10.6851355], [-61.756378, 10.6848192], [-61.7563391, 10.6844001], [-61.7563822, 10.6841226], [-61.7564678, 10.6839389], [-61.756747, 10.6836956], [-61.7571625, 10.6833906], [-61.7572215, 10.6832944], [-61.7571598, 10.683077], [-61.7571947, 10.6827871], [-61.7574938, 10.6825617], [-61.7578735, 10.6822354], [-61.7580345, 10.6818242], [-61.7579433, 10.6812655], [-61.7578575, 10.6798369], [-61.7579135, 10.6790667], [-61.758002, 10.678674], [-61.7585734, 10.6780519], [-61.7592415, 10.6775332], [-61.7594185, 10.6768532], [-61.7594947, 10.6766774], [-61.7597066, 10.6764711], [-61.759773, 10.6764395], [-61.7598293, 10.6764507], [-61.7598796, 10.6764909], [-61.7599292, 10.6764902], [-61.7599567, 10.6764771], [-61.7599822, 10.6764296], [-61.7600077, 10.6763446], [-61.7600238, 10.6763011], [-61.7600559, 10.6762886], [-61.7600868, 10.6762985], [-61.7601257, 10.6763361], [-61.7601733, 10.6763723], [-61.7602296, 10.6763565], [-61.7602605, 10.6763222], [-61.7602585, 10.6762754], [-61.7602256, 10.6761819], [-61.7602289, 10.676143], [-61.7602645, 10.6760942], [-61.7604677, 10.6760059], [-61.7605294, 10.6760046], [-61.7606226, 10.6760283], [-61.7607412, 10.6761015], [-61.7608009, 10.676087], [-61.7608311, 10.6760448], [-61.7608666, 10.675859], [-61.7608988, 10.6757628], [-61.7609672, 10.6756916], [-61.7611416, 10.6755914], [-61.7613012, 10.675548], [-61.7613696, 10.6754913], [-61.7614125, 10.6754241], [-61.7614219, 10.6753331], [-61.7613937, 10.6752145], [-61.7613977, 10.6751315], [-61.7614554, 10.6750498], [-61.7615707, 10.6749734], [-61.7616284, 10.674918], [-61.7617089, 10.6747928], [-61.7617947, 10.6747572], [-61.7619422, 10.6747915], [-61.7620522, 10.6748337], [-61.7621514, 10.6749417], [-61.7622453, 10.6749813], [-61.7623526, 10.6749813], [-61.7624304, 10.6749154], [-61.762476, 10.6747335], [-61.762535, 10.6745411], [-61.7625967, 10.6744146], [-61.7627496, 10.6743381], [-61.7630285, 10.6742722], [-61.7632002, 10.674209], [-61.7633021, 10.6741141], [-61.763345, 10.674006], [-61.7634067, 10.6739849], [-61.763522, 10.6740034], [-61.7635623, 10.6739797], [-61.7635569, 10.673948], [-61.7634255, 10.6738848], [-61.7634067, 10.6738189], [-61.7634228, 10.6737477], [-61.7634952, 10.6736607], [-61.7637125, 10.6735131], [-61.7639619, 10.6733866], [-61.7641014, 10.6733471], [-61.7641711, 10.6733128], [-61.7641953, 10.6732469], [-61.7641751, 10.6731823], [-61.7641027, 10.673127], [-61.7640772, 10.6730967], [-61.7640746, 10.673065], [-61.7640893, 10.6730334], [-61.7641148, 10.672982], [-61.7641282, 10.6729267], [-61.7641068, 10.6727883], [-61.7640987, 10.6727], [-61.7641135, 10.672609], [-61.7641631, 10.6725616], [-61.7642798, 10.6724997], [-61.7644233, 10.6724733], [-61.7645024, 10.6724496], [-61.7645332, 10.6723955], [-61.7645171, 10.6722901], [-61.7644635, 10.6721768], [-61.7644608, 10.6721043], [-61.7644675, 10.6719725], [-61.7645507, 10.6718025], [-61.7646593, 10.6716799], [-61.7647585, 10.6715903], [-61.7647786, 10.6715481]]], [[[-61.7556752, 10.7009638], [-61.7556538, 10.7009045], [-61.7556269, 10.7008518], [-61.7556256, 10.7008109], [-61.7556095, 10.7007714], [-61.7555787, 10.7007345], [-61.7555398, 10.7007213], [-61.7555009, 10.7007358], [-61.7554607, 10.7007661], [-61.7553896, 10.700799], [-61.7553064, 10.7007898], [-61.7552648, 10.7007714], [-61.755226, 10.7007832], [-61.7551911, 10.7008214], [-61.7551227, 10.7009414], [-61.755112, 10.7010165], [-61.7551307, 10.7010942], [-61.7551817, 10.7011654], [-61.7552514, 10.7012326], [-61.7553388, 10.7012974], [-61.7553936, 10.7013182], [-61.7554486, 10.7013024], [-61.7555586, 10.701197], [-61.7556363, 10.7011245], [-61.7556752, 10.7010165], [-61.7556752, 10.7009638]]], [[[-61.7301393, 10.7058738], [-61.7301205, 10.7057552], [-61.7300427, 10.7052992], [-61.7300025, 10.7049487], [-61.7298093, 10.7044374], [-61.7294264, 10.7039654], [-61.7291382, 10.7038526], [-61.7286187, 10.704008], [-61.7285238, 10.704153], [-61.7283692, 10.7041703], [-61.7282598, 10.704295], [-61.7278556, 10.7039896], [-61.7275955, 10.7039931], [-61.7275358, 10.7043122], [-61.7271286, 10.7046848], [-61.7268193, 10.7046675], [-61.7259549, 10.7049027], [-61.7256815, 10.7049156], [-61.7254557, 10.7043947], [-61.7252563, 10.7043355], [-61.7250305, 10.704267], [-61.7251008, 10.7041599], [-61.7250832, 10.7040632], [-61.7241787, 10.7042846], [-61.7241365, 10.7042846], [-61.7240996, 10.7042767], [-61.7240634, 10.7042575], [-61.7240419, 10.7042595], [-61.7239601, 10.7042964], [-61.7239071, 10.7043379], [-61.7238951, 10.7043827], [-61.7239031, 10.704419], [-61.7239192, 10.7044598], [-61.7239159, 10.7044947], [-61.7239004, 10.7045152], [-61.7238173, 10.7045316], [-61.7237724, 10.7045257], [-61.7237402, 10.7045316], [-61.7236751, 10.7045652], [-61.7236248, 10.7045758], [-61.723592, 10.7045692], [-61.7235343, 10.704527], [-61.7234545, 10.7044216], [-61.7234076, 10.7043913], [-61.7233687, 10.7043827], [-61.7233332, 10.7043814], [-61.723301, 10.7044038], [-61.7232701, 10.7044275], [-61.723242, 10.7044447], [-61.7230998, 10.704448], [-61.7230428, 10.7044308], [-61.7230019, 10.7044005], [-61.7229623, 10.7043445], [-61.7229409, 10.7042569], [-61.7229389, 10.7042068], [-61.722961, 10.704108], [-61.722967, 10.704081], [-61.722961, 10.7040421], [-61.7229181, 10.7040039], [-61.7228477, 10.7039861], [-61.7227652, 10.7039867], [-61.7227136, 10.703994], [-61.7226572, 10.7040335], [-61.7226063, 10.7040684], [-61.7225352, 10.7040862], [-61.7224822, 10.7040651], [-61.7223883, 10.7040078], [-61.7222106, 10.7038741], [-61.722163, 10.7037838], [-61.7221671, 10.7036889], [-61.7222455, 10.7036046], [-61.7222717, 10.703569], [-61.7222697, 10.7035084], [-61.7222321, 10.7034425], [-61.7221691, 10.7034175], [-61.7220356, 10.703403], [-61.7219304, 10.7033997], [-61.7218237, 10.7033793], [-61.7217701, 10.703341], [-61.7217413, 10.7032857], [-61.7217198, 10.7031223], [-61.7217211, 10.7029747], [-61.7217533, 10.7029187], [-61.721807, 10.7028805], [-61.7223501, 10.7027507], [-61.7224098, 10.7027085], [-61.722436, 10.7026453], [-61.7224118, 10.7024291], [-61.7223394, 10.7023184], [-61.7219397, 10.7021761], [-61.7218888, 10.7020022], [-61.7219049, 10.7018704], [-61.7217654, 10.7017281], [-61.7215642, 10.7014988], [-61.7213497, 10.7014698], [-61.721178, 10.7013907], [-61.7207998, 10.7005777], [-61.7208011, 10.7005025], [-61.720887, 10.7004182], [-61.7209044, 10.7003286], [-61.7206804, 10.7001823], [-61.7206335, 10.7000888], [-61.7206402, 10.6999622], [-61.7205745, 10.6999583], [-61.7204216, 10.7000387], [-61.7202339, 10.7000281], [-61.7200096, 10.6999117], [-61.719602, 10.7000509], [-61.7193013, 10.7003756], [-61.7188281, 10.7003767], [-61.7186165, 10.7003022], [-61.718587, 10.7002047], [-61.7187345, 10.6995696], [-61.71793, 10.6990301], [-61.7177367, 10.6987473], [-61.717152, 10.6984732], [-61.7171091, 10.6981147], [-61.7174792, 10.6971923], [-61.7171574, 10.696565], [-61.7167854, 10.6963867], [-61.7165458, 10.6960484], [-61.7164546, 10.6955002], [-61.7166585, 10.6951945], [-61.7184126, 10.6929384], [-61.7183214, 10.6924429], [-61.7180264, 10.6920633], [-61.71783, 10.6913], [-61.7181659, 10.690221], [-61.7182866, 10.6892827], [-61.7186272, 10.6886739], [-61.7188485, 10.6881375], [-61.7188887, 10.6880492], [-61.7189612, 10.6879662], [-61.719114, 10.6878819], [-61.7191865, 10.6877751], [-61.7192321, 10.6876262], [-61.7193018, 10.6873824], [-61.7193997, 10.6871834], [-61.719566, 10.6869607], [-61.7197309, 10.6868342], [-61.7197913, 10.6867419], [-61.7198302, 10.6866312], [-61.7198107, 10.686508], [-61.7198268, 10.68645], [-61.7198771, 10.6863894], [-61.7199596, 10.6863518], [-61.7200776, 10.6863255], [-61.7202204, 10.6862965], [-61.7203841, 10.686199], [-61.7204223, 10.6861456], [-61.7204377, 10.6860949], [-61.7204022, 10.6860342], [-61.7202875, 10.685996], [-61.7201681, 10.6860171], [-61.7200984, 10.6859855], [-61.7200662, 10.685909], [-61.7200582, 10.685826], [-61.7200287, 10.6857555], [-61.7200052, 10.6857292], [-61.7198966, 10.6857232], [-61.7197786, 10.6857298], [-61.7196833, 10.6857028], [-61.7196129, 10.6856626], [-61.719574, 10.6856527], [-61.7195204, 10.6856613], [-61.7194788, 10.6856929], [-61.7194265, 10.6857021], [-61.7193695, 10.6857068], [-61.719273, 10.6857101], [-61.7189987, 10.6856903], [-61.7189209, 10.68566], [-61.7188633, 10.6856086], [-61.7188076, 10.6855585], [-61.7187674, 10.685571], [-61.7187452, 10.6856], [-61.7188002, 10.6857219], [-61.7188163, 10.6857865], [-61.7188022, 10.6858175], [-61.7187305, 10.6858471], [-61.7182396, 10.6858616], [-61.7180425, 10.6858155], [-61.7179312, 10.685768], [-61.7178749, 10.6857852], [-61.7178386, 10.6858155], [-61.7178306, 10.6858577], [-61.7178319, 10.6859446], [-61.7179982, 10.6863189], [-61.7181404, 10.6867406], [-61.7182061, 10.6869699], [-61.7181981, 10.6870898], [-61.7180827, 10.687219], [-61.7179245, 10.687277], [-61.7178011, 10.687356], [-61.717667, 10.6875353], [-61.7175637, 10.6877672], [-61.7174041, 10.6881929], [-61.7171896, 10.6884999], [-61.7169723, 10.6887081], [-61.7168033, 10.6890534], [-61.7168194, 10.6891536], [-61.7169562, 10.6892959], [-61.7169267, 10.6894567], [-61.7165512, 10.690134], [-61.7162983, 10.6906581], [-61.715229, 10.6911272], [-61.7152052, 10.6911377], [-61.7150835, 10.6911911], [-61.7146014, 10.6908568], [-61.714443, 10.6908114], [-61.7141627, 10.6907284], [-61.7141399, 10.6907159], [-61.7141191, 10.6907053], [-61.7139997, 10.6907033], [-61.713877, 10.6906585], [-61.7137831, 10.6905821], [-61.7136759, 10.690424], [-61.7134935, 10.6902421], [-61.7132011, 10.6901024], [-61.7130885, 10.690113], [-61.7130429, 10.6901393], [-61.7130268, 10.6902157], [-61.7130509, 10.6903765], [-61.713016, 10.690453], [-61.7129168, 10.6904767], [-61.7127854, 10.6904688], [-61.7126808, 10.690445], [-61.7125413, 10.6903897], [-61.7124394, 10.6904081], [-61.7123053, 10.690474], [-61.7120118, 10.6907227], [-61.71197, 10.6909274], [-61.7119485, 10.6910223], [-61.7119136, 10.6911171], [-61.7119458, 10.6911988], [-61.7120478, 10.6912436], [-61.7122221, 10.6913385], [-61.7122355, 10.6914413], [-61.712155, 10.6915784], [-61.7120558, 10.6916285], [-61.7119995, 10.6916337], [-61.7116374, 10.6914677], [-61.7115918, 10.6914703], [-61.7115784, 10.6915046], [-61.7117849, 10.6917286], [-61.7118171, 10.6919052], [-61.7117178, 10.6920581], [-61.7109937, 10.6923559], [-61.7108408, 10.692514], [-61.7107871, 10.6926379], [-61.7108193, 10.6928751], [-61.7108971, 10.6929305], [-61.7111841, 10.6930174], [-61.7118841, 10.6929674], [-61.7119177, 10.6929871], [-61.7119338, 10.6930517], [-61.7118748, 10.693107], [-61.7117514, 10.6931835], [-61.7117353, 10.6932309], [-61.7117581, 10.6932718], [-61.711809, 10.6932981], [-61.7119123, 10.6932645], [-61.7120538, 10.6932421], [-61.7121269, 10.6932415], [-61.7122851, 10.6933008], [-61.7124695, 10.6934556], [-61.7125876, 10.6936236], [-61.7126285, 10.6938846], [-61.7125896, 10.6942035], [-61.7125547, 10.6945843], [-61.7125265, 10.694923], [-61.7124601, 10.6951411], [-61.7123086, 10.6952636], [-61.7121477, 10.6953421], [-61.7120598, 10.6953631], [-61.7119224, 10.6953869], [-61.7117903, 10.6954765], [-61.7117212, 10.6955463], [-61.7115033, 10.6958165], [-61.7115596, 10.6960089], [-61.7116799, 10.69642], [-61.7118104, 10.6968496], [-61.7118305, 10.6969702], [-61.7118057, 10.6970638], [-61.7117184, 10.6971339], [-61.7116682, 10.6972278], [-61.7116334, 10.6973543], [-61.7116722, 10.6976074], [-61.7116588, 10.6977009], [-61.7116079, 10.6977708], [-61.711522, 10.6978372], [-61.7114764, 10.6979223], [-61.711451, 10.6980001], [-61.7114429, 10.6980462], [-61.7114577, 10.6980801], [-61.7114724, 10.698094], [-61.7114959, 10.6980913], [-61.711577, 10.6980356], [-61.7116615, 10.6980066], [-61.7117554, 10.6979869], [-61.7118801, 10.6979697], [-61.711978, 10.6980014], [-61.7120075, 10.6980554], [-61.7119887, 10.698145], [-61.7119284, 10.6983493], [-61.7119331, 10.698427], [-61.7119659, 10.6984903], [-61.7120343, 10.6985087], [-61.7121068, 10.6984758], [-61.7121564, 10.6983862], [-61.7122301, 10.6983269], [-61.7123106, 10.6983058], [-61.7124085, 10.6983282], [-61.7125735, 10.6985496], [-61.712772, 10.6987024], [-61.713067, 10.6989607], [-61.7131823, 10.6990319], [-61.7132306, 10.6990372], [-61.713303, 10.6990213], [-61.7134076, 10.6990293], [-61.7134988, 10.6990582], [-61.7135981, 10.6990925], [-61.7137402, 10.699161], [-61.7139334, 10.6992849], [-61.7141211, 10.699389], [-61.7141828, 10.6994193], [-61.7142257, 10.6994312], [-61.7142686, 10.6994365], [-61.7143142, 10.6994246], [-61.7143612, 10.699418], [-61.7145932, 10.6994404], [-61.71473, 10.6994483], [-61.7148185, 10.6994457], [-61.7148721, 10.6994681], [-61.7148896, 10.6995063], [-61.7149057, 10.6995234], [-61.7149271, 10.6995274], [-61.7149512, 10.6995129], [-61.7149593, 10.6994562], [-61.7149512, 10.6993719], [-61.7149284, 10.699331], [-61.7149124, 10.699281], [-61.714911, 10.6992203], [-61.7149338, 10.699111], [-61.7149419, 10.6989845], [-61.7149633, 10.6989133], [-61.7150277, 10.6988659], [-61.7151135, 10.6988527], [-61.7151806, 10.6988606], [-61.7152637, 10.6989212], [-61.7153683, 10.6989607], [-61.715489, 10.6989924], [-61.7156312, 10.6990925], [-61.7158002, 10.6993271], [-61.715878, 10.6996539], [-61.715886, 10.69987], [-61.7158484, 10.6999438], [-61.715776, 10.6999754], [-61.7156151, 10.7000097], [-61.7155816, 10.7000426], [-61.7155534, 10.7000809], [-61.7155346, 10.7001546], [-61.7155266, 10.7001836], [-61.7155091, 10.7002126], [-61.7154984, 10.7002429], [-61.7155118, 10.7002706], [-61.71554, 10.7002693], [-61.7156205, 10.7002522], [-61.7156996, 10.7002535], [-61.7158109, 10.7002785], [-61.7160416, 10.7004314], [-61.7162347, 10.700579], [-61.7164251, 10.7008135], [-61.7165539, 10.7009163], [-61.7166558, 10.7009585], [-61.7167497, 10.7009585], [-61.7168462, 10.70094], [-61.7169227, 10.7009348], [-61.7169763, 10.7009335], [-61.7170219, 10.7009348], [-61.7170662, 10.7009203], [-61.7170997, 10.7009058], [-61.7172432, 10.7008425], [-61.7174578, 10.7008083], [-61.7176294, 10.700832], [-61.7178413, 10.7008768], [-61.718182, 10.700969], [-61.7182678, 10.700969], [-61.7183509, 10.7009559], [-61.7184502, 10.7008979], [-61.7185387, 10.7007318], [-61.7186299, 10.7006027], [-61.7187104, 10.7005553], [-61.718815, 10.7005394], [-61.7189357, 10.7005948], [-61.7190242, 10.7006739], [-61.719228, 10.7009875], [-61.7192817, 10.7011298], [-61.7192897, 10.7011667], [-61.7192844, 10.7012102], [-61.7192549, 10.7012431], [-61.7192213, 10.7012787], [-61.7191663, 10.7013169], [-61.7191422, 10.7013407], [-61.7190537, 10.7014118], [-61.7189652, 10.7014434], [-61.7188793, 10.7014672], [-61.7187801, 10.7014803], [-61.7187399, 10.7014909], [-61.7186675, 10.7014803], [-61.7185494, 10.7014408], [-61.7184448, 10.7014316], [-61.7183805, 10.7014461], [-61.7183644, 10.7014698], [-61.7183617, 10.7014988], [-61.7183778, 10.7015528], [-61.7183764, 10.7015746], [-61.7183644, 10.7015937], [-61.7183013, 10.7016299], [-61.7182919, 10.701651], [-61.7182966, 10.7016688], [-61.7183127, 10.7016846], [-61.7183362, 10.7016833], [-61.7183885, 10.7016859], [-61.7184716, 10.7016885], [-61.7186648, 10.7017254], [-61.7187104, 10.7017518], [-61.7187157, 10.7017729], [-61.7186996, 10.7018203], [-61.7186299, 10.7018915], [-61.7184734, 10.702066], [-61.7184502, 10.7022341], [-61.7185119, 10.7024687], [-61.7185602, 10.7026057], [-61.7193648, 10.7032541], [-61.7194882, 10.7034913], [-61.7199167, 10.7039149], [-61.7200588, 10.7039663], [-61.720136, 10.7039993], [-61.7202044, 10.7040526], [-61.7204565, 10.7043504], [-61.7206214, 10.7044453], [-61.720773, 10.7044611], [-61.720891, 10.7044526], [-61.7209936, 10.7043761], [-61.7210298, 10.7043728], [-61.7210489, 10.7043867], [-61.7210714, 10.7044345], [-61.7210855, 10.7044809], [-61.7211123, 10.7044961], [-61.7211887, 10.7044908], [-61.7212216, 10.7044671], [-61.7212323, 10.704413], [-61.7212062, 10.7042806], [-61.7211686, 10.7040869], [-61.7211297, 10.7039485], [-61.7210774, 10.7038365], [-61.7210063, 10.7037535], [-61.7209198, 10.7036751], [-61.7208997, 10.7036197], [-61.7208937, 10.703569], [-61.7209131, 10.7035268], [-61.7209775, 10.703457], [-61.7210305, 10.7034339], [-61.7211223, 10.7034293], [-61.7211787, 10.7034583], [-61.7211921, 10.7034847], [-61.7211854, 10.7035163], [-61.7211619, 10.7035532], [-61.7211579, 10.7035766], [-61.7211659, 10.7035947], [-61.721185, 10.7036066], [-61.7212497, 10.7036066], [-61.7213309, 10.7036468], [-61.721634, 10.7039696], [-61.7217828, 10.7043122], [-61.721819, 10.7044286], [-61.7218284, 10.7044717], [-61.7218298, 10.7045204], [-61.7218439, 10.7045606], [-61.7218667, 10.7045797], [-61.7219169, 10.7046008], [-61.7219726, 10.7046239], [-61.7221369, 10.7047866], [-61.7222254, 10.7048723], [-61.7222878, 10.7049171], [-61.722389, 10.7049481], [-61.7224936, 10.7049724], [-61.7225895, 10.7050304], [-61.7226385, 10.7051016], [-61.7226445, 10.7051978], [-61.7226324, 10.7052821], [-61.7226478, 10.7053302], [-61.7226934, 10.7053724], [-61.7228222, 10.7054343], [-61.7230421, 10.7055628], [-61.7232916, 10.7056708], [-61.7234954, 10.7056946], [-61.7236993, 10.7056498], [-61.7238173, 10.7056366], [-61.7238347, 10.7056524], [-61.723828, 10.705684], [-61.7237771, 10.705767], [-61.7237757, 10.7058198], [-61.7238387, 10.7059028], [-61.7240158, 10.7061057], [-61.7242169, 10.7062559], [-61.7243148, 10.7063693], [-61.7243819, 10.7064483], [-61.724516, 10.7065208], [-61.7245576, 10.7065537], [-61.7245871, 10.7066157], [-61.7246515, 10.7066434], [-61.7247266, 10.7066354], [-61.7248124, 10.7065986], [-61.7248526, 10.7065986], [-61.7249036, 10.7066275], [-61.7249465, 10.7066882], [-61.7250297, 10.706704], [-61.7251021, 10.7066855], [-61.7251611, 10.7066144], [-61.7252442, 10.7065933], [-61.7253971, 10.7066473], [-61.725542, 10.7067909], [-61.7257136, 10.7068858], [-61.7261884, 10.7070967], [-61.7264083, 10.7071388], [-61.7266557, 10.7072346], [-61.7267986, 10.7072693], [-61.7269126, 10.7072377], [-61.7270239, 10.707181], [-61.727107, 10.7071718], [-61.7272069, 10.7071988], [-61.7273558, 10.7072891], [-61.7274001, 10.7072956], [-61.7274329, 10.7072607], [-61.7274302, 10.7072265], [-61.7273632, 10.7071296], [-61.727268, 10.7070584], [-61.7272056, 10.7069893], [-61.7272022, 10.7069385], [-61.7272257, 10.7068997], [-61.7273337, 10.7068516], [-61.7277293, 10.706841], [-61.7281598, 10.7066486], [-61.7285568, 10.7064404], [-61.7288357, 10.7061373], [-61.7290154, 10.7060056], [-61.7292407, 10.7059344], [-61.7294633, 10.7059107], [-61.7296645, 10.7059608], [-61.72993, 10.7059608], [-61.7301098, 10.705908], [-61.7301393, 10.7058738]]], [[[-61.7274597, 10.7074301], [-61.7274389, 10.7073866], [-61.7273994, 10.7073516], [-61.7273236, 10.7073022], [-61.7272378, 10.7072594], [-61.7271794, 10.7072265], [-61.7271399, 10.7072153], [-61.7271023, 10.7072146], [-61.7270641, 10.7072186], [-61.7270447, 10.7072403], [-61.7270514, 10.7072739], [-61.7270742, 10.7073227], [-61.7271191, 10.7073885], [-61.7271473, 10.7074254], [-61.7271781, 10.7074637], [-61.7272083, 10.7074841], [-61.7272586, 10.7075006], [-61.7273203, 10.7075078], [-61.7273813, 10.7074913], [-61.7274255, 10.7074716], [-61.7274537, 10.7074432], [-61.7274597, 10.7074301]]], [[[-61.720553, 10.6997171], [-61.7205262, 10.6995854], [-61.7204699, 10.6995603], [-61.7203613, 10.6995616], [-61.7203452, 10.6996526], [-61.7203827, 10.6997066], [-61.7203733, 10.6998502], [-61.7204605, 10.6998634], [-61.7204981, 10.6998292], [-61.720553, 10.6997171]]], [[[-61.7132104, 10.6896977], [-61.7131999, 10.6896644], [-61.7132022, 10.6896243], [-61.7131789, 10.6896094], [-61.7131368, 10.6895945], [-61.713124, 10.6895658], [-61.7131042, 10.6895704], [-61.7130586, 10.6895658], [-61.7130353, 10.6895681], [-61.7130154, 10.6896025], [-61.7129874, 10.6896312], [-61.7129465, 10.68963], [-61.7128975, 10.6896564], [-61.712852, 10.6896644], [-61.7128298, 10.6896862], [-61.7128426, 10.6897126], [-61.7128777, 10.6897321], [-61.712908, 10.6897551], [-61.7129489, 10.689762], [-61.7129804, 10.6897677], [-61.7129781, 10.6897918], [-61.7129874, 10.6898056], [-61.7130481, 10.6898079], [-61.7130808, 10.6898136], [-61.713138, 10.6897941], [-61.7131614, 10.6897711], [-61.7131544, 10.6897493], [-61.7131835, 10.6897459], [-61.7132104, 10.6896977]]], [[[-61.7112954, 10.6981108], [-61.7112927, 10.6980277], [-61.7112739, 10.6980211], [-61.7112552, 10.6980251], [-61.7112216, 10.6980462], [-61.7111841, 10.6980712], [-61.7111452, 10.6980791], [-61.7110956, 10.6980936], [-61.7110433, 10.69812], [-61.7109963, 10.6981608], [-61.7109709, 10.6981951], [-61.7109427, 10.6982531], [-61.7108944, 10.6984007], [-61.7108783, 10.6984573], [-61.7108622, 10.6985087], [-61.7108555, 10.6985535], [-61.7108488, 10.6986102], [-61.7108381, 10.6986497], [-61.7108287, 10.6987051], [-61.7108381, 10.6987222], [-61.7108622, 10.6987288], [-61.7109279, 10.6987235], [-61.7110097, 10.6987301], [-61.7110661, 10.698738], [-61.7111278, 10.6987314], [-61.7112069, 10.6986972], [-61.7112525, 10.6986207], [-61.7112605, 10.6985496], [-61.7112391, 10.698489], [-61.7112283, 10.6984428], [-61.7112391, 10.6983651], [-61.7112498, 10.6982728], [-61.7112659, 10.698232], [-61.7112874, 10.6981701], [-61.7112954, 10.6981108]]], [[[-61.7040052, 10.6815351], [-61.7039528, 10.68146], [-61.7038804, 10.6814217], [-61.7037638, 10.6813862], [-61.7036122, 10.681398], [-61.703048, 10.6815589], [-61.7025633, 10.6815942], [-61.7020968, 10.6816207], [-61.701736, 10.6817354], [-61.7014445, 10.6819221], [-61.7011942, 10.6820688], [-61.701044, 10.6823126], [-61.7009944, 10.6824365], [-61.7009568, 10.6825643], [-61.700922, 10.6826645], [-61.700871, 10.6827739], [-61.7007711, 10.6829294], [-61.7007409, 10.6829775], [-61.7006913, 10.6830401], [-61.7006014, 10.6831771], [-61.7004747, 10.6833755], [-61.7003889, 10.6834723], [-61.7000925, 10.6838176], [-61.6999725, 10.6839039], [-61.6998517, 10.6839869], [-61.6997351, 10.6840641], [-61.6994159, 10.6843395], [-61.6993169, 10.6844354], [-61.6989841, 10.6847586], [-61.6987357, 10.6848997], [-61.6986226, 10.684999], [-61.6985411, 10.6850667], [-61.6984313, 10.6852301], [-61.698276, 10.6852646], [-61.6981052, 10.685304], [-61.6978924, 10.6852804], [-61.6978595, 10.6852732], [-61.6976264, 10.6852223], [-61.6974458, 10.6851566], [-61.6972831, 10.6850641], [-61.6972366, 10.6849589], [-61.697183, 10.6846993], [-61.6971561, 10.6845016], [-61.6970408, 10.6842143], [-61.6969308, 10.6838796], [-61.6969013, 10.6832733], [-61.6968128, 10.6829847], [-61.6966599, 10.6827462], [-61.6965178, 10.6824115], [-61.6964453, 10.6821558], [-61.6964534, 10.682024], [-61.6966009, 10.6818184], [-61.6966814, 10.6816445], [-61.6966693, 10.6815917], [-61.6964372, 10.6814031], [-61.6963859, 10.6813849], [-61.6962772, 10.6813747], [-61.6961919, 10.6813934], [-61.6961188, 10.6814646], [-61.6960497, 10.6815356], [-61.6959853, 10.6816207], [-61.6959247, 10.6817057], [-61.6958879, 10.6817524], [-61.6958799, 10.6817624], [-61.6958065, 10.6818667], [-61.6956986, 10.6819736], [-61.6956747, 10.6819946], [-61.6954999, 10.6821578], [-61.6954469, 10.6822098], [-61.6953745, 10.6823304], [-61.6950157, 10.6827673], [-61.6949634, 10.6828925], [-61.6949354, 10.6829336], [-61.694923, 10.682963], [-61.6948903, 10.6830519], [-61.6948555, 10.6831524], [-61.6948221, 10.6832109], [-61.694807, 10.6832372], [-61.6947682, 10.683283], [-61.6947072, 10.6832916], [-61.6946207, 10.6834352], [-61.6945504, 10.6834394], [-61.6945078, 10.6834562], [-61.6944551, 10.6834802], [-61.6942912, 10.6834717], [-61.6942543, 10.6834721], [-61.6941883, 10.6834806], [-61.6940682, 10.683474], [-61.6940131, 10.6834715], [-61.6939727, 10.6834802], [-61.6939009, 10.6834845], [-61.6937821, 10.6834807], [-61.6937279, 10.6834774], [-61.6936973, 10.6834727], [-61.6936129, 10.6834565], [-61.6934815, 10.6834209], [-61.693456, 10.6833709], [-61.6934798, 10.6832694], [-61.6934708, 10.6832575], [-61.6933829, 10.683193], [-61.6932642, 10.6829623], [-61.6932171, 10.6828322], [-61.6931492, 10.6826441], [-61.6931459, 10.6826387], [-61.6931095, 10.6825713], [-61.6930752, 10.6824266], [-61.693055, 10.6823416], [-61.6930711, 10.6822006], [-61.6931342, 10.6820082], [-61.693113, 10.6819397], [-61.6930953, 10.6818408], [-61.6931037, 10.6816902], [-61.6931235, 10.6814846], [-61.6931289, 10.6814425], [-61.6931344, 10.6813988], [-61.6931438, 10.6813309], [-61.6931613, 10.6811846], [-61.6931955, 10.6810643], [-61.6931954, 10.6810167], [-61.6929632, 10.6806251], [-61.6928477, 10.6805785], [-61.692725, 10.6805647], [-61.6925287, 10.6805836], [-61.6924718, 10.680616], [-61.6923877, 10.680692], [-61.6923084, 10.6808174], [-61.6923017, 10.6808276], [-61.6922439, 10.6809189], [-61.6921699, 10.6810356], [-61.6919728, 10.6813697], [-61.6918829, 10.6815147], [-61.6918001, 10.6815542], [-61.6916881, 10.6815825], [-61.6915865, 10.6815852], [-61.6914578, 10.6816076], [-61.6913612, 10.6816168], [-61.6912982, 10.6816062], [-61.6912043, 10.6815153], [-61.6911088, 10.6814323], [-61.6909575, 10.6811516], [-61.6908529, 10.6808366], [-61.6907698, 10.6806535], [-61.690692, 10.6805849], [-61.6905391, 10.6805783], [-61.6903111, 10.68066], [-61.6901199, 10.68074], [-61.6899408, 10.6809524], [-61.6897851, 10.6811193], [-61.6895727, 10.6812979], [-61.6894302, 10.6813781], [-61.6892912, 10.6814455], [-61.6891498, 10.6814682], [-61.6891195, 10.681482], [-61.6890985, 10.6814887], [-61.6888963, 10.6815331], [-61.6887716, 10.6815515], [-61.6886562, 10.6815456], [-61.6884663, 10.6815125], [-61.6883234, 10.6814358], [-61.6880822, 10.6812649], [-61.6879129, 10.6811645], [-61.6875625, 10.6809732], [-61.6871236, 10.680615], [-61.6869219, 10.680389], [-61.6867813, 10.6802449], [-61.6867022, 10.6801447], [-61.6866513, 10.6800222], [-61.6866124, 10.6798746], [-61.6864531, 10.6797705], [-61.6861291, 10.6798074], [-61.6857997, 10.6798432], [-61.6854424, 10.679846], [-61.6847488, 10.6799438], [-61.6840139, 10.6801183], [-61.68351, 10.6803189], [-61.6832226, 10.6804329], [-61.6831689, 10.6805159], [-61.6831723, 10.680661], [-61.6831509, 10.6807574], [-61.6831242, 10.6809592], [-61.6831671, 10.6810659], [-61.6832516, 10.6811344], [-61.6833361, 10.6810277], [-61.6834075, 10.6810475], [-61.6836432, 10.681141], [-61.6841635, 10.681315], [-61.6850195, 10.6815367], [-61.6857567, 10.6820346], [-61.6859901, 10.682169], [-61.6862288, 10.6821927], [-61.6864112, 10.6822665], [-61.6867753, 10.6826131], [-61.6870805, 10.6829181], [-61.6877684, 10.683334], [-61.6880438, 10.6835747], [-61.68815, 10.6837694], [-61.6881712, 10.6840581], [-61.6881323, 10.6842598], [-61.6881037, 10.6844304], [-61.6881045, 10.6846263], [-61.6881459, 10.6847918], [-61.6882562, 10.6849345], [-61.6882986, 10.6850562], [-61.6882703, 10.685331], [-61.6882526, 10.6854875], [-61.6882458, 10.6856059], [-61.6883765, 10.6857518], [-61.688465, 10.6858422], [-61.6884791, 10.6859918], [-61.6883907, 10.6861832], [-61.6884068, 10.6862754], [-61.6884791, 10.6864787], [-61.6885006, 10.6867577], [-61.6885853, 10.687049], [-61.6886866, 10.6873306], [-61.6888237, 10.6874383], [-61.6889169, 10.6875508], [-61.6889378, 10.6876736], [-61.6889003, 10.6878081], [-61.688616, 10.6882746], [-61.6885073, 10.6883616], [-61.6884014, 10.6884261], [-61.6882881, 10.6884657], [-61.6882706, 10.6884765], [-61.6882217, 10.6885236], [-61.6881761, 10.688577], [-61.6881332, 10.6886357], [-61.6880948, 10.6886857], [-61.6880434, 10.6887063], [-61.6876933, 10.6886409], [-61.6873996, 10.6884749], [-61.6871862, 10.6883526], [-61.6869651, 10.6882311], [-61.6867894, 10.6880822], [-61.6866553, 10.6879543], [-61.6865712, 10.6879113], [-61.686616, 10.687785], [-61.6866162, 10.687758], [-61.6866124, 10.6877354], [-61.686593, 10.6877267], [-61.6865594, 10.6877336], [-61.6865312, 10.6877764], [-61.6865078, 10.68781], [-61.6864863, 10.6878403], [-61.6864605, 10.6878857], [-61.6860831, 10.6879115], [-61.6859822, 10.6878932], [-61.6858908, 10.6877902], [-61.6858479, 10.6877119], [-61.6858051, 10.6873782], [-61.6857997, 10.6870727], [-61.6857313, 10.6867946], [-61.6856692, 10.6867321], [-61.6855194, 10.6866721], [-61.6854751, 10.6866115], [-61.6854523, 10.6864678], [-61.6854238, 10.686369], [-61.6854109, 10.6863177], [-61.6854044, 10.6862948], [-61.6853642, 10.6862743], [-61.6853519, 10.6862433], [-61.6852585, 10.6861516], [-61.6852073, 10.6861374], [-61.6851415, 10.6861232], [-61.6850958, 10.6861283], [-61.6850912, 10.6861396], [-61.6850127, 10.6861477], [-61.684945, 10.686147], [-61.684882, 10.6861189], [-61.6848854, 10.6861114], [-61.6848383, 10.6860818], [-61.6848242, 10.6860831], [-61.6847785, 10.6860579], [-61.6847377, 10.6860353], [-61.6847176, 10.6860082], [-61.6846986, 10.6859683], [-61.6846929, 10.685944], [-61.6846927, 10.6859319], [-61.6846937, 10.6859213], [-61.6846932, 10.6858881], [-61.6846812, 10.685859], [-61.6845182, 10.6857829], [-61.6845179, 10.68577], [-61.6845276, 10.6857374], [-61.6844693, 10.685712], [-61.6844735, 10.6856939], [-61.6844143, 10.6856476], [-61.6843986, 10.6856676], [-61.6843034, 10.6857895], [-61.6842913, 10.6858018], [-61.6842071, 10.6858187], [-61.6840752, 10.6857997], [-61.6840497, 10.6857757], [-61.6840003, 10.6857294], [-61.6839901, 10.6856434], [-61.6839228, 10.6856447], [-61.6837921, 10.6856472], [-61.6837606, 10.6856478], [-61.6837232, 10.6856485], [-61.6837149, 10.6856487], [-61.6836716, 10.6856947], [-61.6835349, 10.6857553], [-61.6834252, 10.6857901], [-61.6833647, 10.6858181], [-61.6833296, 10.6858631], [-61.6833793, 10.6859973], [-61.6833103, 10.6861808], [-61.6832023, 10.6864787], [-61.6831888, 10.6866835], [-61.6831928, 10.6868808], [-61.6830787, 10.6871902], [-61.6830346, 10.6873597], [-61.6827044, 10.6874793], [-61.6823943, 10.6876012], [-61.6822845, 10.6876399], [-61.682259, 10.6876453], [-61.6817727, 10.6877564], [-61.6810361, 10.6871874], [-61.6806901, 10.6866339], [-61.6805613, 10.6861542], [-61.6801643, 10.6851921], [-61.6798505, 10.684607], [-61.6795796, 10.6842459], [-61.6793302, 10.6843329], [-61.6794995, 10.6846787], [-61.6794845, 10.6848803], [-61.6794063, 10.6850212], [-61.679185, 10.6854204], [-61.6791491, 10.6854712], [-61.6790766, 10.6855932], [-61.6790618, 10.6856202], [-61.6790039, 10.6857195], [-61.6789907, 10.6857423], [-61.6789721, 10.6857746], [-61.6788769, 10.6859697], [-61.678842, 10.6860955], [-61.6790003, 10.6862919], [-61.6789731, 10.6863293], [-61.6789558, 10.6863531], [-61.67895, 10.6863611], [-61.6789855, 10.6864138], [-61.6788172, 10.6865258], [-61.6787964, 10.686535], [-61.678282, 10.686776], [-61.6782479, 10.6867907], [-61.6780481, 10.6868394], [-61.6776952, 10.6868334], [-61.6773688, 10.6868052], [-61.6772551, 10.686789], [-61.6772404, 10.6867683], [-61.6772367, 10.686734], [-61.6772498, 10.6866797], [-61.6772501, 10.6866645], [-61.6772417, 10.6866493], [-61.677171, 10.6866003], [-61.6771418, 10.6865986], [-61.6771046, 10.6866213], [-61.6770728, 10.6866615], [-61.6770412, 10.6866777], [-61.6769973, 10.6866721], [-61.676773, 10.686556], [-61.6766406, 10.686481], [-61.67642, 10.6863512], [-61.6764699, 10.6862798], [-61.6763154, 10.6861865], [-61.6761169, 10.686025], [-61.6760284, 10.685967], [-61.6760136, 10.6860711], [-61.6759727, 10.6861726], [-61.675907, 10.6861502], [-61.6758953, 10.6861776], [-61.6758332, 10.6863433], [-61.6758078, 10.6864141], [-61.675791, 10.6864632], [-61.6758007, 10.6864666], [-61.6758356, 10.6864767], [-61.6758353, 10.686593], [-61.6758715, 10.686597], [-61.6758943, 10.6867597], [-61.6760123, 10.6871623], [-61.676141, 10.6875853], [-61.6763326, 10.6880333], [-61.6764911, 10.6882759], [-61.6765122, 10.6883964], [-61.6765228, 10.6884569], [-61.6765628, 10.6887142], [-61.6765461, 10.6889261], [-61.6766995, 10.6893442], [-61.6767789, 10.6895196], [-61.6770113, 10.6897152], [-61.6771935, 10.6897905], [-61.6774124, 10.6898797], [-61.6775076, 10.6899851], [-61.677522, 10.6900711], [-61.6775126, 10.6902347], [-61.677513, 10.6902645], [-61.6774714, 10.6903936], [-61.6774553, 10.690594], [-61.6775264, 10.6907284], [-61.6776578, 10.6908009], [-61.6776351, 10.6910938], [-61.6776333, 10.6911171], [-61.6776297, 10.69127], [-61.677627, 10.6914729], [-61.6776203, 10.691527], [-61.6776055, 10.6915639], [-61.6775478, 10.691585], [-61.6774808, 10.6915889], [-61.6774513, 10.691614], [-61.6774258, 10.6917181], [-61.6774473, 10.6917695], [-61.6775492, 10.6918143], [-61.6775894, 10.6918709], [-61.6776023, 10.692188], [-61.6776032, 10.6922063], [-61.6776095, 10.6923388], [-61.6776236, 10.6924442], [-61.6776533, 10.6925391], [-61.6776954, 10.692601], [-61.6779313, 10.6927884], [-61.6779507, 10.692802], [-61.6780937, 10.6928975], [-61.6781661, 10.6929871], [-61.6781956, 10.693057], [-61.6782613, 10.6931044], [-61.6783579, 10.6931281], [-61.6784786, 10.6931795], [-61.6785671, 10.6932579], [-61.6785899, 10.6932744], [-61.6786348, 10.6933001], [-61.6786844, 10.6933087], [-61.6787602, 10.69331], [-61.6788143, 10.6935807], [-61.6788227, 10.6936244], [-61.6788706, 10.6938717], [-61.6788708, 10.6938987], [-61.6788632, 10.6939525], [-61.6788598, 10.6939748], [-61.678846, 10.6940262], [-61.6788239, 10.6940829], [-61.6787849, 10.6941507], [-61.6787743, 10.6941675], [-61.6787515, 10.6942015], [-61.6787394, 10.6942423], [-61.6787441, 10.694324], [-61.6787676, 10.6943945], [-61.6787615, 10.6944064], [-61.6784611, 10.6946318], [-61.6784491, 10.6946304], [-61.6783659, 10.694749], [-61.6783418, 10.6948255], [-61.6783699, 10.6949045], [-61.6785496, 10.6950719], [-61.6789283, 10.6953554], [-61.6789659, 10.6953874], [-61.679129, 10.6955371], [-61.679184, 10.6956333], [-61.6792148, 10.6957901], [-61.6792779, 10.6959469], [-61.6793302, 10.696055], [-61.6793469, 10.6960807], [-61.6793798, 10.6961538], [-61.6794401, 10.6962158], [-61.6795206, 10.6962902], [-61.6795474, 10.6963087], [-61.6797271, 10.6964042], [-61.6798116, 10.6965057], [-61.6798311, 10.6965333], [-61.6798673, 10.6966019], [-61.6797955, 10.6966407], [-61.6798217, 10.6966882], [-61.6799156, 10.6966447], [-61.6799431, 10.6966981], [-61.6799511, 10.6968219], [-61.6799044, 10.6969626], [-61.6798999, 10.6969854], [-61.6798331, 10.6972054], [-61.6797969, 10.6972845], [-61.6796976, 10.6974084], [-61.6796373, 10.6975032], [-61.6796205, 10.697556], [-61.6796162, 10.6975896], [-61.6796085, 10.6976041], [-61.6795219, 10.6976713], [-61.6794643, 10.6977905], [-61.6794676, 10.6979137], [-61.67947, 10.6979345], [-61.6795576, 10.6981271], [-61.6795752, 10.6982176], [-61.6795833, 10.6982756], [-61.6795848, 10.6982924], [-61.6796064, 10.6984468], [-61.6796011, 10.6985661], [-61.6796031, 10.6986438], [-61.6796286, 10.6987736], [-61.6794951, 10.6987644], [-61.6794956, 10.6987874], [-61.6794971, 10.6988652], [-61.6796326, 10.6988968], [-61.6796286, 10.6990688], [-61.6794723, 10.6990134], [-61.6794702, 10.6990236], [-61.6794662, 10.699043], [-61.6794509, 10.6991175], [-61.6795984, 10.6991795], [-61.6794985, 10.6994707], [-61.679476, 10.6994938], [-61.679418, 10.699559], [-61.6793939, 10.6995946], [-61.679365, 10.699642], [-61.6794502, 10.6997435], [-61.6794284, 10.6997747], [-61.6794559, 10.6998031], [-61.6794487, 10.699815], [-61.6794167, 10.699868], [-61.6793818, 10.6998977], [-61.6793751, 10.6999135], [-61.6793778, 10.6999366], [-61.6793905, 10.6999721], [-61.6793852, 10.6999926], [-61.6793375, 10.7000334], [-61.6792926, 10.7000519], [-61.6792262, 10.7000736], [-61.6791954, 10.7000729], [-61.6791619, 10.7000578], [-61.6791417, 10.7000545], [-61.6791309, 10.7000566], [-61.6791109, 10.7000604], [-61.679064, 10.700067], [-61.6789865, 10.7000654], [-61.6789696, 10.7000656], [-61.67896, 10.7000657], [-61.6789026, 10.7000649], [-61.678842, 10.7000637], [-61.6787803, 10.7000387], [-61.6786489, 10.6998674], [-61.6786274, 10.6998068], [-61.6786117, 10.6997764], [-61.6785661, 10.6997386], [-61.6785141, 10.6997138], [-61.6784558, 10.6996743], [-61.6784222, 10.699613], [-61.6783968, 10.6995353], [-61.6783547, 10.69947], [-61.6783237, 10.6994221], [-61.6783093, 10.6994001], [-61.6781732, 10.6991901], [-61.6781232, 10.6990589], [-61.6781158, 10.6990302], [-61.6781225, 10.6990197], [-61.6781728, 10.6990019], [-61.6781812, 10.6989871], [-61.6781822, 10.6989756], [-61.6781218, 10.698829], [-61.6780762, 10.6987262], [-61.6779562, 10.6984962], [-61.6779361, 10.6984547], [-61.677918, 10.6984066], [-61.6778965, 10.698373], [-61.6778449, 10.6983302], [-61.6777856, 10.6982247], [-61.6777778, 10.6982155], [-61.6777658, 10.6982083], [-61.6776579, 10.6982121], [-61.6776409, 10.6982127], [-61.6776153, 10.6982395], [-61.6774929, 10.6983321], [-61.6774607, 10.6983414], [-61.6774338, 10.6983433], [-61.6773849, 10.6983295], [-61.6773587, 10.6983328], [-61.6773473, 10.6983513], [-61.677352, 10.6983947], [-61.6773353, 10.6984376], [-61.6772877, 10.6984942], [-61.6772494, 10.6985226], [-61.6772246, 10.6985318], [-61.6771405, 10.6985527], [-61.6771165, 10.6985556], [-61.6770168, 10.6985786], [-61.6769014, 10.6985878], [-61.6768156, 10.6986075], [-61.6767522, 10.6986003], [-61.6767308, 10.6985941], [-61.6765682, 10.6985693], [-61.6765769, 10.6983081], [-61.6765611, 10.6982962], [-61.6765239, 10.6982775], [-61.6765303, 10.6981537], [-61.6765112, 10.6980686], [-61.6764785, 10.6979943], [-61.6764127, 10.6979346], [-61.6762976, 10.6979184], [-61.6762088, 10.6979224], [-61.6761816, 10.6979236], [-61.6759975, 10.6978162], [-61.6759754, 10.6978063], [-61.6757937, 10.6977167], [-61.6756918, 10.6975948], [-61.6755992, 10.6971804], [-61.6755818, 10.6971448], [-61.6754369, 10.6967903], [-61.6753159, 10.6963733], [-61.6752442, 10.6961346], [-61.6751334, 10.695855], [-61.675044, 10.6958349], [-61.6749748, 10.6958896], [-61.6749943, 10.6960563], [-61.6748899, 10.6963607], [-61.6748938, 10.696706], [-61.6749179, 10.6969906], [-61.6748938, 10.6971685], [-61.6747087, 10.697494], [-61.6745424, 10.6977813], [-61.6744527, 10.6978328], [-61.6743753, 10.6978656], [-61.6743367, 10.6979466], [-61.6743273, 10.6980735], [-61.6744016, 10.6982109], [-61.6744056, 10.6983796], [-61.6744754, 10.6984811], [-61.6746001, 10.6985707], [-61.6746685, 10.6986563], [-61.6747047, 10.6987855], [-61.6747154, 10.6989713], [-61.6748214, 10.699049], [-61.6748576, 10.6991676], [-61.6746846, 10.6992124], [-61.6746444, 10.6992889], [-61.6746672, 10.6994035], [-61.6749483, 10.6995237], [-61.6750909, 10.6995471], [-61.6751406, 10.6996064], [-61.6751513, 10.6996934], [-61.6751003, 10.6997699], [-61.6749904, 10.6998384], [-61.6748281, 10.6999478], [-61.6748469, 10.7000123], [-61.6749595, 10.700015], [-61.6750842, 10.7000611], [-61.6751164, 10.7001059], [-61.6751178, 10.7001665], [-61.6749823, 10.7002456], [-61.6749622, 10.7004485], [-61.6751715, 10.7005719], [-61.6754182, 10.7006844], [-61.6757079, 10.7007703], [-61.6758681, 10.7009614], [-61.6759747, 10.7011245], [-61.6762604, 10.7013907], [-61.6765863, 10.7015739], [-61.6765809, 10.7017307], [-61.6765353, 10.7021998], [-61.6764602, 10.7026571], [-61.6765943, 10.7028983], [-61.6766801, 10.7030577], [-61.6768022, 10.7032158], [-61.6769591, 10.7033542], [-61.6771281, 10.7035756], [-61.6771616, 10.7037377], [-61.6771013, 10.7039498], [-61.6770355, 10.7040619], [-61.6770074, 10.7041844], [-61.6770302, 10.7042477], [-61.6771308, 10.7044572], [-61.6775854, 10.7045626], [-61.6778053, 10.7045995], [-61.6778657, 10.7046476], [-61.6778845, 10.7046983], [-61.6778804, 10.7047181], [-61.6778536, 10.7047458], [-61.6775881, 10.7048156], [-61.6775653, 10.7048526], [-61.6775666, 10.7048986], [-61.6779327, 10.7050647], [-61.6779971, 10.7051372], [-61.6780011, 10.7052044], [-61.6779247, 10.7053572], [-61.677808, 10.7054554], [-61.6777115, 10.7054785], [-61.6775653, 10.7054633], [-61.6774868, 10.7054574], [-61.6774271, 10.7054725], [-61.6773574, 10.70552], [-61.6773359, 10.7055536], [-61.6773386, 10.7055977], [-61.6773587, 10.7056913], [-61.67746, 10.7058731], [-61.677568, 10.7059245], [-61.6776779, 10.7059555], [-61.6778402, 10.7059449], [-61.6779596, 10.7059212], [-61.6780192, 10.7059225], [-61.6780648, 10.7059403], [-61.678209, 10.7060016], [-61.6784276, 10.7060477], [-61.678606, 10.706055], [-61.6786962, 10.7060316], [-61.6787823, 10.7059693], [-61.6788466, 10.7058601], [-61.6788464, 10.7058158], [-61.6788233, 10.7057936], [-61.6787548, 10.7057684], [-61.678726, 10.7057473], [-61.6787186, 10.7057282], [-61.6787186, 10.705686], [-61.6787394, 10.7056056], [-61.6788165, 10.7053322], [-61.6790821, 10.7049882], [-61.6791853, 10.704983], [-61.6792591, 10.7050304], [-61.6793396, 10.7051424], [-61.6793811, 10.705153], [-61.679424, 10.7051464], [-61.6797996, 10.7050093], [-61.679815, 10.7049658], [-61.6797915, 10.7049362], [-61.6795836, 10.7048868], [-61.6795354, 10.7048301], [-61.679534, 10.7047471], [-61.6796346, 10.7042767], [-61.6796534, 10.7041396], [-61.6796896, 10.7039775], [-61.6797298, 10.7038998], [-61.6798089, 10.7038655], [-61.6801067, 10.7039696], [-61.6801751, 10.7039103], [-61.6801764, 10.7038444], [-61.6798787, 10.7036897], [-61.6798086, 10.7035887], [-61.6797573, 10.703279], [-61.6797768, 10.7032462], [-61.6797996, 10.7032251], [-61.6798478, 10.7032093], [-61.6799371, 10.7031964], [-61.6800115, 10.7031697], [-61.6800458, 10.7031517], [-61.6800597, 10.7031236], [-61.6800919, 10.703001], [-61.6800825, 10.7029707], [-61.6800597, 10.7029681], [-61.6799887, 10.7029826], [-61.6799685, 10.7029707], [-61.6799578, 10.7029483], [-61.6799591, 10.7028469], [-61.6799726, 10.70281], [-61.680045, 10.7027665], [-61.6800544, 10.702719], [-61.6800383, 10.7026742], [-61.6799095, 10.7025622], [-61.6799028, 10.7025411], [-61.6799015, 10.702499], [-61.6799364, 10.7024397], [-61.6799994, 10.7023843], [-61.6801281, 10.7023303], [-61.6802797, 10.7022934], [-61.6804004, 10.7022776], [-61.6806847, 10.7022868], [-61.6808282, 10.7023119], [-61.6809087, 10.7023514], [-61.6809449, 10.7023896], [-61.6809885, 10.7024607], [-61.681028, 10.702553], [-61.6810407, 10.7025952], [-61.6810387, 10.7026406], [-61.68102, 10.7027158], [-61.6809905, 10.702783], [-61.6809697, 10.7028087], [-61.6809395, 10.702833], [-61.6808926, 10.7028594], [-61.6808684, 10.7029075], [-61.6808624, 10.7029457], [-61.6808704, 10.7029879], [-61.6808924, 10.7030258], [-61.6809428, 10.7030564], [-61.6809864, 10.7030992], [-61.6809911, 10.7031236], [-61.6809871, 10.7031579], [-61.6809475, 10.7031941], [-61.6808342, 10.7032903], [-61.6808356, 10.7033641], [-61.680878, 10.7034341], [-61.6812922, 10.7035031], [-61.6816444, 10.7035174], [-61.6817442, 10.7034596], [-61.6817871, 10.7033529], [-61.681748, 10.7029134], [-61.6817281, 10.7027823], [-61.6816959, 10.702669], [-61.6817361, 10.7025609], [-61.68183, 10.7024924], [-61.6819158, 10.7024674], [-61.6819775, 10.7024581], [-61.6820365, 10.7024752], [-61.6820794, 10.7025214], [-61.6821411, 10.7025939], [-61.682184, 10.7026413], [-61.6822203, 10.702698], [-61.6822565, 10.7027744], [-61.6822819, 10.702868], [-61.6823141, 10.7029734], [-61.6823275, 10.7030353], [-61.6823637, 10.7031038], [-61.6824214, 10.7031631], [-61.6824831, 10.703204], [-61.6825937, 10.7032863], [-61.6826447, 10.7033022], [-61.6826903, 10.7032949], [-61.6827205, 10.7032659], [-61.6827446, 10.7032356], [-61.6827647, 10.7031882], [-61.6828258, 10.7031526], [-61.6828868, 10.7031473], [-61.683045, 10.7031671], [-61.6830893, 10.7031513], [-61.6831121, 10.7031157], [-61.6831255, 10.7030538], [-61.6831376, 10.7029114], [-61.6831725, 10.7028153], [-61.683214, 10.7027586], [-61.6833428, 10.7027046], [-61.6834152, 10.7026953], [-61.6834641, 10.7027138], [-61.6835057, 10.7027553], [-61.6835439, 10.7027948], [-61.6835754, 10.7028264], [-61.6836123, 10.7028805], [-61.683623, 10.7028963], [-61.6836311, 10.7029016], [-61.6836432, 10.7029016], [-61.6836606, 10.7028956], [-61.6836847, 10.7028943], [-61.6837015, 10.7028996], [-61.6837189, 10.7029121], [-61.6837323, 10.7029431], [-61.6837585, 10.7029958], [-61.6837719, 10.7030459], [-61.6837639, 10.7030946], [-61.6837397, 10.7031381], [-61.6837062, 10.7031882], [-61.6836901, 10.7032435], [-61.6836807, 10.7033279], [-61.6837049, 10.7034702], [-61.6837665, 10.7035545], [-61.6838309, 10.7036125], [-61.6838859, 10.7036718], [-61.6839275, 10.7037126], [-61.6839784, 10.7037403], [-61.6840066, 10.7037548], [-61.6840281, 10.7037614], [-61.684067, 10.7037522], [-61.6840951, 10.7037456], [-61.6841555, 10.703735], [-61.6842681, 10.7037311], [-61.6843486, 10.7037271], [-61.6844465, 10.7037271], [-61.6845725, 10.7037535], [-61.6846758, 10.7037878], [-61.6848341, 10.703822], [-61.6849682, 10.7038484], [-61.6850956, 10.7038708], [-61.6853718, 10.7039518], [-61.6856039, 10.7040256], [-61.6857507, 10.7040586], [-61.6858546, 10.7040605], [-61.6860913, 10.7040335], [-61.6863207, 10.7039887], [-61.6864005, 10.7039736], [-61.6864622, 10.7039452], [-61.6865232, 10.7038925], [-61.6866311, 10.7037943], [-61.6867813, 10.7037103], [-61.6869228, 10.7036454], [-61.6870067, 10.7036283], [-61.6871709, 10.7036652], [-61.6873292, 10.7036935], [-61.6875458, 10.7037166], [-61.6876926, 10.7037403], [-61.6878334, 10.7037495], [-61.6879448, 10.70377], [-61.6879924, 10.7037575], [-61.6880246, 10.7037324], [-61.6880655, 10.7036626], [-61.6880782, 10.7035993], [-61.6880802, 10.7035736], [-61.6880547, 10.7035436], [-61.6880095, 10.7035308], [-61.6879632, 10.703512], [-61.6879253, 10.7034847], [-61.6878928, 10.7034412], [-61.6878764, 10.7034003], [-61.687868, 10.7033242], [-61.6878713, 10.7032145], [-61.6879213, 10.7031193], [-61.6880484, 10.7030244], [-61.6881794, 10.7029931], [-61.6883317, 10.7030017], [-61.6884232, 10.7030916], [-61.6884644, 10.7031025], [-61.6885114, 10.7030972], [-61.6886052, 10.7030636], [-61.6887102, 10.7030073], [-61.6889057, 10.7028528], [-61.6891008, 10.7027105], [-61.6892644, 10.7025484], [-61.6894019, 10.702356], [-61.6894615, 10.7022361], [-61.6894475, 10.7021735], [-61.6893998, 10.7021437], [-61.6893087, 10.7021399], [-61.6890726, 10.7021781], [-61.6890136, 10.7021643], [-61.6890096, 10.7021069], [-61.6890907, 10.7019455], [-61.6891658, 10.7017044], [-61.6891833, 10.7014737], [-61.689194, 10.7012458], [-61.6892651, 10.70106], [-61.6893724, 10.7008636], [-61.6895474, 10.7007325], [-61.6897076, 10.7006366], [-61.6898153, 10.7006126], [-61.6899128, 10.7006745], [-61.689992, 10.7008689], [-61.6900355, 10.7010152], [-61.6901348, 10.7010639], [-61.6901918, 10.7010494], [-61.6902474, 10.7010033], [-61.6903406, 10.7008531], [-61.6903675, 10.7007753], [-61.6904144, 10.7007391], [-61.6904727, 10.7007332], [-61.6905324, 10.7007476], [-61.6906511, 10.7007654], [-61.690812, 10.7007813], [-61.6910005, 10.7007786], [-61.6912325, 10.7007648], [-61.6913445, 10.7007483], [-61.691445, 10.7007292], [-61.6915087, 10.700743], [-61.6915745, 10.7007872], [-61.6917756, 10.7009506], [-61.691891, 10.7010112], [-61.6920036, 10.701085], [-61.6920853, 10.7011593], [-61.6922262, 10.7012537], [-61.6924462, 10.7013301], [-61.6927198, 10.7013749], [-61.6928566, 10.7013565], [-61.6929102, 10.7013591], [-61.6929983, 10.7013834], [-61.6931114, 10.701483], [-61.6932026, 10.7014803], [-61.6933206, 10.7014039], [-61.6935432, 10.7013064], [-61.6936666, 10.7012405], [-61.6937685, 10.7011904], [-61.6938221, 10.7011324], [-61.6938812, 10.7011008], [-61.6939724, 10.7010507], [-61.6940931, 10.7010007], [-61.6941735, 10.7009295], [-61.6941842, 10.7009005], [-61.6941682, 10.7008373], [-61.6941065, 10.7007397], [-61.6939911, 10.700658], [-61.6938329, 10.7005632], [-61.6938034, 10.7005131], [-61.6938007, 10.7004709], [-61.6938651, 10.7003444], [-61.693916, 10.7002917], [-61.6939724, 10.7002311], [-61.6940153, 10.700181], [-61.6940582, 10.7001309], [-61.6941521, 10.6999227], [-61.6942218, 10.6998199], [-61.6943023, 10.699617], [-61.6943237, 10.6995775], [-61.6943666, 10.699501], [-61.6944578, 10.6994167], [-61.6945329, 10.6993323], [-61.6946188, 10.6991637], [-61.6946778, 10.6990082], [-61.6946778, 10.6989159], [-61.6946295, 10.6987789], [-61.6945732, 10.698626], [-61.6945195, 10.6985048], [-61.6944122, 10.6983387], [-61.6943425, 10.6982728], [-61.6942674, 10.6981727], [-61.6942728, 10.698062], [-61.6943237, 10.6979803], [-61.6943666, 10.6979592], [-61.694659, 10.6981173], [-61.6948226, 10.6982043], [-61.6949594, 10.6983256], [-61.6949916, 10.6984468], [-61.6950479, 10.6985232], [-61.6951364, 10.6985628], [-61.695241, 10.6985654], [-61.6954073, 10.6985575], [-61.6954958, 10.6985232], [-61.6956005, 10.6984863], [-61.6956541, 10.6984257], [-61.69563, 10.698276], [-61.6954771, 10.6979777], [-61.6952826, 10.6977325], [-61.695127, 10.6976008], [-61.6950627, 10.6974782], [-61.6951217, 10.6972898], [-61.6952679, 10.6972067], [-61.6957453, 10.6972647], [-61.6958794, 10.6973517], [-61.695929, 10.6974716], [-61.6959746, 10.697581], [-61.6960712, 10.6976429], [-61.6962053, 10.6976456], [-61.696448, 10.6975942], [-61.6965325, 10.6975507], [-61.69655, 10.6974874], [-61.6965272, 10.6974242], [-61.6960417, 10.6971909], [-61.6960068, 10.6971013], [-61.6960162, 10.6969906], [-61.6962066, 10.696789], [-61.6962093, 10.6967113], [-61.6961852, 10.6966783], [-61.696045, 10.6965819], [-61.6955857, 10.6962869], [-61.6955857, 10.6961828], [-61.6956353, 10.6960985], [-61.6959813, 10.6960181], [-61.6961302, 10.6959944], [-61.6961852, 10.69591], [-61.6961584, 10.6958389], [-61.6960363, 10.6957822], [-61.6959022, 10.695744], [-61.6958566, 10.6956662], [-61.6958834, 10.6955924], [-61.6959646, 10.6955186], [-61.6959867, 10.6954422], [-61.6959572, 10.6953513], [-61.6958834, 10.6952195], [-61.6958982, 10.6950983], [-61.6960081, 10.6949401], [-61.6961516, 10.6948545], [-61.6964158, 10.6948413], [-61.6967779, 10.6947504], [-61.6968048, 10.694699], [-61.69679, 10.6946463], [-61.6966398, 10.6945553], [-61.696562, 10.694301], [-61.6965567, 10.6939557], [-61.6966048, 10.6936099], [-61.6966935, 10.6934312], [-61.6967069, 10.6932599], [-61.6966479, 10.6931624], [-61.6964739, 10.6930678], [-61.6964414, 10.6930268], [-61.6965151, 10.6928369], [-61.6965057, 10.6927328], [-61.6964065, 10.6925569], [-61.6963635, 10.6923987], [-61.6963986, 10.6923257], [-61.6964769, 10.69229], [-61.6968396, 10.6921846], [-61.6968597, 10.692145], [-61.6968302, 10.6920897], [-61.6966264, 10.692008], [-61.6963817, 10.6919346], [-61.6962006, 10.6919124], [-61.6961382, 10.6919039], [-61.696047, 10.6918215], [-61.6960218, 10.6917237], [-61.6960269, 10.6916311], [-61.6960236, 10.6915593], [-61.6960269, 10.6914393], [-61.6960377, 10.6913988], [-61.6960672, 10.6913711], [-61.6961605, 10.6913529], [-61.6963133, 10.6913393], [-61.6964561, 10.6913003], [-61.6964775, 10.6912463], [-61.6964478, 10.691195], [-61.6963207, 10.691168], [-61.6962643, 10.6911066], [-61.6962442, 10.6910433], [-61.6962342, 10.6907215], [-61.6962116, 10.6906036], [-61.6961767, 10.6905115], [-61.6961382, 10.6904273], [-61.6960718, 10.6902981], [-61.6960161, 10.6902379], [-61.6958472, 10.6901288], [-61.6957976, 10.6900484], [-61.695807, 10.689798], [-61.6958445, 10.6897229], [-61.6959237, 10.6896478], [-61.6968497, 10.6891812], [-61.696896, 10.689114], [-61.6969003, 10.6890465], [-61.6968658, 10.6889737], [-61.6968675, 10.6889338], [-61.6968882, 10.6888956], [-61.696959, 10.6888623], [-61.6970267, 10.6888287], [-61.6970944, 10.6887767], [-61.6971944, 10.6886594], [-61.6972245, 10.6885645], [-61.6972326, 10.6884914], [-61.6972477, 10.688469], [-61.6972849, 10.6884545], [-61.6973694, 10.6884393], [-61.6974834, 10.6883985], [-61.6975739, 10.6883312], [-61.6976664, 10.6881698], [-61.6977274, 10.6880308], [-61.69782, 10.6879214], [-61.6979206, 10.6878858], [-61.6981083, 10.6878911], [-61.6982089, 10.6878845], [-61.6983148, 10.687841], [-61.6985858, 10.6877119], [-61.6986716, 10.6876671], [-61.6987547, 10.6875965], [-61.6987702, 10.687528], [-61.6987527, 10.6874325], [-61.6986153, 10.6872691], [-61.6985375, 10.6870661], [-61.6984838, 10.686937], [-61.6984463, 10.6868025], [-61.6984582, 10.6867425], [-61.6985133, 10.6867156], [-61.6986609, 10.6866971], [-61.6988111, 10.6866339], [-61.6988754, 10.6865205], [-61.6989023, 10.6864046], [-61.698972, 10.6862965], [-61.6990471, 10.6862069], [-61.699149, 10.6861753], [-61.6993341, 10.6861832], [-61.6999027, 10.6861067], [-61.700002, 10.6860487], [-61.7000583, 10.6859749], [-61.7001414, 10.6857878], [-61.7001388, 10.6856797], [-61.7000824, 10.6855743], [-61.7000596, 10.6855269], [-61.7000181, 10.6853661], [-61.7000435, 10.6852699], [-61.7003748, 10.6850735], [-61.7008898, 10.6848574], [-61.7012545, 10.684665], [-61.7014638, 10.6844383], [-61.701685, 10.6840904], [-61.7019492, 10.6837122], [-61.7023382, 10.6833063], [-61.7025916, 10.6830071], [-61.7027311, 10.6828029], [-61.7029122, 10.6825762], [-61.7029899, 10.6824892], [-61.7030074, 10.6824174], [-61.7029906, 10.6823449], [-61.7029564, 10.6822737], [-61.702937, 10.6822065], [-61.702947, 10.682136], [-61.7031643, 10.6818659], [-61.7033574, 10.6817314], [-61.7039596, 10.6816379], [-61.7040052, 10.6815931], [-61.7040052, 10.6815351]]], [[[-61.6973881, 10.6936342], [-61.6973613, 10.6935815], [-61.6972996, 10.6934958], [-61.6972299, 10.6934905], [-61.6971467, 10.6935103], [-61.6970783, 10.6935696], [-61.697018, 10.6936632], [-61.6970354, 10.6937238], [-61.6970891, 10.6937752], [-61.6971427, 10.6937831], [-61.6972125, 10.693791], [-61.6972741, 10.6937422], [-61.6973399, 10.6937291], [-61.6973828, 10.6936922], [-61.6973881, 10.6936342]]], [[[-61.6814518, 10.703767], [-61.6814511, 10.7037433], [-61.6814354, 10.7037196], [-61.6814045, 10.7037153], [-61.6813494, 10.7037141], [-61.6812935, 10.7037209], [-61.6812553, 10.7037311], [-61.6811742, 10.7037476], [-61.681141, 10.7037607], [-61.6811293, 10.7037828], [-61.681138, 10.7038095], [-61.6811648, 10.703826], [-61.6811936, 10.7038372], [-61.6812795, 10.7038398], [-61.6813914, 10.7038135], [-61.6814414, 10.7037868], [-61.6814518, 10.703767]]], [[[-61.6794844, 10.7058428], [-61.6794824, 10.705802], [-61.6794482, 10.7057532], [-61.6792785, 10.7056274], [-61.6792256, 10.7056175], [-61.6791505, 10.7056254], [-61.6790713, 10.7056346], [-61.6790284, 10.7056583], [-61.6790164, 10.7056781], [-61.6790251, 10.7056979], [-61.6791049, 10.7057269], [-61.6792054, 10.705767], [-61.6793396, 10.7058184], [-61.6793986, 10.705883], [-61.6794267, 10.7058955], [-61.6794676, 10.705881], [-61.6794844, 10.7058428]]], [[[-61.6763533, 10.7067373], [-61.6763173, 10.7067167], [-61.6762767, 10.7067137], [-61.6762587, 10.7067432], [-61.6762752, 10.7067668], [-61.6762963, 10.7067668], [-61.6763308, 10.706758], [-61.6763533, 10.7067373]]], [[[-61.6759674, 10.7069276], [-61.6759239, 10.7068996], [-61.6759074, 10.7068539], [-61.6759254, 10.7068185], [-61.6759479, 10.7068052], [-61.6759164, 10.7067772], [-61.6758593, 10.7067624], [-61.6757962, 10.7067329], [-61.6757752, 10.7067417], [-61.6757242, 10.7067167], [-61.6756776, 10.7067181], [-61.6756326, 10.706727], [-61.6755965, 10.7067314], [-61.6755935, 10.7067949], [-61.6756191, 10.7068185], [-61.6756236, 10.7068391], [-61.6756716, 10.7068849], [-61.6757197, 10.7069424], [-61.6757977, 10.706969], [-61.6758638, 10.7069527], [-61.6759194, 10.7069468], [-61.6759674, 10.7069276]]], [[[-61.6711199, 10.7077239], [-61.6710944, 10.7075493], [-61.6706502, 10.7071686], [-61.6703116, 10.7070433], [-61.6699693, 10.7069965], [-61.6694382, 10.7067277], [-61.6691995, 10.7064272], [-61.66906, 10.7059423], [-61.6689983, 10.7055127], [-61.6689017, 10.7050831], [-61.6687301, 10.7047959], [-61.6685423, 10.7045903], [-61.6682795, 10.7043004], [-61.6681051, 10.7041133], [-61.6679898, 10.703963], [-61.6678476, 10.7037917], [-61.6677779, 10.7036389], [-61.6677967, 10.7034544], [-61.6679013, 10.7032672], [-61.6681829, 10.703059], [-61.6684163, 10.7028192], [-61.6688427, 10.7025161], [-61.6691083, 10.7023053], [-61.66917, 10.7021709], [-61.6691297, 10.7020101], [-61.6689849, 10.7018783], [-61.6685987, 10.7017175], [-61.6681212, 10.7015805], [-61.6679509, 10.7015357], [-61.6678543, 10.7014579], [-61.6678034, 10.7012906], [-61.6678087, 10.7010455], [-61.6678423, 10.7008926], [-61.6679053, 10.700799], [-61.6680072, 10.7007648], [-61.6680931, 10.7007556], [-61.6681427, 10.7007279], [-61.668203, 10.7006462], [-61.6682339, 10.700579], [-61.6682245, 10.7005394], [-61.6681333, 10.7005223], [-61.6678034, 10.7005368], [-61.6675378, 10.7005856], [-61.6674373, 10.700629], [-61.6673876, 10.7006778], [-61.6673809, 10.7007437], [-61.6673957, 10.7008926], [-61.6673246, 10.7011285], [-61.6672294, 10.7012853], [-61.6670685, 10.7014632], [-61.6667855, 10.7016437], [-61.6664717, 10.7017175], [-61.6662383, 10.7017623], [-61.6661149, 10.7018045], [-61.6659915, 10.7019363], [-61.6658816, 10.7021102], [-61.6657153, 10.702184], [-61.6654632, 10.7021788], [-61.6652271, 10.7020944], [-61.6649374, 10.7019969], [-61.6644651, 10.7019907], [-61.6642314, 10.7021115], [-61.6641073, 10.702348], [-61.6640772, 10.7028322], [-61.6641712, 10.7032806], [-61.6640027, 10.7035651], [-61.6639571, 10.7036599], [-61.6639209, 10.7037206], [-61.6638766, 10.7037891], [-61.6638699, 10.7038168], [-61.6638726, 10.7038774], [-61.66389, 10.7039419], [-61.6639262, 10.7040236], [-61.6639826, 10.7041554], [-61.6639973, 10.7041719], [-61.6640107, 10.7041805], [-61.6640429, 10.7041956], [-61.6640718, 10.7042167], [-61.6640818, 10.7042444], [-61.6640798, 10.7042786], [-61.6640583, 10.7043168], [-61.6640389, 10.704359], [-61.6640255, 10.7044137], [-61.6640081, 10.7044875], [-61.6639759, 10.7046324], [-61.6639678, 10.7047326], [-61.6639571, 10.7047669], [-61.6639182, 10.7048077], [-61.6638592, 10.7048525], [-61.6637988, 10.7049276], [-61.6637439, 10.7049817], [-61.6636956, 10.7050172], [-61.663658, 10.7050502], [-61.6636232, 10.7050779], [-61.6635615, 10.7051082], [-61.6635172, 10.7051187], [-61.6634756, 10.7051108], [-61.6633724, 10.7050779], [-61.6633375, 10.7050647], [-61.6632168, 10.7050449], [-61.6631444, 10.7050225], [-61.6630746, 10.7049803], [-61.663017, 10.7049527], [-61.6629606, 10.7049395], [-61.662911, 10.7049421], [-61.6628936, 10.7049369], [-61.6628708, 10.7049224], [-61.6628426, 10.7048723], [-61.6628051, 10.7048222], [-61.6627675, 10.7047827], [-61.6627085, 10.7047036], [-61.6626656, 10.7046206], [-61.6626227, 10.7045178], [-61.6626053, 10.7044506], [-61.6625972, 10.7043425], [-61.662616, 10.7042332], [-61.6626133, 10.7041475], [-61.6625784, 10.7040263], [-61.6625597, 10.7039762], [-61.6625489, 10.7039156], [-61.6625409, 10.7038497], [-61.6625194, 10.7037469], [-61.6625047, 10.7036705], [-61.6624846, 10.703598], [-61.6622924, 10.7032447], [-61.662067, 10.7029616], [-61.6619209, 10.702592], [-61.6619121, 10.7022674], [-61.6619028, 10.7019254], [-61.6621087, 10.7013216], [-61.6622311, 10.7008781], [-61.6621473, 10.7005275], [-61.6621229, 10.7000384], [-61.6622703, 10.69964], [-61.662444, 10.6994165], [-61.6625507, 10.6993058], [-61.662737, 10.6991837], [-61.6632815, 10.6987177], [-61.6635906, 10.6984637], [-61.6639611, 10.6981042], [-61.6640255, 10.6979671], [-61.6640765, 10.6978301], [-61.6641194, 10.6977774], [-61.6641837, 10.6977167], [-61.664283, 10.6976508], [-61.664409, 10.6975639], [-61.6644385, 10.6974901], [-61.6644466, 10.6973978], [-61.6643474, 10.6971949], [-61.6643232, 10.6970816], [-61.6643286, 10.6969709], [-61.6643688, 10.696905], [-61.6644305, 10.6968417], [-61.6646263, 10.696623], [-61.6647175, 10.6965676], [-61.664806, 10.6965202], [-61.664865, 10.6964648], [-61.6650206, 10.6963647], [-61.6651011, 10.6962935], [-61.6651225, 10.696254], [-61.6651064, 10.6962065], [-61.6650903, 10.6961828], [-61.6650796, 10.6961433], [-61.6650957, 10.6961037], [-61.6651601, 10.6960405], [-61.6651735, 10.6959166], [-61.6651762, 10.6957875], [-61.6651171, 10.6956794], [-61.6650957, 10.6956504], [-61.6650876, 10.6956056], [-61.6651064, 10.6955766], [-61.6652593, 10.6954791], [-61.6653103, 10.6954159], [-61.665372, 10.6953341], [-61.6654605, 10.6952182], [-61.6655731, 10.6950495], [-61.6656509, 10.6949704], [-61.6656885, 10.6949625], [-61.6657072, 10.6949467], [-61.665726, 10.6948887], [-61.6657287, 10.6948334], [-61.6657448, 10.694749], [-61.6657636, 10.6946726], [-61.665785, 10.6945527], [-61.6658092, 10.6944828], [-61.6658896, 10.694388], [-61.6659433, 10.6943511], [-61.6659835, 10.6943432], [-61.6660345, 10.6943484], [-61.6661337, 10.6944064], [-61.6662142, 10.6944407], [-61.6662598, 10.6944512], [-61.6663134, 10.6944459], [-61.6663536, 10.6944249], [-61.6663858, 10.694409], [-61.6664234, 10.6943774], [-61.6664381, 10.6943458], [-61.6664502, 10.6943089], [-61.6664569, 10.6942628], [-61.6664717, 10.6942114], [-61.6664985, 10.6941639], [-61.6665226, 10.694106], [-61.6665173, 10.6940559], [-61.6665012, 10.6940242], [-61.6664811, 10.6939781], [-61.6664609, 10.6939294], [-61.6664556, 10.693874], [-61.6664797, 10.6937475], [-61.6664931, 10.6936579], [-61.6665038, 10.6935656], [-61.6665387, 10.6934128], [-61.6665816, 10.6932889], [-61.6667238, 10.6931255], [-61.6668096, 10.6930807], [-61.6670242, 10.6930174], [-61.6671503, 10.6929832], [-61.667283, 10.692945], [-61.6673273, 10.6929028], [-61.6673434, 10.692858], [-61.667338, 10.6927881], [-61.6673689, 10.6927591], [-61.667397, 10.6927578], [-61.6674359, 10.6927815], [-61.6674869, 10.6928132], [-61.6675285, 10.6928356], [-61.6675673, 10.692825], [-61.6675901, 10.6928013], [-61.6675861, 10.6927012], [-61.6675741, 10.6926419], [-61.6675901, 10.6926181], [-61.667625, 10.6926089], [-61.6676894, 10.6926247], [-61.6677645, 10.6926537], [-61.6678154, 10.6926722], [-61.6678852, 10.6926748], [-61.6679147, 10.6926616], [-61.6679496, 10.6926458], [-61.6679844, 10.692601], [-61.6680113, 10.6925167], [-61.6680542, 10.6924086], [-61.66814, 10.6923058], [-61.6682205, 10.6922109], [-61.6682687, 10.6921029], [-61.6683036, 10.6919737], [-61.6682822, 10.6918551], [-61.668199, 10.691755], [-61.6681132, 10.6916838], [-61.6680032, 10.6915415], [-61.667963, 10.6914967], [-61.6679361, 10.6914334], [-61.6679254, 10.6913623], [-61.667912, 10.6912805], [-61.6678959, 10.6912015], [-61.6678771, 10.6911092], [-61.6678798, 10.6910354], [-61.6678664, 10.6909195], [-61.667853, 10.6908114], [-61.6678262, 10.6906981], [-61.6677886, 10.6905795], [-61.6677457, 10.6904661], [-61.6676867, 10.6903185], [-61.6676572, 10.6902368], [-61.6676357, 10.6901683], [-61.6676062, 10.6900866], [-61.6675499, 10.6900023], [-61.6674426, 10.6898547], [-61.6673514, 10.6897677], [-61.667051, 10.6895226], [-61.6668981, 10.6894119], [-61.6666567, 10.6892748], [-61.6664529, 10.6892116], [-61.6662732, 10.6891773], [-61.6659514, 10.6891351], [-61.6655327, 10.6891739], [-61.6653754, 10.6892456], [-61.6650645, 10.6892385], [-61.6644727, 10.6889947], [-61.6635954, 10.6884754], [-61.6630968, 10.6882853], [-61.6629147, 10.6882159], [-61.6626062, 10.6878972], [-61.662502, 10.6879738], [-61.6624491, 10.687805], [-61.6623842, 10.6877001], [-61.6623127, 10.6876952], [-61.6621608, 10.6874244], [-61.6618352, 10.6869475], [-61.6615686, 10.6864269], [-61.6615281, 10.6864031], [-61.6613231, 10.6857971], [-61.6612666, 10.6854662], [-61.661244, 10.685233], [-61.6612454, 10.6849866], [-61.6612467, 10.6848231], [-61.6612695, 10.684723], [-61.6613124, 10.6846512], [-61.6613741, 10.6845859], [-61.6616745, 10.6844087], [-61.6617396, 10.6843593], [-61.6618053, 10.6843098], [-61.6618916, 10.684219], [-61.6619723, 10.6841517], [-61.6620533, 10.6840927], [-61.6621587, 10.6840265], [-61.6622438, 10.6839553], [-61.6624282, 10.6837649], [-61.6625912, 10.6836133], [-61.662677, 10.6835639], [-61.6627622, 10.6835343], [-61.6628413, 10.6835224], [-61.6629167, 10.6834872], [-61.6629482, 10.6834453], [-61.6629935, 10.6833485], [-61.6630237, 10.6833043], [-61.6630599, 10.6832872], [-61.6633462, 10.6832068], [-61.6634434, 10.6831903], [-61.6634911, 10.6831949], [-61.6635501, 10.6832206], [-61.6635963, 10.6832628], [-61.6636406, 10.6833037], [-61.6636956, 10.6833293], [-61.663772, 10.68333], [-61.6639436, 10.6832887], [-61.6641297, 10.683178], [-61.6641532, 10.6830333], [-61.6642099, 10.6830085], [-61.664291, 10.6829667], [-61.6643588, 10.6829069], [-61.6644047, 10.6828168], [-61.6645852, 10.6828095], [-61.6647057, 10.6827191], [-61.6647894, 10.682695], [-61.6648622, 10.6826851], [-61.6649073, 10.6827473], [-61.6650407, 10.6827253], [-61.6651415, 10.6826604], [-61.6652453, 10.6826225], [-61.6653623, 10.6825349], [-61.6654837, 10.6825417], [-61.6655761, 10.6825125], [-61.6655632, 10.6823982], [-61.6655041, 10.68234], [-61.6655087, 10.6822858], [-61.6654232, 10.6822417], [-61.6652261, 10.6822322], [-61.665078, 10.6821446], [-61.6648266, 10.6819723], [-61.6644922, 10.6818979], [-61.6640276, 10.6817092], [-61.6637659, 10.6816269], [-61.6635122, 10.681595], [-61.6633098, 10.6815823], [-61.6626393, 10.6816164], [-61.6622424, 10.6816316], [-61.6618861, 10.6816497], [-61.6616448, 10.681648], [-61.6611933, 10.6816681], [-61.6607582, 10.6817183], [-61.6599546, 10.681707], [-61.6591336, 10.6815937], [-61.6584638, 10.681356], [-61.6578841, 10.6812751], [-61.6576324, 10.6813072], [-61.6573305, 10.6812458], [-61.65702, 10.6812499], [-61.6568908, 10.6812362], [-61.6567434, 10.6811645], [-61.6565101, 10.68099], [-61.6564235, 10.6809415], [-61.6563771, 10.6809091], [-61.6563464, 10.6808876], [-61.6563277, 10.6808706], [-61.6560463, 10.6806149], [-61.6560267, 10.6805971], [-61.6560033, 10.6805759], [-61.6558516, 10.680438], [-61.6558257, 10.6804144], [-61.65575, 10.6803457], [-61.6555247, 10.6799896], [-61.655023, 10.6795282], [-61.6543762, 10.6790675], [-61.6541801, 10.6789199], [-61.6539542, 10.6787871], [-61.6537178, 10.6786925], [-61.6534653, 10.6786716], [-61.6532033, 10.6787122], [-61.6530295, 10.6788003], [-61.6527297, 10.6789886], [-61.6521382, 10.6791696], [-61.6518351, 10.6794134], [-61.6517561, 10.6795355], [-61.6517758, 10.6795477], [-61.6516764, 10.6797245], [-61.6516315, 10.6797993], [-61.6516098, 10.6800618], [-61.6515803, 10.6801923], [-61.6514819, 10.6803775], [-61.6511377, 10.680657], [-61.6508288, 10.6808296], [-61.6507021, 10.6807281], [-61.6505046, 10.6808122], [-61.6504611, 10.6808599], [-61.6504181, 10.6808943], [-61.6503698, 10.680925], [-61.6503039, 10.6809489], [-61.6502732, 10.68096], [-61.6500565, 10.6810315], [-61.6500308, 10.6809105], [-61.6495294, 10.680966], [-61.6493936, 10.6810176], [-61.6493763, 10.6810242], [-61.6492532, 10.6810303], [-61.6491178, 10.6810237], [-61.6489773, 10.681012], [-61.6479798, 10.6809948], [-61.6479859, 10.6808511], [-61.6477666, 10.6808478], [-61.6477773, 10.680637], [-61.6477867, 10.6804281], [-61.6477995, 10.6802475], [-61.6478005, 10.6801691], [-61.6478072, 10.6800406], [-61.6478092, 10.6799889], [-61.6478135, 10.679892], [-61.6478162, 10.6797929], [-61.6478202, 10.6797019], [-61.6478256, 10.6795372], [-61.6478316, 10.6793402], [-61.6478337, 10.6791972], [-61.6478253, 10.6791847], [-61.6478102, 10.6791794], [-61.6476804, 10.6791896], [-61.6476694, 10.6791998], [-61.647663, 10.6792209], [-61.6476613, 10.67935], [-61.6476546, 10.6796769], [-61.647601, 10.6808406], [-61.6472362, 10.6808313], [-61.6472416, 10.6805678], [-61.6474763, 10.6805599], [-61.6475433, 10.6785844], [-61.6471544, 10.6785422], [-61.6470612, 10.6803602], [-61.6469961, 10.6803582], [-61.647037, 10.6796281], [-61.6470256, 10.6795998], [-61.6469921, 10.6795906], [-61.6468788, 10.6796064], [-61.6468694, 10.6796176], [-61.6468627, 10.6796433], [-61.6468003, 10.6809987], [-61.6458964, 10.6809644], [-61.6459186, 10.680264], [-61.6458733, 10.6802643], [-61.6458535, 10.6806857], [-61.6457187, 10.6806831], [-61.6457308, 10.6802607], [-61.6456832, 10.680263], [-61.645649, 10.6809625], [-61.6447362, 10.6809301], [-61.644719, 10.6809294], [-61.6446909, 10.6809265], [-61.6445628, 10.6809196], [-61.6445304, 10.6809095], [-61.6445083, 10.6809083], [-61.6441523, 10.6808788], [-61.6441537, 10.6808307], [-61.6435514, 10.6807888], [-61.6433436, 10.6807925], [-61.6428518, 10.680789], [-61.6428575, 10.680667], [-61.6425574, 10.6806605], [-61.6425435, 10.6806612], [-61.642545, 10.6807784], [-61.6424907, 10.6807819], [-61.6424672, 10.6807815], [-61.6422962, 10.6807786], [-61.6422379, 10.6807776], [-61.6420847, 10.680775], [-61.6421146, 10.6802239], [-61.6420375, 10.6802285], [-61.642011, 10.6807716], [-61.6419562, 10.6807804], [-61.641963, 10.6807239], [-61.6418678, 10.6806984], [-61.6418209, 10.6807766], [-61.6415649, 10.6807664], [-61.6415812, 10.6803841], [-61.6415311, 10.6803914], [-61.6415172, 10.680683], [-61.6413976, 10.6806882], [-61.6413931, 10.6807471], [-61.6412396, 10.6807466], [-61.6412458, 10.6806388], [-61.6402976, 10.6806734], [-61.6402725, 10.6806737], [-61.640271, 10.6807893], [-61.6402524, 10.6807898], [-61.6402486, 10.6815293], [-61.6401099, 10.6815274], [-61.6401076, 10.6810413], [-61.6401089, 10.6807972], [-61.6400081, 10.6807996], [-61.6400051, 10.6806609], [-61.6398362, 10.6806633], [-61.6398362, 10.6807576], [-61.6395715, 10.6807519], [-61.6395688, 10.6806504], [-61.6395079, 10.6806415], [-61.6395014, 10.6808132], [-61.6392619, 10.6807837], [-61.639283, 10.6801615], [-61.639191, 10.6801585], [-61.6391699, 10.6807806], [-61.6389315, 10.680817], [-61.6389501, 10.6806003], [-61.6381086, 10.6805388], [-61.6380993, 10.6806561], [-61.6379195, 10.6806468], [-61.6379799, 10.6798192], [-61.6378726, 10.67981], [-61.6378538, 10.6800854], [-61.637882, 10.6800907], [-61.6378377, 10.680743], [-61.6377305, 10.6807365], [-61.6377385, 10.6805678], [-61.6376527, 10.6805572], [-61.6376315, 10.6807529], [-61.6376031, 10.6807653], [-61.6375684, 10.6807804], [-61.6368947, 10.6807191], [-61.6368875, 10.6806476], [-61.6368053, 10.6806451], [-61.6367722, 10.6806441], [-61.6367065, 10.6806445], [-61.6366837, 10.6806447], [-61.6366702, 10.6806448], [-61.6366505, 10.6807248], [-61.6366258, 10.6807764], [-61.6363419, 10.6807866], [-61.6362657, 10.6806939], [-61.6361568, 10.6805555], [-61.6358469, 10.6805515], [-61.6358261, 10.6805512], [-61.6356935, 10.6805494], [-61.6356687, 10.6805491], [-61.6354654, 10.6805465], [-61.6353943, 10.6805455], [-61.6353138, 10.6805445], [-61.635232, 10.6805434], [-61.6351589, 10.6805426], [-61.6351333, 10.6805423], [-61.6351238, 10.6806652], [-61.6351206, 10.6806847], [-61.6351282, 10.6807541], [-61.6350416, 10.6807346], [-61.6350358, 10.6806803], [-61.6349331, 10.680674], [-61.6349211, 10.6805907], [-61.6345679, 10.6805799], [-61.6345606, 10.6806209], [-61.6343897, 10.6806809], [-61.634352, 10.6806779], [-61.6341754, 10.6806681], [-61.63416, 10.6806669], [-61.6341062, 10.6806627], [-61.6340901, 10.6806618], [-61.6337963, 10.6806462], [-61.6336884, 10.6806297], [-61.6336066, 10.680602], [-61.633554, 10.6805722], [-61.6333744, 10.6804341], [-61.6333207, 10.6805015], [-61.6335004, 10.6806396], [-61.6331382, 10.6811753], [-61.6330728, 10.6811447], [-61.632997, 10.6811957], [-61.6329394, 10.68129], [-61.6329709, 10.6813756], [-61.6329625, 10.6813967], [-61.6330674, 10.6814501], [-61.6329843, 10.6816401], [-61.6329689, 10.6816754], [-61.6329407, 10.6817255], [-61.6329145, 10.6818072], [-61.6329047, 10.681848], [-61.6328996, 10.6818565], [-61.6328716, 10.681911], [-61.6328331, 10.6819495], [-61.6327556, 10.6820194], [-61.6326765, 10.6821044], [-61.6326215, 10.6821571], [-61.6325752, 10.6821709], [-61.632535, 10.6821604], [-61.6324391, 10.6820411], [-61.6324391, 10.6820148], [-61.6324438, 10.6819904], [-61.6324911, 10.6818827], [-61.6324975, 10.6818725], [-61.6325075, 10.6818626], [-61.6325189, 10.6818619], [-61.6325494, 10.6818761], [-61.6325595, 10.6818757], [-61.6325669, 10.6818708], [-61.6326108, 10.6817934], [-61.6326118, 10.6817842], [-61.6326101, 10.6817753], [-61.6325866, 10.681766], [-61.6325836, 10.6817548], [-61.6325833, 10.6817417], [-61.6328321, 10.681198], [-61.6328314, 10.6811888], [-61.632826, 10.6811773], [-61.6326002, 10.6810917], [-61.6325653, 10.6810781], [-61.6324884, 10.6810514], [-61.6327174, 10.6804874], [-61.6326074, 10.6804399], [-61.6327288, 10.6801381], [-61.6326933, 10.6801256], [-61.632578, 10.6804299], [-61.6324143, 10.6808623], [-61.6322983, 10.6808234], [-61.6323281, 10.6807299], [-61.6323144, 10.6807241], [-61.6322977, 10.6807172], [-61.6322486, 10.6807064], [-61.6312109, 10.6804806], [-61.6311537, 10.6804708], [-61.6311347, 10.6804685], [-61.6310779, 10.680463], [-61.6310236, 10.6804702], [-61.6309733, 10.6804887], [-61.6309076, 10.6805085], [-61.6308901, 10.6805243], [-61.6308908, 10.6805691], [-61.6308476, 10.6805678], [-61.6308278, 10.6805683], [-61.6300712, 10.6805851], [-61.6299762, 10.6805796], [-61.6299333, 10.6805467], [-61.6298823, 10.6804465], [-61.629834, 10.6803648], [-61.6297536, 10.6802838], [-61.6297314, 10.6802561], [-61.6296785, 10.6801974], [-61.6296141, 10.6801197], [-61.6295671, 10.6800604], [-61.629492, 10.6799932], [-61.6294277, 10.6799022], [-61.6294129, 10.6798074], [-61.6294143, 10.6797177], [-61.6294706, 10.67964], [-61.6295403, 10.6795794], [-61.6296409, 10.6795306], [-61.6297884, 10.6795029], [-61.6298971, 10.6794832], [-61.6300285, 10.679466], [-61.6301894, 10.6794739], [-61.6302753, 10.679466], [-61.6303772, 10.6794779], [-61.6304483, 10.6794792], [-61.6305435, 10.6794568], [-61.6306306, 10.679441], [-61.6307433, 10.6794515], [-61.6307688, 10.6794792], [-61.6307798, 10.6795661], [-61.6310041, 10.6795363], [-61.6311185, 10.679696], [-61.631206, 10.6796985], [-61.6312526, 10.6788921], [-61.6312665, 10.6788919], [-61.6316801, 10.6788854], [-61.6317049, 10.678885], [-61.6317534, 10.6788423], [-61.6322061, 10.6788522], [-61.6322329, 10.6788549], [-61.6329885, 10.6788388], [-61.633022, 10.6788399], [-61.633056, 10.678833], [-61.6331352, 10.6788184], [-61.6331757, 10.6787894], [-61.6336282, 10.6775864], [-61.6340843, 10.6765763], [-61.6339161, 10.6764616], [-61.6337709, 10.6763422], [-61.6337731, 10.6763063], [-61.6337749, 10.6762772], [-61.6337804, 10.6761874], [-61.6337808, 10.6761549], [-61.6337837, 10.6761337], [-61.6339204, 10.6760303], [-61.6339474, 10.6759605], [-61.6339747, 10.6758554], [-61.6341406, 10.6757914], [-61.6337929, 10.6748278], [-61.633685, 10.6748575], [-61.633682, 10.6747131], [-61.6337071, 10.674665], [-61.6337661, 10.6745793], [-61.6338466, 10.6744791], [-61.6339874, 10.6743777], [-61.6340974, 10.6743487], [-61.6342122, 10.6743385], [-61.6344139, 10.6742801], [-61.634548, 10.6741826], [-61.634666, 10.6740363], [-61.6346861, 10.6739928], [-61.6346915, 10.6739059], [-61.6346781, 10.6738149], [-61.6347036, 10.6737556], [-61.634772, 10.6737134], [-61.6349503, 10.6736014], [-61.6351783, 10.6734354], [-61.6353875, 10.6733062], [-61.6354841, 10.6732377], [-61.6355418, 10.6732219], [-61.6356061, 10.6732166], [-61.6356799, 10.6732443], [-61.635759, 10.6732772], [-61.6358274, 10.673293], [-61.6358931, 10.6732904], [-61.6359468, 10.6732561], [-61.6359843, 10.6732113], [-61.6360259, 10.6730953], [-61.6361305, 10.672899], [-61.6361547, 10.6727909], [-61.6361225, 10.6726275], [-61.6360715, 10.6725405], [-61.6360286, 10.6725036], [-61.6359803, 10.6724825], [-61.6358355, 10.672472], [-61.6356611, 10.6724351], [-61.6355646, 10.6723982], [-61.6354734, 10.6723112], [-61.6353768, 10.672153], [-61.6352963, 10.6719712], [-61.6352427, 10.6719395], [-61.635181, 10.671958], [-61.6351354, 10.6720107], [-61.6350898, 10.6720924], [-61.6349342, 10.6723165], [-61.634784, 10.6725563], [-61.6347519, 10.6725748], [-61.634717, 10.6725721], [-61.6346419, 10.6725089], [-61.6344488, 10.6723296], [-61.6343066, 10.672124], [-61.6341457, 10.671929], [-61.6340196, 10.6718367], [-61.6339177, 10.6717603], [-61.633864, 10.6716733], [-61.6338506, 10.6716312], [-61.633864, 10.6715389], [-61.6339338, 10.6714282], [-61.6340183, 10.6713083], [-61.6340947, 10.6711765], [-61.6341645, 10.6709854], [-61.6342101, 10.6708747], [-61.634324, 10.6707323], [-61.6346231, 10.6705116], [-61.6347559, 10.670391], [-61.6349564, 10.6702328], [-61.6352963, 10.6700483], [-61.6355447, 10.6699272], [-61.63569, 10.6698671], [-61.6357476, 10.669823], [-61.6357858, 10.6697762], [-61.6358268, 10.6697063], [-61.6358851, 10.6695831], [-61.6359642, 10.6694395], [-61.6359642, 10.6693505], [-61.6358891, 10.669249], [-61.6358516, 10.669226], [-61.63581, 10.6692141], [-61.6357631, 10.6692194], [-61.6357309, 10.6692273], [-61.6357014, 10.6692299], [-61.6356678, 10.6692154], [-61.6356504, 10.6691983], [-61.6356263, 10.6691627], [-61.6356021, 10.6691073], [-61.6355847, 10.6690757], [-61.6355605, 10.6690546], [-61.635519, 10.6690362], [-61.6354881, 10.6690256], [-61.6354506, 10.6690217], [-61.635409, 10.669023], [-61.6353634, 10.6690414], [-61.6352963, 10.6690994], [-61.6352306, 10.6691377], [-61.6351931, 10.6691561], [-61.6351716, 10.6691594], [-61.6351461, 10.6691522], [-61.6351166, 10.6691311], [-61.6350858, 10.6691232], [-61.6350429, 10.6691192], [-61.6349906, 10.6691192], [-61.6349517, 10.6691113], [-61.6349235, 10.6690955], [-61.6348846, 10.6690718], [-61.6348618, 10.6690652], [-61.634831, 10.6690625], [-61.6347894, 10.6690586], [-61.6347532, 10.6690362], [-61.6347036, 10.6689637], [-61.6346432, 10.668911], [-61.6345735, 10.6688635], [-61.6345212, 10.6688148], [-61.6344152, 10.6687001], [-61.6343723, 10.6686658], [-61.6343435, 10.6686415], [-61.634318, 10.668627], [-61.6343026, 10.6686223], [-61.6342798, 10.6686171], [-61.6342422, 10.6686052], [-61.634198, 10.6685736], [-61.6341497, 10.6685222], [-61.6341296, 10.6684892], [-61.6341195, 10.6684794], [-61.6341028, 10.6684708], [-61.6340545, 10.6684616], [-61.6340277, 10.6684563], [-61.6340062, 10.6684484], [-61.6339941, 10.6684378], [-61.6339847, 10.6684247], [-61.6339619, 10.6683838], [-61.6338788, 10.6682678], [-61.6338654, 10.6682362], [-61.633856, 10.6682032], [-61.63386, 10.668136], [-61.63386, 10.6680833], [-61.6338533, 10.6680253], [-61.6338292, 10.6679963], [-61.6337796, 10.6679884], [-61.6337393, 10.6679911], [-61.6337058, 10.6680016], [-61.6336857, 10.6680359], [-61.6336589, 10.6680754], [-61.6336347, 10.6680899], [-61.6335851, 10.6681005], [-61.633573, 10.6680925], [-61.6335596, 10.6680556], [-61.6335449, 10.6680425], [-61.6335006, 10.6680332], [-61.6334671, 10.6680398], [-61.6334429, 10.6680675], [-61.6333893, 10.6680991], [-61.6333222, 10.6681005], [-61.6332632, 10.6680939], [-61.6331975, 10.6680952], [-61.6331492, 10.6681018], [-61.6331224, 10.6681084], [-61.6330835, 10.6681466], [-61.633054, 10.6681584], [-61.6330326, 10.6681453], [-61.6330084, 10.6681294], [-61.6329548, 10.6681255], [-61.6328958, 10.6681387], [-61.632881, 10.6681611], [-61.6328636, 10.6681663], [-61.6328448, 10.6681518], [-61.6328193, 10.6681281], [-61.6327898, 10.6681163], [-61.6327496, 10.6681149], [-61.6326919, 10.6681294], [-61.632539, 10.6681571], [-61.6324385, 10.6681611], [-61.632299, 10.6681097], [-61.6321675, 10.6679897], [-61.6319449, 10.6677749], [-61.6317424, 10.6675087], [-61.6315539, 10.667215], [-61.6312274, 10.6668115], [-61.6311081, 10.6666754], [-61.6310775, 10.6665336], [-61.6311244, 10.666416], [-61.6312583, 10.6662936], [-61.6314045, 10.6661631], [-61.6314125, 10.6660577], [-61.6313103, 10.6659426], [-61.6311285, 10.6658806], [-61.6309954, 10.6658758], [-61.6302538, 10.6658022], [-61.6300622, 10.6656937], [-61.6298287, 10.6656737], [-61.6289626, 10.6660457], [-61.6285452, 10.6660867], [-61.6285251, 10.6660932], [-61.6284822, 10.6661051], [-61.6284071, 10.6661117], [-61.6283548, 10.666113], [-61.6282703, 10.6661367], [-61.6282354, 10.6661552], [-61.6281845, 10.6661881], [-61.6281174, 10.6662409], [-61.6280866, 10.6662698], [-61.6280665, 10.6662988], [-61.6280504, 10.6663423], [-61.6280356, 10.6663779], [-61.6280141, 10.6664069], [-61.6279739, 10.6664372], [-61.6279109, 10.6664675], [-61.6278774, 10.6664807], [-61.6278425, 10.6665031], [-61.6277929, 10.6665334], [-61.6277607, 10.666544], [-61.6277352, 10.6665624], [-61.6276883, 10.6666191], [-61.6276534, 10.6666903], [-61.6276507, 10.6667799], [-61.6276494, 10.6668537], [-61.6276695, 10.6669433], [-61.6276628, 10.6669855], [-61.6276427, 10.6670158], [-61.6276266, 10.6671028], [-61.6276158, 10.6671832], [-61.6276065, 10.6672161], [-61.627589, 10.6672438], [-61.6275769, 10.6672543], [-61.6275716, 10.6672675], [-61.6275676, 10.6673044], [-61.6275488, 10.6673611], [-61.6275153, 10.6673967], [-61.6274871, 10.667423], [-61.627475, 10.6674494], [-61.6274522, 10.6674823], [-61.6274428, 10.66751], [-61.6274348, 10.6675667], [-61.6274267, 10.6676049], [-61.6274227, 10.6676405], [-61.6274174, 10.66768], [-61.6274147, 10.6677222], [-61.627414, 10.667736], [-61.6274066, 10.6677472], [-61.6273959, 10.6677486], [-61.6273503, 10.6677446], [-61.6272725, 10.6677855], [-61.6271344, 10.6678949], [-61.6270874, 10.6679397], [-61.6270459, 10.6679805], [-61.6270123, 10.6680121], [-61.6269936, 10.668028], [-61.6269708, 10.6680319], [-61.6269439, 10.6680266], [-61.6268983, 10.6679963], [-61.6268702, 10.6679739], [-61.6268407, 10.667966], [-61.6268072, 10.667966], [-61.626779, 10.66797], [-61.6267307, 10.6679818], [-61.6267066, 10.6679779], [-61.6266838, 10.6679673], [-61.6266502, 10.6679687], [-61.6266221, 10.6679792], [-61.6265926, 10.6679897], [-61.6265497, 10.6679977], [-61.6265161, 10.6679871], [-61.6264839, 10.667966], [-61.6264598, 10.6679634], [-61.6264276, 10.6679752], [-61.626386, 10.6679924], [-61.6263378, 10.6680056], [-61.6262895, 10.6680121], [-61.6262479, 10.6680227], [-61.6262211, 10.6680227], [-61.6261929, 10.6680187], [-61.6261674, 10.6680042], [-61.6261406, 10.667999], [-61.6261098, 10.6680095], [-61.6260883, 10.6680253], [-61.6260655, 10.6680477], [-61.6260199, 10.6680741], [-61.6259757, 10.6680886], [-61.6259475, 10.6681031], [-61.625922, 10.6681334], [-61.625867, 10.6682032], [-61.6257557, 10.6682981], [-61.6257088, 10.668335], [-61.6256712, 10.6683469], [-61.6255983, 10.6683465], [-61.6255425, 10.6683443], [-61.6255009, 10.6683482], [-61.62545, 10.6683719], [-61.6253641, 10.668397], [-61.6251361, 10.6684563], [-61.6249913, 10.6684932], [-61.6248652, 10.6685037], [-61.6247405, 10.6685051], [-61.6246158, 10.6685288], [-61.6245729, 10.6685472], [-61.6245125, 10.6685802], [-61.624479, 10.6686448], [-61.6244656, 10.6687199], [-61.6244736, 10.668824], [-61.6245045, 10.6689558], [-61.6245152, 10.6689993], [-61.6245461, 10.6691284], [-61.6245447, 10.6691548], [-61.6245326, 10.6691851], [-61.6245152, 10.669222], [-61.6245058, 10.6692286], [-61.6244817, 10.6692128], [-61.6244602, 10.6691759], [-61.6244186, 10.6691416], [-61.6243669, 10.6691293], [-61.6243234, 10.6691166], [-61.6242161, 10.6691153], [-61.6241084, 10.669138], [-61.6240445, 10.6691627], [-61.6239788, 10.669218], [-61.6239533, 10.6692787], [-61.6239426, 10.6693248], [-61.6239318, 10.6694131], [-61.6239358, 10.6694487], [-61.6239238, 10.6694948], [-61.623897, 10.6695568], [-61.6238876, 10.669591], [-61.6238849, 10.6696516], [-61.6239117, 10.6697571], [-61.6239063, 10.6697782], [-61.6238715, 10.6698019], [-61.6238004, 10.6698098], [-61.6237481, 10.6698098], [-61.6237012, 10.6698309], [-61.6236663, 10.669877], [-61.6236435, 10.6698968], [-61.6236247, 10.6698981], [-61.6235912, 10.6698889], [-61.6235684, 10.6698941], [-61.6235389, 10.6699205], [-61.6235389, 10.6699429], [-61.6235483, 10.6699719], [-61.623555, 10.6699851], [-61.6235483, 10.6700075], [-61.6234517, 10.6701525], [-61.6234034, 10.6702263], [-61.6233578, 10.6703027], [-61.6233444, 10.6703844], [-61.623323, 10.6704398], [-61.6232291, 10.6704925], [-61.6231636, 10.6704649], [-61.6231003, 10.6703791], [-61.6230333, 10.6703264], [-61.6229287, 10.6702842], [-61.622808, 10.6702263], [-61.6227222, 10.6702052], [-61.6226041, 10.6701973], [-61.6224432, 10.6702078], [-61.6222622, 10.6702223], [-61.6221643, 10.6702763], [-61.6221026, 10.6703686], [-61.6220892, 10.6704424], [-61.6221598, 10.6707717], [-61.622129, 10.6710101], [-61.6220301, 10.6711539], [-61.6218848, 10.6711695], [-61.6217453, 10.671163], [-61.6216042, 10.6711882], [-61.6215145, 10.6712113], [-61.6214504, 10.6712778], [-61.6214454, 10.6714296], [-61.6213941, 10.6714793], [-61.6213712, 10.6715616], [-61.621275, 10.6715883], [-61.6212432, 10.6715038], [-61.6211689, 10.6714755], [-61.6210656, 10.6714966], [-61.6210101, 10.6713618], [-61.6208487, 10.6712534], [-61.6206182, 10.671155], [-61.6204688, 10.6712211], [-61.6202771, 10.6713005], [-61.6201346, 10.6711384], [-61.6199093, 10.670961], [-61.6195276, 10.6709931], [-61.6189668, 10.6711331], [-61.618715, 10.671237], [-61.6184671, 10.6715933], [-61.6183051, 10.6716624], [-61.6180275, 10.6714992], [-61.6178324, 10.6714931], [-61.6176928, 10.6715768], [-61.6175119, 10.6715793], [-61.617415, 10.6715748], [-61.617352, 10.6716308], [-61.6173249, 10.6717118], [-61.617254, 10.6717231], [-61.6172099, 10.6716539], [-61.6171145, 10.6716778], [-61.6170764, 10.6718459], [-61.6167848, 10.6719312], [-61.6166445, 10.6718777], [-61.6165166, 10.6717633], [-61.6163516, 10.6718353], [-61.6158074, 10.6724304], [-61.6156578, 10.6726318], [-61.6155956, 10.6726691], [-61.6154861, 10.6726206], [-61.6153705, 10.6726206], [-61.6145009, 10.6732207], [-61.6143504, 10.673343], [-61.6143885, 10.6735525], [-61.6143137, 10.6737681], [-61.6142391, 10.6738772], [-61.6142893, 10.6739969], [-61.6142432, 10.6741216], [-61.6137681, 10.674231], [-61.6137008, 10.6743245], [-61.6136678, 10.6744178], [-61.6138714, 10.6746284], [-61.614174, 10.6748047], [-61.6144127, 10.675005], [-61.614579, 10.6751447], [-61.6149062, 10.6751948], [-61.6153219, 10.6751394], [-61.6156679, 10.6750182], [-61.61614, 10.6746887], [-61.6165316, 10.6744436], [-61.6172303, 10.6742314], [-61.6173081, 10.6741365], [-61.6173685, 10.6739493], [-61.6174489, 10.6738162], [-61.6175683, 10.6737148], [-61.6177171, 10.6736726], [-61.6178741, 10.6737057], [-61.6180028, 10.6737701], [-61.6180752, 10.67384], [-61.6180806, 10.6739744], [-61.6180162, 10.6741101], [-61.617929, 10.6742274], [-61.6177413, 10.674375], [-61.6175026, 10.6744752], [-61.6174033, 10.6746228], [-61.617347, 10.6749101], [-61.6172585, 10.6753898], [-61.6171458, 10.6758432], [-61.617009, 10.6761436], [-61.6169447, 10.6763097], [-61.6169849, 10.6764468], [-61.6172, 10.6766764], [-61.617347, 10.6767947], [-61.6174328, 10.676937], [-61.6174436, 10.6770714], [-61.6174462, 10.6772638], [-61.6175374, 10.6774088], [-61.618039, 10.677588], [-61.6185594, 10.6777963], [-61.6186854, 10.6779149], [-61.6187257, 10.6780572], [-61.6187289, 10.678328], [-61.6186661, 10.6785144], [-61.6186954, 10.6786873], [-61.6188619, 10.6788225], [-61.6191768, 10.6789624], [-61.6194909, 10.6790144], [-61.6197784, 10.6790283], [-61.6199801, 10.6789548], [-61.6202312, 10.6789071], [-61.6205791, 10.6787689], [-61.6208875, 10.6786872], [-61.621137, 10.6786318], [-61.621432, 10.6785738], [-61.6215768, 10.6785106], [-61.6216868, 10.6784051], [-61.6218263, 10.6782892], [-61.6220167, 10.6782127], [-61.6221803, 10.6781442], [-61.6224217, 10.6779597], [-61.6224901, 10.6778384], [-61.6225183, 10.6777277], [-61.6224901, 10.6776052], [-61.622356, 10.6773759], [-61.6222528, 10.6772243], [-61.6222474, 10.6771742], [-61.622289, 10.677136], [-61.6223963, 10.6770846], [-61.6226712, 10.6770016], [-61.6226925, 10.6770013], [-61.6227677, 10.6770003], [-61.6228713, 10.6770447], [-61.6228896, 10.6770525], [-61.6230213, 10.6771099], [-61.6231545, 10.6771679], [-61.6232782, 10.6772218], [-61.6234129, 10.6772804], [-61.6234356, 10.6772901], [-61.623487, 10.677312], [-61.6234597, 10.6773765], [-61.6233538, 10.6776104], [-61.6233317, 10.677705], [-61.6232854, 10.6779129], [-61.6232787, 10.6781073], [-61.6233203, 10.6781942], [-61.6233672, 10.678355], [-61.6234859, 10.6785033], [-61.623618, 10.6786594], [-61.623742, 10.6787148], [-61.6238071, 10.6786621], [-61.6240766, 10.6788532], [-61.6241598, 10.6789626], [-61.6240076, 10.6790963], [-61.6239861, 10.6791965], [-61.6243503, 10.6797543], [-61.6248572, 10.6797323], [-61.6250088, 10.6799247], [-61.6247137, 10.6799484], [-61.624707, 10.6801816], [-61.6246742, 10.6803227], [-61.6246527, 10.6804861], [-61.6245695, 10.6805454], [-61.6241008, 10.6807351], [-61.6238272, 10.6809341], [-61.6235255, 10.6812135], [-61.6231634, 10.6816207], [-61.6229206, 10.6821294], [-61.6228884, 10.682169], [-61.6228375, 10.6822019], [-61.6227369, 10.6822428], [-61.6226806, 10.6822902], [-61.6226283, 10.6823746], [-61.622584, 10.6825274], [-61.6224814, 10.6827067], [-61.6222353, 10.6829689], [-61.6220261, 10.6830559], [-61.6217976, 10.6831053], [-61.6214167, 10.6831469], [-61.6211802, 10.6831549], [-61.621088, 10.6831145], [-61.6210075, 10.683017], [-61.6209304, 10.6828404], [-61.6208407, 10.682751], [-61.6208172, 10.6827331], [-61.6207065, 10.6827376], [-61.6206414, 10.6827291], [-61.6205938, 10.6827034], [-61.6204768, 10.6826104], [-61.6204537, 10.682597], [-61.6204129, 10.6825731], [-61.6203919, 10.6825609], [-61.6200899, 10.6823848], [-61.6200675, 10.6823718], [-61.6200314, 10.682359], [-61.6200116, 10.6823532], [-61.6194358, 10.6822069], [-61.6193696, 10.6821894], [-61.6193518, 10.6823079], [-61.6192143, 10.6822904], [-61.6192647, 10.6820038], [-61.6192041, 10.6819935], [-61.6191962, 10.6820384], [-61.6189617, 10.6820662], [-61.6187404, 10.6820411], [-61.6182797, 10.6819673], [-61.6182113, 10.6819403], [-61.6181678, 10.681914], [-61.6181369, 10.6818468], [-61.618145, 10.6817769], [-61.6178384, 10.6817363], [-61.6178293, 10.6814524], [-61.6177627, 10.6814474], [-61.6177652, 10.6817539], [-61.6177906, 10.6817513], [-61.6177754, 10.6820391], [-61.6174994, 10.6820486], [-61.617503, 10.6814415], [-61.6174161, 10.6814407], [-61.6174063, 10.6817853], [-61.6173401, 10.681782], [-61.617344, 10.6814338], [-61.6173001, 10.6814436], [-61.6172953, 10.6820742], [-61.6156105, 10.6820244], [-61.6142837, 10.6832737], [-61.6142094, 10.6833438], [-61.6140634, 10.6834812], [-61.6139111, 10.6835397], [-61.6138135, 10.6836227], [-61.613744, 10.6837252], [-61.6137987, 10.6838014], [-61.6137673, 10.68392], [-61.6133272, 10.6846042], [-61.6126641, 10.6853343], [-61.6124263, 10.6856283], [-61.611703, 10.6863295], [-61.6112304, 10.686923], [-61.6110246, 10.6871536], [-61.6105297, 10.6876109], [-61.6098447, 10.6881696], [-61.6093572, 10.6885093], [-61.6091779, 10.688601], [-61.6089739, 10.688624], [-61.6088814, 10.6886028], [-61.6087368, 10.6885369], [-61.6086762, 10.6884684], [-61.6086346, 10.6884725], [-61.608581, 10.688567], [-61.6084874, 10.6885989], [-61.6082039, 10.6886355], [-61.6081402, 10.6886267], [-61.6080884, 10.6886195], [-61.6080325, 10.6886118], [-61.60799, 10.6885792], [-61.6079131, 10.6883437], [-61.6078574, 10.6883279], [-61.6078227, 10.6883582], [-61.6078906, 10.6886155], [-61.6078348, 10.6886819], [-61.6075969, 10.6886848], [-61.6073892, 10.6888417], [-61.6072834, 10.6889132], [-61.6072531, 10.6889336], [-61.6070136, 10.6890953], [-61.606836, 10.6891662], [-61.6067343, 10.689129], [-61.6066251, 10.689146], [-61.6065648, 10.6891615], [-61.6065271, 10.6891737], [-61.6061858, 10.6892699], [-61.6061434, 10.6891574], [-61.6060407, 10.6891866], [-61.6060592, 10.6892902], [-61.6059331, 10.689316], [-61.6059001, 10.689218], [-61.6058307, 10.6892398], [-61.6058074, 10.6892471], [-61.6057967, 10.6892504], [-61.6058155, 10.6893367], [-61.6057263, 10.6893862], [-61.6056982, 10.6894158], [-61.6056687, 10.6894554], [-61.605665, 10.6894758], [-61.6056711, 10.6894926], [-61.6057662, 10.6895901], [-61.6057851, 10.6896301], [-61.6058019, 10.6896802], [-61.6059335, 10.6900311], [-61.6059386, 10.6900387], [-61.6059448, 10.6900401], [-61.6060047, 10.6900253], [-61.6060167, 10.6900253], [-61.6060296, 10.6900306], [-61.6060479, 10.6900421], [-61.6060727, 10.6900635], [-61.6060822, 10.6900824], [-61.6060872, 10.6901015], [-61.6061139, 10.6901983], [-61.6061139, 10.6902355], [-61.6061065, 10.6902638], [-61.6060995, 10.6903034], [-61.6061018, 10.6903511], [-61.6061223, 10.6903904], [-61.6061431, 10.6904648], [-61.6061447, 10.690531], [-61.6061089, 10.6906085], [-61.6061142, 10.6906467], [-61.6061401, 10.6906869], [-61.6062261, 10.6907348], [-61.6062401, 10.6907659], [-61.6062289, 10.690815], [-61.6058477, 10.691127], [-61.6056626, 10.6912384], [-61.6054554, 10.6913596], [-61.6051138, 10.6915336], [-61.6047564, 10.6916545], [-61.6044677, 10.6917174], [-61.6042568, 10.6917414], [-61.6036787, 10.6917599], [-61.6032684, 10.6917126], [-61.6029995, 10.6916344], [-61.6027384, 10.6915309], [-61.6024727, 10.6914007], [-61.6022683, 10.6913016], [-61.6021724, 10.6912193], [-61.602051, 10.6910776], [-61.6018787, 10.690714], [-61.6018224, 10.6904905], [-61.6018089, 10.6902679], [-61.6017311, 10.6895001], [-61.6016253, 10.6891693], [-61.601283, 10.6884505], [-61.6011048, 10.6881807], [-61.6009191, 10.6879326], [-61.6008923, 10.6878964], [-61.6008776, 10.6878351], [-61.6008712, 10.6877959], [-61.6008829, 10.6877485], [-61.6009168, 10.6876231], [-61.6009337, 10.687528], [-61.6009292, 10.6874542], [-61.6009264, 10.6873305], [-61.6008944, 10.6871776], [-61.6008652, 10.6870391], [-61.6008312, 10.6869459], [-61.6007877, 10.6868672], [-61.6006939, 10.6867827], [-61.6003394, 10.6865529], [-61.5999481, 10.6862551], [-61.5989444, 10.685349], [-61.5985903, 10.6850643], [-61.5985206, 10.6850261], [-61.5982188, 10.6850472], [-61.5980338, 10.6850511], [-61.5977642, 10.6850155], [-61.5976971, 10.6849365], [-61.597673, 10.6836054], [-61.5976609, 10.6836056], [-61.5975811, 10.683603], [-61.5975121, 10.6836012], [-61.5973726, 10.6835975], [-61.5969247, 10.6835844], [-61.5962876, 10.683587], [-61.5962648, 10.6836028], [-61.5962528, 10.6836282], [-61.5962457, 10.6837563], [-61.5962075, 10.6838509], [-61.5961622, 10.6839191], [-61.5961116, 10.6839619], [-61.5959094, 10.6841286], [-61.5956882, 10.6842775], [-61.5955152, 10.6843724], [-61.5952842, 10.6844828], [-61.5952461, 10.684496], [-61.5951698, 10.6845204], [-61.5951029, 10.6845304], [-61.5950614, 10.6845307], [-61.5950508, 10.6845232], [-61.5950461, 10.6845126], [-61.5950474, 10.6844629], [-61.5950438, 10.6844581], [-61.5950381, 10.6844564], [-61.5950008, 10.6844571], [-61.5948904, 10.6844599], [-61.5948835, 10.6844632], [-61.5948807, 10.6844698], [-61.5948778, 10.684582], [-61.5948701, 10.684605], [-61.5948523, 10.6846195], [-61.5947424, 10.6846054], [-61.5947253, 10.6845938], [-61.5947142, 10.684582], [-61.5947001, 10.6844489], [-61.5946854, 10.6844271], [-61.5946629, 10.6844209], [-61.5944175, 10.6844535], [-61.5943959, 10.6844656], [-61.59439, 10.684495], [-61.5944101, 10.684725], [-61.5944007, 10.6847592], [-61.5943846, 10.684779], [-61.5941647, 10.6848673], [-61.5941405, 10.6848488], [-61.5941264, 10.6848192], [-61.5941144, 10.6845859], [-61.5941003, 10.6845648], [-61.5940728, 10.6845609], [-61.593703, 10.684576], [-61.5936768, 10.6845681], [-61.5936577, 10.6845378], [-61.593589, 10.6842637], [-61.5935746, 10.6842538], [-61.5935498, 10.6842449], [-61.5933979, 10.6842558], [-61.5933761, 10.6842696], [-61.5933516, 10.6842963], [-61.5933064, 10.684547], [-61.5932856, 10.6845846], [-61.5932433, 10.684611], [-61.5930562, 10.6846024], [-61.592843, 10.6846083], [-61.5926325, 10.684576], [-61.5924554, 10.6845075], [-61.5923481, 10.6844489], [-61.5922952, 10.6843803], [-61.5922918, 10.6843006], [-61.5923046, 10.6841701], [-61.5922995, 10.6841016], [-61.5922945, 10.6840519], [-61.5922854, 10.6840064], [-61.5922761, 10.6839715], [-61.5922442, 10.6839435], [-61.592213, 10.6839369], [-61.592089, 10.6839422], [-61.5918721, 10.6839659], [-61.5913839, 10.6839962], [-61.5911928, 10.6840094], [-61.5910808, 10.68401], [-61.5909655, 10.6839935], [-61.5909058, 10.6839461], [-61.5908759, 10.6839016], [-61.5908639, 10.6838515], [-61.5908307, 10.6838295], [-61.5907787, 10.6838285], [-61.590706, 10.6838371], [-61.5904055, 10.6839049], [-61.5900695, 10.6838649], [-61.5895502, 10.6838106], [-61.5891101, 10.6836063], [-61.5885235, 10.6833433], [-61.5880323, 10.6833934], [-61.5870654, 10.683628], [-61.5866483, 10.6835615], [-61.5864847, 10.6834921], [-61.5862173, 10.6833972], [-61.5859284, 10.6832901], [-61.5858015, 10.6831152], [-61.5843754, 10.6830415], [-61.5843089, 10.6830862], [-61.5841024, 10.6830994], [-61.583873, 10.6830638], [-61.5838087, 10.6829808], [-61.5835928, 10.6828215], [-61.583044, 10.6825499], [-61.582996, 10.6825643], [-61.5826178, 10.6823759], [-61.5822127, 10.6822955], [-61.5819533, 10.6822368], [-61.5816254, 10.6821582], [-61.5811613, 10.6818197], [-61.5811171, 10.6816721], [-61.5811157, 10.6814138], [-61.5811519, 10.6812939], [-61.5811814, 10.6811832], [-61.5811412, 10.6811015], [-61.5810594, 10.681033], [-61.5810567, 10.6809262], [-61.5809642, 10.6807944], [-61.5807972, 10.6807384], [-61.5806686, 10.6806977], [-61.5805629, 10.6806699], [-61.5804455, 10.6806386], [-61.5803228, 10.6806136], [-61.580305, 10.6805944], [-61.5802978, 10.6805655], [-61.5802742, 10.6803793], [-61.5802687, 10.6803744], [-61.5802613, 10.6803704], [-61.5802106, 10.6803642], [-61.5802027, 10.6803655], [-61.5801973, 10.6803726], [-61.5801602, 10.6805757], [-61.5801186, 10.6806554], [-61.5800623, 10.6807061], [-61.5798397, 10.6808096], [-61.5797196, 10.6808939], [-61.5796164, 10.6810275], [-61.5795959, 10.6810511], [-61.5795307, 10.681143], [-61.5794994, 10.6811697], [-61.5794491, 10.6811911], [-61.579412, 10.6812081], [-61.5793161, 10.6812336], [-61.5792251, 10.6812237], [-61.579089, 10.6811895], [-61.5789959, 10.6811572], [-61.5789381, 10.6811272], [-61.5789287, 10.6811005], [-61.5789307, 10.6810616], [-61.579032, 10.6808254], [-61.5790283, 10.6807816], [-61.5789998, 10.6807335], [-61.5789894, 10.680693], [-61.5790048, 10.680634], [-61.5790092, 10.6806037], [-61.5790035, 10.680573], [-61.5789146, 10.6804781], [-61.5788385, 10.6804277], [-61.5787959, 10.6804119], [-61.5787406, 10.6804136], [-61.5786964, 10.6805968], [-61.5786695, 10.680631], [-61.5786367, 10.6806475], [-61.5785898, 10.6806422], [-61.5785663, 10.6806587], [-61.5785435, 10.6807233], [-61.5784456, 10.6810264], [-61.5784, 10.6810943], [-61.5782987, 10.6811437], [-61.5781827, 10.6811592], [-61.578113, 10.6811473], [-61.5780262, 10.6810758], [-61.5778568, 10.6808636], [-61.5777616, 10.6807859], [-61.5775758, 10.6806336], [-61.5773606, 10.680465], [-61.577075, 10.680461], [-61.5765958, 10.6804814], [-61.5763588, 10.6804096], [-61.5761684, 10.6802963], [-61.5760303, 10.6801922], [-61.5759578, 10.6800946], [-61.5759417, 10.6800024], [-61.5759781, 10.6797488], [-61.5760531, 10.6794238], [-61.5760168, 10.6791827], [-61.5759458, 10.6789745], [-61.5758599, 10.678898], [-61.5757714, 10.6788624], [-61.5756145, 10.6789639], [-61.575534, 10.6789916], [-61.5754328, 10.678958], [-61.5753496, 10.6788822], [-61.5753322, 10.6788051], [-61.5753268, 10.6780144], [-61.5753208, 10.6779327], [-61.5752873, 10.6778832], [-61.5752437, 10.6778589], [-61.5752015, 10.6778394], [-61.5751646, 10.6778292], [-61.5751465, 10.6778144], [-61.5751391, 10.6777926], [-61.5751203, 10.6777798], [-61.5750989, 10.6777739], [-61.5750271, 10.6777752], [-61.5750073, 10.6777874], [-61.5749919, 10.6778269], [-61.5749319, 10.6785422], [-61.5748863, 10.6785738], [-61.5748394, 10.6785633], [-61.5747267, 10.6783524], [-61.574614, 10.67822], [-61.5745718, 10.6781864], [-61.5745249, 10.6781837], [-61.5744927, 10.6782173], [-61.5744954, 10.6782878], [-61.5744974, 10.6784868], [-61.5745282, 10.6785778], [-61.5745765, 10.6786298], [-61.5745993, 10.6786713], [-61.5746033, 10.6787306], [-61.5746208, 10.6790061], [-61.5746094, 10.679043], [-61.5745845, 10.6790535], [-61.5741439, 10.679058], [-61.5739803, 10.6790601], [-61.5737946, 10.6790265], [-61.5735794, 10.6789336], [-61.5734245, 10.6788176], [-61.5734148, 10.6787942], [-61.5734161, 10.6787616], [-61.5735345, 10.6784078], [-61.5735435, 10.6783863], [-61.5735341, 10.6783613], [-61.5734406, 10.678306], [-61.5733456, 10.6782468], [-61.5733294, 10.6782364], [-61.5733192, 10.6782379], [-61.5733035, 10.6782445], [-61.5732803, 10.6782776], [-61.5732689, 10.6782831], [-61.5732525, 10.6782837], [-61.5731318, 10.6782447], [-61.5731093, 10.6782206], [-61.5731056, 10.6781834], [-61.5732545, 10.6775923], [-61.573279, 10.6775637], [-61.5733289, 10.6775502], [-61.5737557, 10.6775525], [-61.5737692, 10.6775386], [-61.5737792, 10.6775225], [-61.5737628, 10.6775017], [-61.5737229, 10.6774852], [-61.5733326, 10.6774688], [-61.5732857, 10.6774747], [-61.5732582, 10.6775037], [-61.5732186, 10.6775571], [-61.5731784, 10.6775729], [-61.5731221, 10.6775742], [-61.5729236, 10.6775511], [-61.5728559, 10.677536], [-61.5728049, 10.6775169], [-61.57276, 10.6774879], [-61.5727365, 10.6774549], [-61.572715, 10.6773798], [-61.5727258, 10.6772401], [-61.5727137, 10.6772124], [-61.5726902, 10.6771943], [-61.572478, 10.6771818], [-61.5724351, 10.6771815], [-61.572426, 10.677196], [-61.572421, 10.6772395], [-61.5723789, 10.6774564], [-61.5723726, 10.6774645], [-61.5723642, 10.6774689], [-61.5723503, 10.6774704], [-61.5722894, 10.6774586], [-61.5722794, 10.6774609], [-61.5722703, 10.6774714], [-61.5722626, 10.6775025], [-61.5722651, 10.6775118], [-61.5722708, 10.677517], [-61.5724639, 10.6775465], [-61.5724716, 10.6775604], [-61.572474, 10.6775745], [-61.5724696, 10.6775979], [-61.5724545, 10.6776032], [-61.5724415, 10.677616], [-61.5723969, 10.6778506], [-61.5723831, 10.6778618], [-61.5723576, 10.6778651], [-61.5722423, 10.6777996], [-61.5722106, 10.6777854], [-61.5721655, 10.6777706], [-61.5721464, 10.6777567], [-61.5721367, 10.6777436], [-61.5721042, 10.6776337], [-61.5720944, 10.6776274], [-61.5720838, 10.6776248], [-61.5720773, 10.6776271], [-61.5718433, 10.6776803], [-61.571673, 10.6777192], [-61.571549, 10.6777574], [-61.5714182, 10.6778292], [-61.5712968, 10.6779221], [-61.5712345, 10.6779933], [-61.5712023, 10.6781422], [-61.5711848, 10.6783406], [-61.5711758, 10.6784048], [-61.5711563, 10.6784542], [-61.5711111, 10.6784954], [-61.5710229, 10.6785211], [-61.5709394, 10.6785412], [-61.5708838, 10.6785379], [-61.5708559, 10.6785247], [-61.5708278, 10.6785162], [-61.5708065, 10.6785191], [-61.5707914, 10.6785321], [-61.5707755, 10.678557], [-61.5707594, 10.6785748], [-61.5707336, 10.6785801], [-61.5707171, 10.6785919], [-61.5707091, 10.6786071], [-61.5706963, 10.6786311], [-61.5706762, 10.678645], [-61.5706457, 10.6786529], [-61.5706095, 10.6786585], [-61.5705431, 10.678674], [-61.5704674, 10.678699], [-61.570227, 10.6787715], [-61.5702129, 10.6787916], [-61.5702082, 10.6788193], [-61.5702203, 10.678868], [-61.5702196, 10.6788891], [-61.5702052, 10.6789043], [-61.570011, 10.6789629], [-61.5699956, 10.6789573], [-61.5699825, 10.6789507], [-61.5699577, 10.6789059], [-61.5699437, 10.6789013], [-61.5699145, 10.6789066], [-61.5697546, 10.6789544], [-61.569656, 10.6789847], [-61.5695272, 10.6790242], [-61.5695018, 10.6790206], [-61.5694696, 10.679012], [-61.5693938, 10.6789514], [-61.5693479, 10.6789343], [-61.5692624, 10.6789168], [-61.5691715, 10.6789095], [-61.5689097, 10.6788954], [-61.5687923, 10.6788993], [-61.5687504, 10.6788969], [-61.56873, 10.6788876], [-61.5687125, 10.6788679], [-61.5687021, 10.6788346], [-61.5686951, 10.6787741], [-61.5686914, 10.678674], [-61.568689, 10.6786575], [-61.5686912, 10.6786473], [-61.5686993, 10.6786432], [-61.5687479, 10.6786367], [-61.5687536, 10.6786311], [-61.5687573, 10.6786222], [-61.5687556, 10.678603], [-61.5687482, 10.6785448], [-61.568742, 10.6785069], [-61.5687333, 10.6784954], [-61.5687159, 10.6784877], [-61.5686321, 10.6784905], [-61.568388, 10.6785181], [-61.5683706, 10.6785245], [-61.5683679, 10.6785419], [-61.5683799, 10.678662], [-61.5683847, 10.6786742], [-61.568393, 10.6786791], [-61.5686186, 10.6786542], [-61.5686351, 10.6786585], [-61.5686468, 10.678673], [-61.5686528, 10.6787242], [-61.5686478, 10.6787344], [-61.5686357, 10.6787445], [-61.5684476, 10.6787702], [-61.5684326, 10.678772], [-61.5682485, 10.6787853], [-61.5682337, 10.6787913], [-61.5682307, 10.6788112], [-61.5682746, 10.679155], [-61.5682606, 10.6792163], [-61.5682163, 10.6792703], [-61.5681664, 10.6793049], [-61.5681332, 10.6793171], [-61.5681069, 10.6793195], [-61.5675338, 10.6792719], [-61.5673325, 10.6792512], [-61.5673084, 10.6792393], [-61.5673003, 10.6792179], [-61.5673191, 10.6790408], [-61.5673141, 10.6790305], [-61.5673022, 10.6790268], [-61.567235, 10.6790249], [-61.5672301, 10.6790219], [-61.5672272, 10.6790156], [-61.5672189, 10.6790043], [-61.5672026, 10.6789959], [-61.5670697, 10.6789854], [-61.5670604, 10.6789892], [-61.5670569, 10.6789999], [-61.5670578, 10.679043], [-61.5670601, 10.6790507], [-61.5670702, 10.6790545], [-61.5671089, 10.6790542], [-61.5671141, 10.6790585], [-61.5671161, 10.6790721], [-61.5671059, 10.6791728], [-61.5670948, 10.6792064], [-61.56707, 10.6792209], [-61.5668554, 10.6792048], [-61.5668336, 10.6792061], [-61.5668011, 10.6792008], [-61.5667525, 10.6791784], [-61.5667086, 10.6791619], [-61.5665455, 10.679144], [-61.5665076, 10.6791419], [-61.5664818, 10.6791383], [-61.5664547, 10.6791358], [-61.5663316, 10.6791244], [-61.5662818, 10.6791102], [-61.5661852, 10.6789916], [-61.5661007, 10.6789626], [-61.5655871, 10.6789112], [-61.5655589, 10.6788914], [-61.5655509, 10.6787741], [-61.5655388, 10.678757], [-61.5654986, 10.678757], [-61.5654885, 10.6787636], [-61.5654845, 10.6788262], [-61.5654784, 10.6788361], [-61.5654577, 10.6788374], [-61.5654154, 10.6788269], [-61.565404, 10.6788163], [-61.5654047, 10.6787517], [-61.5654007, 10.6787432], [-61.5653899, 10.6787359], [-61.5652584, 10.6786945], [-61.5652214, 10.678681], [-61.5650551, 10.678622], [-61.5650091, 10.6786094], [-61.5649383, 10.6785755], [-61.5649138, 10.6785498], [-61.564891, 10.6785461], [-61.5648525, 10.6785448], [-61.5647777, 10.6785102], [-61.5647486, 10.6785107], [-61.5647314, 10.6785257], [-61.5647144, 10.6785679], [-61.564705, 10.6785801], [-61.5646879, 10.6785804], [-61.5646513, 10.6785748], [-61.564632, 10.6785688], [-61.5640755, 10.6783963], [-61.5638859, 10.6783375], [-61.5637169, 10.6781561], [-61.5635875, 10.6779551], [-61.5635473, 10.6778892], [-61.5635089, 10.6777728], [-61.5634936, 10.6770919], [-61.5635015, 10.6764907], [-61.5634992, 10.676139], [-61.563499, 10.6761015], [-61.563483, 10.6758423], [-61.5633255, 10.6756474], [-61.5630771, 10.6754453], [-61.56294, 10.675316], [-61.5624849, 10.6749021], [-61.5623837, 10.6748498], [-61.5622104, 10.6747312], [-61.5621523, 10.6746961], [-61.5618365, 10.6745127], [-61.5614833, 10.6743075], [-61.561349, 10.6742253], [-61.5613402, 10.6742175], [-61.5612758, 10.6741711], [-61.5612731, 10.6741629], [-61.5612768, 10.6741526], [-61.5613381, 10.6740719], [-61.5613374, 10.6740617], [-61.5613328, 10.674053], [-61.5610826, 10.6738884], [-61.5610592, 10.6738795], [-61.561035, 10.6738752], [-61.5609727, 10.6738871], [-61.5609502, 10.6738867], [-61.5609257, 10.6738769], [-61.5608573, 10.6738347], [-61.5608483, 10.6738215], [-61.560851, 10.673805], [-61.5608659, 10.673783], [-61.5608664, 10.6737737], [-61.5608592, 10.6737635], [-61.5608044, 10.6737349], [-61.5607779, 10.6737237], [-61.5607809, 10.6736986], [-61.5608047, 10.6736489], [-61.5607997, 10.6736324], [-61.5607812, 10.6736218], [-61.5607557, 10.6736156], [-61.5607272, 10.6736442], [-61.5606867, 10.6737029], [-61.5606716, 10.6737174], [-61.5606501, 10.6737207], [-61.5605616, 10.6736726], [-61.5605009, 10.6735968], [-61.5604513, 10.6735715], [-61.5604342, 10.6735474], [-61.5604453, 10.6734934], [-61.5604573, 10.6734393], [-61.560452, 10.6734064], [-61.5604671, 10.6733464], [-61.5604291, 10.6733161], [-61.5603175, 10.6732891], [-61.5602287, 10.6733108], [-61.560114, 10.6732983], [-61.559929, 10.6733668], [-61.5597533, 10.6735685], [-61.5597023, 10.6736634], [-61.5596701, 10.673892], [-61.5596775, 10.6740396], [-61.5596667, 10.6741035], [-61.559657, 10.6741217], [-61.5596433, 10.674149], [-61.5595883, 10.6742735], [-61.5594609, 10.6746518], [-61.5594381, 10.6749694], [-61.5594059, 10.6753661], [-61.5593335, 10.675739], [-61.5591478, 10.6767288], [-61.5590023, 10.677368], [-61.5587401, 10.678618], [-61.5585215, 10.6797863], [-61.5584819, 10.6800057], [-61.5584564, 10.6801731], [-61.5579761, 10.6800002], [-61.5580179, 10.6799049], [-61.5581587, 10.6795649], [-61.558268, 10.6791952], [-61.5583411, 10.67901], [-61.5585181, 10.6782391], [-61.5585429, 10.6780964], [-61.5585738, 10.6779136], [-61.5586281, 10.6776605], [-61.5586978, 10.6773469], [-61.5587662, 10.6768909], [-61.5587676, 10.6766365], [-61.5587595, 10.6764138], [-61.5587649, 10.6762148], [-61.5588748, 10.6755717], [-61.5589848, 10.6750063], [-61.5590116, 10.6748257], [-61.5590224, 10.6746419], [-61.5589989, 10.6744982], [-61.5589124, 10.6743441], [-61.5588373, 10.674267], [-61.5587468, 10.6742116], [-61.5584886, 10.6741747], [-61.5578355, 10.6744976], [-61.5573205, 10.6747137], [-61.5571207, 10.6748231], [-61.5568833, 10.6749404], [-61.556707, 10.6750247], [-61.5564723, 10.6751302], [-61.556306, 10.6752152], [-61.5562459, 10.6752455], [-61.5562154, 10.6752554], [-61.5561886, 10.6752508], [-61.5561568, 10.675259], [-61.5559947, 10.675338], [-61.5559174, 10.6753753], [-61.555849, 10.6754208], [-61.5558101, 10.67546], [-61.5557819, 10.6754896], [-61.5556083, 10.6755819], [-61.5555549, 10.6755997], [-61.5555067, 10.6756066], [-61.5554668, 10.6756148], [-61.5554337, 10.6756248], [-61.5554157, 10.6756329], [-61.5553821, 10.6756526], [-61.5552791, 10.6757164], [-61.5552341, 10.675733], [-61.5552002, 10.6757475], [-61.5550958, 10.6757973], [-61.55505, 10.6758176], [-61.5550315, 10.6758247], [-61.5549958, 10.6758417], [-61.5549664, 10.6758545], [-61.5544815, 10.6760687], [-61.5544395, 10.676082], [-61.5543878, 10.6760866], [-61.5543694, 10.6760893], [-61.5543556, 10.6760898], [-61.5543368, 10.6760904], [-61.5542234, 10.6760898], [-61.5541778, 10.6760977], [-61.5541556, 10.6761021], [-61.5541171, 10.6761049], [-61.5538999, 10.6761139], [-61.5538894, 10.6761142], [-61.5538763, 10.6761146], [-61.5536435, 10.676129], [-61.5535313, 10.6761302], [-61.5532087, 10.6761595], [-61.5531728, 10.6761654], [-61.5531319, 10.6761792], [-61.5530055, 10.6762155], [-61.552977, 10.6762247], [-61.552976, 10.6762642], [-61.552976, 10.6763248], [-61.5529908, 10.6765792], [-61.5529807, 10.6765917], [-61.5529224, 10.6765963], [-61.5526233, 10.6766089], [-61.5526105, 10.6766006], [-61.5526002, 10.6765934], [-61.5525673, 10.6761331], [-61.5525472, 10.676116], [-61.552459, 10.6761021], [-61.5523584, 10.6761502], [-61.5522357, 10.6761838], [-61.5519863, 10.6762148], [-61.5518139, 10.6762438], [-61.5516993, 10.6762649], [-61.5516356, 10.6762893], [-61.551594, 10.6763571], [-61.5515722, 10.6764556], [-61.5514887, 10.6770958], [-61.5514532, 10.6771683], [-61.5514264, 10.6772263], [-61.5513821, 10.677304], [-61.5513184, 10.6773857], [-61.5512151, 10.6774444], [-61.5511313, 10.6774813], [-61.5509811, 10.6775175], [-61.5508517, 10.6775208], [-61.5507504, 10.6774997], [-61.5506411, 10.6774345], [-61.5504856, 10.6774273], [-61.5503689, 10.6774391], [-61.5502817, 10.6774655], [-61.5501798, 10.6774754], [-61.550092, 10.6774622], [-61.5499961, 10.67742], [-61.5499672, 10.677362], [-61.5499759, 10.6772895], [-61.5500202, 10.6771887], [-61.5500873, 10.6769772], [-61.5501446, 10.6768349], [-61.5501386, 10.6768026], [-61.5501127, 10.6767924], [-61.5497855, 10.6768026], [-61.5497392, 10.6768059], [-61.5497141, 10.6767977], [-61.549632, 10.676771], [-61.5496024, 10.6767308], [-61.5496239, 10.6766194], [-61.5497024, 10.6763248], [-61.5496849, 10.6762767], [-61.5496464, 10.6762474], [-61.5495401, 10.676228], [-61.5494489, 10.6762115], [-61.5493745, 10.6761878], [-61.5492417, 10.6761232], [-61.5492129, 10.6760922], [-61.5492018, 10.6760708], [-61.5492031, 10.6760316], [-61.549229, 10.6759216], [-61.5492263, 10.6758916], [-61.5492206, 10.67586], [-61.5492048, 10.6758343], [-61.549182, 10.6758089], [-61.5491542, 10.6757825], [-61.5491099, 10.675774], [-61.5490764, 10.6757759], [-61.5490492, 10.6757717], [-61.549015, 10.6757544], [-61.5489967, 10.6757314], [-61.5489814, 10.6756975], [-61.5489755, 10.6756641], [-61.5489611, 10.6756389], [-61.5489371, 10.6756338], [-61.5489146, 10.6756437], [-61.5488858, 10.6756785], [-61.5488253, 10.6758227], [-61.548747, 10.6758181], [-61.5486249, 10.6757153], [-61.5482925, 10.6756043], [-61.5481359, 10.6755428], [-61.5469552, 10.677499], [-61.5461465, 10.6776698], [-61.5449992, 10.6779127], [-61.5432226, 10.6777991], [-61.5417404, 10.6776962], [-61.5394125, 10.677548], [-61.5368344, 10.67738], [-61.5341967, 10.6773366], [-61.5326317, 10.6773308], [-61.5316296, 10.6773163], [-61.5298878, 10.6779071], [-61.5284023, 10.6784114], [-61.5281537, 10.6795392], [-61.5278251, 10.6810521], [-61.5256982, 10.6810397], [-61.5246761, 10.6793482], [-61.5240916, 10.6783726], [-61.5213313, 10.6783588], [-61.5203521, 10.678364], [-61.5185491, 10.6773315], [-61.5171291, 10.6765356], [-61.5171266, 10.6768014], [-61.517107, 10.6788418], [-61.5165893, 10.6830838], [-61.5149725, 10.6841873], [-61.5117628, 10.6847039], [-61.5085531, 10.6868953], [-61.5069284, 10.6905971], [-61.5031691, 10.6964277], [-61.5015045, 10.7008024], [-61.4956426, 10.7055293], [-61.4956187, 10.7119856], [-61.4962001, 10.7151159], [-61.4971877, 10.7204999], [-61.4972196, 10.7281454], [-61.4972037, 10.7342334], [-61.4972196, 10.7430288], [-61.4972369, 10.7500493], [-61.4972589, 10.7539784], [-61.4972918, 10.7548785], [-61.4973933, 10.7559498], [-61.49764, 10.755905], [-61.4981832, 10.7558563], [-61.4983629, 10.7558168], [-61.4986378, 10.7556442], [-61.4987773, 10.7555704], [-61.4990026, 10.7555256], [-61.4992011, 10.755465], [-61.4993379, 10.7554044], [-61.4994076, 10.7553648], [-61.4995256, 10.7552199], [-61.4995712, 10.7551725], [-61.499657, 10.7551461], [-61.4997751, 10.755125], [-61.4999789, 10.754992], [-61.500286, 10.7549314], [-61.5004376, 10.7549195], [-61.5005462, 10.754909], [-61.5009325, 10.7550038], [-61.5012409, 10.7550657], [-61.5013509, 10.7550802], [-61.5015749, 10.7550579], [-61.5017491, 10.755075], [-61.501953, 10.7551158], [-61.5021153, 10.7551528], [-61.5024452, 10.7552437], [-61.5028676, 10.7553411], [-61.5030151, 10.7554412], [-61.503219, 10.7555387], [-61.5032485, 10.7556508], [-61.5033598, 10.7557627], [-61.503443, 10.7558589], [-61.5034578, 10.756013], [-61.5034591, 10.7560908], [-61.5035529, 10.7561013], [-61.5036254, 10.7560882], [-61.5036911, 10.7561211], [-61.5037581, 10.7562028], [-61.5037903, 10.7562687], [-61.5038037, 10.7563425], [-61.5037984, 10.756432], [-61.5037394, 10.75649], [-61.5036964, 10.7565111], [-61.503675, 10.7565506], [-61.503683, 10.7566191], [-61.5037125, 10.7566824], [-61.503742, 10.7567166], [-61.5037796, 10.7567324], [-61.5038252, 10.7567377], [-61.5040639, 10.7567035], [-61.5041122, 10.7567114], [-61.5041336, 10.7567377], [-61.5041256, 10.7567693], [-61.5040746, 10.7568089], [-61.5039647, 10.7568378], [-61.5039217, 10.7568747], [-61.5038654, 10.7570091], [-61.503852, 10.7570935], [-61.5038466, 10.7571699], [-61.5038654, 10.7572278], [-61.5038869, 10.7572911], [-61.5038922, 10.7573411], [-61.5038842, 10.7573807], [-61.5038037, 10.757465], [-61.5037689, 10.7574993], [-61.5037372, 10.7575139], [-61.5037206, 10.7575599], [-61.5037313, 10.7576205], [-61.5038682, 10.7577069], [-61.5045231, 10.7576195], [-61.5046582, 10.7577484], [-61.5045563, 10.7579186], [-61.5044865, 10.7582544], [-61.504691, 10.7584066], [-61.5047854, 10.7585711], [-61.5051314, 10.7586837], [-61.5052199, 10.7589084], [-61.505226, 10.7590579], [-61.5051998, 10.7592068], [-61.5051274, 10.7594413], [-61.5051274, 10.7595744], [-61.5051442, 10.7596323], [-61.5051851, 10.7596534], [-61.5052602, 10.7596356], [-61.5053467, 10.7595987], [-61.5054104, 10.7595908], [-61.5055036, 10.7596271], [-61.5055592, 10.7597311], [-61.5055592, 10.759851], [-61.5054654, 10.7600157], [-61.5054613, 10.7600875], [-61.5054868, 10.7601238], [-61.5055291, 10.7601455], [-61.5055901, 10.7601409], [-61.5061249, 10.759876], [-61.5065637, 10.7596864], [-61.5068504, 10.7596322], [-61.5069889, 10.7597022], [-61.5070304, 10.7597838], [-61.5070157, 10.7598688], [-61.5069218, 10.7599973], [-61.5066992, 10.7601225], [-61.5063049, 10.7603003], [-61.5062754, 10.7604281], [-61.5062834, 10.7605151], [-61.5063465, 10.7606139], [-61.5064739, 10.7606376], [-61.50695, 10.7604611], [-61.5074416, 10.7602591], [-61.5077919, 10.7601616], [-61.5079129, 10.7602107], [-61.5079772, 10.7602937], [-61.5079705, 10.7603965], [-61.5072887, 10.7609057], [-61.5071792, 10.7610839], [-61.5072935, 10.7612709], [-61.5074274, 10.7613271], [-61.5075298, 10.7613663], [-61.5076288, 10.7613937], [-61.507794, 10.7613887], [-61.5079724, 10.761144], [-61.508078, 10.761162], [-61.5081805, 10.7612132], [-61.508258, 10.7612609], [-61.508357, 10.761297], [-61.5087851, 10.7614011], [-61.5091212, 10.7613557], [-61.5094699, 10.7613622], [-61.5096536, 10.76144], [-61.5097046, 10.7615282], [-61.5097448, 10.7617101], [-61.509826, 10.7619472], [-61.5098528, 10.761992], [-61.509895, 10.7620144], [-61.510005, 10.76205], [-61.5101291, 10.7620513], [-61.5101917, 10.7620309], [-61.5102001, 10.7620111], [-61.5101921, 10.7619765], [-61.5099819, 10.7617995], [-61.5099651, 10.7617341], [-61.5099668, 10.7616778], [-61.5100043, 10.761636], [-61.5100791, 10.7616165], [-61.5102818, 10.7616072], [-61.5106278, 10.7616103], [-61.5110618, 10.7615414], [-61.511588, 10.7613474], [-61.512023, 10.7610949], [-61.5123878, 10.7607086], [-61.5124785, 10.760346], [-61.5123717, 10.760111], [-61.5121909, 10.7599434], [-61.5121749, 10.75977], [-61.5122312, 10.7595151], [-61.5123251, 10.7593701], [-61.512478, 10.7593069], [-61.5125853, 10.7592885], [-61.5126684, 10.7592726], [-61.5127194, 10.7592647], [-61.512765, 10.7592753], [-61.5128481, 10.7593333], [-61.5129125, 10.7593596], [-61.5130439, 10.7593306], [-61.5131351, 10.7592779], [-61.5131968, 10.7592358], [-61.5132505, 10.7591646], [-61.5133256, 10.7590724], [-61.5134114, 10.7589828], [-61.5135214, 10.7589037], [-61.5136179, 10.7587825], [-61.5136796, 10.7586666], [-61.5137118, 10.7585823], [-61.5137252, 10.7585138], [-61.5137091, 10.7584611], [-61.5136689, 10.7584268], [-61.5136233, 10.7583741], [-61.5135831, 10.7583109], [-61.5135562, 10.7582134], [-61.5135133, 10.7581185], [-61.513457, 10.7580315], [-61.5134114, 10.7579578], [-61.5133578, 10.7578102], [-61.5133631, 10.7577628], [-61.5133953, 10.757739], [-61.5134892, 10.7577311], [-61.5135133, 10.7577443], [-61.5135455, 10.7577996], [-61.5135965, 10.7579551], [-61.513626, 10.7580052], [-61.5136689, 10.7580447], [-61.5137091, 10.7580658], [-61.5138245, 10.7581132], [-61.5139022, 10.7581554], [-61.5139666, 10.7581791], [-61.5140122, 10.7582002], [-61.514039, 10.7582292], [-61.5140766, 10.7582792], [-61.5141222, 10.7583056], [-61.5142348, 10.7582977], [-61.5143931, 10.7582318], [-61.5145057, 10.7581633], [-61.5146184, 10.7580526], [-61.5146881, 10.7579578], [-61.5147123, 10.7578892], [-61.5146855, 10.757826], [-61.5146345, 10.7577601], [-61.5145192, 10.7576995], [-61.5144414, 10.7576969], [-61.514318, 10.7577285], [-61.5142268, 10.757718], [-61.5141705, 10.7576231], [-61.5141785, 10.7575361], [-61.5142322, 10.757465], [-61.5143743, 10.7573491], [-61.5144441, 10.7572463], [-61.5145143, 10.7570765], [-61.5146248, 10.7565979], [-61.515069, 10.7563745], [-61.51543, 10.7561152], [-61.5156065, 10.7555998], [-61.5155823, 10.7549341], [-61.515651, 10.7545769], [-61.5158147, 10.7540631], [-61.5160641, 10.7538232], [-61.5164986, 10.7535954], [-61.5166743, 10.7535651], [-61.5168715, 10.7535822], [-61.5169157, 10.7536178], [-61.5169278, 10.7536757], [-61.5168339, 10.7539682], [-61.5168274, 10.7540967], [-61.5168446, 10.7541501], [-61.516909, 10.7542001], [-61.5170163, 10.7542186], [-61.5171665, 10.7541896], [-61.5174186, 10.7540947], [-61.5176654, 10.7539577], [-61.5178639, 10.7538549], [-61.5179363, 10.753797], [-61.5179577, 10.7537179], [-61.5179282, 10.7535255], [-61.5179497, 10.7533622], [-61.5180221, 10.7532251], [-61.5181214, 10.7531672], [-61.518352, 10.7531514], [-61.5184861, 10.7530986], [-61.5185773, 10.7529801], [-61.5186498, 10.7528799], [-61.5187302, 10.752843], [-61.519044, 10.7528694], [-61.5192559, 10.7528878], [-61.519323, 10.7528641], [-61.5193391, 10.7528062], [-61.5193096, 10.7527192], [-61.5193176, 10.7526915], [-61.5193498, 10.7526691], [-61.5194477, 10.7526573], [-61.5196046, 10.7526454], [-61.5199345, 10.7525558], [-61.5201089, 10.7525005], [-61.5203315, 10.7523951], [-61.520471, 10.7523503], [-61.520648, 10.7523266], [-61.5207312, 10.7522976], [-61.5208921, 10.7521658], [-61.520986, 10.7521184], [-61.5212086, 10.7520525], [-61.5214822, 10.7519497], [-61.5218094, 10.7517706], [-61.5221581, 10.751623], [-61.5224177, 10.7515169], [-61.5226302, 10.7514912], [-61.5230137, 10.7514675], [-61.5231612, 10.7513911], [-61.5232256, 10.7512844], [-61.5232511, 10.7511592], [-61.5232457, 10.7510841], [-61.5231988, 10.7510327], [-61.5230687, 10.7509919], [-61.5230553, 10.7509431], [-61.5231022, 10.7508944], [-61.5231881, 10.7508693], [-61.5232846, 10.7508693], [-61.5233704, 10.750901], [-61.5236735, 10.7510248], [-61.5237299, 10.7511118], [-61.5237325, 10.7511776], [-61.5235797, 10.7513305], [-61.5235689, 10.7514412], [-61.5236306, 10.7515993], [-61.5238854, 10.7518206], [-61.5242019, 10.7519049], [-61.5246217, 10.7519695], [-61.524902, 10.7519853], [-61.5250455, 10.7519418], [-61.525256, 10.7518338], [-61.5253539, 10.7517113], [-61.5254948, 10.751536], [-61.5255632, 10.7514807], [-61.5256758, 10.7514438], [-61.5257965, 10.751486], [-61.5258542, 10.7515927], [-61.5258864, 10.7516533], [-61.5259065, 10.7516796], [-61.5259467, 10.7516862], [-61.526164, 10.7516467], [-61.5262833, 10.7516203], [-61.5263303, 10.7516151], [-61.5263879, 10.7516454], [-61.5264094, 10.7517073], [-61.5263557, 10.7517692], [-61.526347, 10.7518153], [-61.5263705, 10.7518397], [-61.5264107, 10.7518496], [-61.5265127, 10.7518562], [-61.5265334, 10.7518918], [-61.5265294, 10.7519221], [-61.5264523, 10.7520024], [-61.5264201, 10.7520565], [-61.526408, 10.7521355], [-61.526455, 10.7522528], [-61.5265167, 10.7523463], [-61.5266334, 10.7524162], [-61.5267152, 10.7524188], [-61.5267876, 10.7524069], [-61.52686, 10.7523503], [-61.526915, 10.7522923], [-61.527025, 10.752258], [-61.5271993, 10.7522752], [-61.5275574, 10.7524109], [-61.52789, 10.7526085], [-61.5281421, 10.7527851], [-61.528362, 10.7528562], [-61.5287644, 10.752901], [-61.528932, 10.7530117], [-61.5290353, 10.7531197], [-61.529156, 10.7532712], [-61.5292472, 10.7533358], [-61.5293987, 10.7533846], [-61.5297836, 10.753428], [-61.5307251, 10.7535782], [-61.5314868, 10.7537732], [-61.5315431, 10.7538101], [-61.5315619, 10.7539076], [-61.53157, 10.7540262], [-61.5316585, 10.7541553], [-61.5319052, 10.7542792], [-61.5321248, 10.7543366], [-61.5322566, 10.7543371], [-61.5323424, 10.7542765], [-61.532439, 10.7542054], [-61.532608, 10.7541263], [-61.5327796, 10.7540894], [-61.5330103, 10.7540552], [-61.5332007, 10.7540104], [-61.5334046, 10.7539129], [-61.5336889, 10.753739], [-61.5351078, 10.7530143], [-61.5353881, 10.7527297], [-61.5354806, 10.7526098], [-61.5356214, 10.7525426], [-61.5357824, 10.7525479], [-61.5361364, 10.7526625], [-61.536552, 10.7527428], [-61.536693, 10.7526902], [-61.5367734, 10.7525901], [-61.5368244, 10.7524096], [-61.5367922, 10.7522765], [-61.5367574, 10.7520314], [-61.536811, 10.7518101], [-61.537037, 10.7515528], [-61.5374252, 10.751428], [-61.5380086, 10.7514227], [-61.5381749, 10.7514333], [-61.5383157, 10.7514306], [-61.5384773, 10.7513832], [-61.5386275, 10.7513094], [-61.5387784, 10.7512646], [-61.5389313, 10.7513147], [-61.5390319, 10.7514543], [-61.5391472, 10.7515228], [-61.5392585, 10.7515202], [-61.5393658, 10.7514662], [-61.5394235, 10.7514188], [-61.5394798, 10.751258], [-61.5395415, 10.7511711], [-61.5396367, 10.7511579], [-61.5397896, 10.7512172], [-61.5398861, 10.7512409], [-61.5399733, 10.7511935], [-61.540314, 10.7508733], [-61.5403354, 10.7508166], [-61.5403354, 10.7507481], [-61.5403073, 10.7506414], [-61.5402979, 10.7505136], [-61.5403837, 10.7504161], [-61.5405701, 10.7503634], [-61.5407927, 10.7504227], [-61.540931, 10.7505217], [-61.5411347, 10.7504951], [-61.5413412, 10.7503871], [-61.5415438, 10.7501855], [-61.5416242, 10.7500946], [-61.5416524, 10.7500103], [-61.5416577, 10.7498258], [-61.5416886, 10.7496111], [-61.5417691, 10.7494174], [-61.5420078, 10.7492132], [-61.5422438, 10.7491077], [-61.5424155, 10.7490458], [-61.5425268, 10.7489984], [-61.5425831, 10.7489391], [-61.5426046, 10.748835], [-61.5424892, 10.7486268], [-61.5425751, 10.7484977], [-61.542685, 10.7484252], [-61.5428486, 10.7484081], [-61.5436357, 10.748564], [-61.5440556, 10.7485109], [-61.5443909, 10.7483739], [-61.5446726, 10.7481183], [-61.544753, 10.7479549], [-61.5447933, 10.7477309], [-61.5448469, 10.7475649], [-61.5449515, 10.7474542], [-61.5453753, 10.7472566], [-61.5459171, 10.7469561], [-61.5463704, 10.7466821], [-61.5467915, 10.7464238], [-61.5470758, 10.7463474], [-61.5473118, 10.7463922], [-61.5474647, 10.7465661], [-61.5476766, 10.7470352], [-61.5477785, 10.7474147], [-61.5478107, 10.747723], [-61.5478081, 10.7480366], [-61.5478262, 10.7481604], [-61.5478597, 10.7482131], [-61.5479529, 10.7482408], [-61.548429, 10.7482961], [-61.5486623, 10.7484621], [-61.5487763, 10.7486031], [-61.5488863, 10.7487112], [-61.5490915, 10.748835], [-61.5492566, 10.7488811], [-61.5502125, 10.748983], [-61.5513915, 10.7492487], [-61.5517563, 10.7494411], [-61.5519467, 10.7496097], [-61.5521613, 10.7497758], [-61.5523517, 10.7498838], [-61.5527192, 10.7499629], [-61.5527862, 10.7500156], [-61.5527943, 10.7501236], [-61.5527299, 10.7502738], [-61.5527782, 10.7504082], [-61.5529203, 10.7505004], [-61.5532127, 10.7505663], [-61.5535238, 10.7506058], [-61.5537035, 10.75059], [-61.5538028, 10.750532], [-61.5538001, 10.7504714], [-61.5537009, 10.7504082], [-61.5535453, 10.7503318], [-61.5535198, 10.7502646], [-61.5535466, 10.7502158], [-61.5537706, 10.7500445], [-61.5538242, 10.7499181], [-61.5537518, 10.749752], [-61.5535909, 10.7496282], [-61.5533817, 10.7495149], [-61.5533307, 10.7494016], [-61.5533602, 10.7492751], [-61.5534997, 10.7491407], [-61.5537585, 10.7491077], [-61.5538511, 10.7491644], [-61.5538953, 10.7492421], [-61.5539262, 10.7493159], [-61.5539825, 10.7493291], [-61.5541059, 10.7492869], [-61.5542789, 10.7492039], [-61.554476, 10.7491499], [-61.5546799, 10.7491631], [-61.5550044, 10.7492013], [-61.5554376, 10.7491499], [-61.5555784, 10.749171], [-61.5557528, 10.7492342], [-61.5560478, 10.749308], [-61.5563053, 10.7493344], [-61.5564448, 10.7492975], [-61.5567237, 10.7491631], [-61.5571864, 10.7490287], [-61.557291, 10.7489799], [-61.5573084, 10.7489483], [-61.5572789, 10.7489088], [-61.5571073, 10.7488482], [-61.5570174, 10.7487889], [-61.5569946, 10.7487151], [-61.5570858, 10.7485623], [-61.5571958, 10.748416], [-61.5573084, 10.748366], [-61.5576679, 10.748366], [-61.5579763, 10.7484108], [-61.5582781, 10.7485623], [-61.5587488, 10.7491591], [-61.5587877, 10.7492645], [-61.5587769, 10.7493699], [-61.558793, 10.7494648], [-61.558852, 10.7495623], [-61.5589955, 10.7496071], [-61.5591712, 10.7496704], [-61.5593268, 10.7496414], [-61.5593791, 10.7495755], [-61.559355, 10.749474], [-61.5593, 10.7493963], [-61.5593053, 10.7493265], [-61.5593912, 10.7493014], [-61.5595092, 10.7493673], [-61.5596017, 10.7495043], [-61.5596902, 10.7497599], [-61.5598176, 10.7499721], [-61.5599142, 10.7500814], [-61.5600617, 10.7501368], [-61.5603192, 10.750146], [-61.5604949, 10.7501882], [-61.560739, 10.7502448], [-61.5610394, 10.7502698], [-61.5611829, 10.7502777], [-61.5612459, 10.7502988], [-61.5612687, 10.7503476], [-61.5612714, 10.75042], [-61.5612996, 10.7504846], [-61.5613613, 10.7505294], [-61.5614551, 10.750532], [-61.5618816, 10.7505531], [-61.5619393, 10.7505702], [-61.5619443, 10.7505933], [-61.5619393, 10.7506177], [-61.5618132, 10.7507323], [-61.5616228, 10.7509128], [-61.5615959, 10.7509682], [-61.561604, 10.7510801], [-61.5616952, 10.7512607], [-61.5617931, 10.7514517], [-61.5618749, 10.7514978], [-61.5619674, 10.7515018], [-61.5620559, 10.7514675], [-61.5623242, 10.7513516], [-61.562748, 10.7512251], [-61.5634292, 10.7511039], [-61.5639067, 10.7510854], [-61.5644082, 10.7510327], [-61.5646094, 10.7509668], [-61.5647784, 10.7508562], [-61.5649098, 10.7508008], [-61.5651217, 10.7507903], [-61.5653658, 10.750785], [-61.5655616, 10.7507112], [-61.5656877, 10.7505979], [-61.5657493, 10.7504398], [-61.565693, 10.7501974], [-61.5656769, 10.7500656], [-61.5657038, 10.7499576], [-61.5657708, 10.749868], [-61.5658888, 10.74981], [-61.5661021, 10.7497718], [-61.5663878, 10.7497654], [-61.566609, 10.7497046], [-61.5666841, 10.7496348], [-61.5667096, 10.7495491], [-61.5666868, 10.7494292], [-61.5667002, 10.7493067], [-61.566841, 10.7489905], [-61.5668665, 10.7488614], [-61.5668249, 10.7486189], [-61.5667284, 10.7484055], [-61.5666586, 10.7482289], [-61.5666828, 10.7481393], [-61.5667793, 10.7480959], [-61.5668638, 10.7481341], [-61.5669402, 10.7482474], [-61.5670435, 10.7483673], [-61.5671548, 10.748445], [-61.567293, 10.7484674], [-61.5674163, 10.7485017], [-61.5675679, 10.7485175], [-61.5677382, 10.7484727], [-61.5678951, 10.7484898], [-61.56804, 10.748561], [-61.5682036, 10.7486347], [-61.5684503, 10.7486374], [-61.5686435, 10.7485531], [-61.5688446, 10.7483976], [-61.5690082, 10.7482895], [-61.5691558, 10.7482184], [-61.569264, 10.7481535], [-61.5695469, 10.7479912], [-61.5695983, 10.7479206], [-61.5696037, 10.7478442], [-61.5695447, 10.747773], [-61.5693972, 10.7477335], [-61.5691263, 10.7476755], [-61.5690851, 10.7476549], [-61.5690753, 10.7476149], [-61.5690861, 10.7475759], [-61.5691236, 10.747557], [-61.5695393, 10.7475069], [-61.5695983, 10.74747], [-61.5697244, 10.7473093], [-61.5697861, 10.7472262], [-61.5698169, 10.7471406], [-61.5697941, 10.7470194], [-61.569719, 10.746881], [-61.5697029, 10.7467585], [-61.5697432, 10.7466524], [-61.5698538, 10.746576], [-61.5712385, 10.7461103], [-61.5716113, 10.7460088], [-61.5719533, 10.7459574], [-61.57223, 10.7459381], [-61.5725675, 10.7459706], [-61.5728451, 10.7460101], [-61.5729792, 10.7460062], [-61.5731201, 10.7459429], [-61.5734956, 10.7457216], [-61.5740052, 10.7451669], [-61.5741071, 10.7450812], [-61.5742064, 10.7450496], [-61.5745389, 10.7449995], [-61.5747294, 10.7449455], [-61.5748943, 10.7448651], [-61.5751679, 10.7447347], [-61.5755106, 10.7445832], [-61.5756514, 10.7445443], [-61.5758432, 10.744485], [-61.5760396, 10.7444488], [-61.576218, 10.7444158], [-61.5764701, 10.7443619], [-61.5767102, 10.7443368], [-61.576969, 10.7443236], [-61.57737, 10.7443117], [-61.5775692, 10.744319], [-61.5777422, 10.7443671], [-61.5779614, 10.7444764], [-61.5781747, 10.7445041], [-61.5783048, 10.7444764], [-61.5789324, 10.7441774], [-61.579037, 10.7441734], [-61.5791376, 10.7441918], [-61.5792583, 10.7443131], [-61.5793119, 10.7444376], [-61.5793093, 10.7444949], [-61.5792871, 10.7445588], [-61.579269, 10.7446148], [-61.5792207, 10.7447274], [-61.5792241, 10.7447854], [-61.5792502, 10.7448487], [-61.5793347, 10.7449238], [-61.5793857, 10.7450186], [-61.5793904, 10.7451412], [-61.5793703, 10.745242], [-61.5793354, 10.7453421], [-61.5793046, 10.7454804], [-61.5793173, 10.7455898], [-61.5793522, 10.745661], [-61.5794574, 10.7457011], [-61.5795486, 10.7456913], [-61.5796338, 10.7456563], [-61.5797076, 10.7456083], [-61.5798377, 10.7455635], [-61.579957, 10.7455193], [-61.5800891, 10.7455121], [-61.5802319, 10.7455588], [-61.5803647, 10.7456504], [-61.5805411, 10.745742], [-61.5806785, 10.7458171], [-61.5807892, 10.7458303], [-61.5808998, 10.7458125], [-61.5810829, 10.7457697], [-61.5812901, 10.7456992], [-61.581567, 10.7456787], [-61.581734, 10.7456629], [-61.5819774, 10.7456708], [-61.5820887, 10.7456794], [-61.5821739, 10.745767], [-61.5822134, 10.7458401], [-61.5822262, 10.74591], [-61.5821718, 10.7460141], [-61.5821397, 10.7461537], [-61.5821712, 10.7462631], [-61.5823566, 10.7464728], [-61.5829289, 10.7465424], [-61.5834948, 10.7462552], [-61.5836826, 10.7459232], [-61.5840072, 10.7458651], [-61.5843102, 10.7460286], [-61.5843076, 10.746437], [-61.5843532, 10.7466267], [-61.5844792, 10.7467427], [-61.5853027, 10.7471564], [-61.5855736, 10.7471274], [-61.5858096, 10.7470247], [-61.5859504, 10.7469219], [-61.5861918, 10.7467967], [-61.5863541, 10.7467664], [-61.5866531, 10.746777], [-61.5867356, 10.7467434], [-61.5867712, 10.7466755], [-61.5867403, 10.7465134], [-61.5867658, 10.7464713], [-61.5868342, 10.7464634], [-61.5870642, 10.746561], [-61.5871762, 10.746553], [-61.5872809, 10.7464904], [-61.5875208, 10.7462723], [-61.5876737, 10.7460958], [-61.5878601, 10.745906], [-61.5880251, 10.7458441], [-61.5882276, 10.7457901], [-61.5883134, 10.7457354], [-61.5883295, 10.745655], [-61.5883, 10.7455859], [-61.5882182, 10.7454758], [-61.5882115, 10.7454146], [-61.5882638, 10.7453698], [-61.5884221, 10.7453671], [-61.5885361, 10.7453988], [-61.5886849, 10.7454646], [-61.5887788, 10.745489], [-61.5888572, 10.7454752], [-61.588929, 10.7454363], [-61.5890081, 10.7454225], [-61.5890859, 10.7454422], [-61.5892603, 10.7455042], [-61.589338, 10.7455793], [-61.5893944, 10.7456755], [-61.5894306, 10.7457618], [-61.5894809, 10.7457993], [-61.5895875, 10.745823], [-61.5897122, 10.7458448], [-61.5898275, 10.7458691], [-61.5899442, 10.7458784], [-61.5900622, 10.7458322], [-61.5903546, 10.7455782], [-61.5905155, 10.745545], [-61.5906784, 10.7455471], [-61.5909268, 10.7456852], [-61.5911376, 10.7457335], [-61.5912942, 10.7456815], [-61.5914731, 10.7455938], [-61.5916863, 10.7455239], [-61.5919277, 10.7455121], [-61.5925672, 10.7455669], [-61.5931739, 10.7455498], [-61.593411, 10.74552], [-61.5935478, 10.7455474], [-61.5936578, 10.745628], [-61.5937087, 10.7457835], [-61.593647, 10.7460154], [-61.5936255, 10.7461735], [-61.5936846, 10.7462789], [-61.593816, 10.7462894], [-61.5939233, 10.7462078], [-61.594169, 10.7459403], [-61.5943296, 10.74591], [-61.5944865, 10.7459535], [-61.5946032, 10.7460417], [-61.5947212, 10.7460747], [-61.5948251, 10.7460924], [-61.5949183, 10.7461405], [-61.594968, 10.7461933], [-61.595035, 10.7463039], [-61.5950793, 10.7463738], [-61.5951115, 10.7463804], [-61.5951651, 10.7463711], [-61.5952349, 10.7463369], [-61.5953054, 10.7462939], [-61.5954374, 10.7461906], [-61.5955058, 10.7461392], [-61.5955903, 10.7461379], [-61.5956439, 10.7461906], [-61.5956613, 10.7462143], [-61.5956707, 10.7462657], [-61.5956707, 10.7463725], [-61.5957043, 10.7464265], [-61.5957901, 10.7464528], [-61.5959108, 10.7464739], [-61.5960181, 10.7464686], [-61.5961227, 10.7463922], [-61.5963748, 10.7461234], [-61.5967074, 10.7459548], [-61.5968469, 10.7459153], [-61.5969783, 10.7458257], [-61.5970722, 10.7458019], [-61.5971339, 10.7458309], [-61.5971983, 10.7458968], [-61.5972734, 10.7459442], [-61.597319, 10.7459521], [-61.5974799, 10.7459469], [-61.597673, 10.7459153], [-61.5980029, 10.7458968], [-61.5981209, 10.7459179], [-61.598188, 10.7461919], [-61.5983377, 10.7462542], [-61.5986252, 10.7461735], [-61.5988639, 10.746213], [-61.5990222, 10.746242], [-61.5993199, 10.7462447], [-61.5995444, 10.7463121], [-61.5998429, 10.7464423], [-61.6000816, 10.7464976], [-61.6003847, 10.7464449], [-61.6005215, 10.7464739], [-61.6007066, 10.7464792], [-61.6011205, 10.7463235], [-61.6015325, 10.7462734], [-61.6019082, 10.7463342], [-61.6020858, 10.7464426], [-61.6021333, 10.7466847], [-61.6021829, 10.746831], [-61.6023159, 10.7469588], [-61.6025546, 10.7469772], [-61.602729, 10.74708], [-61.6029382, 10.7474173], [-61.6031367, 10.7475016], [-61.6048291, 10.7477599], [-61.605151, 10.7477757], [-61.6054943, 10.7476834], [-61.6067898, 10.7469219], [-61.606953, 10.7468763], [-61.6071029, 10.7468992], [-61.6073126, 10.7470041], [-61.6077488, 10.7472877], [-61.6080296, 10.7477009], [-61.6081651, 10.7481175], [-61.6085392, 10.7482764], [-61.6087956, 10.7482764], [-61.6094855, 10.7480975], [-61.6097859, 10.74786], [-61.6099736, 10.7477414], [-61.6100621, 10.7476808], [-61.6101319, 10.7476018], [-61.6101828, 10.7474674], [-61.6102257, 10.747362], [-61.6102794, 10.747304], [-61.6103733, 10.7472592], [-61.6104993, 10.7472249], [-61.6106442, 10.7472407], [-61.6108047, 10.747261], [-61.6109902, 10.7472961], [-61.6111591, 10.7473251], [-61.6112933, 10.7473593], [-61.6114247, 10.7474357], [-61.6115508, 10.7475675], [-61.6116634, 10.7476307], [-61.6117626, 10.7476413], [-61.6118512, 10.7476149], [-61.6119638, 10.7475517], [-61.6121328, 10.7474726], [-61.6122454, 10.7474331], [-61.6125137, 10.7473145], [-61.6126692, 10.7472249], [-61.6128811, 10.7470405], [-61.6135128, 10.7467419], [-61.6138124, 10.7466679], [-61.6141491, 10.7465791], [-61.6143322, 10.7464845], [-61.6144663, 10.7463158], [-61.614579, 10.7460628], [-61.6147614, 10.7457888], [-61.614992, 10.7454778], [-61.6152602, 10.7451089], [-61.6155016, 10.7447769], [-61.6156787, 10.7446187], [-61.6158772, 10.7444448], [-61.6160488, 10.7442656], [-61.6161454, 10.7440706], [-61.6161829, 10.7439231], [-61.6162473, 10.7436859], [-61.6163653, 10.7434487], [-61.6164941, 10.7433012], [-61.6165692, 10.7432379], [-61.6168106, 10.7431325], [-61.6170198, 10.743064], [-61.6172344, 10.7429849], [-61.6174114, 10.7428901], [-61.6175616, 10.7428163], [-61.6176045, 10.7427847], [-61.6176689, 10.7426687], [-61.6176957, 10.7424895], [-61.6177225, 10.7422945], [-61.6177547, 10.7421417], [-61.6178244, 10.7420178], [-61.6179478, 10.7419308], [-61.6181302, 10.7418729], [-61.6184682, 10.7417596], [-61.6187096, 10.7416541], [-61.6189215, 10.7415039], [-61.6191012, 10.7413432], [-61.619347, 10.7409798], [-61.6195411, 10.7408293], [-61.6198012, 10.7407186], [-61.6199434, 10.7406291], [-61.6200614, 10.7405078], [-61.6201901, 10.7404841], [-61.6203055, 10.7405711], [-61.6204369, 10.7406712], [-61.6206542, 10.7406949], [-61.62081, 10.7406199], [-61.6209338, 10.7403421], [-61.6210163, 10.740239], [-61.6210941, 10.7400836], [-61.6210753, 10.7399623], [-61.6208875, 10.7398543], [-61.61977, 10.73958], [-61.6189615, 10.7393283], [-61.6188512, 10.7390362], [-61.6188521, 10.7387846], [-61.61891, 10.7385662], [-61.619238, 10.7383206], [-61.6194284, 10.7382205], [-61.6194901, 10.7381757], [-61.6196027, 10.7381335], [-61.6197073, 10.7380834], [-61.6198307, 10.7379569], [-61.6198741, 10.7377733], [-61.6199568, 10.7375801], [-61.619989, 10.7374905], [-61.6200131, 10.7374246], [-61.6199917, 10.7373877], [-61.6199434, 10.7373719], [-61.6197583, 10.7374404], [-61.6196403, 10.7374246], [-61.6195652, 10.7373983], [-61.6195491, 10.7373719], [-61.6195571, 10.7373324], [-61.6196805, 10.7372507], [-61.619769, 10.7371558], [-61.6199246, 10.7369371], [-61.6200104, 10.7369265], [-61.6200775, 10.7369977], [-61.6201553, 10.7372322], [-61.6202009, 10.7372823], [-61.6202599, 10.7373139], [-61.6204664, 10.7374141], [-61.6205925, 10.737472], [-61.6207105, 10.7374536], [-61.6208178, 10.7373877], [-61.6208446, 10.7372639], [-61.6208339, 10.7371532], [-61.6208741, 10.7369792], [-61.6209412, 10.7367921], [-61.6208982, 10.7367078], [-61.6208366, 10.7366709], [-61.6206703, 10.7367579], [-61.6204771, 10.7368817], [-61.6203699, 10.7368949], [-61.6203216, 10.7368264], [-61.620394, 10.7365471], [-61.6204664, 10.736468], [-61.6205657, 10.7363969], [-61.6207802, 10.7363916], [-61.6211182, 10.7363916], [-61.6214025, 10.7364021], [-61.6215742, 10.7364759], [-61.6216117, 10.7365708], [-61.6215983, 10.7367157], [-61.6216466, 10.7367526], [-61.6221133, 10.7368001], [-61.6221578, 10.7367748], [-61.6222957, 10.7365497], [-61.6223815, 10.736468], [-61.6224915, 10.7364311], [-61.6226256, 10.7363995], [-61.6227087, 10.7363863], [-61.6228482, 10.7363705], [-61.6231191, 10.7364285], [-61.6233766, 10.7364206], [-61.6239533, 10.7364285], [-61.6241223, 10.7364548], [-61.6242591, 10.7365023], [-61.6242993, 10.7365813], [-61.6243047, 10.7367052], [-61.624251, 10.7368264], [-61.6242537, 10.7369186], [-61.6243315, 10.7370214], [-61.6245686, 10.7370512], [-61.6248626, 10.7370109], [-61.624943, 10.7370214], [-61.6250369, 10.7371005], [-61.6251361, 10.7371953], [-61.6252247, 10.7372691], [-61.6252166, 10.7373535], [-61.6251361, 10.7374457], [-61.6251147, 10.737559], [-61.6251308, 10.7376354], [-61.6251909, 10.737681], [-61.6253089, 10.7377206], [-61.6254044, 10.7376918], [-61.6254565, 10.7376437], [-61.6255277, 10.7375511], [-61.6255814, 10.737501], [-61.6256378, 10.7374763], [-61.6257434, 10.7374765], [-61.6258312, 10.7374662], [-61.6259808, 10.7374091], [-61.6260388, 10.7373625], [-61.6260492, 10.7373229], [-61.6259189, 10.7372726], [-61.6257791, 10.7371611], [-61.6255304, 10.7368659], [-61.6254365, 10.7367078], [-61.6254151, 10.7366129], [-61.6254339, 10.7365418], [-61.6254902, 10.7364443], [-61.6256377, 10.7363336], [-61.6258657, 10.7362651], [-61.6262161, 10.7361497], [-61.6263673, 10.73602], [-61.6263834, 10.7358724], [-61.6263109, 10.7357433], [-61.6262144, 10.7355773], [-61.6261822, 10.7354903], [-61.6262063, 10.7354192], [-61.6263002, 10.7353559], [-61.6265228, 10.7352189], [-61.6267562, 10.7351109], [-61.6269252, 10.735095], [-61.6270861, 10.7350898], [-61.6272765, 10.7350133], [-61.6273704, 10.7349343], [-61.6274402, 10.734763], [-61.6274938, 10.7346181], [-61.627467, 10.7344995], [-61.6273892, 10.7344046], [-61.6272497, 10.7342807], [-61.6271371, 10.7342307], [-61.6271129, 10.7341753], [-61.627121, 10.7341226], [-61.6271639, 10.7340752], [-61.6272926, 10.7340067], [-61.6274348, 10.7339408], [-61.6275635, 10.7339013], [-61.6279525, 10.7338538], [-61.6280919, 10.7338038], [-61.6282234, 10.7337194], [-61.6283387, 10.733643], [-61.6285018, 10.7335748], [-61.6287652, 10.733477], [-61.6290699, 10.7334061], [-61.6291541, 10.7333294], [-61.6292118, 10.7331555], [-61.6293244, 10.7329934], [-61.6294236, 10.7329223], [-61.6295122, 10.7328722], [-61.6296114, 10.7328709], [-61.6297388, 10.7329565], [-61.6298501, 10.732975], [-61.6299386, 10.732946], [-61.6299789, 10.7328761], [-61.6299695, 10.7327892], [-61.6299239, 10.7326759], [-61.6299118, 10.732577], [-61.629944, 10.7325125], [-61.6300406, 10.7324848], [-61.6302444, 10.7324861], [-61.6302887, 10.7324532], [-61.6303115, 10.7323293], [-61.630345, 10.7322634], [-61.6304375, 10.7322265], [-61.6305274, 10.7322344], [-61.6306387, 10.7322977], [-61.6307205, 10.7324756], [-61.630801, 10.732581], [-61.6308791, 10.7327362], [-61.6309029, 10.7328946], [-61.6309686, 10.7329631], [-61.6310558, 10.7329934], [-61.6313026, 10.7330016], [-61.631505, 10.7329631], [-61.6315895, 10.7329143], [-61.631666, 10.7328366], [-61.6317129, 10.7327694], [-61.6317223, 10.732689], [-61.6316861, 10.7326166], [-61.6315681, 10.7325467], [-61.6314299, 10.732498], [-61.6313535, 10.7325032], [-61.6312824, 10.7325243], [-61.6311952, 10.7325573], [-61.6311108, 10.7325665], [-61.6310236, 10.7325401], [-61.6309619, 10.7324782], [-61.6309485, 10.7323754], [-61.6309914, 10.7321593], [-61.6310021, 10.7318062], [-61.6310343, 10.7316455], [-61.6311443, 10.7314847], [-61.6312945, 10.7314215], [-61.6317129, 10.7313925], [-61.6320013, 10.731349], [-61.6321193, 10.7312831], [-61.6321434, 10.7311698], [-61.6321059, 10.7310881], [-61.631961, 10.7310183], [-61.6319329, 10.7309537], [-61.6319798, 10.7308878], [-61.63224, 10.7307442], [-61.6323942, 10.7306612], [-61.6325109, 10.7305834], [-61.6325954, 10.7305729], [-61.6327778, 10.7306335], [-61.6329306, 10.7306388], [-61.6330701, 10.7305861], [-61.633215, 10.7305202], [-61.633392, 10.73042], [-61.633518, 10.7304121], [-61.6336522, 10.7304727], [-61.6337138, 10.7306203], [-61.633738, 10.7308022], [-61.6338238, 10.7310499], [-61.6339579, 10.7311447], [-61.6341899, 10.7312343], [-61.6344005, 10.731316], [-61.6347036, 10.7313371], [-61.6350603, 10.7312923], [-61.6354546, 10.7312923], [-61.6366187, 10.7311269], [-61.6368934, 10.73093], [-61.6370554, 10.7306343], [-61.6370256, 10.7303075], [-61.6371551, 10.7300722], [-61.6372426, 10.7297272], [-61.6370156, 10.7293369], [-61.6368815, 10.7289285], [-61.6368252, 10.7286992], [-61.636785, 10.7285569], [-61.6367796, 10.7284277], [-61.6368386, 10.7281932], [-61.6369566, 10.7280324], [-61.6371337, 10.7278875], [-61.6372758, 10.7277689], [-61.6374555, 10.7276767], [-61.6375896, 10.7276582], [-61.6377506, 10.7276819], [-61.6380161, 10.7277557], [-61.6382736, 10.7278532], [-61.6384318, 10.727927], [-61.6387449, 10.7280335], [-61.6389544, 10.7280238], [-61.6391078, 10.7279139], [-61.6392821, 10.7279112], [-61.6393867, 10.7278137], [-61.6394114, 10.7276319], [-61.6394764, 10.7274783], [-61.63967, 10.7271683], [-61.6397113, 10.7270416], [-61.6396735, 10.7269554], [-61.6395507, 10.7269807], [-61.6395292, 10.7267823], [-61.6396432, 10.7265738], [-61.6398063, 10.7265957], [-61.6399286, 10.7266529], [-61.6400638, 10.7266342], [-61.640222, 10.7265422], [-61.6404511, 10.7264979], [-61.6405844, 10.726543], [-61.6407206, 10.7265517], [-61.6408534, 10.7265388], [-61.64088, 10.7264597], [-61.6407775, 10.7263577], [-61.6407493, 10.726243], [-61.6407676, 10.7261305], [-61.6408209, 10.7258243], [-61.6409022, 10.7254867], [-61.6410615, 10.7253489], [-61.6412874, 10.7251686], [-61.6414628, 10.7249077], [-61.6415851, 10.7245014], [-61.6417342, 10.7240004], [-61.6418576, 10.7237471], [-61.64199, 10.72344], [-61.6426368, 10.7215202], [-61.6428208, 10.7213276], [-61.642953, 10.7212643], [-61.6430936, 10.7212925], [-61.64325, 10.7212614], [-61.6434747, 10.7210554], [-61.6436172, 10.7207565], [-61.6436332, 10.720498], [-61.643685, 10.7203501], [-61.643626, 10.7202703], [-61.6434939, 10.7203071], [-61.6434771, 10.7201261], [-61.6437322, 10.7200207], [-61.6439409, 10.7198602], [-61.6442971, 10.7194246], [-61.6444859, 10.7192778], [-61.6443776, 10.7190358], [-61.6445527, 10.7188906], [-61.6446806, 10.7189362], [-61.6448858, 10.7189599], [-61.6450604, 10.7189138], [-61.6452895, 10.7187212], [-61.6455719, 10.7186811], [-61.6457761, 10.7186281], [-61.6458919, 10.7186764], [-61.64608, 10.718734], [-61.6462934, 10.7187555], [-61.6465448, 10.7187807], [-61.6467708, 10.7186927], [-61.6469157, 10.7185715], [-61.6470578, 10.7185135], [-61.6473476, 10.7184126], [-61.6474952, 10.7182552], [-61.6476091, 10.7182442], [-61.6477228, 10.7182729], [-61.647841, 10.7182789], [-61.648053, 10.7182223], [-61.6483684, 10.7181936], [-61.6485515, 10.7182485], [-61.648808, 10.7182289], [-61.648993, 10.7182447], [-61.6491218, 10.7182552], [-61.6491929, 10.7182697], [-61.6492284, 10.718298], [-61.6493357, 10.7183712], [-61.6493692, 10.718383], [-61.6494041, 10.718383], [-61.6494852, 10.7183409], [-61.6497334, 10.7182149], [-61.6507704, 10.7177432], [-61.6507985, 10.7177039], [-61.6507868, 10.7176477], [-61.6506435, 10.7175363], [-61.6506014, 10.7174478], [-61.6506479, 10.7173486], [-61.6507524, 10.7173007], [-61.6509111, 10.7173002], [-61.6511024, 10.7172791], [-61.6514218, 10.7173107], [-61.6516783, 10.7172793], [-61.6518483, 10.7171615], [-61.651991, 10.716737], [-61.6520065, 10.7162655], [-61.6519475, 10.7158372], [-61.6518724, 10.7153246], [-61.6519234, 10.7152087], [-61.6520065, 10.7151454], [-61.6521004, 10.7151507], [-61.6521755, 10.7152166], [-61.6523445, 10.7155407], [-61.6525188, 10.7158939], [-61.6527361, 10.716139], [-61.6529667, 10.7163603], [-61.6532269, 10.7166226], [-61.6534656, 10.7168993], [-61.6536427, 10.7169836], [-61.6539989, 10.7170624], [-61.6543454, 10.7171062], [-61.6547161, 10.7171576], [-61.6553043, 10.7171562], [-61.6554183, 10.7171365], [-61.655602, 10.7170877], [-61.6557589, 10.7170126], [-61.6558957, 10.7169256], [-61.6561438, 10.7168018], [-61.6562618, 10.7167649], [-61.6564254, 10.7167741], [-61.6565877, 10.7167715], [-61.6566548, 10.7167965], [-61.6567057, 10.7168492], [-61.6567795, 10.7168927], [-61.6568747, 10.7168993], [-61.6570102, 10.7168729], [-61.6571175, 10.7168439], [-61.6571791, 10.7167991], [-61.6571698, 10.7167333], [-61.6570947, 10.7166832], [-61.657033, 10.7166568], [-61.6570129, 10.7166054], [-61.6570249, 10.7165514], [-61.6570833, 10.7165185], [-61.6571282, 10.7165165], [-61.657267, 10.7165017], [-61.65732, 10.7164888], [-61.6573465, 10.716473], [-61.6573753, 10.7164351], [-61.6573739, 10.7164127], [-61.6573656, 10.7163847], [-61.6573371, 10.7163686], [-61.6572509, 10.7163735], [-61.6571818, 10.716363], [-61.6571624, 10.7163346], [-61.6571677, 10.7163063], [-61.657208, 10.716274], [-61.65732, 10.7162398], [-61.6574232, 10.7162193], [-61.6576499, 10.716251], [-61.6578604, 10.7162681], [-61.6582239, 10.7162918], [-61.6586611, 10.7162945], [-61.6590326, 10.7163353], [-61.6592015, 10.7163946], [-61.659341, 10.716417], [-61.6594456, 10.7164025], [-61.6595717, 10.7163709], [-61.6596428, 10.7162918], [-61.6596562, 10.7161864], [-61.6596642, 10.7157489], [-61.6597098, 10.7154511], [-61.6597876, 10.7153325], [-61.6599298, 10.7152324], [-61.660029, 10.7152271], [-61.6601541, 10.7152857], [-61.6603203, 10.7152679], [-61.6604756, 10.7151955], [-61.6605332, 10.7150729], [-61.6605011, 10.7148252], [-61.6603602, 10.7145248], [-61.6604246, 10.7143614], [-61.6606271, 10.7142665], [-61.6608457, 10.7143363], [-61.661122, 10.7144141], [-61.6613272, 10.7144945], [-61.6614117, 10.7145432], [-61.6615431, 10.7146368], [-61.6617207, 10.7146567], [-61.661806, 10.7146341], [-61.6618864, 10.7145287], [-61.66188, 10.7144068], [-61.6619267, 10.7142296], [-61.6620527, 10.7140978], [-61.6623502, 10.714019], [-61.6625324, 10.7140006], [-61.6626897, 10.7139568], [-61.6627434, 10.7138646], [-61.6627541, 10.713802], [-61.6627461, 10.7137526], [-61.6626751, 10.7137045], [-61.6625214, 10.7137289], [-61.6624685, 10.7137282], [-61.6624323, 10.7136906], [-61.6624041, 10.7136386], [-61.6624074, 10.7135898], [-61.6624349, 10.7135319], [-61.6627363, 10.7134079], [-61.6628674, 10.7133711], [-61.6629104, 10.7133428], [-61.6629204, 10.7133065], [-61.6629097, 10.7131385], [-61.6629265, 10.7130232], [-61.6629975, 10.7129718], [-61.663084, 10.7129369], [-61.6631685, 10.712954], [-61.6633268, 10.7130252], [-61.6635259, 10.7130759], [-61.6635601, 10.7131095], [-61.6635615, 10.7131523], [-61.6635206, 10.7131985], [-61.6635155, 10.7132196], [-61.6635226, 10.7132485], [-61.6636071, 10.7133862], [-61.6636339, 10.7134969], [-61.6636406, 10.7136024], [-61.6636265, 10.7137565], [-61.6636547, 10.7138204], [-61.6636962, 10.7138547], [-61.6639044, 10.713924], [-61.664193, 10.7140023], [-61.6646233, 10.7140432], [-61.6653049, 10.7140543], [-61.6658494, 10.7140385], [-61.6661659, 10.7140148], [-61.6664797, 10.7139753], [-61.6668311, 10.713941], [-61.6671503, 10.7138778], [-61.6675097, 10.7137196], [-61.6675767, 10.7136577], [-61.6675888, 10.7135905], [-61.6675553, 10.7134996], [-61.6674654, 10.713435], [-61.6673286, 10.7133849], [-61.6672549, 10.7133164], [-61.6672508, 10.7132242], [-61.6672991, 10.7131056], [-61.6674185, 10.7130186], [-61.6676357, 10.7130002], [-61.6677967, 10.7129158], [-61.6678986, 10.7127761], [-61.6679335, 10.7126681], [-61.6678986, 10.7125284], [-61.667794, 10.712423], [-61.6676599, 10.7122728], [-61.6676357, 10.7121515], [-61.6677001, 10.711946], [-61.6678423, 10.7118116], [-61.6680676, 10.7117905], [-61.6682151, 10.7118221], [-61.6683519, 10.7119196], [-61.6684922, 10.7120869], [-61.668632, 10.7122114], [-61.6690318, 10.7123861], [-61.6692576, 10.7125469], [-61.6693832, 10.7126549], [-61.6694888, 10.7126901], [-61.6695998, 10.7126786], [-61.6696568, 10.7126654], [-61.6696984, 10.7126075], [-61.6696984, 10.7125244], [-61.6696702, 10.7124665], [-61.6696018, 10.7124111], [-61.6695408, 10.7123602], [-61.6694704, 10.712311], [-61.6694422, 10.7122721], [-61.6694389, 10.7122293], [-61.6694905, 10.7121568], [-61.6694885, 10.7121179], [-61.6694462, 10.7120725], [-61.6693148, 10.7120066], [-61.669296, 10.7119618], [-61.6693262, 10.7118748], [-61.6693591, 10.711801], [-61.6693969, 10.7117832], [-61.6694368, 10.7117905], [-61.6696078, 10.7118629], [-61.6696608, 10.7118676], [-61.6696776, 10.7118491], [-61.6696836, 10.7118274], [-61.6696595, 10.7117931], [-61.6695777, 10.7117094], [-61.6695676, 10.7116666], [-61.6695783, 10.7116271], [-61.6699263, 10.7111843], [-61.670098, 10.7108845], [-61.6701637, 10.710847], [-61.670212, 10.7108338], [-61.6703025, 10.7108338], [-61.6703757, 10.7108466], [-61.6705687, 10.7108984], [-61.6706163, 10.7108931], [-61.6706579, 10.7108641], [-61.6707049, 10.7107896], [-61.6707364, 10.7107514], [-61.6707893, 10.7107172], [-61.6708433, 10.7107017], [-61.6708769, 10.7106767], [-61.6708805, 10.7106256], [-61.6708584, 10.7105729], [-61.670783, 10.7105044], [-61.6705052, 10.7102053], [-61.6704349, 10.7097398], [-61.6703199, 10.7090943], [-61.6703545, 10.7087072], [-61.6704574, 10.7084539], [-61.6704712, 10.7081083], [-61.6705629, 10.7079681], [-61.6705432, 10.707903], [-61.6704736, 10.7077587], [-61.6705567, 10.7076957], [-61.6708195, 10.7076554], [-61.6710314, 10.7077634], [-61.6711199, 10.7077239]]], [[[-61.6694657, 10.7002166], [-61.6694617, 10.7001474], [-61.6694288, 10.7001138], [-61.6693007, 10.7001131], [-61.6692082, 10.700179], [-61.6691317, 10.700239], [-61.669066, 10.7002851], [-61.6689835, 10.7003167], [-61.6688984, 10.7003457], [-61.668773, 10.7004011], [-61.6686919, 10.7004274], [-61.6686637, 10.7004775], [-61.6686677, 10.7005302], [-61.6686999, 10.7005836], [-61.6687703, 10.7006317], [-61.6688602, 10.7006304], [-61.6689232, 10.7005856], [-61.6689856, 10.7005216], [-61.6690908, 10.7004808], [-61.669112, 10.7004887], [-61.6691277, 10.7005184], [-61.6691083, 10.7005678], [-61.669113, 10.7005875], [-61.6691314, 10.7005915], [-61.6692055, 10.7005757], [-61.6692618, 10.700577], [-61.6693121, 10.7005388], [-61.6693443, 10.700488], [-61.6693269, 10.7004294], [-61.6693041, 10.7003569], [-61.6693108, 10.7003121], [-61.6693523, 10.7002684], [-61.6694268, 10.7002614], [-61.6694657, 10.7002166]]], [[[-61.6662536, 10.6655411], [-61.6662047, 10.6654298], [-61.6661998, 10.6653995], [-61.6660825, 10.665316], [-61.6659924, 10.6652577], [-61.6660259, 10.6651974], [-61.666006, 10.6651501], [-61.6659721, 10.665108], [-61.665923, 10.6650759], [-61.6659505, 10.6650289], [-61.6660082, 10.6649532], [-61.6661058, 10.6647415], [-61.6661293, 10.6646589], [-61.6660964, 10.6645072], [-61.6658804, 10.66431], [-61.6658016, 10.6643014], [-61.6654324, 10.6642783], [-61.6653587, 10.6642737], [-61.6653093, 10.6642706], [-61.6649663, 10.6641613], [-61.6647203, 10.6640736], [-61.6645472, 10.6640108], [-61.6643425, 10.6640276], [-61.6639946, 10.6642971], [-61.6638479, 10.6643427], [-61.6636252, 10.6643461], [-61.6634764, 10.6642678], [-61.6631739, 10.6642283], [-61.6626696, 10.6642463], [-61.6621537, 10.664264], [-61.6619059, 10.6643412], [-61.6617248, 10.6645306], [-61.6616881, 10.6646015], [-61.6616103, 10.6644987], [-61.6614994, 10.6644165], [-61.6613911, 10.6643877], [-61.6608776, 10.6644527], [-61.6608008, 10.6645687], [-61.6605928, 10.6645858], [-61.66051, 10.6644982], [-61.6602578, 10.6645648], [-61.6601447, 10.6645649], [-61.6600892, 10.6643252], [-61.6599631, 10.6641114], [-61.659985, 10.6640324], [-61.6600464, 10.6640228], [-61.6602733, 10.6640278], [-61.6604309, 10.6639982], [-61.6605712, 10.6639278], [-61.6605885, 10.6638641], [-61.6606086, 10.6636589], [-61.660476, 10.6634792], [-61.6603121, 10.6633236], [-61.6600409, 10.6632074], [-61.6597675, 10.6631026], [-61.6594278, 10.6630713], [-61.6591431, 10.6631071], [-61.65894, 10.6632201], [-61.6588044, 10.6632555], [-61.6586055, 10.6631598], [-61.6584752, 10.6630416], [-61.6582995, 10.6630299], [-61.6581195, 10.6631403], [-61.6578818, 10.6631921], [-61.6572828, 10.663123], [-61.6571476, 10.6631581], [-61.6570114, 10.6629396], [-61.6563475, 10.6627921], [-61.6560947, 10.6626904], [-61.65597, 10.6626756], [-61.6556109, 10.6627435], [-61.6554877, 10.6628236], [-61.655379, 10.6629094], [-61.6552922, 10.663319], [-61.6552386, 10.6633414], [-61.6551856, 10.6634593], [-61.6551795, 10.6635865], [-61.6551703, 10.6636167], [-61.6551125, 10.6638066], [-61.6551769, 10.6638369], [-61.6551126, 10.6639648], [-61.6550414, 10.6641065], [-61.6549492, 10.66429], [-61.6549345, 10.6643177], [-61.6548852, 10.6645236], [-61.6548238, 10.6645364], [-61.6546592, 10.6645275], [-61.6546445, 10.6645307], [-61.6544098, 10.6645812], [-61.6543816, 10.6645763], [-61.6539655, 10.6644867], [-61.6539407, 10.6644758], [-61.6536856, 10.6642521], [-61.6537385, 10.6639635], [-61.6537734, 10.6639391], [-61.6538489, 10.6638542], [-61.6538733, 10.6638073], [-61.6538247, 10.6636008], [-61.6538217, 10.6635673], [-61.6538103, 10.6632663], [-61.6540103, 10.6632121], [-61.6540778, 10.6631175], [-61.654205, 10.6629577], [-61.6543516, 10.6629035], [-61.6545264, 10.6626701], [-61.6547897, 10.662298], [-61.65486, 10.6621052], [-61.6549805, 10.6619426], [-61.6550082, 10.6618089], [-61.6549038, 10.6616471], [-61.6547188, 10.6614842], [-61.6543455, 10.6612943], [-61.6538201, 10.6612368], [-61.6534888, 10.6612866], [-61.6532308, 10.6615191], [-61.6530461, 10.6616658], [-61.6529736, 10.6618815], [-61.6528467, 10.6621583], [-61.6527739, 10.662278], [-61.6526873, 10.6623575], [-61.6526052, 10.6623493], [-61.6522012, 10.6623696], [-61.6521161, 10.6621898], [-61.6519537, 10.6617973], [-61.6518603, 10.66156], [-61.6517295, 10.6615239], [-61.6516585, 10.6615457], [-61.6515748, 10.6615445], [-61.6515444, 10.6614787], [-61.6512971, 10.6614048], [-61.6513406, 10.6612943], [-61.6513425, 10.6611912], [-61.6513488, 10.6609849], [-61.6512882, 10.6608533], [-61.6511296, 10.6605993], [-61.6508116, 10.6605154], [-61.6506211, 10.6605711], [-61.6504937, 10.6606989], [-61.6504522, 10.6609572], [-61.650373, 10.6611391], [-61.6502108, 10.6614027], [-61.650086, 10.6613724], [-61.6499989, 10.6614739], [-61.6499667, 10.6616346], [-61.6500673, 10.6617757], [-61.6500659, 10.6618706], [-61.6499467, 10.6620036], [-61.6498501, 10.6619937], [-61.6497588, 10.6620854], [-61.6496529, 10.6622106], [-61.6495845, 10.6622607], [-61.649453, 10.6622145], [-61.6494021, 10.6621434], [-61.6493753, 10.6619747], [-61.6493216, 10.6618508], [-61.6492733, 10.6617493], [-61.649162, 10.6616755], [-61.6490641, 10.6616781], [-61.6489877, 10.6617111], [-61.6488361, 10.6617084], [-61.6486618, 10.6618442], [-61.6485398, 10.6620393], [-61.6485357, 10.6620972], [-61.6485572, 10.6622093], [-61.6486269, 10.6623582], [-61.6487027, 10.6624009], [-61.6488643, 10.6624926], [-61.6490297, 10.6625161], [-61.6490477, 10.6625084], [-61.6491178, 10.6625065], [-61.6491634, 10.6625282], [-61.6492791, 10.6627197], [-61.6492894, 10.6627371], [-61.6493744, 10.6628863], [-61.6493867, 10.6629052], [-61.6494383, 10.6630145], [-61.6494584, 10.6630976], [-61.6494663, 10.6631652], [-61.6494909, 10.6631811], [-61.6495458, 10.6632223], [-61.6496193, 10.6632926], [-61.6496663, 10.6633862], [-61.6496649, 10.6635167], [-61.6496287, 10.6636471], [-61.6495563, 10.6637144], [-61.6493806, 10.6637961], [-61.6492184, 10.6638422], [-61.6491218, 10.6639055], [-61.6490547, 10.6639529], [-61.648981, 10.6640307], [-61.6489488, 10.6641018], [-61.6489287, 10.6641677], [-61.6488576, 10.6643008], [-61.6487932, 10.6643812], [-61.6486497, 10.6645196], [-61.6485411, 10.6646949], [-61.6484459, 10.6648386], [-61.6483815, 10.6650125], [-61.6483493, 10.6652629], [-61.6483507, 10.6654132], [-61.6484164, 10.6655977], [-61.648474, 10.6657796], [-61.6484848, 10.6658718], [-61.6484794, 10.6659259], [-61.6484526, 10.6659601], [-61.6483674, 10.6660304], [-61.6483542, 10.6660433], [-61.6483858, 10.6660903], [-61.6483279, 10.6661526], [-61.6482648, 10.6661881], [-61.6481998, 10.6662046], [-61.6480885, 10.6661822], [-61.6479235, 10.6660932], [-61.6478109, 10.6660109], [-61.6477559, 10.6658975], [-61.6477418, 10.6657045], [-61.647727, 10.6656458], [-61.6476687, 10.6655555], [-61.6475701, 10.6654817], [-61.6474211, 10.6654134], [-61.6473636, 10.6653717], [-61.6473113, 10.6653143], [-61.6472684, 10.6652274], [-61.647204, 10.6651246], [-61.6471189, 10.6650718], [-61.6470256, 10.6650613], [-61.6468949, 10.6650501], [-61.6467407, 10.6650435], [-61.6465804, 10.6650712], [-61.6464778, 10.6651292], [-61.6463792, 10.6652537], [-61.6463202, 10.6653671], [-61.6463122, 10.6655015], [-61.6463269, 10.6656201], [-61.6463068, 10.6657097], [-61.6462559, 10.6657545], [-61.6461352, 10.6658191], [-61.6460896, 10.6658995], [-61.6460828, 10.666001], [-61.6460761, 10.6661789], [-61.6460855, 10.6663371], [-61.6460721, 10.6663911], [-61.6460426, 10.6664504], [-61.6460265, 10.6665084], [-61.6460359, 10.666544], [-61.6460641, 10.6665954], [-61.6460761, 10.6666428], [-61.6460668, 10.6666942], [-61.6459984, 10.6667852], [-61.64593, 10.6668814], [-61.6458683, 10.6669512], [-61.6457798, 10.6669987], [-61.6456939, 10.6670487], [-61.6456108, 10.6671212], [-61.6454887, 10.6672583], [-61.6454445, 10.6673664], [-61.6454002, 10.6675535], [-61.6453788, 10.6678171], [-61.6453868, 10.6679568], [-61.6454458, 10.6680807], [-61.6456616, 10.6682235], [-61.64581, 10.6683065], [-61.6459408, 10.6683648], [-61.6460433, 10.6684029], [-61.6461589, 10.6684757], [-61.6462613, 10.6685624], [-61.6463448, 10.6685036], [-61.6463338, 10.6684373], [-61.6463469, 10.6683826], [-61.6464376, 10.6683028], [-61.6465486, 10.6682422], [-61.6466918, 10.6682214], [-61.6467946, 10.6682859], [-61.6468595, 10.6684175], [-61.6469499, 10.6685748], [-61.6470668, 10.668694], [-61.647081, 10.6688387], [-61.6470725, 10.6689879], [-61.6471349, 10.6690237], [-61.6471172, 10.6691737], [-61.6469056, 10.6691538], [-61.6468436, 10.6691528], [-61.6468433, 10.669195], [-61.6468265, 10.669251], [-61.6468117, 10.6693123], [-61.6468796, 10.66934], [-61.6469829, 10.6694204], [-61.6469729, 10.6695401], [-61.6470585, 10.6696629], [-61.6471631, 10.6697349], [-61.6472889, 10.669703], [-61.6476505, 10.6698469], [-61.6477342, 10.6700815], [-61.6478192, 10.6702565], [-61.6480592, 10.6702065], [-61.6481592, 10.6701653], [-61.6481461, 10.670132], [-61.6482311, 10.6700843], [-61.6482596, 10.6699336], [-61.6483291, 10.6699138], [-61.6483894, 10.6699926], [-61.6484817, 10.6701395], [-61.6485882, 10.6702106], [-61.6489237, 10.670072], [-61.6493663, 10.66983], [-61.6495122, 10.6696247], [-61.6494814, 10.6691986], [-61.6495173, 10.6691297], [-61.6495651, 10.669038], [-61.6495731, 10.6690223], [-61.6497079, 10.6688675], [-61.6498098, 10.6689031], [-61.6499097, 10.668969], [-61.6499945, 10.6690925], [-61.6500042, 10.6691067], [-61.6500089, 10.6691647], [-61.6500193, 10.6691793], [-61.6500545, 10.6693116], [-61.6501028, 10.6693867], [-61.650188, 10.6694342], [-61.6503449, 10.6694698], [-61.6504964, 10.6695818], [-61.6505729, 10.6696325], [-61.6506915, 10.669658], [-61.6507795, 10.6695957], [-61.6508573, 10.669544], [-61.65089, 10.6694655], [-61.6510628, 10.6694476], [-61.6513895, 10.6692831], [-61.651467, 10.669145], [-61.651482, 10.6689762], [-61.6515527, 10.6689524], [-61.6515718, 10.6689459], [-61.6516373, 10.6689343], [-61.6517534, 10.66898], [-61.6519039, 10.6690369], [-61.6524839, 10.6690968], [-61.6525168, 10.6692194], [-61.6527803, 10.6692688], [-61.6528943, 10.6692576], [-61.6529493, 10.6692806], [-61.6530372, 10.6692935], [-61.6530848, 10.6693004], [-61.6531706, 10.6692797], [-61.653187, 10.6692616], [-61.6533609, 10.6690775], [-61.6533118, 10.6688439], [-61.6531447, 10.6685308], [-61.6530015, 10.6684444], [-61.652987, 10.6682164], [-61.6530296, 10.6682256], [-61.6531683, 10.6682731], [-61.6531819, 10.6682778], [-61.6532801, 10.6683381], [-61.6533732, 10.6684741], [-61.6534676, 10.66846], [-61.6536809, 10.6685295], [-61.6538354, 10.6683682], [-61.653882, 10.6682082], [-61.6539738, 10.6682266], [-61.6541929, 10.6683231], [-61.6546526, 10.668476], [-61.6549761, 10.6685769], [-61.6551947, 10.6684428], [-61.6553677, 10.6682843], [-61.6554809, 10.6682944], [-61.6556129, 10.6683684], [-61.6556904, 10.6685005], [-61.6557314, 10.6686971], [-61.6558948, 10.6687717], [-61.6559628, 10.668762], [-61.6561264, 10.66877], [-61.656235, 10.6687831], [-61.6563678, 10.6688332], [-61.6564281, 10.6689123], [-61.6565032, 10.6691034], [-61.6565086, 10.6692958], [-61.6566045, 10.6694731], [-61.6566172, 10.6695007], [-61.6568211, 10.669848], [-61.656973, 10.6700232], [-61.6569874, 10.6700567], [-61.6569984, 10.6700823], [-61.6570011, 10.6700885], [-61.6571108, 10.6701076], [-61.6571577, 10.6701722], [-61.6571738, 10.6702684], [-61.6571054, 10.6703455], [-61.6570996, 10.6703774], [-61.6571581, 10.6704695], [-61.6572166, 10.6705533], [-61.6572949, 10.6706374], [-61.6575867, 10.6706827], [-61.6576718, 10.6706576], [-61.6578233, 10.6706801], [-61.657921, 10.6706532], [-61.6580293, 10.6704774], [-61.6579698, 10.6704067], [-61.6579413, 10.6702857], [-61.6579276, 10.6702388], [-61.6579201, 10.6702157], [-61.6578705, 10.6702286], [-61.6578638, 10.6701189], [-61.6579433, 10.670124], [-61.657996, 10.6700685], [-61.6579939, 10.6699967], [-61.6579434, 10.6699863], [-61.657978, 10.6699035], [-61.6579771, 10.6698893], [-61.6579562, 10.6697762], [-61.6580124, 10.6697805], [-61.6580595, 10.6694432], [-61.6580638, 10.6693155], [-61.6581493, 10.6693377], [-61.6581935, 10.6692377], [-61.6582543, 10.6692868], [-61.6582976, 10.669418], [-61.6583137, 10.6694988], [-61.6583678, 10.6695245], [-61.6583778, 10.6696247], [-61.6583467, 10.6696985], [-61.6583609, 10.6697309], [-61.6583343, 10.6697404], [-61.6583482, 10.6698048], [-61.6584088, 10.6698617], [-61.6584551, 10.6698547], [-61.6586131, 10.6699501], [-61.6586734, 10.6699035], [-61.6587395, 10.6698719], [-61.6587437, 10.6698302], [-61.6587102, 10.6697914], [-61.6587534, 10.669766], [-61.6587552, 10.6697356], [-61.658707, 10.6696846], [-61.6587578, 10.6696919], [-61.6588354, 10.6697399], [-61.6589803, 10.6698981], [-61.6591345, 10.6699759], [-61.6592008, 10.6699851], [-61.6592195, 10.6698918], [-61.6594432, 10.6696952], [-61.6594588, 10.6696109], [-61.6595414, 10.6695585], [-61.65953, 10.669453], [-61.6596561, 10.6694357], [-61.6596935, 10.6692692], [-61.659728, 10.6690636], [-61.6598292, 10.6689469], [-61.6598367, 10.6689383], [-61.6597664, 10.6688459], [-61.6599492, 10.6688524], [-61.6598689, 10.6689817], [-61.6599178, 10.6690593], [-61.6599187, 10.6690957], [-61.6600916, 10.6693406], [-61.6601022, 10.6694169], [-61.6601469, 10.6694164], [-61.6601571, 10.6694558], [-61.6601251, 10.6695], [-61.660149, 10.6697178], [-61.6601829, 10.6698336], [-61.6601662, 10.6698617], [-61.6602159, 10.6699365], [-61.6602521, 10.6699171], [-61.6604159, 10.670073], [-61.6605413, 10.6699938], [-61.660589, 10.6700251], [-61.6607207, 10.6699755], [-61.6608974, 10.6700367], [-61.6609223, 10.6700379], [-61.6610253, 10.6700535], [-61.6610847, 10.6700127], [-61.6610468, 10.6699553], [-61.6610721, 10.6698051], [-61.6611767, 10.6697082], [-61.661238, 10.6697163], [-61.6612877, 10.6695643], [-61.6612244, 10.6695468], [-61.6612579, 10.6695114], [-61.6612377, 10.6693896], [-61.6611943, 10.6692894], [-61.6612394, 10.6692541], [-61.6615565, 10.6694111], [-61.6615814, 10.6694902], [-61.661628, 10.6695965], [-61.6616408, 10.669634], [-61.6616892, 10.6696127], [-61.6617637, 10.6695012], [-61.661879, 10.6694689], [-61.6619713, 10.6693967], [-61.6619553, 10.6692992], [-61.6619862, 10.6692538], [-61.6619697, 10.6691948], [-61.6620721, 10.6690397], [-61.6621627, 10.6690512], [-61.6622007, 10.6688646], [-61.6620514, 10.6686685], [-61.6620491, 10.6686205], [-61.6620442, 10.6686139], [-61.6620374, 10.6685769], [-61.662026, 10.6685582], [-61.6619819, 10.6684794], [-61.6619201, 10.6684721], [-61.6617593, 10.6682088], [-61.6617376, 10.6681281], [-61.6617157, 10.6680387], [-61.661669, 10.667915], [-61.6616367, 10.6678958], [-61.6616512, 10.6678192], [-61.6618338, 10.6678353], [-61.661876, 10.6678358], [-61.6619959, 10.6678387], [-61.6620629, 10.6678255], [-61.6621108, 10.6678503], [-61.6621535, 10.6678164], [-61.6622178, 10.6677897], [-61.6622447, 10.6678461], [-61.6624515, 10.6677266], [-61.6624337, 10.6676937], [-61.6624606, 10.6676786], [-61.6624422, 10.6676394], [-61.6625218, 10.667624], [-61.6626096, 10.6675941], [-61.6629104, 10.6676787], [-61.6631257, 10.6676996], [-61.6631611, 10.6676903], [-61.6632538, 10.6676716], [-61.663316, 10.6677803], [-61.6634632, 10.667853], [-61.6636382, 10.6677705], [-61.6636743, 10.6676298], [-61.6637287, 10.6675841], [-61.6637873, 10.6675911], [-61.6638243, 10.6675803], [-61.6638787, 10.6674657], [-61.6639616, 10.6673952], [-61.6638951, 10.667223], [-61.6639957, 10.6670305], [-61.6640176, 10.6669036], [-61.6641974, 10.6669368], [-61.6641958, 10.6670197], [-61.6643499, 10.6670268], [-61.6643724, 10.6669846], [-61.6646248, 10.6669937], [-61.6647693, 10.6668496], [-61.664812, 10.666891], [-61.6649143, 10.6668171], [-61.6648835, 10.6667404], [-61.6649835, 10.6664711], [-61.664976, 10.6662047], [-61.6649468, 10.6661077], [-61.6649899, 10.6660941], [-61.6650011, 10.6661231], [-61.6650514, 10.6663041], [-61.6651112, 10.6663155], [-61.665172, 10.6663986], [-61.6652791, 10.6664447], [-61.6653633, 10.6664672], [-61.6656147, 10.6664294], [-61.6656497, 10.6663418], [-61.6656618, 10.6663994], [-61.6657506, 10.6663442], [-61.6657761, 10.6663257], [-61.6660463, 10.6662267], [-61.6661247, 10.6661852], [-61.6662464, 10.6660882], [-61.6662529, 10.6659279], [-61.6661839, 10.6658394], [-61.6661624, 10.6658118], [-61.6661573, 10.665656], [-61.6662536, 10.6655411]]], [[[-61.6556013, 10.6617084], [-61.6555993, 10.6616689], [-61.6555772, 10.6616458], [-61.6555101, 10.6615859], [-61.6554753, 10.6615872], [-61.6554002, 10.6616313], [-61.6553512, 10.6616801], [-61.6553539, 10.6617078], [-61.6553646, 10.6617394], [-61.6553915, 10.6617559], [-61.6554525, 10.6617836], [-61.6555054, 10.6617842], [-61.6555799, 10.6617381], [-61.6556013, 10.6617084]]], [[[-61.6544513, 10.6758405], [-61.6544259, 10.6757232], [-61.6542904, 10.6756705], [-61.6540986, 10.6756876], [-61.6537771, 10.6757311], [-61.6534279, 10.6758482], [-61.6529332, 10.6759394], [-61.6527441, 10.6759763], [-61.6525845, 10.6760158], [-61.6523914, 10.6760422], [-61.6522962, 10.6761212], [-61.6522238, 10.6762135], [-61.6521815, 10.6763038], [-61.6521936, 10.6764303], [-61.6522164, 10.6764929], [-61.6523036, 10.6765963], [-61.6523981, 10.6766754], [-61.6524594, 10.6767251], [-61.6525805, 10.676736], [-61.6527113, 10.6767934], [-61.6527703, 10.6768296], [-61.6528118, 10.6768421], [-61.6528474, 10.6768217], [-61.6528977, 10.6767644], [-61.6529627, 10.6767347], [-61.6531297, 10.6767472], [-61.6532765, 10.6767077], [-61.6534066, 10.6766168], [-61.6534951, 10.6765838], [-61.6536145, 10.6766154], [-61.6536693, 10.6766342], [-61.6537919, 10.6766194], [-61.6540195, 10.6765357], [-61.6541532, 10.676393], [-61.6542757, 10.6762557], [-61.6543856, 10.6760962], [-61.6544513, 10.6758405]]], [[[-61.6532108, 10.6770009], [-61.653206, 10.6769948], [-61.6531808, 10.6769874], [-61.6531746, 10.6769843], [-61.6531744, 10.6769762], [-61.6531822, 10.6769667], [-61.6531916, 10.6769552], [-61.6531935, 10.676945], [-61.6531887, 10.6769349], [-61.6531752, 10.6769263], [-61.6531697, 10.6769156], [-61.6531547, 10.6769029], [-61.6531459, 10.6769019], [-61.6531389, 10.676905], [-61.6531368, 10.6769137], [-61.6531353, 10.6769201], [-61.6531277, 10.6769228], [-61.6531249, 10.6769242], [-61.6531205, 10.6769309], [-61.6531163, 10.6769324], [-61.6531104, 10.6769281], [-61.6530936, 10.6769214], [-61.653088, 10.6769218], [-61.653086, 10.6769244], [-61.6530838, 10.6769422], [-61.6530781, 10.6769536], [-61.653075, 10.6769558], [-61.6530727, 10.6769541], [-61.6530731, 10.6769357], [-61.6530695, 10.6769293], [-61.6530639, 10.6769237], [-61.6530495, 10.6769255], [-61.6530273, 10.6769497], [-61.6530155, 10.6769662], [-61.6530108, 10.6769714], [-61.6530107, 10.676977], [-61.6530147, 10.6769802], [-61.6530164, 10.6769849], [-61.6530137, 10.6769917], [-61.6530043, 10.6770098], [-61.6530041, 10.6770227], [-61.6530132, 10.6770327], [-61.6530499, 10.677053], [-61.6530809, 10.6770902], [-61.6530839, 10.6770958], [-61.6530836, 10.6771062], [-61.6530922, 10.6771205], [-61.653108, 10.6771282], [-61.6531156, 10.6771311], [-61.6531196, 10.6771302], [-61.6531215, 10.6771261], [-61.6531203, 10.6771003], [-61.6531245, 10.6770959], [-61.6531287, 10.6770922], [-61.6531486, 10.6770971], [-61.6531606, 10.6770956], [-61.6531706, 10.6770882], [-61.6531753, 10.6770762], [-61.6531812, 10.6770639], [-61.653186, 10.6770578], [-61.6531944, 10.6770446], [-61.6531974, 10.6770355], [-61.6532108, 10.6770082], [-61.6532108, 10.6770009]]], [[[-61.6314541, 10.6574989], [-61.6314206, 10.6574356], [-61.6312234, 10.6573592], [-61.6310021, 10.6573328], [-61.6308855, 10.6573038], [-61.6307044, 10.657288], [-61.6303111, 10.6574384], [-61.6301492, 10.6574791], [-61.6298829, 10.6575065], [-61.6296308, 10.6576647], [-61.6295296, 10.6578574], [-61.6294384, 10.657976], [-61.6293092, 10.6580103], [-61.6290962, 10.6581584], [-61.6290428, 10.6582818], [-61.6290924, 10.6584874], [-61.6291065, 10.6585816], [-61.6291071, 10.6586877], [-61.6290227, 10.6589421], [-61.6289985, 10.6592175], [-61.6291232, 10.6596155], [-61.6291608, 10.6597197], [-61.6291434, 10.6598725], [-61.6291621, 10.660057], [-61.6292097, 10.660144], [-61.6292734, 10.6601875], [-61.6294089, 10.6601717], [-61.6295216, 10.6600913], [-61.6297039, 10.6599912], [-61.6302699, 10.6597552], [-61.6303396, 10.6597421], [-61.6305056, 10.6598231], [-61.630519, 10.6598244], [-61.6305307, 10.6598162], [-61.630772, 10.6593804], [-61.6307746, 10.6593702], [-61.6307694, 10.6593631], [-61.6306011, 10.6592729], [-61.630581, 10.659203], [-61.6305918, 10.6591332], [-61.6307379, 10.6587958], [-61.6311282, 10.6582462], [-61.6314286, 10.6575964], [-61.6314541, 10.6574989]]], [[[-61.6274171, 10.7367563], [-61.6274147, 10.7367157], [-61.6273909, 10.7366807], [-61.6273369, 10.7366518], [-61.6273329, 10.7366274], [-61.6273677, 10.7365793], [-61.627363, 10.736555], [-61.6273409, 10.7365418], [-61.6272732, 10.7365042], [-61.6272189, 10.7364667], [-61.6271532, 10.7364469], [-61.6271013, 10.7364234], [-61.6270633, 10.7364179], [-61.6270227, 10.7364264], [-61.6269788, 10.7364318], [-61.6269553, 10.736437], [-61.6269346, 10.7364502], [-61.6269232, 10.7364713], [-61.6269238, 10.7365016], [-61.6269178, 10.7365313], [-61.626899, 10.7365668], [-61.6268695, 10.7366228], [-61.6268568, 10.73669], [-61.6268615, 10.7367421], [-61.626901, 10.7367911], [-61.6269611, 10.7368138], [-61.6270458, 10.7368396], [-61.627112, 10.7368456], [-61.6272168, 10.7368562], [-61.6272846, 10.7368521], [-61.6273493, 10.736835], [-61.6273738, 10.7368139], [-61.6274013, 10.7367908], [-61.6274171, 10.7367563]]], [[[-61.6270674, 10.7363189], [-61.6270104, 10.7363174], [-61.6269734, 10.7363174], [-61.6269349, 10.7362902], [-61.6268933, 10.7362705], [-61.6268548, 10.7362871], [-61.6268039, 10.7362917], [-61.6267485, 10.7362796], [-61.6267069, 10.7363098], [-61.6266946, 10.7363552], [-61.6266976, 10.736381], [-61.6267362, 10.736387], [-61.6267855, 10.7364112], [-61.6268348, 10.7364022], [-61.6268871, 10.7363916], [-61.6269118, 10.736384], [-61.6269241, 10.7363961], [-61.6270104, 10.7363552], [-61.6270674, 10.7363189]]], [[[-61.6261769, 10.7362992], [-61.6261724, 10.7362604], [-61.6261199, 10.7362493], [-61.6260669, 10.7362651], [-61.6260226, 10.7362967], [-61.6260374, 10.736356], [-61.6260953, 10.7364037], [-61.6261323, 10.7363916], [-61.6261508, 10.7363643], [-61.6261692, 10.7363371], [-61.6261769, 10.7362992]]], [[[-61.6254889, 10.661448], [-61.6254533, 10.6613732], [-61.6254164, 10.6612511], [-61.6254059, 10.6611829], [-61.6253943, 10.6611074], [-61.6253749, 10.6609809], [-61.6253695, 10.6608518], [-61.6253789, 10.6606949], [-61.6253641, 10.6605671], [-61.6252848, 10.6603726], [-61.6252003, 10.6602967], [-61.6251067, 10.6602827], [-61.6247244, 10.6604195], [-61.6242664, 10.6605987], [-61.6238896, 10.6607332], [-61.6237293, 10.660832], [-61.6234691, 10.6609691], [-61.6230607, 10.6612338], [-61.6229702, 10.6612631], [-61.6226142, 10.6613389], [-61.6225981, 10.661335], [-61.6225779, 10.6613073], [-61.6225377, 10.6613], [-61.6225116, 10.661308], [-61.6223547, 10.6613842], [-61.6223439, 10.6614038], [-61.6223412, 10.6614272], [-61.6223308, 10.6614503], [-61.6221336, 10.6616431], [-61.6221019, 10.6617205], [-61.6221061, 10.6618157], [-61.6221676, 10.6620401], [-61.6221863, 10.6621455], [-61.6221917, 10.662417], [-61.6222447, 10.66249], [-61.6223668, 10.6626284], [-61.6225465, 10.6628419], [-61.6228777, 10.6631173], [-61.622985, 10.6631832], [-61.6234128, 10.6632887], [-61.623559, 10.6633308], [-61.6236421, 10.663344], [-61.6237226, 10.6633282], [-61.6238299, 10.6633177], [-61.6241142, 10.6632412], [-61.6242108, 10.6632149], [-61.6243315, 10.6631938], [-61.6245199, 10.6631867], [-61.6247296, 10.663053], [-61.6248788, 10.6628788], [-61.6249713, 10.6626437], [-61.6250141, 10.6622277], [-61.6250834, 10.6620548], [-61.6253983, 10.6616647], [-61.6254888, 10.6615213], [-61.6254889, 10.661448]]], [[[-61.6210611, 10.7408623], [-61.6210401, 10.7408279], [-61.6209981, 10.7408072], [-61.620956, 10.7408026], [-61.6209444, 10.7408439], [-61.620921, 10.7408646], [-61.6209397, 10.7409173], [-61.6209794, 10.7409334], [-61.6210308, 10.7409334], [-61.6210471, 10.740899], [-61.6210611, 10.7408623]]], [[[-61.6207949, 10.7408279], [-61.6207739, 10.7407774], [-61.6207365, 10.7407843], [-61.6207015, 10.7407866], [-61.6206758, 10.7408164], [-61.6206455, 10.7408416], [-61.6206828, 10.7408485], [-61.6207365, 10.7408508], [-61.6207692, 10.7408508], [-61.6207949, 10.7408279]]], [[[-61.6012128, 10.6584959], [-61.6011813, 10.6584847], [-61.6011116, 10.6584788], [-61.6010586, 10.6584544], [-61.6010003, 10.6584149], [-61.6008521, 10.6583602], [-61.6008018, 10.6583951], [-61.6007046, 10.6585236], [-61.6007287, 10.658548], [-61.6007777, 10.6585941], [-61.6008937, 10.6586224], [-61.6009902, 10.6586561], [-61.6010928, 10.6586383], [-61.6011558, 10.6585974], [-61.6012088, 10.6585216], [-61.6012128, 10.6584959]]], [[[-61.5999097, 10.6584083], [-61.5999014, 10.6583772], [-61.5998471, 10.6583607], [-61.599833, 10.6583289], [-61.59981, 10.6583291], [-61.5997778, 10.6583217], [-61.5997438, 10.6582781], [-61.599732, 10.6582416], [-61.5997167, 10.6582179], [-61.5996971, 10.6582065], [-61.5996775, 10.658201], [-61.5996717, 10.6581594], [-61.5996469, 10.6581263], [-61.5996325, 10.6581121], [-61.5996042, 10.6581055], [-61.5995993, 10.6580764], [-61.5995502, 10.6580375], [-61.5995239, 10.6580452], [-61.5995151, 10.6580261], [-61.5995046, 10.6580206], [-61.5994744, 10.6580059], [-61.5994346, 10.6580022], [-61.5994149, 10.6580204], [-61.5993883, 10.6580193], [-61.5993138, 10.6580075], [-61.5992912, 10.6580111], [-61.5992869, 10.6579853], [-61.5992736, 10.6579816], [-61.59926, 10.6579782], [-61.5992206, 10.6579689], [-61.5991911, 10.6579567], [-61.5991738, 10.6579345], [-61.5991443, 10.6579396], [-61.5990903, 10.6579362], [-61.599028, 10.6579328], [-61.5989977, 10.6579558], [-61.598977, 10.6579796], [-61.5989835, 10.6579958], [-61.5989805, 10.6580102], [-61.598958, 10.6580298], [-61.5989117, 10.658026], [-61.5988907, 10.6580379], [-61.5988437, 10.6580405], [-61.5987563, 10.6580334], [-61.5987257, 10.6580134], [-61.5986982, 10.6580067], [-61.5986293, 10.658017], [-61.598592, 10.6580183], [-61.5985443, 10.6580035], [-61.5985018, 10.6580087], [-61.5984662, 10.6580108], [-61.5984548, 10.6579937], [-61.5984325, 10.6579949], [-61.598424, 10.6580136], [-61.5983871, 10.6580144], [-61.5983817, 10.6580315], [-61.5983866, 10.6580495], [-61.5983788, 10.658077], [-61.5983411, 10.6580749], [-61.5983032, 10.6581088], [-61.5982812, 10.6581087], [-61.5982783, 10.6580899], [-61.5982753, 10.6580621], [-61.5982601, 10.6580393], [-61.5982138, 10.6580403], [-61.5981798, 10.6580489], [-61.598164, 10.6580626], [-61.5981682, 10.6581034], [-61.5981525, 10.6581403], [-61.5981311, 10.658161], [-61.5981323, 10.6581893], [-61.5981377, 10.6582211], [-61.5981245, 10.6582366], [-61.5981123, 10.6582337], [-61.598101, 10.65825], [-61.5981015, 10.6582752], [-61.5981149, 10.6582852], [-61.5981342, 10.6583284], [-61.5981552, 10.6583491], [-61.5981779, 10.6583826], [-61.5981978, 10.6583976], [-61.5982081, 10.6584177], [-61.5982158, 10.6584613], [-61.5982312, 10.6585026], [-61.5982637, 10.6585179], [-61.598289, 10.6585085], [-61.5983217, 10.6585041], [-61.5983801, 10.6585252], [-61.5984284, 10.6585299], [-61.5984845, 10.6585471], [-61.5985074, 10.658543], [-61.5985045, 10.6585178], [-61.5985366, 10.6585078], [-61.5985668, 10.6585236], [-61.5985934, 10.6585585], [-61.5986386, 10.6585968], [-61.5986711, 10.6585868], [-61.598686, 10.6585851], [-61.5986983, 10.6586109], [-61.5987241, 10.658624], [-61.5987426, 10.6586239], [-61.5987428, 10.6586006], [-61.5987589, 10.6586035], [-61.5988231, 10.6585975], [-61.5988633, 10.6586016], [-61.5988861, 10.6586196], [-61.5988888, 10.6586392], [-61.5988703, 10.6586496], [-61.5988356, 10.6586561], [-61.5988383, 10.6586804], [-61.5988489, 10.6587176], [-61.5988755, 10.6587124], [-61.5989209, 10.6586904], [-61.5989622, 10.6586669], [-61.5990174, 10.6586713], [-61.5990814, 10.65868], [-61.5991495, 10.6586874], [-61.5991496, 10.6586743], [-61.5991746, 10.6586744], [-61.5991815, 10.6586744], [-61.5991838, 10.6586911], [-61.5992243, 10.6586917], [-61.5992358, 10.6586725], [-61.5992575, 10.658652], [-61.5992918, 10.6586675], [-61.5992925, 10.6586792], [-61.5993096, 10.6586783], [-61.5993104, 10.658666], [-61.5993587, 10.6586638], [-61.5993629, 10.6586558], [-61.5993425, 10.6586537], [-61.5993434, 10.6586457], [-61.5994014, 10.6586477], [-61.5994012, 10.6586324], [-61.5994945, 10.6586223], [-61.599547, 10.6586037], [-61.5995845, 10.6585852], [-61.5996357, 10.6585521], [-61.5996763, 10.6585995], [-61.5996881, 10.6586353], [-61.5997447, 10.6586457], [-61.5997622, 10.6586177], [-61.5997894, 10.6586053], [-61.5997975, 10.6585841], [-61.5998018, 10.6585622], [-61.5997913, 10.6585217], [-61.5998437, 10.6585069], [-61.5998648, 10.6584639], [-61.5999011, 10.6584465], [-61.5999097, 10.6584083]]], [[[-61.5996391, 10.6612287], [-61.5996243, 10.6611338], [-61.5995479, 10.6610943], [-61.599462, 10.6610653], [-61.5993199, 10.6610402], [-61.5991108, 10.6612282], [-61.5989048, 10.6613476], [-61.5987687, 10.6614304], [-61.5987566, 10.6614949], [-61.5988116, 10.6615371], [-61.598947, 10.6614686], [-61.5990651, 10.6615042], [-61.599192, 10.6614923], [-61.5993011, 10.6614765], [-61.5996015, 10.661288], [-61.5996391, 10.6612287]]], [[[-61.5981659, 10.6614159], [-61.598125, 10.6613526], [-61.598025, 10.6613019], [-61.5979499, 10.6613137], [-61.5978943, 10.6614014], [-61.597901, 10.6614442], [-61.5979305, 10.6614837], [-61.5979969, 10.6615147], [-61.5980747, 10.6615239], [-61.5981317, 10.6614923], [-61.5981659, 10.6614159]]], [[[-61.5979479, 10.6620775], [-61.5979144, 10.6618653], [-61.5978876, 10.6616992], [-61.5978125, 10.6616254], [-61.5977025, 10.6616281], [-61.597449, 10.6616399], [-61.5973444, 10.661661], [-61.5972224, 10.6617216], [-61.597032, 10.6618706], [-61.5969461, 10.6619654], [-61.5969233, 10.6620617], [-61.5969394, 10.662233], [-61.5969193, 10.6622949], [-61.5968683, 10.6623292], [-61.5967342, 10.6623477], [-61.5965277, 10.6622449], [-61.5962809, 10.6621921], [-61.5960369, 10.6622185], [-61.5959859, 10.6622686], [-61.5959443, 10.6624241], [-61.5959671, 10.6625559], [-61.5960717, 10.6627457], [-61.596171, 10.6629486], [-61.596289, 10.6630804], [-61.596458, 10.6631516], [-61.596639, 10.6631252], [-61.5967986, 10.6630409], [-61.5969193, 10.6629117], [-61.5970722, 10.6627351], [-61.59715, 10.662664], [-61.5973109, 10.6626323], [-61.597496, 10.6626323], [-61.5976355, 10.6625796], [-61.5977481, 10.662457], [-61.5978567, 10.6622857], [-61.5979479, 10.6620775]]], [[[-61.5952268, 10.6611549], [-61.5952208, 10.6611147], [-61.5951846, 10.6610798], [-61.595135, 10.6610857], [-61.5950585, 10.6611028], [-61.5948989, 10.6610521], [-61.5946569, 10.6609256], [-61.5945522, 10.6608709], [-61.5945301, 10.6608795], [-61.5944926, 10.6609084], [-61.5944808, 10.6609661], [-61.5946327, 10.6610844], [-61.594793, 10.6611977], [-61.5949345, 10.6613058], [-61.5950109, 10.6613124], [-61.5951403, 10.6612406], [-61.5952268, 10.6611549]]], [[[-61.5150325, 10.7701517], [-61.5149091, 10.7699436], [-61.51465, 10.7698223], [-61.5144639, 10.7697696], [-61.5143051, 10.7696168], [-61.5141726, 10.7697538], [-61.5140444, 10.769718], [-61.5139376, 10.7695868], [-61.5136871, 10.7694614], [-61.5134398, 10.7692833], [-61.5132853, 10.7690929], [-61.5131045, 10.7690155], [-61.5124817, 10.7690145], [-61.5120778, 10.7690334], [-61.5118755, 10.7689049], [-61.5115665, 10.7685797], [-61.5112726, 10.7684242], [-61.5108144, 10.7684743], [-61.5105071, 10.7686392], [-61.5103284, 10.7688822], [-61.5101444, 10.7691631], [-61.5100452, 10.7694097], [-61.5099438, 10.7697891], [-61.5098622, 10.7700405], [-61.5097324, 10.7704763], [-61.5096858, 10.7710334], [-61.5097625, 10.7713206], [-61.509976, 10.7715915], [-61.5101874, 10.7717902], [-61.5103054, 10.7718034], [-61.5104127, 10.7717863], [-61.5104744, 10.7717217], [-61.5105307, 10.7716756], [-61.5105897, 10.7716689], [-61.5107936, 10.7716717], [-61.5109049, 10.7717033], [-61.5109605, 10.7717415], [-61.5110189, 10.7718074], [-61.5110806, 10.7718673], [-61.5111885, 10.7718666], [-61.5113179, 10.7718008], [-61.5114051, 10.7717151], [-61.5114963, 10.7715649], [-61.5116379, 10.7714892], [-61.5118088, 10.7714714], [-61.5118758, 10.771532], [-61.511904, 10.7716097], [-61.5119, 10.771893], [-61.5119362, 10.7720129], [-61.5120193, 10.772084], [-61.5121856, 10.772113], [-61.5123332, 10.7721315], [-61.51247, 10.7720867], [-61.5125102, 10.7720261], [-61.5125316, 10.7719365], [-61.5125182, 10.7718047], [-61.5125504, 10.7716677], [-61.5126014, 10.7716203], [-61.5126899, 10.7715623], [-61.5128562, 10.7714437], [-61.5130091, 10.7713383], [-61.5131244, 10.7713252], [-61.513398, 10.7713963], [-61.5135777, 10.7713831], [-61.5138099, 10.7713722], [-61.5139478, 10.7713383], [-61.5140256, 10.7712935], [-61.5140444, 10.7712329], [-61.5140256, 10.7711855], [-61.5139157, 10.7710485], [-61.5138245, 10.7709167], [-61.5137547, 10.7708061], [-61.5137085, 10.7706671], [-61.5135482, 10.7705979], [-61.5132505, 10.7704873], [-61.5128266, 10.7699636], [-61.5126416, 10.7696905], [-61.5125249, 10.7695492], [-61.5125413, 10.7695025], [-61.5126899, 10.7695887], [-61.5128798, 10.7697554], [-61.5132134, 10.7699635], [-61.513818, 10.770089], [-61.5139768, 10.7701196], [-61.5143024, 10.7702113], [-61.5145931, 10.7702281], [-61.5149429, 10.7702808], [-61.5150325, 10.7701517]]], [[[-61.5107828, 10.7626099], [-61.5107775, 10.7625493], [-61.5107641, 10.762494], [-61.5107158, 10.7624347], [-61.5106045, 10.7623846], [-61.5104637, 10.7622937], [-61.5101983, 10.7621832], [-61.509777, 10.7620052], [-61.5096872, 10.7619683], [-61.5096429, 10.7619657], [-61.5096121, 10.7619723], [-61.5095356, 10.7620144], [-61.5092888, 10.7623056], [-61.5091601, 10.7624518], [-61.5090474, 10.7626297], [-61.5090028, 10.7627185], [-61.5089073, 10.7629083], [-61.5088751, 10.7629452], [-61.5088651, 10.762969], [-61.5088651, 10.7629953], [-61.5088812, 10.7630091], [-61.508918, 10.7630105], [-61.5089717, 10.7629821], [-61.5090649, 10.7629321], [-61.5091319, 10.7628827], [-61.5091591, 10.7628747], [-61.5091779, 10.762879], [-61.5091883, 10.7628886], [-61.5091909, 10.7629163], [-61.5091561, 10.762965], [-61.5090803, 10.7630829], [-61.5090803, 10.7631086], [-61.5090843, 10.7631402], [-61.5091044, 10.7631567], [-61.5091205, 10.7631554], [-61.5091447, 10.7631429], [-61.5091842, 10.7631238], [-61.509203, 10.7631218], [-61.5092211, 10.7631363], [-61.5092211, 10.7631541], [-61.5092137, 10.7631844], [-61.5091708, 10.7632094], [-61.5090957, 10.7632621], [-61.5088208, 10.7633846], [-61.5086183, 10.7635256], [-61.5084802, 10.763656], [-61.5084144, 10.7637364], [-61.5083809, 10.7638128], [-61.508342, 10.7639617], [-61.5082897, 10.7642186], [-61.5082575, 10.7643701], [-61.5082468, 10.7644571], [-61.5082656, 10.7645335], [-61.5083045, 10.7646112], [-61.5083367, 10.7646178], [-61.5083682, 10.7646079], [-61.5084346, 10.7645519], [-61.5084976, 10.764515], [-61.5085553, 10.7645282], [-61.508574, 10.7645585], [-61.5085727, 10.7645875], [-61.5085486, 10.7646165], [-61.5084051, 10.7647403], [-61.5082911, 10.764876], [-61.5081972, 10.7649828], [-61.5081596, 10.7650381], [-61.5081395, 10.765104], [-61.5081435, 10.7652305], [-61.5081677, 10.7652845], [-61.5082133, 10.7653398], [-61.5082777, 10.7653675], [-61.5083273, 10.7653714], [-61.5083836, 10.7653596], [-61.5084949, 10.7653069], [-61.5085486, 10.7652911], [-61.5086733, 10.7652594], [-61.508802, 10.7652015], [-61.508971, 10.7650789], [-61.5090542, 10.7649973], [-61.5092218, 10.7647878], [-61.5095651, 10.7644584], [-61.5097274, 10.7642924], [-61.5098803, 10.7641145], [-61.5100023, 10.7639722], [-61.5100546, 10.7638866], [-61.5101217, 10.7637562], [-61.5102397, 10.7635559], [-61.5104114, 10.763274], [-61.5105441, 10.7629564], [-61.5106085, 10.7628102], [-61.5106729, 10.7627127], [-61.5107614, 10.7626442], [-61.5107828, 10.7626099]]], [[[-61.5087955, 10.7629482], [-61.5087747, 10.762927], [-61.5086746, 10.7629096], [-61.5085868, 10.7629867], [-61.5085098, 10.7629883], [-61.5084512, 10.7630329], [-61.5084951, 10.7630624], [-61.5084736, 10.7631033], [-61.5084243, 10.7631192], [-61.5083734, 10.7631025], [-61.5083419, 10.763129], [-61.5083134, 10.7631578], [-61.5083673, 10.7632122], [-61.5084458, 10.7632153], [-61.5085514, 10.7632107], [-61.508613, 10.7631646], [-61.508633, 10.7631101], [-61.5087093, 10.7630594], [-61.5087871, 10.7630064], [-61.5087955, 10.7629482]]]]}, "bbox": [-61.7647786, 10.657288, -61.4956187, 10.7721315]}