{"type": "Feature", "properties": {"name": "Sangre Grande", "display_name": "Sangre Grande, Trinidad and Tobago", "osm_type": "relation", "osm_id": 7363640, "category": "boundary", "type": "administrative", "source": "OpenStreetMap / Nominatim", "license": "ODbL"}, "geometry": {"type": "MultiPolygon", "coordinates": [[[[-61.2452495, 10.7244326], [-61.2450349, 10.7233468], [-61.2433076, 10.7224508], [-61.2398091, 10.721739], [-61.236242, 10.7209565], [-61.2332669, 10.7197652], [-61.2320017, 10.7193883], [-61.2310016, 10.7193305], [-61.2296605, 10.7196045], [-61.2273216, 10.7207852], [-61.226002, 10.7202054], [-61.2253422, 10.7198575], [-61.2245935, 10.7192178], [-61.2239137, 10.7178255], [-61.2229711, 10.7161627], [-61.222322, 10.7156409], [-61.2195004, 10.714982], [-61.2173706, 10.7150453], [-61.2130094, 10.7152403], [-61.2122691, 10.7136234], [-61.2117005, 10.7126892], [-61.2113464, 10.7101907], [-61.2108207, 10.7068384], [-61.2110782, 10.705858], [-61.211443, 10.7046562], [-61.2112928, 10.7034333], [-61.2114537, 10.7027902], [-61.2123656, 10.7019363], [-61.2127733, 10.7009559], [-61.2136638, 10.6985522], [-61.2136746, 10.6974031], [-61.2134385, 10.6956109], [-61.2125266, 10.6929015], [-61.2120438, 10.6918367], [-61.2125266, 10.6895911], [-61.2129879, 10.6871557], [-61.2129235, 10.6843092], [-61.2148118, 10.6818843], [-61.2146509, 10.6806403], [-61.2146831, 10.6796703], [-61.216743, 10.6777937], [-61.2185884, 10.6757061], [-61.2198758, 10.6752633], [-61.2208629, 10.6746096], [-61.2211204, 10.6731758], [-61.2228155, 10.6716786], [-61.2257534, 10.667375], [-61.2263235, 10.665274], [-61.2243281, 10.6642735], [-61.222516, 10.663133], [-61.2231065, 10.6597313], [-61.2258349, 10.6566098], [-61.2247353, 10.6523276], [-61.2199097, 10.6506668], [-61.2145437, 10.6506502], [-61.2112175, 10.6483805], [-61.2028343, 10.6394286], [-61.2028882, 10.6317939], [-61.2044886, 10.6302917], [-61.2044886, 10.6285067], [-61.2002808, 10.6253078], [-61.1992199, 10.6236111], [-61.1992199, 10.6204298], [-61.2019775, 10.6129471], [-61.2058165, 10.6091832], [-61.2067702, 10.6042894], [-61.2078922, 10.6000435], [-61.2122679, 10.6000573], [-61.2147924, 10.6027317], [-61.222436, 10.6027868], [-61.2256336, 10.6011601], [-61.2288734, 10.6017253], [-61.2310753, 10.5996023], [-61.2336418, 10.5962387], [-61.2342729, 10.5953839], [-61.2391506, 10.5914468], [-61.2280918, 10.5821968], [-61.2239835, 10.5714997], [-61.2210638, 10.5293318], [-61.2179374, 10.5212186], [-61.2101859, 10.5131571], [-61.2103926, 10.4972924], [-61.218635, 10.4748131], [-61.2180407, 10.4661832], [-61.216568, 10.4617907], [-61.1989636, 10.4581468], [-61.2025344, 10.4538827], [-61.2016417, 10.4478629], [-61.205085, 10.4471104], [-61.2036822, 10.4438495], [-61.2049575, 10.4353211], [-61.1961579, 10.434694], [-61.1888887, 10.4306805], [-61.1840067, 10.4318406], [-61.1745416, 10.4342903], [-61.1620875, 10.4443336], [-61.1444027, 10.4401693], [-61.1431573, 10.4313507], [-61.1401683, 10.4306158], [-61.1374284, 10.4315957], [-61.131662, 10.4337074], [-61.1260556, 10.4336387], [-61.1249875, 10.4340976], [-61.1248375, 10.4352931], [-61.1242583, 10.4358555], [-61.1236847, 10.4358672], [-61.1228593, 10.4354051], [-61.1218952, 10.4351722], [-61.1210613, 10.4354028], [-61.120284, 10.4360434], [-61.1196242, 10.4371924], [-61.1193399, 10.4380051], [-61.1188344, 10.4382768], [-61.1168353, 10.4377373], [-61.1150977, 10.4364998], [-61.1130047, 10.4361191], [-61.1098649, 10.4348432], [-61.1089527, 10.4355399], [-61.1081366, 10.4374106], [-61.1068723, 10.4372604], [-61.1052481, 10.4372412], [-61.1046512, 10.4378651], [-61.103607, 10.4401048], [-61.1019655, 10.4446394], [-61.0971148, 10.4446518], [-61.0970836, 10.4369848], [-61.038777, 10.4372507], [-61.0329984, 10.4377261], [-61.0337393, 10.4402391], [-61.0350019, 10.4443445], [-61.0353291, 10.4455051], [-61.0356349, 10.4466763], [-61.0367346, 10.4505274], [-61.037432, 10.4533181], [-61.0378651, 10.4553087], [-61.0397601, 10.464987], [-61.0399103, 10.4657519], [-61.0401785, 10.4671076], [-61.0404038, 10.4687218], [-61.0405514, 10.4699931], [-61.0406372, 10.4705786], [-61.0407552, 10.4713462], [-61.0409242, 10.4724513], [-61.0410207, 10.4730545], [-61.0410288, 10.4731054], [-61.0411924, 10.4741657], [-61.0413172, 10.4750358], [-61.0427139, 10.4883974], [-61.0432664, 10.4925029], [-61.0436593, 10.4966294], [-61.0437351, 10.4987332], [-61.0437848, 10.5007866], [-61.0437912, 10.5028431], [-61.0436869, 10.5049039], [-61.043442, 10.5063321], [-61.0434026, 10.5065151], [-61.0431321, 10.5077722], [-61.0429787, 10.508284], [-61.0427009, 10.5090832], [-61.0421823, 10.5105754], [-61.0408357, 10.5138947], [-61.0404575, 10.5148335], [-61.0397587, 10.5157555], [-61.0395992, 10.5159358], [-61.0394832, 10.5159965], [-61.0387059, 10.5159471], [-61.0377636, 10.5157244], [-61.0373381, 10.5153952], [-61.0372308, 10.5152528], [-61.037204, 10.5151618], [-61.0372469, 10.5150682], [-61.0377029, 10.5147491], [-61.0377699, 10.5146449], [-61.037778, 10.514554], [-61.0377055, 10.5144999], [-61.0376211, 10.5144828], [-61.037444, 10.514546], [-61.037267, 10.5146687], [-61.0370122, 10.5147557], [-61.0368741, 10.5148098], [-61.0367949, 10.514819], [-61.0367104, 10.5148005], [-61.0366233, 10.5147465], [-61.0365415, 10.5147359], [-61.0364087, 10.5147557], [-61.0360774, 10.514939], [-61.0359953, 10.5149654], [-61.0359219, 10.514968], [-61.0357717, 10.5149271], [-61.0356674, 10.5149307], [-61.0355906, 10.5149574], [-61.0353667, 10.5151144], [-61.0352017, 10.5151935], [-61.0350113, 10.5152291], [-61.0346746, 10.5152647], [-61.0342227, 10.5153016], [-61.0337144, 10.5153398], [-61.03341, 10.5153583], [-61.0332759, 10.5153992], [-61.0331766, 10.5154783], [-61.0330975, 10.5155482], [-61.0329929, 10.515597], [-61.0328802, 10.5155983], [-61.0325155, 10.5154901], [-61.0321802, 10.5153372], [-61.0320139, 10.5152528], [-61.0319442, 10.5152212], [-61.0318664, 10.5151869], [-61.031802, 10.5151816], [-61.0317289, 10.5151921], [-61.0316592, 10.5152146], [-61.0315519, 10.5152535], [-61.0314117, 10.5152937], [-61.0312609, 10.5153108], [-61.0310832, 10.5153385], [-61.0309571, 10.5153464], [-61.0300659, 10.5154051], [-61.0299965, 10.5154219], [-61.0299928, 10.5154374], [-61.0300029, 10.5154493], [-61.0303509, 10.5154756], [-61.0303794, 10.5155175], [-61.0303871, 10.5155666], [-61.0303791, 10.5156372], [-61.0303335, 10.5156945], [-61.0302638, 10.5157638], [-61.0301578, 10.5157895], [-61.0297721, 10.5158014], [-61.0296462, 10.5157539], [-61.0295657, 10.5156688], [-61.0295221, 10.5155923], [-61.0294906, 10.5155528], [-61.029441, 10.5155337], [-61.0293947, 10.5155356], [-61.0288537, 10.5157127], [-61.0280838, 10.5159747], [-61.0280721, 10.5159853], [-61.0280761, 10.5160037], [-61.0280895, 10.5160097], [-61.028172, 10.5159882], [-61.0282521, 10.5159747], [-61.0283487, 10.5159833], [-61.0284157, 10.5160413], [-61.0284613, 10.5161798], [-61.0284385, 10.5163314], [-61.0283835, 10.5165753], [-61.0281327, 10.5168522], [-61.0278551, 10.5171357], [-61.0275158, 10.5174798], [-61.027426, 10.5176342], [-61.0274179, 10.5176928], [-61.027438, 10.5177383], [-61.0275158, 10.5177845], [-61.0275829, 10.5178366], [-61.0276486, 10.5179361], [-61.0276486, 10.5180587], [-61.0275453, 10.5183224], [-61.0273209, 10.5187457], [-61.0260182, 10.5208732], [-61.0236264, 10.5229175], [-61.022889, 10.5233409], [-61.022425, 10.5235492], [-61.022197, 10.5235888], [-61.0218778, 10.5235413], [-61.0212448, 10.5232934], [-61.0210463, 10.5232855], [-61.0206011, 10.5234411], [-61.0200432, 10.5236336], [-61.0196382, 10.523718], [-61.0191339, 10.5237628], [-61.0185867, 10.5238702], [-61.0182086, 10.5238868], [-61.017943, 10.5238235], [-61.0177445, 10.5236336], [-61.017656, 10.5232354], [-61.0175729, 10.5231062], [-61.0174441, 10.5230534], [-61.0171303, 10.5230561], [-61.0166904, 10.5230983], [-61.0162103, 10.5230271], [-61.0159367, 10.5229189], [-61.0157758, 10.5228135], [-61.0156712, 10.5226842], [-61.0155344, 10.5226051], [-61.0153118, 10.5225366], [-61.0151213, 10.5224416], [-61.014947, 10.5223335], [-61.0147566, 10.5221516], [-61.0146198, 10.5219564], [-61.0145769, 10.5218087], [-61.0145018, 10.5217032], [-61.0143569, 10.5216584], [-61.0141665, 10.521698], [-61.01385, 10.5219406], [-61.0135737, 10.5221647], [-61.0130426, 10.5225102], [-61.012643, 10.522766], [-61.0124552, 10.522911], [-61.0124512, 10.522948], [-61.0124807, 10.5229559], [-61.0127462, 10.5228003], [-61.0128053, 10.5227976], [-61.012875, 10.5228306], [-61.0129447, 10.522944], [-61.012989, 10.5231207], [-61.0129917, 10.5232723], [-61.0129702, 10.5235413], [-61.012989, 10.5238287], [-61.0130426, 10.5242032], [-61.0130373, 10.5243456], [-61.012989, 10.524575], [-61.0129327, 10.524786], [-61.0128039, 10.5249772], [-61.0128287, 10.5250181], [-61.0128437, 10.5250288], [-61.0128609, 10.5250411], [-61.0128817, 10.5250359], [-61.0129125, 10.5250642], [-61.0128804, 10.5251341], [-61.0128911, 10.5251499], [-61.0129863, 10.525084], [-61.0130453, 10.5252528], [-61.0129749, 10.5252897], [-61.0129575, 10.5253358], [-61.0129333, 10.5253405], [-61.0127727, 10.5255036], [-61.0127818, 10.5255241], [-61.0128405, 10.5254805], [-61.012873, 10.5254842], [-61.0129481, 10.5254354], [-61.0130225, 10.525438], [-61.0130527, 10.5254743], [-61.0130426, 10.5255231], [-61.0130728, 10.5255231], [-61.013113, 10.5255864], [-61.0131566, 10.5256576], [-61.0131231, 10.5257077], [-61.0130721, 10.5257452], [-61.0130929, 10.5257637], [-61.0130654, 10.5258178], [-61.0130859, 10.5258306], [-61.0130778, 10.5258481], [-61.0130832, 10.5258596], [-61.0131154, 10.5258712], [-61.0131251, 10.5258441], [-61.0131566, 10.5258553], [-61.0131989, 10.5257993], [-61.0132491, 10.5258468], [-61.0132699, 10.5259338], [-61.0131774, 10.5259674], [-61.0131358, 10.5260057], [-61.0132056, 10.5260294], [-61.0132471, 10.5260136], [-61.0132525, 10.5260498], [-61.0131875, 10.5261481], [-61.0132103, 10.5261698], [-61.0132773, 10.5261659], [-61.0133491, 10.526212], [-61.0133102, 10.5263036], [-61.0132693, 10.5263287], [-61.0132666, 10.5263597], [-61.0133068, 10.5263715], [-61.0133283, 10.526363], [-61.0133404, 10.5264395], [-61.0133209, 10.5265311], [-61.0131687, 10.5267427], [-61.0130507, 10.5268495], [-61.0130648, 10.5268667], [-61.0131647, 10.5268126], [-61.0131633, 10.5269168], [-61.0131928, 10.5269748], [-61.0132331, 10.5270117], [-61.0132639, 10.5271462], [-61.0132143, 10.5272662], [-61.0132532, 10.5273123], [-61.0130708, 10.5275945], [-61.0130065, 10.5275725], [-61.0129541, 10.5275286], [-61.0128884, 10.5275655], [-61.0128281, 10.527642], [-61.0126846, 10.5277896], [-61.0126913, 10.5278292], [-61.0128723, 10.5276934], [-61.0129234, 10.5276898], [-61.0129085, 10.5277646], [-61.0129474, 10.527812], [-61.0129622, 10.5279083], [-61.012938, 10.5280507], [-61.0128844, 10.5284885], [-61.0127825, 10.5286546], [-61.0127918, 10.5286704], [-61.0128593, 10.5286653], [-61.0129327, 10.5288735], [-61.0129273, 10.5292585], [-61.0127878, 10.5296909], [-61.0126396, 10.5298624], [-61.0126725, 10.5299362], [-61.012704, 10.5299481], [-61.0126718, 10.529985], [-61.0126357, 10.5299926], [-61.0126571, 10.5300357], [-61.0126604, 10.5300647], [-61.0126048, 10.5300309], [-61.0125679, 10.5300718], [-61.0125464, 10.5301312], [-61.0125479, 10.5301487], [-61.0124449, 10.5301891], [-61.0122375, 10.5304059], [-61.0122339, 10.530429], [-61.0121896, 10.5304693], [-61.0118646, 10.530825], [-61.011868, 10.5308279], [-61.0121649, 10.5305236], [-61.0124707, 10.5302213], [-61.0125572, 10.5301846], [-61.0125659, 10.5301972], [-61.0125505, 10.5302241], [-61.0126008, 10.5303272], [-61.0127468, 10.5304287], [-61.0127965, 10.530437], [-61.012802, 10.5304936], [-61.0128352, 10.5304932], [-61.0128402, 10.5305598], [-61.0127838, 10.5306511], [-61.0128116, 10.5306829], [-61.0128873, 10.5306218], [-61.0128958, 10.5306376], [-61.0130319, 10.5304669], [-61.0133226, 10.5306182], [-61.0133103, 10.5306639], [-61.0133323, 10.5306841], [-61.0133601, 10.5306748], [-61.0133773, 10.5306779], [-61.0134503, 10.530602], [-61.0135234, 10.5306488], [-61.0135623, 10.5306331], [-61.0136783, 10.5307827], [-61.0139841, 10.5310939], [-61.0142577, 10.5316951], [-61.0144267, 10.5324519], [-61.0145125, 10.5331164], [-61.0145929, 10.5338073], [-61.0147318, 10.5341963], [-61.0146734, 10.5342003], [-61.0146077, 10.5342161], [-61.0145245, 10.5342596], [-61.0145313, 10.5342741], [-61.0145728, 10.5342583], [-61.0145849, 10.5342807], [-61.0145688, 10.5343532], [-61.0146184, 10.5343202], [-61.01466, 10.5343295], [-61.0147271, 10.5343026], [-61.0148585, 10.5345325], [-61.0151053, 10.535023], [-61.0152876, 10.5355662], [-61.0155666, 10.5370798], [-61.0159797, 10.5387939], [-61.01887, 10.54956], [-61.0201872, 10.5573115], [-61.0203928, 10.5584175], [-61.0208007, 10.5601497], [-61.0216103, 10.563677], [-61.0220169, 10.5660646], [-61.0212424, 10.5673858], [-61.0207562, 10.5679692], [-61.0207233, 10.5679888], [-61.020633, 10.5679959], [-61.020478, 10.568131], [-61.0204833, 10.5681442], [-61.0206352, 10.5680522], [-61.0206289, 10.5680778], [-61.0203387, 10.568287], [-61.0203562, 10.5683055], [-61.0206718, 10.568123], [-61.0207486, 10.5682249], [-61.0208182, 10.5683822], [-61.0208711, 10.5689228], [-61.021123, 10.5706665], [-61.0211292, 10.5712107], [-61.0209779, 10.5714225], [-61.020937, 10.5716835], [-61.0208223, 10.571856], [-61.0208485, 10.5718606], [-61.0208572, 10.571886], [-61.0208375, 10.5719015], [-61.0208202, 10.5719099], [-61.0206354, 10.5719896], [-61.0205839, 10.5720335], [-61.0202907, 10.5721688], [-61.0202936, 10.5721782], [-61.0205904, 10.5720416], [-61.020636, 10.5720046], [-61.020818, 10.5719236], [-61.0208363, 10.5719438], [-61.0209042, 10.5721681], [-61.020813, 10.572267], [-61.0208666, 10.5722762], [-61.0208398, 10.572329], [-61.0208854, 10.572329], [-61.0209243, 10.572358], [-61.020656, 10.5725894], [-61.0209055, 10.5725188], [-61.0210115, 10.5725109], [-61.0210732, 10.5726111], [-61.0210557, 10.5727139], [-61.0211925, 10.57276], [-61.0212193, 10.5728391], [-61.0212086, 10.5729552], [-61.021049, 10.573091], [-61.0209, 10.57318], [-61.0210383, 10.5731549], [-61.0210631, 10.5731674], [-61.0210973, 10.5731621], [-61.0211362, 10.5732056], [-61.0212784, 10.5731265], [-61.0214728, 10.5729723], [-61.0215734, 10.5730501], [-61.0216351, 10.5731292], [-61.0217115, 10.5732847], [-61.0217571, 10.5734377], [-61.021729, 10.5734733], [-61.0217725, 10.5734772], [-61.0217075, 10.573816], [-61.0216378, 10.5741127], [-61.0215318, 10.5742537], [-61.021442, 10.5743289], [-61.0213494, 10.5743645], [-61.0212381, 10.5743684], [-61.0211791, 10.5743262], [-61.0210986, 10.5742142], [-61.0211737, 10.5741637], [-61.0211683, 10.5741584], [-61.0203465, 10.5745741], [-61.0202736, 10.5745994], [-61.0202283, 10.5745941], [-61.0202306, 10.5745849], [-61.0202769, 10.5745481], [-61.0201887, 10.5745978], [-61.0201351, 10.574643], [-61.0200978, 10.5746565], [-61.0200953, 10.5746579], [-61.0200496, 10.5746838], [-61.0196813, 10.5748611], [-61.0196766, 10.5748867], [-61.019482, 10.5749864], [-61.0194246, 10.5750033], [-61.0192218, 10.5750954], [-61.0192378, 10.575117], [-61.01962, 10.5749561], [-61.0196399, 10.5749656], [-61.0197874, 10.5748856], [-61.0199278, 10.5748199], [-61.020015, 10.5748258], [-61.0200597, 10.5747849], [-61.0200746, 10.5747582], [-61.0201172, 10.5747584], [-61.02015, 10.5747501], [-61.0201544, 10.5747219], [-61.0202588, 10.5746558], [-61.0203635, 10.5746166], [-61.0204259, 10.5747207], [-61.0204575, 10.5748357], [-61.0204508, 10.5748754], [-61.0205127, 10.5748882], [-61.0206494, 10.5750942], [-61.0205363, 10.5751825], [-61.0205837, 10.5752049], [-61.0205942, 10.5752239], [-61.0206554, 10.5752112], [-61.0207319, 10.5752027], [-61.020742, 10.5752264], [-61.0207629, 10.5752222], [-61.0208138, 10.5752119], [-61.0209018, 10.575224], [-61.0209387, 10.5752346], [-61.0209598, 10.575258], [-61.0209585, 10.5752909], [-61.0206554, 10.575491], [-61.0206588, 10.5754991], [-61.0208885, 10.5753675], [-61.020994, 10.5755042], [-61.02104, 10.5756853], [-61.0211738, 10.576118], [-61.0211481, 10.5761306], [-61.0211522, 10.5761434], [-61.021179, 10.5761307], [-61.0220345, 10.5812467], [-61.0234309, 10.5886509], [-61.0243465, 10.599182], [-61.0252172, 10.6046661], [-61.0253191, 10.6051802], [-61.025413, 10.6056495], [-61.0254934, 10.6060528], [-61.0255659, 10.6063824], [-61.0256973, 10.6069782], [-61.0257617, 10.6073077], [-61.0258013, 10.6076603], [-61.0263733, 10.6103772], [-61.0274334, 10.6147472], [-61.02757, 10.6153101], [-61.0278101, 10.6166], [-61.0281154, 10.617879], [-61.0315418, 10.6322337], [-61.0317832, 10.6336572], [-61.0318396, 10.6338654], [-61.0318583, 10.6339788], [-61.0318691, 10.6341264], [-61.0318771, 10.6342556], [-61.031912, 10.6344217], [-61.0319656, 10.6346167], [-61.0321265, 10.6350517], [-61.0322043, 10.6353021], [-61.0322875, 10.6356685], [-61.032325, 10.6358979], [-61.0329795, 10.6391825], [-61.0330278, 10.6394145], [-61.0330868, 10.6397097], [-61.0331458, 10.6399206], [-61.033296, 10.64049], [-61.0334033, 10.6410963], [-61.0335803, 10.6420347], [-61.0338754, 10.6434951], [-61.0342401, 10.6454669], [-61.0344976, 10.6468113], [-61.0348195, 10.6485458], [-61.0350019, 10.6494842], [-61.0351199, 10.6500114], [-61.0351735, 10.6503488], [-61.0352004, 10.6505386], [-61.0352165, 10.6507969], [-61.035254, 10.6510922], [-61.0352969, 10.651282], [-61.0354257, 10.6516826], [-61.0354954, 10.6521202], [-61.0355115, 10.652505], [-61.0354954, 10.6527792], [-61.0355169, 10.6530481], [-61.0355437, 10.6532958], [-61.0356027, 10.6535331], [-61.0356832, 10.6537018], [-61.0357475, 10.6539285], [-61.0357904, 10.6541288], [-61.0358173, 10.6544399], [-61.0358602, 10.6547404], [-61.0359407, 10.6550725], [-61.0362464, 10.6565592], [-61.0363376, 10.6569704], [-61.036402, 10.6574185], [-61.0364664, 10.657914], [-61.0365146, 10.658378], [-61.036638, 10.6591108], [-61.0367829, 10.6600755], [-61.0368344, 10.6604536], [-61.0369063, 10.6609823], [-61.0370135, 10.6617572], [-61.0370779, 10.6622317], [-61.0371476, 10.6626956], [-61.0372067, 10.6631068], [-61.0372268, 10.6634455], [-61.0372187, 10.6635931], [-61.0372241, 10.6637394], [-61.0372241, 10.6637724], [-61.037216, 10.6638013], [-61.0371852, 10.6638541], [-61.0371664, 10.66392], [-61.0371611, 10.6639608], [-61.0371718, 10.6640188], [-61.0372093, 10.6640742], [-61.0372992, 10.6641783], [-61.0373676, 10.6642771], [-61.0374132, 10.6644195], [-61.0374226, 10.6644999], [-61.0374185, 10.664662], [-61.0373998, 10.6647331], [-61.0373662, 10.6648702], [-61.0373501, 10.6649493], [-61.0373421, 10.6650468], [-61.0373488, 10.6651799], [-61.0373515, 10.6653394], [-61.0374293, 10.6655555], [-61.0376224, 10.6662409], [-61.0376868, 10.6667338], [-61.0376975, 10.6670896], [-61.037668, 10.6674375], [-61.0376868, 10.6677011], [-61.0377458, 10.6679858], [-61.0377914, 10.6684734], [-61.0379335, 10.6690902], [-61.0379657, 10.6693828], [-61.0379496, 10.6697175], [-61.0379308, 10.6699258], [-61.0379469, 10.6701314], [-61.0380489, 10.6705188], [-61.0380569, 10.6706374], [-61.0380569, 10.670764], [-61.0380274, 10.6708878], [-61.0380247, 10.6710592], [-61.038073, 10.6712885], [-61.0380998, 10.671415], [-61.0381293, 10.6715943], [-61.0381401, 10.6717155], [-61.038132, 10.6718657], [-61.0381106, 10.6720582], [-61.0381132, 10.6722769], [-61.0381454, 10.6724904], [-61.0381883, 10.6726169], [-61.0382259, 10.6727751], [-61.0382205, 10.6728357], [-61.0381991, 10.6729332], [-61.0381401, 10.6730677], [-61.0380837, 10.6732153], [-61.0380757, 10.6733049], [-61.0381025, 10.6734235], [-61.0381803, 10.6736344], [-61.0382286, 10.6738769], [-61.0382447, 10.6740851], [-61.0382447, 10.6742617], [-61.0382259, 10.6744383], [-61.0381883, 10.6747309], [-61.038191, 10.6748811], [-61.0382125, 10.6750603], [-61.03825, 10.6753318], [-61.0382929, 10.6756428], [-61.0383546, 10.6760488], [-61.0383815, 10.6762333], [-61.0383976, 10.676394], [-61.0383654, 10.6765601], [-61.038309, 10.6767156], [-61.0382769, 10.6768237], [-61.0382795, 10.6769396], [-61.0383037, 10.6770134], [-61.0383573, 10.6770846], [-61.0383761, 10.6771479], [-61.0383734, 10.6773007], [-61.0383439, 10.6775406], [-61.0383171, 10.6777673], [-61.0383251, 10.6778595], [-61.0383627, 10.6779571], [-61.0383868, 10.6781653], [-61.0383734, 10.6783102], [-61.0383278, 10.6784078], [-61.0382849, 10.6785053], [-61.0382769, 10.6785896], [-61.0383064, 10.6787003], [-61.038352, 10.6789455], [-61.0383412, 10.6790693], [-61.0383064, 10.6791511], [-61.0382259, 10.6793092], [-61.0381991, 10.679441], [-61.0382098, 10.6795227], [-61.0382339, 10.6796149], [-61.0382742, 10.6797546], [-61.0382876, 10.6799101], [-61.0382715, 10.680063], [-61.0382178, 10.6803213], [-61.0382205, 10.6805559], [-61.0382608, 10.6808432], [-61.0382876, 10.680946], [-61.0382983, 10.6810541], [-61.0382795, 10.681112], [-61.0382393, 10.681228], [-61.038183, 10.6814494], [-61.0381374, 10.6822533], [-61.0381213, 10.6826012], [-61.037904, 10.684636], [-61.0376465, 10.6862148], [-61.0375071, 10.686966], [-61.0373689, 10.6874509], [-61.0373059, 10.6876117], [-61.0372455, 10.6877], [-61.0371302, 10.687787], [-61.0370283, 10.6878476], [-61.0369143, 10.6878871], [-61.0367292, 10.6879188], [-61.0366488, 10.6879385], [-61.0365535, 10.6879926], [-61.0363269, 10.6883115], [-61.0361686, 10.6884406], [-61.0359487, 10.6885316], [-61.0356496, 10.6885843], [-61.0355303, 10.6885671], [-61.0354471, 10.6885276], [-61.035368, 10.6884564], [-61.0353372, 10.6884551], [-61.0353117, 10.688461], [-61.0352989, 10.6884802], [-61.0352969, 10.6885026], [-61.0353506, 10.6885961], [-61.0353465, 10.688633], [-61.0353083, 10.688664], [-61.0352419, 10.6886805], [-61.0351259, 10.688691], [-61.0350528, 10.6886719], [-61.0349999, 10.6886291], [-61.0349623, 10.6886113], [-61.0349187, 10.6886271], [-61.0348953, 10.6886469], [-61.0348919, 10.6887009], [-61.0348886, 10.6887602], [-61.0348202, 10.6888202], [-61.0345734, 10.6889493], [-61.0345479, 10.6889836], [-61.0345452, 10.6890238], [-61.0345553, 10.6890804], [-61.0345432, 10.6891081], [-61.0345097, 10.6891305], [-61.034393, 10.6891931], [-61.0342475, 10.6892241], [-61.0341704, 10.6892405], [-61.034108, 10.6892636], [-61.0340416, 10.6893078], [-61.0339169, 10.6893947], [-61.0337976, 10.6894211], [-61.0337131, 10.6894053], [-61.0336433, 10.6893631], [-61.0335776, 10.6893519], [-61.0335092, 10.6893618], [-61.0333134, 10.6894211], [-61.0327595, 10.6895437], [-61.0325624, 10.6896267], [-61.0325316, 10.6896603], [-61.0325369, 10.6897084], [-61.0325959, 10.6897795], [-61.0325852, 10.6898296], [-61.0325275, 10.6898507], [-61.0323492, 10.6898678], [-61.0321228, 10.6899285], [-61.032085, 10.6899182], [-61.0320608, 10.6899213], [-61.0320253, 10.6899259], [-61.0319901, 10.689909], [-61.03204, 10.689857], [-61.0320354, 10.6898421], [-61.0320179, 10.6898435], [-61.0319773, 10.689881], [-61.0319613, 10.6898873], [-61.0319495, 10.6898705], [-61.0319381, 10.6898764], [-61.0319214, 10.6899054], [-61.0319106, 10.6898883], [-61.0318845, 10.6899113], [-61.0318603, 10.6899054], [-61.0318449, 10.6899107], [-61.0318664, 10.6899581], [-61.0318644, 10.6899897], [-61.0319267, 10.6899818], [-61.031971, 10.689968], [-61.03198, 10.6899836], [-61.0319884, 10.6899983], [-61.0319757, 10.6900266], [-61.0319871, 10.6900678], [-61.0319354, 10.6901162], [-61.0319582, 10.6901393], [-61.0320414, 10.6900609], [-61.032083, 10.6900714], [-61.0320816, 10.690109], [-61.0321413, 10.6901835], [-61.0322124, 10.690275], [-61.0322768, 10.690362], [-61.0322835, 10.6905083], [-61.0322405, 10.690644], [-61.0321856, 10.6908661], [-61.0321346, 10.6911652], [-61.0320615, 10.6914743], [-61.0319636, 10.6918531], [-61.0318235, 10.6926432], [-61.0316357, 10.6933891], [-61.0313755, 10.694127], [-61.0312682, 10.694749], [-61.031051, 10.6952445], [-61.0308498, 10.6957453], [-61.0306822, 10.6960991], [-61.030591, 10.6962065], [-61.0305052, 10.6962645], [-61.0304502, 10.6963093], [-61.0304126, 10.6963805], [-61.0303603, 10.6964773], [-61.0302973, 10.6966902], [-61.0302316, 10.6968523], [-61.0299318, 10.6976106], [-61.0295369, 10.698655], [-61.0291962, 10.6994351], [-61.0288194, 10.7000624], [-61.0284506, 10.7007569], [-61.0281475, 10.7012286], [-61.028004, 10.7014632], [-61.0277344, 10.7017979], [-61.0275722, 10.7020549], [-61.0272221, 10.7024753], [-61.0268426, 10.7028956], [-61.026514, 10.7031974], [-61.0260822, 10.7035058], [-61.0257053, 10.7037258], [-61.025299, 10.7038708], [-61.0249154, 10.703905], [-61.024729, 10.7039235], [-61.024497, 10.7038945], [-61.0242476, 10.7038747], [-61.0239914, 10.7038708], [-61.0237809, 10.7038708], [-61.023638, 10.7038563], [-61.0234979, 10.7038095], [-61.0233101, 10.7037746], [-61.0232149, 10.7037746], [-61.0230702, 10.7038206], [-61.0230346, 10.7038295], [-61.0228328, 10.703875], [-61.02248, 10.7039545], [-61.0223365, 10.7040777], [-61.0222788, 10.7042569], [-61.0221916, 10.7044256], [-61.0220696, 10.7045745], [-61.0219006, 10.7047445], [-61.0215171, 10.705062], [-61.0210919, 10.7053651], [-61.0208291, 10.7055548], [-61.0207245, 10.7056313], [-61.0205904, 10.7057341], [-61.0203704, 10.7059239], [-61.0202122, 10.706053], [-61.0200003, 10.7061848], [-61.0197294, 10.7062955], [-61.0195041, 10.7063798], [-61.0192922, 10.7064141], [-61.0190749, 10.7064088], [-61.0189301, 10.7063956], [-61.0187128, 10.706393], [-61.018627, 10.7063983], [-61.0185358, 10.7064246], [-61.018391, 10.7064879], [-61.01823, 10.7065643], [-61.0180396, 10.706646], [-61.0179403, 10.7066671], [-61.017825, 10.7066803], [-61.0177124, 10.7066829], [-61.0173717, 10.706704], [-61.0170887, 10.7067475], [-61.0169318, 10.7067527], [-61.0166998, 10.7067066], [-61.0165845, 10.7066302], [-61.0164852, 10.706505], [-61.016382, 10.7063258], [-61.0163082, 10.7062388], [-61.0161882, 10.7062197], [-61.0160548, 10.7062513], [-61.0158891, 10.7062441], [-61.0157805, 10.7062164], [-61.0155518, 10.7061235], [-61.0153788, 10.7060517], [-61.0151616, 10.7058422], [-61.0150945, 10.7056366], [-61.0151079, 10.7050014], [-61.0150945, 10.7048828], [-61.0149819, 10.7046509], [-61.0148451, 10.7045086], [-61.0146144, 10.7043847], [-61.0144132, 10.7043215], [-61.0141906, 10.704361], [-61.014019, 10.7044269], [-61.0137963, 10.7046193], [-61.013622, 10.7047642], [-61.0135227, 10.7048011], [-61.0132626, 10.7048591], [-61.0129997, 10.7048828], [-61.012871, 10.7048591], [-61.0127288, 10.7047748], [-61.0126269, 10.7046535], [-61.0125438, 10.7045561], [-61.0124391, 10.7044664], [-61.0123962, 10.704448], [-61.0123506, 10.704448], [-61.0123077, 10.7044743], [-61.0122782, 10.7045191], [-61.0122246, 10.7046061], [-61.0121709, 10.7046245], [-61.0121146, 10.7046061], [-61.0120609, 10.7045428], [-61.0119483, 10.7043649], [-61.0118799, 10.7042806], [-61.0117874, 10.7042055], [-61.0117136, 10.7041897], [-61.0115553, 10.7041897], [-61.0114373, 10.7041818], [-61.0111007, 10.7041212], [-61.0109988, 10.7041053], [-61.0108781, 10.70405], [-61.0107896, 10.703934], [-61.0107386, 10.7037996], [-61.0107118, 10.7036573], [-61.0106555, 10.7035624], [-61.0105723, 10.703457], [-61.0105455, 10.7034043], [-61.0105562, 10.7033384], [-61.0106233, 10.7032462], [-61.0106367, 10.7031539], [-61.0105267, 10.7028297], [-61.0101378, 10.7026057], [-61.0098749, 10.7025556], [-61.0095799, 10.702553], [-61.0091829, 10.7025688], [-61.0085768, 10.7026637], [-61.0082844, 10.7026532], [-61.0080108, 10.7027032], [-61.0078499, 10.7027955], [-61.0077801, 10.7028825], [-61.0077614, 10.7030564], [-61.007697, 10.7031724], [-61.0076326, 10.7032831], [-61.0075119, 10.7033885], [-61.007351, 10.703457], [-61.0072276, 10.7035071], [-61.0069165, 10.7035677], [-61.0063881, 10.7036705], [-61.0058838, 10.7036389], [-61.005562, 10.7035967], [-61.0053849, 10.7035123], [-61.0051543, 10.7034807], [-61.0049316, 10.7035071], [-61.0047492, 10.703544], [-61.0045052, 10.7035861], [-61.0043281, 10.703602], [-61.0041779, 10.7035743], [-61.004025, 10.7034952], [-61.0039124, 10.7034873], [-61.0037635, 10.703511], [-61.0036294, 10.7035558], [-61.0035262, 10.7035677], [-61.0034162, 10.7035453], [-61.003333, 10.7035176], [-61.0032848, 10.7035044], [-61.0032459, 10.703511], [-61.0032392, 10.7035321], [-61.003266, 10.7035914], [-61.0033317, 10.7037074], [-61.0033384, 10.7037706], [-61.0033076, 10.703822], [-61.0032298, 10.7038602], [-61.0029629, 10.7039788], [-61.0027456, 10.7041001], [-61.0025176, 10.7041291], [-61.002287, 10.7040711], [-61.0020804, 10.7039841], [-61.0019839, 10.7039933], [-61.0018846, 10.7040381], [-61.0017814, 10.7041673], [-61.0016432, 10.7042279], [-61.0015453, 10.7042463], [-61.001434, 10.7042424], [-61.0013073, 10.704164], [-61.0012637, 10.7040829], [-61.0012496, 10.7039881], [-61.0012389, 10.7039657], [-61.0012047, 10.7039433], [-61.0010666, 10.7039327], [-61.0009412, 10.7039241], [-61.0008339, 10.7039327], [-61.0008057, 10.7039545], [-61.000801, 10.7039927], [-61.0008165, 10.7040315], [-61.0008151, 10.7040717], [-61.0007957, 10.7041053], [-61.0006052, 10.7041422], [-61.0004698, 10.7042055], [-61.0004362, 10.704245], [-61.0004121, 10.7043162], [-61.0004215, 10.7044335], [-61.0004362, 10.7045402], [-61.0004108, 10.7046245], [-61.0003611, 10.7046904], [-61.0001694, 10.7048235], [-60.999877, 10.70495], [-60.9997268, 10.704979], [-60.9995712, 10.7049289], [-60.9993888, 10.7048038], [-60.999248, 10.7046285], [-60.9990817, 10.7045824], [-60.998906, 10.7045929], [-60.9983455, 10.7046588], [-60.9981644, 10.7047326], [-60.9979887, 10.7048907], [-60.9978104, 10.705178], [-60.9977098, 10.7053744], [-60.9975609, 10.7054956], [-60.9973302, 10.7055588], [-60.9971385, 10.7056326], [-60.9970915, 10.7057328], [-60.9970956, 10.7058692], [-60.9971036, 10.7059851], [-60.9970835, 10.7061479], [-60.9970231, 10.7063343], [-60.9969521, 10.7064365], [-60.9968568, 10.7065155], [-60.9967958, 10.7065597], [-60.9967093, 10.7066216], [-60.9966449, 10.7067027], [-60.9965316, 10.7070229], [-60.9964344, 10.7071579], [-60.9963781, 10.70721], [-60.996313, 10.7072495], [-60.9962808, 10.7073325], [-60.9962574, 10.707436], [-60.9962413, 10.7075921], [-60.9962493, 10.7077134], [-60.9962802, 10.707749], [-60.9963365, 10.7077648], [-60.9964277, 10.7077727], [-60.996484, 10.7078346], [-60.9965712, 10.7080257], [-60.996651, 10.7082088], [-60.9967542, 10.7083209], [-60.9968501, 10.7083709], [-60.9969346, 10.7084355], [-60.9970352, 10.7084856], [-60.9970902, 10.7085541], [-60.9970875, 10.7086819], [-60.9970661, 10.7088163], [-60.9970399, 10.7089712], [-60.9969896, 10.7090858], [-60.9969306, 10.7091471], [-60.9968763, 10.7091695], [-60.9968032, 10.7091708], [-60.9967167, 10.7091675], [-60.996649, 10.7091721], [-60.9964827, 10.7092854], [-60.9962118, 10.7094739], [-60.9961031, 10.7095661], [-60.9960374, 10.709686], [-60.9960334, 10.7097862], [-60.9960951, 10.7099193], [-60.9962681, 10.7101604], [-60.9963727, 10.7102645], [-60.9964277, 10.7103475], [-60.9964277, 10.7104543], [-60.9963445, 10.7105992], [-60.9963244, 10.710673], [-60.9963231, 10.7107455], [-60.9963486, 10.710876], [-60.9963231, 10.7111276], [-60.9962118, 10.7119249], [-60.9961259, 10.7125574], [-60.9960026, 10.7129185], [-60.9959006, 10.713182], [-60.9957799, 10.713431], [-60.9956539, 10.7137289], [-60.9955278, 10.7139634], [-60.9953917, 10.7141248], [-60.995277, 10.7142395], [-60.9951932, 10.714306], [-60.9951087, 10.7143679], [-60.9950075, 10.7145393], [-60.9949612, 10.7147448], [-60.9949552, 10.7148608], [-60.9949887, 10.7149899], [-60.9950343, 10.7150782], [-60.9950142, 10.7152284], [-60.9949511, 10.7153655], [-60.9948881, 10.715488], [-60.9948573, 10.7155855], [-60.9948599, 10.7157397], [-60.9948277, 10.7158636], [-60.9947433, 10.715998], [-60.9945998, 10.7160586], [-60.9944496, 10.7160467], [-60.9941867, 10.7160784], [-60.9941156, 10.716164], [-60.9940982, 10.716222], [-60.9940995, 10.7164078], [-60.9939888, 10.7167377], [-60.9936045, 10.7175024], [-60.9930299, 10.7183899], [-60.9927517, 10.7188851], [-60.9924781, 10.7191987], [-60.9923252, 10.7193384], [-60.9922608, 10.7193955], [-60.9921616, 10.7194833], [-60.9919176, 10.7197337], [-60.991526, 10.7200526], [-60.9908071, 10.7206482], [-60.9904021, 10.7209381], [-60.9899086, 10.7212517], [-60.9894043, 10.7214836], [-60.9891924, 10.7215521], [-60.9889913, 10.7215916], [-60.9884334, 10.7216496], [-60.9881276, 10.7216443], [-60.9877977, 10.7215943], [-60.9875375, 10.7215205], [-60.9871754, 10.7213505], [-60.9868991, 10.7211884], [-60.9866363, 10.7209908], [-60.986419, 10.7207509], [-60.986305, 10.7205559], [-60.9862098, 10.720297], [-60.9861615, 10.7200565], [-60.9861367, 10.7199037], [-60.9861307, 10.7197251], [-60.9861803, 10.7196131], [-60.9862775, 10.719567], [-60.9865209, 10.7195202], [-60.9867328, 10.7194688], [-60.9868415, 10.7193674], [-60.9869166, 10.7192369], [-60.9869072, 10.7191499], [-60.9868321, 10.7190603], [-60.9866189, 10.7189352], [-60.9864177, 10.7188455], [-60.9860046, 10.7186347], [-60.9857927, 10.7185794], [-60.9855741, 10.7185464], [-60.9855071, 10.7185211], [-60.9854139, 10.7184759], [-60.9853569, 10.7184114], [-60.9853026, 10.718333], [-60.9851396, 10.7181814], [-60.9849894, 10.7181636], [-60.9848734, 10.7181976], [-60.9847976, 10.7182638], [-60.9847654, 10.7183138], [-60.9847755, 10.7183824], [-60.9847949, 10.718441], [-60.9848412, 10.7185649], [-60.9848741, 10.7187309], [-60.9849063, 10.7189971], [-60.9849391, 10.7191018], [-60.9849559, 10.719229], [-60.9849519, 10.7192784], [-60.9849358, 10.7193074], [-60.9846585, 10.7194128], [-60.9846501, 10.7194382], [-60.9846568, 10.7194635], [-60.984685, 10.7194741], [-60.9847111, 10.7194655], [-60.9849103, 10.7193894], [-60.9849649, 10.7193795], [-60.9850243, 10.7193799], [-60.9851396, 10.7194016], [-60.9853287, 10.7194596], [-60.9855312, 10.7195676], [-60.9856358, 10.7196335], [-60.9856814, 10.7196902], [-60.9857619, 10.7199023], [-60.985833, 10.7202621], [-60.9859148, 10.7210039], [-60.9859845, 10.7215547], [-60.9860113, 10.722037], [-60.9860113, 10.7226827], [-60.9859604, 10.7232229], [-60.9859309, 10.7235313], [-60.9858722, 10.7242645], [-60.9858236, 10.7245801], [-60.9856465, 10.7252469], [-60.9853461, 10.7260164], [-60.9849089, 10.7272234], [-60.9844905, 10.7281379], [-60.9842759, 10.7286597], [-60.9841499, 10.7289271], [-60.9841123, 10.728993], [-60.984056, 10.7290549], [-60.9840184, 10.729109], [-60.9839983, 10.7291814], [-60.9840077, 10.7292631], [-60.9839943, 10.7293409], [-60.983942, 10.7294555], [-60.9838696, 10.7295609], [-60.9837019, 10.7297612], [-60.9835759, 10.7298693], [-60.9833291, 10.7300168], [-60.9829268, 10.7302356], [-60.9828034, 10.7303015], [-60.9826478, 10.7303686], [-60.9825929, 10.7304148], [-60.9825794, 10.7304701], [-60.9825835, 10.730561], [-60.9826478, 10.7307495], [-60.9827001, 10.7309128], [-60.9827149, 10.7310222], [-60.982727, 10.7311922], [-60.9826881, 10.7313503], [-60.9825647, 10.731461], [-60.9824225, 10.7315216], [-60.9822455, 10.7315848], [-60.9820819, 10.731569], [-60.9818512, 10.7314663], [-60.9816447, 10.7313925], [-60.981414, 10.731374], [-60.9811994, 10.731403], [-60.9810492, 10.7314742], [-60.981009, 10.7315611], [-60.9809956, 10.7317061], [-60.9809956, 10.7318536], [-60.98095, 10.7319538], [-60.9808427, 10.7320618], [-60.9806952, 10.7321172], [-60.9804323, 10.7320697], [-60.9803116, 10.7320381], [-60.9802419, 10.7320566], [-60.980207, 10.732104], [-60.9802204, 10.7321857], [-60.9803519, 10.7323385], [-60.9805144, 10.732504], [-60.9805799, 10.7326679], [-60.9805772, 10.7328445], [-60.9805235, 10.7330685], [-60.9805477, 10.7332319], [-60.980663, 10.7334032], [-60.98084, 10.7335982], [-60.9809849, 10.7338117], [-60.9811056, 10.734033], [-60.9812263, 10.7343361], [-60.9812665, 10.7346444], [-60.981237, 10.7348605], [-60.9811404, 10.7350423], [-60.9810653, 10.7351925], [-60.9809768, 10.7354508], [-60.9808856, 10.7356458], [-60.9807354, 10.735825], [-60.9805933, 10.7359989], [-60.9804887, 10.7361228], [-60.9802446, 10.7362967], [-60.9800273, 10.7363916], [-60.9797725, 10.7364601], [-60.9795794, 10.7365023], [-60.9794694, 10.7365787], [-60.9793809, 10.7367184], [-60.9792843, 10.7369107], [-60.9791636, 10.7371611], [-60.979059, 10.7373719], [-60.9789276, 10.737667], [-60.9788069, 10.73787], [-60.9786809, 10.7380623], [-60.9785762, 10.7381572], [-60.9784234, 10.7382547], [-60.9781954, 10.7383311], [-60.9779567, 10.7383733], [-60.9777018, 10.7383996], [-60.9774819, 10.7384497], [-60.9772325, 10.7385604], [-60.9770286, 10.7387554], [-60.9768194, 10.7389478], [-60.9765217, 10.7391112], [-60.9763446, 10.7391942], [-60.9761341, 10.7392917], [-60.9760255, 10.7393589], [-60.9759235, 10.7394432], [-60.9758431, 10.7394801], [-60.9757264, 10.7394761], [-60.9755494, 10.739401], [-60.9754394, 10.7393391], [-60.9753683, 10.739322], [-60.9752838, 10.7393431], [-60.9752503, 10.7393747], [-60.9752503, 10.7394103], [-60.9752865, 10.7394234], [-60.9753495, 10.7394458], [-60.9753683, 10.7394854], [-60.9753576, 10.7395302], [-60.9753133, 10.7395881], [-60.9752208, 10.7396501], [-60.9751444, 10.739687], [-60.9751095, 10.7397094], [-60.9750934, 10.739737], [-60.9751001, 10.7397976], [-60.9751497, 10.7399136], [-60.9751725, 10.7400269], [-60.9751618, 10.7401969], [-60.9750867, 10.7403695], [-60.9749392, 10.7405105], [-60.9748252, 10.7405895], [-60.9747125, 10.7407002], [-60.9746656, 10.7407806], [-60.9746575, 10.7408175], [-60.9746763, 10.7408399], [-60.9747836, 10.7408109], [-60.9748292, 10.7408306], [-60.9748721, 10.7408873], [-60.9749137, 10.7409743], [-60.9750237, 10.7411139], [-60.9751041, 10.7412272], [-60.975147, 10.7413775], [-60.9751356, 10.7415198], [-60.9750947, 10.7416324], [-60.9750439, 10.7417006], [-60.974907, 10.7417964], [-60.9747005, 10.7418689], [-60.974451, 10.7419111], [-60.9743477, 10.741919], [-60.9741667, 10.7419559], [-60.9739991, 10.7419783], [-60.973873, 10.7420152], [-60.9738019, 10.7420607], [-60.9736627, 10.7421747], [-60.9734613, 10.7423525], [-60.9733862, 10.742363], [-60.9733553, 10.7423419], [-60.9732977, 10.7422537], [-60.9731716, 10.742311], [-60.9731247, 10.7423314], [-60.9731354, 10.7423709], [-60.9731206, 10.7423986], [-60.9730858, 10.7424184], [-60.9729557, 10.7423828], [-60.9728685, 10.7423657], [-60.9726796, 10.7423803], [-60.9725359, 10.7424473], [-60.9724367, 10.7425712], [-60.9723696, 10.7426397], [-60.9722409, 10.7426371], [-60.972155, 10.7425712], [-60.9720317, 10.7423657], [-60.9719083, 10.742305], [-60.9718001, 10.7423015], [-60.9716801, 10.7423322], [-60.9715566, 10.7423549], [-60.9714147, 10.7424263], [-60.9714215, 10.742475], [-60.9715342, 10.7425188], [-60.9716348, 10.7426151], [-60.9717031, 10.7427517], [-60.9716776, 10.7428677], [-60.9715448, 10.7429731], [-60.9714054, 10.7430798], [-60.9711425, 10.7431971], [-60.9710124, 10.7433354], [-60.9709869, 10.7435146], [-60.9710151, 10.7436226], [-60.9711626, 10.7437518], [-60.9712029, 10.7438321], [-60.9711733, 10.7439204], [-60.9710942, 10.744014], [-60.9709507, 10.7441062], [-60.9707777, 10.7441352], [-60.9705578, 10.7441088], [-60.9703606, 10.744068], [-60.9702721, 10.7440838], [-60.9702306, 10.744122], [-60.9702306, 10.7441774], [-60.970307, 10.7442551], [-60.970307, 10.7443025], [-60.9702694, 10.7443368], [-60.9700736, 10.7443579], [-60.9699436, 10.7444079], [-60.9697491, 10.744545], [-60.9695379, 10.7446247], [-60.9694245, 10.7446576], [-60.9693736, 10.7446734], [-60.9693474, 10.7446998], [-60.9693528, 10.7447479], [-60.9693977, 10.7447874], [-60.9694541, 10.7448592], [-60.9694836, 10.7449376], [-60.9695037, 10.7450549], [-60.9694943, 10.7452011], [-60.9694849, 10.745354], [-60.9694822, 10.7455371], [-60.9694259, 10.745657], [-60.9693038, 10.7457492], [-60.9692851, 10.7458257], [-60.9693146, 10.7459126], [-60.9694406, 10.7459759], [-60.9696914, 10.7460167], [-60.9698805, 10.7460075], [-60.9700146, 10.7460523], [-60.9701058, 10.7461419], [-60.9701635, 10.7463026], [-60.9701903, 10.7464792], [-60.9701769, 10.7466333], [-60.9701487, 10.7467638], [-60.9701608, 10.7469113], [-60.9701702, 10.747076], [-60.9701313, 10.7471538], [-60.9700455, 10.7472144], [-60.9699529, 10.747246], [-60.9699288, 10.747271], [-60.9699395, 10.7473079], [-60.9699784, 10.7473409], [-60.9700307, 10.7473863], [-60.9700522, 10.7474568], [-60.9700468, 10.7475701], [-60.9700066, 10.7477375], [-60.9699141, 10.7478784], [-60.9698001, 10.7479694], [-60.9696405, 10.7480366], [-60.9695318, 10.7481117], [-60.9694648, 10.7482263], [-60.96945, 10.7486005], [-60.9694031, 10.7487481], [-60.9692998, 10.7489009], [-60.9692113, 10.7489905], [-60.9691215, 10.7490063], [-60.9690383, 10.7489536], [-60.9689847, 10.7489338], [-60.9688962, 10.7489431], [-60.9688184, 10.7490023], [-60.9687164, 10.749084], [-60.9686159, 10.7491763], [-60.968532, 10.7492527], [-60.9685052, 10.7492968], [-60.9684972, 10.7493449], [-60.9685166, 10.7494128], [-60.9685032, 10.7494358], [-60.9684677, 10.7494562], [-60.9683859, 10.7494444], [-60.9682551, 10.7493594], [-60.9681787, 10.7493357], [-60.968072, 10.7493317], [-60.9678528, 10.7493923], [-60.9674357, 10.7496598], [-60.967201, 10.7498021], [-60.9670723, 10.7499049], [-60.9669288, 10.7501078], [-60.9668335, 10.750225], [-60.9666283, 10.7503713], [-60.9665693, 10.7504833], [-60.9665157, 10.7507191], [-60.9664151, 10.7509141], [-60.9662904, 10.7510419], [-60.9661415, 10.7511065], [-60.9659551, 10.7511052], [-60.9657472, 10.751096], [-60.9655608, 10.7511315], [-60.9652618, 10.7512765], [-60.9649184, 10.751482], [-60.9648487, 10.7515637], [-60.9648514, 10.7516665], [-60.964909, 10.7517626], [-60.965066, 10.7520947], [-60.9650513, 10.7524409], [-60.964923, 10.7527975], [-60.9648167, 10.7529802], [-60.9648326, 10.7531487], [-60.9648079, 10.7534891], [-60.9646573, 10.7537979], [-60.9643696, 10.7541415], [-60.9641748, 10.7541806], [-60.964011, 10.7541849], [-60.9637007, 10.7544399], [-60.9632877, 10.7546191], [-60.9631106, 10.754714], [-60.9630784, 10.7549116], [-60.9630328, 10.7550987], [-60.9629041, 10.7552384], [-60.9627391, 10.7553833], [-60.9626627, 10.7554808], [-60.9626251, 10.7555374], [-60.9626251, 10.7555862], [-60.962656, 10.7556231], [-60.9626922, 10.7556784], [-60.9627016, 10.755739], [-60.9626654, 10.755826], [-60.9625795, 10.755938], [-60.9624495, 10.7560394], [-60.9623797, 10.7560842], [-60.9623154, 10.7560987], [-60.9622496, 10.7560737], [-60.9621812, 10.7560065], [-60.9621303, 10.7559894], [-60.9620458, 10.7559801], [-60.9619358, 10.755992], [-60.9618661, 10.7559867], [-60.9617628, 10.7559604], [-60.9616381, 10.7559538], [-60.9615684, 10.7559301], [-60.9615013, 10.7558523], [-60.9614611, 10.7558141], [-60.9614249, 10.7558181], [-60.9614208, 10.7558497], [-60.9614463, 10.7558971], [-60.9615321, 10.755988], [-60.9615375, 10.7560276], [-60.9615161, 10.7560776], [-60.9614517, 10.7561], [-60.9613712, 10.7560803], [-60.9612934, 10.7559801], [-60.9612156, 10.7559485], [-60.9610976, 10.7559169], [-60.9610426, 10.755876], [-60.9610185, 10.7558312], [-60.9609903, 10.755797], [-60.9609407, 10.7557957], [-60.9608951, 10.755822], [-60.9608388, 10.7558497], [-60.9607382, 10.7558787], [-60.9606671, 10.7559287], [-60.9606081, 10.7560065], [-60.9605706, 10.7561172], [-60.9605223, 10.7561804], [-60.9604432, 10.7562186], [-60.9603533, 10.7562515], [-60.9602299, 10.7562555], [-60.9601414, 10.7562081], [-60.9600891, 10.7561527], [-60.9600529, 10.7561277], [-60.9599885, 10.7561251], [-60.9599161, 10.7561626], [-60.9598712, 10.7562048], [-60.9598457, 10.7562575], [-60.9598035, 10.7563108], [-60.9597089, 10.7563648], [-60.9596251, 10.7564255], [-60.9595795, 10.7564676], [-60.9595567, 10.7565388], [-60.9595661, 10.7565994], [-60.9595674, 10.7566587], [-60.9595419, 10.7567114], [-60.9594816, 10.7567522], [-60.9594092, 10.756768], [-60.9593247, 10.7567469], [-60.9592402, 10.7567074], [-60.9591731, 10.7567008], [-60.9591115, 10.7567245], [-60.9590109, 10.7567667], [-60.9589036, 10.756768], [-60.9587467, 10.7567285], [-60.9584892, 10.7566811], [-60.9583524, 10.7566811], [-60.9581901, 10.7567298], [-60.9580252, 10.7567851], [-60.9579273, 10.756855], [-60.9578924, 10.7569209], [-60.9578924, 10.7569762], [-60.9579299, 10.7570025], [-60.9579809, 10.7569999], [-60.9580949, 10.7569683], [-60.9581941, 10.7569446], [-60.9582585, 10.756967], [-60.9583068, 10.7570315], [-60.958347, 10.757212], [-60.9583497, 10.7573385], [-60.9583336, 10.7573912], [-60.9582666, 10.7574439], [-60.9580761, 10.7575124], [-60.9579299, 10.7575994], [-60.9578092, 10.7577377], [-60.9577167, 10.7577614], [-60.9576698, 10.7577469], [-60.9576228, 10.7576732], [-60.9575665, 10.757635], [-60.9575129, 10.7576415], [-60.957482, 10.7576705], [-60.9574887, 10.7577087], [-60.9575236, 10.7577588], [-60.9575397, 10.7577944], [-60.9575249, 10.7578141], [-60.9574391, 10.7578313], [-60.9574042, 10.7578734], [-60.9573989, 10.7579301], [-60.9574257, 10.757992], [-60.9575115, 10.7580223], [-60.9576282, 10.757996], [-60.957714, 10.7580091], [-60.9578092, 10.7580737], [-60.9578397, 10.7581776], [-60.9578131, 10.7583646], [-60.9577069, 10.7585429], [-60.9574678, 10.7585864], [-60.9570871, 10.7585864], [-60.9567816, 10.7586429], [-60.9562656, 10.7589143], [-60.9557546, 10.7590909], [-60.9555465, 10.7593562], [-60.9554388, 10.7597002], [-60.9554241, 10.7598682], [-60.95541, 10.7599189], [-60.9553711, 10.7599716], [-60.9552383, 10.7600131], [-60.9551391, 10.760019], [-60.9550177, 10.7599564], [-60.9549353, 10.75983], [-60.9548441, 10.7597931], [-60.9547582, 10.7598023], [-60.954608, 10.7598781], [-60.954368, 10.7600487], [-60.9539858, 10.7603201], [-60.9539603, 10.7603715], [-60.9539793, 10.760413], [-60.9540501, 10.7604466], [-60.9541628, 10.7604558], [-60.9543063, 10.7605124], [-60.9544458, 10.7605994], [-60.954494, 10.760747], [-60.954494, 10.7609011], [-60.9544122, 10.7610408], [-60.9543371, 10.7611369], [-60.9542057, 10.761191], [-60.9540609, 10.7611903], [-60.9539831, 10.7611666], [-60.9539522, 10.7611791], [-60.9539261, 10.7612147], [-60.9539375, 10.7612674], [-60.9539234, 10.7613155], [-60.9538785, 10.7613484], [-60.9538134, 10.7613774], [-60.953747, 10.7613761], [-60.9536646, 10.7613365], [-60.9536089, 10.7612753], [-60.9535781, 10.7612582], [-60.9535304, 10.7612582], [-60.9533715, 10.761328], [-60.9533058, 10.7613346], [-60.9532428, 10.7613359], [-60.953163, 10.7613675], [-60.9531368, 10.7613939], [-60.9531281, 10.7614235], [-60.9531301, 10.7614545], [-60.9531442, 10.7614723], [-60.953165, 10.7614788], [-60.9531992, 10.7614749], [-60.9532502, 10.7614736], [-60.9532743, 10.7614979], [-60.9532683, 10.7615335], [-60.9531999, 10.7615836], [-60.9531757, 10.7616231], [-60.9531744, 10.7616864], [-60.9532361, 10.7618194], [-60.953228, 10.761909], [-60.9532126, 10.7619334], [-60.9531885, 10.7619518], [-60.9531422, 10.7619492], [-60.9531046, 10.7619426], [-60.9530768, 10.761941], [-60.953051, 10.7619551], [-60.9530208, 10.7619815], [-60.952995, 10.7620098], [-60.9529638, 10.7620394], [-60.952937, 10.7620375], [-60.9529042, 10.7620177], [-60.9528767, 10.761992], [-60.9528358, 10.7619189], [-60.9527962, 10.7618412], [-60.9527439, 10.7618076], [-60.9526748, 10.761797], [-60.9525984, 10.7618141], [-60.9525467, 10.7618629], [-60.9524059, 10.7619815], [-60.9523281, 10.7621159], [-60.9523087, 10.7621639], [-60.9523221, 10.7622035], [-60.952599, 10.7625849], [-60.952583, 10.7627114], [-60.9525481, 10.7627733], [-60.9522933, 10.7629564], [-60.9521605, 10.7630276], [-60.9520318, 10.7630645], [-60.9519111, 10.7631027], [-60.9518333, 10.7631383], [-60.9517287, 10.7631975], [-60.9516737, 10.763241], [-60.9516267, 10.7633122], [-60.9515597, 10.7633583], [-60.9514698, 10.7633715], [-60.9513626, 10.7633978], [-60.9512673, 10.7634321], [-60.9511158, 10.7635032], [-60.9508637, 10.763606], [-60.9506571, 10.7637153], [-60.9505297, 10.763826], [-60.9504747, 10.7638556], [-60.9504171, 10.7638675], [-60.9503654, 10.7638293], [-60.9503333, 10.7638234], [-60.9503004, 10.7638385], [-60.9502535, 10.7639189], [-60.95024, 10.7639683], [-60.9502179, 10.7640164], [-60.9501824, 10.7641389], [-60.9501763, 10.7642021], [-60.9501515, 10.764243], [-60.950118, 10.7642535], [-60.9500711, 10.764239], [-60.9500483, 10.7641844], [-60.9500409, 10.7640862], [-60.9500154, 10.7640039], [-60.949998, 10.7639327], [-60.9499846, 10.763878], [-60.9499571, 10.7638497], [-60.9499101, 10.7638286], [-60.9498639, 10.7638319], [-60.9497552, 10.7638431], [-60.9496902, 10.7638866], [-60.9496312, 10.763934], [-60.9496111, 10.7639973], [-60.9496513, 10.7642054], [-60.9497505, 10.7645612], [-60.9497613, 10.7646297], [-60.949713, 10.7647272], [-60.9495789, 10.7648187], [-60.9494815, 10.7648535], [-60.9494367, 10.7648484], [-60.9493992, 10.7647562], [-60.949375, 10.7646771], [-60.9492838, 10.7646244], [-60.9489834, 10.7646349], [-60.9488041, 10.7646491], [-60.9484987, 10.7649101], [-60.9480339, 10.7653306], [-60.9480125, 10.7654676], [-60.9482271, 10.7657522], [-60.9483451, 10.7662686], [-60.948388, 10.766901], [-60.9484094, 10.7672383], [-60.9483934, 10.7676072], [-60.9483773, 10.7685084], [-60.9483719, 10.7696625], [-60.9484792, 10.7707218], [-60.9483665, 10.7714648], [-60.9482431, 10.7720603], [-60.9480071, 10.7725557], [-60.9478355, 10.7728666], [-60.947476, 10.7731723], [-60.9471166, 10.7733778], [-60.9468108, 10.7735886], [-60.9464192, 10.7739785], [-60.9461725, 10.7741103], [-60.9461349, 10.7741788], [-60.9460545, 10.7743843], [-60.9459579, 10.7745635], [-60.9457862, 10.7750641], [-60.9456039, 10.7756544], [-60.9455127, 10.7758124], [-60.9451801, 10.7760707], [-60.9449601, 10.7762498], [-60.9448689, 10.7764079], [-60.944826, 10.7766082], [-60.944826, 10.7767189], [-60.9450932, 10.7772374], [-60.9453839, 10.7779256], [-60.9456128, 10.7786914], [-60.9456629, 10.7788953], [-60.9457541, 10.7794697], [-60.9457818, 10.7799154], [-60.9457755, 10.7803181], [-60.9457791, 10.7805827], [-60.9457836, 10.780911], [-60.9458426, 10.7816118], [-60.9458533, 10.7819728], [-60.9459123, 10.7825314], [-60.9459257, 10.7828054], [-60.9459123, 10.782953], [-60.9458399, 10.7831664], [-60.945746, 10.7833666], [-60.9454885, 10.7839279], [-60.9453383, 10.7842546], [-60.9453008, 10.7843178], [-60.9452444, 10.7843679], [-60.944995, 10.7844759], [-60.9447643, 10.7845813], [-60.9446597, 10.784663], [-60.9446114, 10.7847736], [-60.9445149, 10.7850108], [-60.9443995, 10.7851715], [-60.9442762, 10.7852743], [-60.9442386, 10.7853428], [-60.944244, 10.7854139], [-60.9442681, 10.7855009], [-60.9443674, 10.7856721], [-60.9445095, 10.7858803], [-60.9446356, 10.7859725], [-60.9447295, 10.7860305], [-60.9448716, 10.7861121], [-60.9450272, 10.786149], [-60.9450486, 10.7861727], [-60.9450299, 10.786207], [-60.9449789, 10.7862333], [-60.9449065, 10.7862966], [-60.9448743, 10.7864099], [-60.9448984, 10.7865284], [-60.9449923, 10.7866681], [-60.9450352, 10.7867867], [-60.945054, 10.7869553], [-60.9450299, 10.7871661], [-60.9449279, 10.787419], [-60.9447858, 10.7876746], [-60.9445328, 10.7880228], [-60.9444344, 10.7881699], [-60.9444156, 10.7882463], [-60.9444264, 10.7883386], [-60.9444988, 10.788552], [-60.9445846, 10.7886837], [-60.9446597, 10.7887944], [-60.9446973, 10.7889367], [-60.9446892, 10.7891975], [-60.9446267, 10.7895142], [-60.9445739, 10.7897534], [-60.9445122, 10.7900327], [-60.944421, 10.7904227], [-60.9443834, 10.7905254], [-60.9443083, 10.7906466], [-60.944185, 10.7907705], [-60.9440187, 10.7908706], [-60.9439302, 10.7909312], [-60.9438846, 10.791005], [-60.9438738, 10.7911314], [-60.9438068, 10.791282], [-60.9436146, 10.7916407], [-60.943336, 10.792005], [-60.9432303, 10.7920881], [-60.9430804, 10.7921315], [-60.9427364, 10.792207], [-60.9426403, 10.7923958], [-60.9423929, 10.7926192], [-60.9422444, 10.7927149], [-60.9420829, 10.7930263], [-60.9419312, 10.7931156], [-60.9417851, 10.7930735], [-60.9416601, 10.7931283], [-60.9416678, 10.7931679], [-60.9416503, 10.7932294], [-60.9415929, 10.7932982], [-60.9414141, 10.7932963], [-60.9413689, 10.7933245], [-60.9413757, 10.7933624], [-60.9413973, 10.7934017], [-60.9413308, 10.7934844], [-60.9412566, 10.7935134], [-60.9412631, 10.7935676], [-60.9412777, 10.793604], [-60.9413603, 10.7936701], [-60.9413373, 10.7938098], [-60.9412969, 10.7940344], [-60.9411835, 10.7943308], [-60.9411202, 10.7945839], [-60.9411067, 10.794716], [-60.94122, 10.7949255], [-60.9412782, 10.7951367], [-60.9410057, 10.7959419], [-60.9402252, 10.7970403], [-60.939608, 10.7982379], [-60.93881, 10.8002099], [-60.9384475, 10.8014256], [-60.9384424, 10.8021314], [-60.9383217, 10.8025582], [-60.9380749, 10.8031695], [-60.9377611, 10.8036753], [-60.9373829, 10.8041628], [-60.9370557, 10.8044895], [-60.9368303, 10.8046212], [-60.9364924, 10.8046739], [-60.9361678, 10.804666], [-60.9359452, 10.8046502], [-60.9357548, 10.8045764], [-60.9356341, 10.8045817], [-60.9355992, 10.804637], [-60.935626, 10.8047687], [-60.9356019, 10.8048583], [-60.9354785, 10.8049373], [-60.9353068, 10.8050032], [-60.9351701, 10.8049769], [-60.9350064, 10.8048346], [-60.934934, 10.8048214], [-60.934816, 10.8048425], [-60.9345692, 10.8049637], [-60.9343734, 10.805019], [-60.9342313, 10.8050427], [-60.9341401, 10.805127], [-60.9340677, 10.80538], [-60.9338826, 10.8058015], [-60.9336895, 10.8060597], [-60.9335205, 10.8061677], [-60.9332889, 10.8061349], [-60.9329331, 10.8059675], [-60.9327185, 10.805928], [-60.9324382, 10.8059187], [-60.9321713, 10.8059016], [-60.9319299, 10.805841], [-60.9317851, 10.8056988], [-60.9315759, 10.8054379], [-60.931364, 10.8052087], [-60.9312272, 10.8051639], [-60.9310851, 10.8051955], [-60.930967, 10.8053352], [-60.9308249, 10.8053958], [-60.9304708, 10.8054379], [-60.9303153, 10.8055038], [-60.9302133, 10.805596], [-60.9301221, 10.8056237], [-60.9299947, 10.8056065], [-60.9290278, 10.8051692], [-60.9287837, 10.8050902], [-60.9287113, 10.8050875], [-60.9286442, 10.8051349], [-60.9285262, 10.805185], [-60.9283492, 10.8051666], [-60.9283197, 10.8051718], [-60.9283143, 10.8052008], [-60.9291995, 10.8055301], [-60.9292937, 10.8056304], [-60.929329, 10.8057799], [-60.929288, 10.8059122], [-60.9291887, 10.8059938], [-60.9289554, 10.8060887], [-60.9285128, 10.8063126], [-60.9282392, 10.8065129], [-60.9280086, 10.8067763], [-60.9278369, 10.8068053], [-60.9276599, 10.8067263], [-60.9273943, 10.8063996], [-60.927228, 10.8062705], [-60.9270805, 10.806227], [-60.9270296, 10.8061704], [-60.9269759, 10.8060413], [-60.9268767, 10.8059807], [-60.9266621, 10.805957], [-60.9266192, 10.8060017], [-60.9266272, 10.8061045], [-60.9266084, 10.8062889], [-60.9264877, 10.8064839], [-60.9262279, 10.8066502], [-60.9260774, 10.8067974], [-60.9259352, 10.8068422], [-60.9257019, 10.8067763], [-60.9255275, 10.8067289], [-60.9254229, 10.8067737], [-60.9254122, 10.8068712], [-60.9256187, 10.8071346], [-60.9256429, 10.8072743], [-60.9256107, 10.8075246], [-60.9256294, 10.8076932], [-60.9256133, 10.8077696], [-60.9255624, 10.8078355], [-60.9255141, 10.8078802], [-60.9252452, 10.8080133], [-60.9252217, 10.8080633], [-60.9252258, 10.8081319], [-60.9253438, 10.8082583], [-60.9254082, 10.808315], [-60.9254578, 10.8083927], [-60.9254672, 10.8084967], [-60.9254269, 10.8086179], [-60.9252325, 10.808859], [-60.925156, 10.8089631], [-60.9250917, 10.809075], [-60.9249964, 10.8092582], [-60.9248791, 10.8094136], [-60.9246679, 10.8096468], [-60.9244627, 10.8097706], [-60.9241381, 10.809901], [-60.9238672, 10.8099695], [-60.9235051, 10.8100538], [-60.9232368, 10.8100249], [-60.9231457, 10.8099853], [-60.9231296, 10.8099484], [-60.9231806, 10.8097377], [-60.9231654, 10.8096736], [-60.9231403, 10.8096507], [-60.9230518, 10.8096454], [-60.9229197, 10.8096389], [-60.9228218, 10.8095947], [-60.9227099, 10.8094597], [-60.9226294, 10.8092318], [-60.9225851, 10.809162], [-60.9225436, 10.8091198], [-60.9224644, 10.8090922], [-60.9223947, 10.8090829], [-60.9223089, 10.8091291], [-60.9222807, 10.8092028], [-60.9222887, 10.8092858], [-60.9224229, 10.8096389], [-60.9224282, 10.8097271], [-60.922384, 10.8097943], [-60.9222659, 10.8098509], [-60.9220567, 10.8098747], [-60.9215458, 10.809897], [-60.9213741, 10.8099102], [-60.9212856, 10.8099537], [-60.9212474, 10.8100285], [-60.9212655, 10.8100953], [-60.9213553, 10.8101948], [-60.921515, 10.8103868], [-60.9215109, 10.8104648], [-60.9214814, 10.810532], [-60.9213728, 10.8106413], [-60.9212843, 10.8106782], [-60.9211649, 10.8106374], [-60.9209785, 10.810561], [-60.9208229, 10.8105465], [-60.9206969, 10.8105847], [-60.9202436, 10.8108257], [-60.919919, 10.8110391], [-60.9197997, 10.8111393], [-60.9197715, 10.8112539], [-60.9197836, 10.8113698], [-60.919809, 10.8116306], [-60.9197769, 10.8117162], [-60.9197393, 10.8117597], [-60.9196106, 10.8118177], [-60.9195844, 10.8118592], [-60.919573, 10.8119007], [-60.9195908, 10.8119917], [-60.9197791, 10.8124146], [-60.9195869, 10.8126033], [-60.9193717, 10.8125731], [-60.9192872, 10.8126499], [-60.9193794, 10.8127883], [-60.919322, 10.812864], [-60.9191283, 10.8128601], [-60.9186914, 10.8131998], [-60.9185607, 10.8132716], [-60.91843, 10.8132489], [-60.9183301, 10.8132791], [-60.918257, 10.8137133], [-60.9177727, 10.8141701], [-60.9176497, 10.8141777], [-60.9174875, 10.814017], [-60.917323, 10.8141437], [-60.9173346, 10.8143249], [-60.9175344, 10.8144004], [-60.9174806, 10.8145061], [-60.9173691, 10.8145741], [-60.9172461, 10.8145514], [-60.9170962, 10.8145137], [-60.9166196, 10.8145024], [-60.9163813, 10.8146458], [-60.916216, 10.8147364], [-60.9161968, 10.8149894], [-60.9163651, 10.8151241], [-60.9163986, 10.8151939], [-60.9164067, 10.8153177], [-60.9163859, 10.8153829], [-60.916347, 10.8154297], [-60.9162665, 10.8154613], [-60.9162035, 10.8154448], [-60.9160761, 10.8153737], [-60.9159882, 10.8153539], [-60.9159172, 10.8153671], [-60.9158509, 10.8154122], [-60.9157433, 10.8155255], [-60.9156744, 10.815647], [-60.9155618, 10.815817], [-60.9154062, 10.8159382], [-60.915264, 10.8159671], [-60.9151125, 10.8159553], [-60.9150307, 10.8158934], [-60.9149549, 10.8158644], [-60.9148993, 10.8158729], [-60.9148584, 10.8159026], [-60.9148309, 10.8159559], [-60.9148181, 10.8160686], [-60.9147323, 10.8162062], [-60.9144889, 10.8163689], [-60.9140624, 10.8164651], [-60.9137312, 10.81644], [-60.9134299, 10.81627], [-60.9132028, 10.8159724], [-60.9131746, 10.8158749], [-60.9131867, 10.8157972], [-60.9133516, 10.8155417], [-60.9133932, 10.8154521], [-60.9133999, 10.8153691], [-60.9133731, 10.8152821], [-60.9133087, 10.815211], [-60.9131894, 10.815157], [-60.9130425, 10.8151649], [-60.9129319, 10.8152117], [-60.9129171, 10.8152347], [-60.9129211, 10.8152604], [-60.9129949, 10.8153296], [-60.9130123, 10.8153862], [-60.9130137, 10.8154521], [-60.9129643, 10.8156463], [-60.9129143, 10.8159596], [-60.9128581, 10.8161252], [-60.9127066, 10.8163755], [-60.9124216, 10.8166185], [-60.9122626, 10.8167173], [-60.9121654, 10.8167542], [-60.9121138, 10.8167799], [-60.9120863, 10.8168135], [-60.9120521, 10.816884], [-60.9119368, 10.8171066], [-60.9117852, 10.8172805], [-60.9116156, 10.817428], [-60.91158, 10.8175149], [-60.9115894, 10.8175643], [-60.9116337, 10.8176038], [-60.9117664, 10.8176789], [-60.9118536, 10.8177935], [-60.9118945, 10.8179055], [-60.9119562, 10.8180201], [-60.9120072, 10.8180609], [-60.9120829, 10.8180899], [-60.9122499, 10.8180939], [-60.912378, 10.8181103], [-60.9124779, 10.8181775], [-60.9125389, 10.8182724], [-60.9124377, 10.8185609], [-60.9123263, 10.8186817], [-60.9122725, 10.8188553], [-60.9123916, 10.8189648], [-60.9125377, 10.8189422], [-60.912849, 10.8191611], [-60.9130604, 10.8192253], [-60.9131373, 10.8193801], [-60.9131565, 10.8195425], [-60.9130104, 10.8196708], [-60.9130373, 10.8197539], [-60.9131872, 10.8197199], [-60.9133794, 10.819803], [-60.9136408, 10.8200823], [-60.9139793, 10.8202983], [-60.914218, 10.8203945], [-60.9143642, 10.8204775], [-60.9144124, 10.8205776], [-60.9144205, 10.8206711], [-60.9143722, 10.8208186], [-60.9138237, 10.8211611], [-60.9136507, 10.8212244], [-60.9135622, 10.8212639], [-60.9135447, 10.8212955], [-60.9135535, 10.8213291], [-60.9135917, 10.8213383], [-60.9136547, 10.8213297], [-60.913705, 10.8213337], [-60.9137486, 10.82136], [-60.9138478, 10.8215589], [-60.9138505, 10.8216182], [-60.9138291, 10.8216511], [-60.9137486, 10.8217012], [-60.9136681, 10.8217262], [-60.9136175, 10.821741], [-60.9136014, 10.8217611], [-60.9136011, 10.8217842], [-60.9136178, 10.8217967], [-60.9136336, 10.8217987], [-60.91365, 10.8217918], [-60.9136735, 10.8217677], [-60.9137097, 10.8217526], [-60.9137499, 10.8217526], [-60.9137868, 10.8217888], [-60.9138478, 10.8219383], [-60.91391, 10.8222001], [-60.9141898, 10.8224995], [-60.9145264, 10.8226891], [-60.914859, 10.8228103], [-60.9149831, 10.8229302], [-60.9150247, 10.8229862], [-60.9150441, 10.8230356], [-60.9150515, 10.8230823], [-60.9150381, 10.8231146], [-60.9150112, 10.8231275], [-60.9149536, 10.8231232], [-60.9149133, 10.8231403], [-60.9149026, 10.8231798], [-60.9149093, 10.8232134], [-60.9149375, 10.8232437], [-60.9150133, 10.8232628], [-60.9150354, 10.8232826], [-60.9150434, 10.8233168], [-60.9150253, 10.8233807], [-60.9149958, 10.8234439], [-60.9149703, 10.8234769], [-60.9149348, 10.823488], [-60.9148999, 10.8234762], [-60.914853, 10.8234419], [-60.9148268, 10.8234413], [-60.9148121, 10.8234538], [-60.9147967, 10.8234828], [-60.914796, 10.8235361], [-60.9148262, 10.8235868], [-60.9148651, 10.8236211], [-60.9149335, 10.8236632], [-60.9150012, 10.8236626], [-60.9150434, 10.8236573], [-60.9150763, 10.8236652], [-60.9150904, 10.8236995], [-60.9150977, 10.8237765], [-60.9150595, 10.8238556], [-60.9150602, 10.8238845], [-60.9150696, 10.8239109], [-60.9151158, 10.8239412], [-60.9151286, 10.8239665], [-60.9151313, 10.8239939], [-60.9151145, 10.8240558], [-60.9151239, 10.824096], [-60.9151675, 10.8241276], [-60.9152453, 10.8241315], [-60.9153257, 10.8241289], [-60.9154491, 10.8241131], [-60.9155497, 10.8241091], [-60.915594, 10.8241348], [-60.9156074, 10.8241895], [-60.9155564, 10.8243107], [-60.9155631, 10.8243396], [-60.9155899, 10.8243594], [-60.9156422, 10.8243581], [-60.9157093, 10.8243594], [-60.9157401, 10.824366], [-60.9157629, 10.8244002], [-60.9157596, 10.8244338], [-60.9157395, 10.8244556], [-60.9156811, 10.8244766], [-60.9156711, 10.8244951], [-60.9156691, 10.8245188], [-60.9156905, 10.8245484], [-60.915724, 10.8245616], [-60.9158675, 10.8245504], [-60.9160271, 10.8246676], [-60.9162216, 10.8248231], [-60.9163208, 10.8249627], [-60.916349, 10.825076], [-60.9162276, 10.8256924], [-60.9159701, 10.82608], [-60.9155492, 10.8268867], [-60.9149361, 10.8272138], [-60.9146017, 10.8278254], [-60.9143519, 10.8284573], [-60.9141935, 10.8286292], [-60.9138815, 10.8287194], [-60.9141242, 10.8289808], [-60.9147401, 10.8292411], [-60.915013, 10.8296224], [-60.9149784, 10.8297847], [-60.9145594, 10.8298414], [-60.9145748, 10.8299282], [-60.9148938, 10.8299999], [-60.9149476, 10.8302302], [-60.9148362, 10.8304605], [-60.9146171, 10.8305511], [-60.9143519, 10.8304114], [-60.9140195, 10.8304476], [-60.9138948, 10.8305306], [-60.913766, 10.8306768], [-60.9134898, 10.8310101], [-60.9133583, 10.831126], [-60.9132618, 10.8311682], [-60.9131438, 10.831184], [-60.9130029, 10.8311905], [-60.9128621, 10.8312116], [-60.9128071, 10.8312656], [-60.9127991, 10.8314053], [-60.9127723, 10.8314843], [-60.9127173, 10.831562], [-60.9123056, 10.8317425], [-60.912032, 10.8318268], [-60.9118778, 10.8317886], [-60.9117343, 10.8317063], [-60.9113279, 10.8314632], [-60.9109953, 10.8313289], [-60.910888, 10.8313249], [-60.9108116, 10.8313631], [-60.9107814, 10.8314118], [-60.9107874, 10.8314632], [-60.9109068, 10.831504], [-60.9110233, 10.8315515], [-60.9113936, 10.831778], [-60.9116511, 10.83194], [-60.9117208, 10.832056], [-60.911751, 10.8322265], [-60.9116987, 10.8323424], [-60.9114164, 10.8325499], [-60.9112206, 10.8326052], [-60.9105554, 10.8327304], [-60.9103261, 10.8328107], [-60.9101544, 10.8329016], [-60.9100686, 10.832949], [-60.9100243, 10.8330228], [-60.9100297, 10.8330781], [-60.9100753, 10.8331321], [-60.9101531, 10.8331967], [-60.9102067, 10.8332783], [-60.9102295, 10.8333824], [-60.9101801, 10.83351], [-60.9101155, 10.8336208], [-60.9099935, 10.8336827], [-60.9098889, 10.8337262], [-60.9096515, 10.8338315], [-60.9095402, 10.833879], [-60.9093706, 10.8339205], [-60.9093001, 10.8339448], [-60.9092706, 10.8339672], [-60.9091942, 10.8340752], [-60.9090722, 10.8346456], [-60.9090205, 10.8347911], [-60.9090225, 10.8348372], [-60.9090417, 10.8348665], [-60.9090678, 10.8348804], [-60.9091265, 10.8349051], [-60.9091627, 10.8349024], [-60.9092069, 10.8348761], [-60.9092559, 10.8348168], [-60.909282, 10.8347924], [-60.9093592, 10.8347687], [-60.9094356, 10.8347668], [-60.9094846, 10.8348267], [-60.9095147, 10.8348932], [-60.9095489, 10.8349222], [-60.9096059, 10.8349077], [-60.9096502, 10.8348814], [-60.909736, 10.8347786], [-60.90985, 10.8347365], [-60.9099962, 10.8347128], [-60.9102845, 10.834776], [-60.9104763, 10.8349393], [-60.9105662, 10.8350895], [-60.9105983, 10.8352791], [-60.9107081, 10.8355041], [-60.9108545, 10.8356045], [-60.9110476, 10.8356177], [-60.9114043, 10.8356164], [-60.9116216, 10.8356704], [-60.9120649, 10.8359156], [-60.9125261, 10.8360024], [-60.91366, 10.8353984], [-60.9154358, 10.8353229], [-60.9164159, 10.8350133], [-60.9178534, 10.8354437], [-60.9192718, 10.8351681], [-60.9193398, 10.8351645], [-60.9201021, 10.8351236], [-60.9201174, 10.8351228], [-60.9205863, 10.8350473], [-60.9211013, 10.8351077], [-60.9219546, 10.8354135], [-60.9227733, 10.8358401], [-60.9237192, 10.8357547], [-60.9237342, 10.8357533], [-60.9243031, 10.8358174], [-60.9246753, 10.8361209], [-60.9246875, 10.8361308], [-60.9250207, 10.8366318], [-60.9250641, 10.836697], [-60.9255446, 10.8369689], [-60.9257291, 10.8372633], [-60.9258482, 10.8377314], [-60.9264171, 10.837973], [-60.9268361, 10.8379051], [-60.9272358, 10.8377579], [-60.9277278, 10.8378673], [-60.9282851, 10.8378296], [-60.9291154, 10.8379768], [-60.9299879, 10.8384638], [-60.9309872, 10.838577], [-60.9315176, 10.8387885], [-60.932075, 10.8391244], [-60.9324978, 10.8397171], [-60.9324999, 10.8397327], [-60.9325294, 10.8399555], [-60.9325499, 10.8401001], [-60.9328014, 10.8402456], [-60.9333741, 10.8403174], [-60.9337546, 10.8405741], [-60.9342082, 10.8409742], [-60.9342697, 10.8416349], [-60.9347156, 10.8420879], [-60.9356303, 10.8424427], [-60.9362569, 10.8422879], [-60.936449, 10.842303], [-60.9367181, 10.8425522], [-60.9370214, 10.8428436], [-60.9373364, 10.8430756], [-60.9375304, 10.8432639], [-60.9376848, 10.843317], [-60.9377595, 10.8433644], [-60.9378497, 10.8435669], [-60.9378856, 10.8437209], [-60.9379006, 10.843799], [-60.9379507, 10.843845], [-60.9380131, 10.8438413], [-60.9380564, 10.8438118], [-60.9381688, 10.843746], [-60.9382841, 10.8437064], [-60.938357, 10.8436659], [-60.9384316, 10.8436116], [-60.9385094, 10.8435879], [-60.9385859, 10.8436094], [-60.9386549, 10.8436379], [-60.9387192, 10.8437135], [-60.9387696, 10.8437697], [-60.9388474, 10.8438039], [-60.9389349, 10.843812], [-60.9390615, 10.8437595], [-60.9391185, 10.8437197], [-60.9391596, 10.8436929], [-60.939193, 10.8436345], [-60.9392004, 10.8435913], [-60.9391901, 10.8435374], [-60.9391598, 10.8434766], [-60.9390727, 10.8433166], [-60.9390217, 10.8431928], [-60.9390003, 10.8430215], [-60.9389707, 10.8427607], [-60.9389547, 10.8426211], [-60.93896, 10.84255], [-60.9393164, 10.8420879], [-60.9398545, 10.8412083], [-60.9403668, 10.8407417], [-60.9409892, 10.8406917], [-60.9417361, 10.8405979], [-60.9418863, 10.8405611], [-60.9421384, 10.840461], [-60.9423316, 10.8403187], [-60.9425622, 10.8401343], [-60.9428372, 10.8400342], [-60.9430718, 10.8400342], [-60.9435144, 10.8400921], [-60.9439167, 10.8400553], [-60.9442601, 10.8399868], [-60.9446973, 10.8398445], [-60.9453201, 10.83941], [-60.9453164, 10.8391169], [-60.9451857, 10.8389848], [-60.9449435, 10.8389017], [-60.9446706, 10.8387205], [-60.9445707, 10.838426], [-60.9445501, 10.8381299], [-60.9445501, 10.83786], [-60.9456184, 10.8367018], [-60.9456948, 10.8361991], [-60.9457085, 10.8360905], [-60.9457809, 10.8359457], [-60.9460196, 10.8355031], [-60.9461966, 10.8352396], [-60.9464715, 10.8349248], [-60.9467123, 10.8347049], [-60.946831, 10.8346304], [-60.9469476, 10.834581], [-60.9471575, 10.8345075], [-60.9474755, 10.8343472], [-60.9477071, 10.8342432], [-60.9479347, 10.8342359], [-60.9481037, 10.8342017], [-60.9482163, 10.8341806], [-60.9483182, 10.8341464], [-60.948506, 10.83407], [-60.9486166, 10.8339804], [-60.9486763, 10.8338908], [-60.948728, 10.8337828], [-60.9487883, 10.8337235], [-60.9488815, 10.8337038], [-60.9490518, 10.8337156], [-60.9491739, 10.8337538], [-60.949304, 10.833875], [-60.949363, 10.8339554], [-60.9493965, 10.8340647], [-60.9494421, 10.8342228], [-60.9494931, 10.8342807], [-60.949595, 10.8342939], [-60.9496862, 10.8342465], [-60.9498015, 10.834199], [-60.9498873, 10.8341411], [-60.9500027, 10.8340726], [-60.9501475, 10.8339962], [-60.9503514, 10.8338487], [-60.9504184, 10.8338144], [-60.9505338, 10.8337802], [-60.9506289, 10.8337597], [-60.9508878, 10.8337038], [-60.9511024, 10.8336827], [-60.9515181, 10.8336511], [-60.9517783, 10.8336616], [-60.9522718, 10.8337011], [-60.9526795, 10.8337512], [-60.9529504, 10.8338197], [-60.953114, 10.8338935], [-60.9531865, 10.8339356], [-60.9532642, 10.8339883], [-60.9534439, 10.8340542], [-60.95357, 10.8340805], [-60.9536934, 10.8340937], [-60.9538275, 10.834091], [-60.9538919, 10.8340805], [-60.9540153, 10.8340436], [-60.9541172, 10.8340146], [-60.9541976, 10.8340278], [-60.9543183, 10.8340831], [-60.9544149, 10.8341121], [-60.9545034, 10.8341253], [-60.9548307, 10.8341543], [-60.9550399, 10.834091], [-60.9552008, 10.8340015], [-60.9553617, 10.8339804], [-60.9556139, 10.8340384], [-60.9558445, 10.8342122], [-60.9562951, 10.8344335], [-60.9563917, 10.8344283], [-60.9564668, 10.8343914], [-60.9566277, 10.8342386], [-60.9567484, 10.8340331], [-60.956904, 10.8339145], [-60.9571293, 10.8338381], [-60.9574726, 10.8337907], [-60.9577757, 10.8337538], [-60.9581137, 10.8336485], [-60.9582585, 10.8336142], [-60.9584248, 10.8335905], [-60.9585026, 10.8335958], [-60.9588406, 10.8337011], [-60.9590524, 10.8337696], [-60.9592563, 10.8338618], [-60.9594467, 10.8340015], [-60.9596211, 10.8341095], [-60.9599429, 10.8342702], [-60.9602085, 10.8343413], [-60.9603962, 10.8343466], [-60.9606081, 10.8342913], [-60.9608281, 10.8342254], [-60.9611607, 10.8340779], [-60.961394, 10.8340542], [-60.9616086, 10.8340831], [-60.9624079, 10.8344177], [-60.962593, 10.8345731], [-60.9627405, 10.8347839], [-60.9628102, 10.8350605], [-60.9628183, 10.8351527], [-60.9627874, 10.8352383], [-60.9627177, 10.8353055], [-60.9626305, 10.8354306], [-60.9626198, 10.8355057], [-60.9626278, 10.8355571], [-60.9626949, 10.835615], [-60.9628075, 10.8356651], [-60.962892, 10.8356532], [-60.9629551, 10.8355979], [-60.9630382, 10.8354464], [-60.9630771, 10.835399], [-60.963122, 10.8353944], [-60.9631602, 10.8354069], [-60.9633185, 10.8355097], [-60.9634164, 10.8355979], [-60.9634955, 10.8356111], [-60.9635398, 10.8355874], [-60.9635746, 10.835511], [-60.9636095, 10.8354425], [-60.9636793, 10.8353727], [-60.9637222, 10.8353674], [-60.9638295, 10.8354043], [-60.9639093, 10.8354701], [-60.9639743, 10.8354965], [-60.9641299, 10.8355228], [-60.9642519, 10.8355558], [-60.9642854, 10.8356124], [-60.9642814, 10.8356769], [-60.9642197, 10.8358113], [-60.9641889, 10.8359904], [-60.9641942, 10.8361775], [-60.9643002, 10.8363592], [-60.9644169, 10.8364356], [-60.9645107, 10.8364857], [-60.9645858, 10.8364857], [-60.9646475, 10.836462], [-60.964728, 10.8364014], [-60.9647763, 10.8363092], [-60.9647924, 10.8362065], [-60.9647736, 10.8359957], [-60.9647897, 10.8359483], [-60.9648299, 10.8359114], [-60.9650365, 10.8358877], [-60.9652349, 10.8359246], [-60.9652886, 10.8359509], [-60.9653556, 10.8360379], [-60.96542, 10.8361617], [-60.9655139, 10.8362644], [-60.9656695, 10.8363803], [-60.9657794, 10.8364198], [-60.9659645, 10.8364435], [-60.9661576, 10.8364277], [-60.9663427, 10.8363882], [-60.9665278, 10.8363355], [-60.9666967, 10.8362697], [-60.966855, 10.8362091], [-60.9669569, 10.8361959], [-60.9671044, 10.8361959], [-60.9672573, 10.8361564], [-60.9674022, 10.8360602], [-60.9675175, 10.8359233], [-60.9676275, 10.8358232], [-60.9677146, 10.8357915], [-60.9677911, 10.8357823], [-60.9678635, 10.8357547], [-60.9679024, 10.8356901], [-60.9679145, 10.8355979], [-60.9679265, 10.8355018], [-60.9679641, 10.8354478], [-60.9680231, 10.8354096], [-60.9680834, 10.8353845], [-60.9682015, 10.8353687], [-60.9682873, 10.835424], [-60.9683356, 10.8355479], [-60.9683597, 10.8358666], [-60.9684134, 10.8359061], [-60.9684563, 10.8358824], [-60.9684885, 10.8357902], [-60.9685153, 10.8355189], [-60.9685931, 10.8353476], [-60.9687057, 10.8352344], [-60.9688908, 10.8351474], [-60.9690705, 10.8350342], [-60.969277, 10.8349288], [-60.9695479, 10.8348471], [-60.9696901, 10.8348234], [-60.9699073, 10.834776], [-60.970138, 10.834689], [-60.9702855, 10.834689], [-60.9704679, 10.8347338], [-60.9705725, 10.8348023], [-60.9706664, 10.8349209], [-60.9706879, 10.8350526], [-60.9706771, 10.8351422], [-60.9705779, 10.8352528], [-60.9704009, 10.8354135], [-60.9703445, 10.8354925], [-60.9703553, 10.8355294], [-60.9704036, 10.8355347], [-60.9705484, 10.8354846], [-60.9706396, 10.835424], [-60.9706959, 10.8353476], [-60.9707522, 10.8352739], [-60.9708542, 10.8352133], [-60.9710714, 10.8351395], [-60.9712109, 10.8350684], [-60.9712511, 10.8349867], [-60.9713101, 10.8348129], [-60.9714818, 10.8346469], [-60.9716722, 10.8345916], [-60.9718519, 10.8346232], [-60.9719914, 10.8347075], [-60.9720719, 10.8347786], [-60.972088, 10.8348945], [-60.9720692, 10.8349946], [-60.9721068, 10.8350658], [-60.9721899, 10.8350974], [-60.9723079, 10.8350684], [-60.9724313, 10.8349578], [-60.9726056, 10.834884], [-60.9729168, 10.834855], [-60.9731635, 10.834884], [-60.9733795, 10.834992], [-60.9736007, 10.8351567], [-60.9738904, 10.8353661], [-60.9741151, 10.835482], [-60.9741667, 10.8355511], [-60.9741727, 10.8356078], [-60.9741533, 10.835644], [-60.9740272, 10.8356941], [-60.9739917, 10.8357237], [-60.9739877, 10.8357448], [-60.9739997, 10.8357711], [-60.974052, 10.8358021], [-60.9741667, 10.8358106], [-60.9741928, 10.8358291], [-60.9742042, 10.835864], [-60.9741586, 10.8359068], [-60.974105, 10.8359661], [-60.9741073, 10.8359917], [-60.9741301, 10.836], [-60.9742391, 10.8359654], [-60.9743048, 10.8359404], [-60.9743464, 10.8359331], [-60.9743893, 10.8359509], [-60.9744, 10.8359944], [-60.9743813, 10.8360958], [-60.9744215, 10.8361722], [-60.9744953, 10.8362209], [-60.9749325, 10.8364462], [-60.9752154, 10.8365753], [-60.9753817, 10.8365937], [-60.9755668, 10.8365647], [-60.9759222, 10.8364725], [-60.9760603, 10.8364686], [-60.9761254, 10.8364883], [-60.9761716, 10.8365463], [-60.9761924, 10.8365878], [-60.9762467, 10.8366148], [-60.9763178, 10.8365937], [-60.9763688, 10.8365621], [-60.9764425, 10.8364515], [-60.9764949, 10.8363303], [-60.9765391, 10.8362657], [-60.9766236, 10.8362381], [-60.9769374, 10.8363487], [-60.9771788, 10.8363935], [-60.9774148, 10.8363751], [-60.9776294, 10.8362091], [-60.977726, 10.836163], [-60.9778708, 10.8361235], [-60.9780934, 10.8361762], [-60.9782758, 10.8363013], [-60.9784676, 10.8364159], [-60.9785897, 10.8364488], [-60.9787104, 10.836433], [-60.9789866, 10.8362802], [-60.9790349, 10.8362861], [-60.9790577, 10.8363138], [-60.9790624, 10.8363507], [-60.9790376, 10.836383], [-60.9788243, 10.8365437], [-60.9788284, 10.8365898], [-60.9788518, 10.8365996], [-60.978882, 10.8365924], [-60.9790295, 10.8364791], [-60.9791865, 10.8363763], [-60.9793809, 10.8363118], [-60.9795727, 10.8362868], [-60.9798315, 10.836296], [-60.9801266, 10.8364067], [-60.9803639, 10.8365516], [-60.9804706, 10.836682], [-60.9804799, 10.8367287], [-60.9804739, 10.8367663], [-60.9804323, 10.8368091], [-60.9804263, 10.8368459], [-60.9804464, 10.8368855], [-60.9804833, 10.8368967], [-60.9805638, 10.8368782], [-60.9806415, 10.8368321], [-60.980785, 10.8367425], [-60.9808937, 10.8367162], [-60.9810412, 10.8367215], [-60.9811753, 10.8367491], [-60.9813282, 10.8367584], [-60.9814301, 10.8367241], [-60.9815374, 10.8366846], [-60.9816447, 10.8366714], [-60.9817547, 10.8367175], [-60.9818365, 10.8367636], [-60.9819974, 10.8368124], [-60.9820738, 10.8368045], [-60.9821731, 10.8367623], [-60.9822965, 10.8366148], [-60.9824225, 10.8365542], [-60.9825325, 10.8365199], [-60.9826264, 10.8365331], [-60.9827229, 10.8365845], [-60.9828758, 10.8366398], [-60.9830381, 10.8366411], [-60.9832057, 10.8366135], [-60.9833077, 10.8366424], [-60.9833345, 10.8366938], [-60.9833264, 10.836736], [-60.9832715, 10.8367913], [-60.9832191, 10.836844], [-60.9832138, 10.836873], [-60.983246, 10.8368874], [-60.9834096, 10.8368677], [-60.9835719, 10.8368203], [-60.9836228, 10.8367689], [-60.9836429, 10.836707], [-60.9836295, 10.8366543], [-60.9835839, 10.8365542], [-60.983588, 10.836408], [-60.9836389, 10.8363145], [-60.9837355, 10.8362407], [-60.9838575, 10.8362038], [-60.9839366, 10.8361432], [-60.9840024, 10.8360747], [-60.9840627, 10.8360023], [-60.9841338, 10.8359588], [-60.9842008, 10.8359615], [-60.9843148, 10.8360036], [-60.9844704, 10.8360392], [-60.984638, 10.8360299], [-60.9850243, 10.8359509], [-60.9852576, 10.8358534], [-60.9854239, 10.8356796], [-60.9855634, 10.8354794], [-60.9857351, 10.8352871], [-60.9859899, 10.8351527], [-60.9862179, 10.8350816], [-60.9864754, 10.8351185], [-60.9866551, 10.8352001], [-60.9868214, 10.8353582], [-60.9868884, 10.8355241], [-60.9870011, 10.8357612], [-60.9870896, 10.8358139], [-60.98717, 10.8357454], [-60.9871405, 10.8355215], [-60.9870815, 10.8351949], [-60.9871218, 10.835021], [-60.9872425, 10.8349182], [-60.9874705, 10.8348313], [-60.9877092, 10.8348076], [-60.987854, 10.834805], [-60.9880123, 10.8347312], [-60.9880981, 10.8346153], [-60.988149, 10.8345415], [-60.9882751, 10.8344862], [-60.9884602, 10.8345152], [-60.9886828, 10.8346153], [-60.9889457, 10.834668], [-60.9891012, 10.8346811], [-60.9891683, 10.8347049], [-60.9892353, 10.8347549], [-60.9892809, 10.8348287], [-60.9893668, 10.8348972], [-60.9895116, 10.8349209], [-60.9896994, 10.8349077], [-60.9899783, 10.8348445], [-60.990319, 10.8347022], [-60.9905845, 10.83461], [-60.9907347, 10.8345889], [-60.9908205, 10.8346153], [-60.9909064, 10.8346653], [-60.9910351, 10.8347839], [-60.9911907, 10.8348155], [-60.9914133, 10.834805], [-60.991585, 10.8348366], [-60.9917513, 10.8348893], [-60.9919095, 10.8348787], [-60.9920651, 10.834826], [-60.9923521, 10.8348076], [-60.9926578, 10.8348234], [-60.9929019, 10.8348629], [-60.9931943, 10.8349472], [-60.9933686, 10.835021], [-60.9935939, 10.8351659], [-60.9938166, 10.8353371], [-60.9939185, 10.8353555], [-60.994243, 10.8353029], [-60.9946722, 10.8353529], [-60.9950155, 10.8354688], [-60.9969399, 10.8364], [-60.9972954, 10.8367465], [-60.9977245, 10.8374947], [-60.9977514, 10.8378424], [-60.9974939, 10.838148], [-60.9974188, 10.8383482], [-60.9977031, 10.8384378], [-60.9998381, 10.8381585], [-61.0001171, 10.837737], [-61.0006052, 10.8374789], [-61.0019038, 10.8375999], [-61.0028261, 10.8389436], [-61.0029313, 10.8394465], [-61.002987, 10.8397128], [-61.003325, 10.8404926], [-61.0043871, 10.8408403], [-61.0044166, 10.8409878], [-61.0044059, 10.8410405], [-61.0043845, 10.8410748], [-61.0042986, 10.841109], [-61.0041189, 10.8412302], [-61.0039419, 10.8413514], [-61.0037112, 10.8414646], [-61.0036361, 10.8415147], [-61.0036281, 10.8415489], [-61.0036334, 10.8415884], [-61.0036629, 10.8416438], [-61.0037139, 10.8417096], [-61.0037515, 10.8417781], [-61.0038051, 10.8418703], [-61.0039473, 10.8419625], [-61.0041162, 10.842002], [-61.004245, 10.8420257], [-61.0043764, 10.8420178], [-61.0045078, 10.8419652], [-61.0046634, 10.8419678], [-61.004886, 10.842031], [-61.004945, 10.8420811], [-61.0049799, 10.8421338], [-61.0050657, 10.842197], [-61.0052213, 10.8422312], [-61.0053715, 10.8422549], [-61.0054654, 10.8422865], [-61.005519, 10.8423182], [-61.0056183, 10.842463], [-61.0056451, 10.8425921], [-61.0056934, 10.8426395], [-61.005798, 10.842658], [-61.0058892, 10.8426527], [-61.0059294, 10.842629], [-61.0059857, 10.8425737], [-61.0060179, 10.8424709], [-61.0060313, 10.8424341], [-61.0061654, 10.8424038], [-61.0062633, 10.8424301], [-61.0063183, 10.8424868], [-61.006376, 10.8425645], [-61.0064524, 10.8425737], [-61.0065289, 10.8425434], [-61.0066375, 10.8424327], [-61.0068467, 10.8424314], [-61.0070492, 10.8424986], [-61.0071713, 10.8425039], [-61.0072678, 10.8424815], [-61.0073684, 10.8424301], [-61.0074838, 10.8424222], [-61.0077949, 10.8425078], [-61.0079062, 10.8425473], [-61.0079518, 10.8426409], [-61.0079156, 10.8427792], [-61.0075951, 10.8430426], [-61.0073215, 10.843256], [-61.0068642, 10.8434931], [-61.0068367, 10.8435332], [-61.0068186, 10.8435886], [-61.0068125, 10.8436478], [-61.0068668, 10.8437749], [-61.0069473, 10.8438026], [-61.0071552, 10.8437486], [-61.007355, 10.8436775], [-61.0074569, 10.843659], [-61.0075709, 10.843663], [-61.0076393, 10.8437038], [-61.0077305, 10.8438158], [-61.0078244, 10.8438566], [-61.0079585, 10.8438513], [-61.0080899, 10.8437868], [-61.0081664, 10.8436735], [-61.0082281, 10.8435688], [-61.0082965, 10.8435141], [-61.0083675, 10.8434917], [-61.0084145, 10.8434575], [-61.0084155, 10.8434368], [-61.0084071, 10.843418], [-61.0083193, 10.8433679], [-61.0082985, 10.8433271], [-61.0083119, 10.8432784], [-61.0083716, 10.8432435], [-61.0084842, 10.8432204], [-61.008562, 10.843173], [-61.0086156, 10.8431308], [-61.0086223, 10.8430913], [-61.0085942, 10.8430294], [-61.0085325, 10.8430149], [-61.0083675, 10.8430294], [-61.0082696, 10.8430097], [-61.0082254, 10.8429543], [-61.00822, 10.8428793], [-61.0082616, 10.8427383], [-61.0083528, 10.8426856], [-61.0084453, 10.8426712], [-61.0085553, 10.8426922], [-61.0087886, 10.8427278], [-61.0090032, 10.8427265], [-61.009537, 10.8426264], [-61.0099876, 10.8412723], [-61.0108781, 10.8413408], [-61.0113663, 10.8417729], [-61.012466, 10.8419309], [-61.0144615, 10.843501], [-61.0159957, 10.8433851], [-61.0164356, 10.842658], [-61.0170043, 10.8427476], [-61.0173583, 10.8431532], [-61.0179162, 10.8432059], [-61.0195309, 10.8428582], [-61.0210651, 10.8433376], [-61.0216552, 10.8435484], [-61.0229499, 10.84327], [-61.0265905, 10.8420099], [-61.0290098, 10.8417202], [-61.0294712, 10.8412987], [-61.030308, 10.8411828], [-61.0310483, 10.84103], [-61.0335213, 10.8409351], [-61.0342562, 10.8410458], [-61.0349268, 10.8408983], [-61.0353398, 10.8403925], [-61.0356349, 10.8399657], [-61.0357583, 10.8392228], [-61.0361499, 10.8392966], [-61.0365254, 10.8395389], [-61.0371852, 10.8397708], [-61.0379255, 10.8399183], [-61.0383546, 10.8401501], [-61.0388106, 10.8413724], [-61.0392666, 10.8413882], [-61.0395402, 10.8408719], [-61.040825, 10.840814], [-61.0410073, 10.8407679], [-61.0411093, 10.8407297], [-61.0411911, 10.840677], [-61.0412796, 10.8405637], [-61.0413788, 10.8403832], [-61.0415116, 10.8402331], [-61.0415988, 10.840187], [-61.0417369, 10.840154], [-61.0418603, 10.8401593], [-61.0420051, 10.8402107], [-61.0421231, 10.840237], [-61.0422961, 10.8402607], [-61.0424168, 10.8403068], [-61.0424866, 10.8403977], [-61.0425389, 10.8405123], [-61.0426448, 10.8407257], [-61.0427333, 10.8407771], [-61.0428165, 10.8407995], [-61.0428496, 10.8407942], [-61.0429157, 10.8407837], [-61.0429828, 10.8407547], [-61.0430042, 10.8406967], [-61.0429902, 10.8405261], [-61.0429774, 10.8403806], [-61.0430016, 10.8402344], [-61.0430498, 10.8401317], [-61.0431075, 10.839967], [-61.043137, 10.8397088], [-61.0431585, 10.8396035], [-61.0432014, 10.8395534], [-61.0432624, 10.8395383], [-61.0433596, 10.8395231], [-61.0433885, 10.839477], [-61.0433878, 10.839423], [-61.0433348, 10.8393354], [-61.0432886, 10.8392439], [-61.0432443, 10.8390582], [-61.0432135, 10.8389475], [-61.0431672, 10.8388553], [-61.043078, 10.8387816], [-61.042958, 10.8387275], [-61.0429077, 10.8386887], [-61.042901, 10.838636], [-61.0429265, 10.8385853], [-61.0430136, 10.8385524], [-61.0431115, 10.8385392], [-61.043188, 10.8385339], [-61.0432456, 10.8385122], [-61.0432751, 10.8384641], [-61.0432711, 10.838364], [-61.0431826, 10.8380268], [-61.0432175, 10.8379741], [-61.0432524, 10.8379662], [-61.0433422, 10.8379688], [-61.0434307, 10.837982], [-61.0434589, 10.8379708], [-61.0434763, 10.8379451], [-61.0435048, 10.8377956], [-61.0435192, 10.8377772], [-61.0435471, 10.8377693], [-61.0435903, 10.8377811], [-61.0436453, 10.8378246], [-61.0436949, 10.8378226], [-61.0437231, 10.837795], [-61.0437244, 10.8377278], [-61.0437043, 10.8376396], [-61.0436641, 10.837525], [-61.0436024, 10.8373774], [-61.0436091, 10.8372339], [-61.0448241, 10.8336906], [-61.0452908, 10.8328739], [-61.0461668, 10.8326421], [-61.0467768, 10.8322417], [-61.0472757, 10.8313987], [-61.0473347, 10.8312037], [-61.0474205, 10.8311458], [-61.0475117, 10.8310878], [-61.0477048, 10.8310773], [-61.0480696, 10.8311352], [-61.0482466, 10.831014], [-61.0483217, 10.8307137], [-61.0482949, 10.8302817], [-61.0481769, 10.8299866], [-61.0481491, 10.8298387], [-61.0481393, 10.8297864], [-61.0482214, 10.8296385], [-61.0482359, 10.8296125], [-61.0484397, 10.8294545], [-61.0487562, 10.829299], [-61.0488836, 10.8292714], [-61.0489856, 10.8292556], [-61.0490848, 10.8292292], [-61.0493517, 10.8291541], [-61.0496038, 10.829108], [-61.0499887, 10.8290922], [-61.0502409, 10.829081], [-61.0502888, 10.8290789], [-61.0503307, 10.8290771], [-61.0504662, 10.8290711], [-61.0507599, 10.8290593], [-61.0511582, 10.8290639], [-61.0514867, 10.8290699], [-61.0516894, 10.8290721], [-61.0517979, 10.8290751], [-61.0522994, 10.8291291], [-61.0527372, 10.8291995], [-61.0528158, 10.8292121], [-61.0532624, 10.8293227], [-61.0540885, 10.8295994], [-61.0546906, 10.8298417], [-61.0551158, 10.8300525], [-61.0554671, 10.8302487], [-61.0558708, 10.8304977], [-61.0562517, 10.8307019], [-61.0566004, 10.8308981], [-61.0570858, 10.8312235], [-61.0573782, 10.8314197], [-61.0575579, 10.8315318], [-61.0575405, 10.8316068], [-61.0576169, 10.8317082], [-61.0577202, 10.8317912], [-61.0578543, 10.8318215], [-61.059024, 10.8320109], [-61.06002, 10.83294], [-61.0608557, 10.8331901], [-61.0610971, 10.8329556], [-61.0623819, 10.8331005], [-61.0631601, 10.8314301], [-61.0635718, 10.8311751], [-61.06421, 10.8307799], [-61.0647744, 10.8307559], [-61.0650158, 10.8309192], [-61.0654718, 10.8313144], [-61.0657883, 10.8313038], [-61.066078, 10.8308718], [-61.0663784, 10.8311774], [-61.0664159, 10.8316068], [-61.0666439, 10.8316516], [-61.0673761, 10.8314882], [-61.0680145, 10.830856], [-61.0687172, 10.8307401], [-61.0687494, 10.8314619], [-61.0691142, 10.8316463], [-61.0694522, 10.8315251], [-61.069361, 10.8311247], [-61.069538, 10.8310299], [-61.0699457, 10.8311879], [-61.070407, 10.8306505], [-61.0703319, 10.8303027], [-61.070568, 10.830034], [-61.07124, 10.82915], [-61.0714585, 10.8289381], [-61.0717213, 10.8287853], [-61.07204, 10.8287701], [-61.0727191, 10.8289645], [-61.0731751, 10.8291963], [-61.0736042, 10.8296231], [-61.0738832, 10.8297442], [-61.0740817, 10.8297864], [-61.0743338, 10.8297232], [-61.0745323, 10.8295809], [-61.0746718, 10.8293596], [-61.0748327, 10.8293069], [-61.0756615, 10.8294018], [-61.0758707, 10.829407], [-61.0759941, 10.8293702], [-61.0762972, 10.8292332], [-61.0765332, 10.8291093], [-61.076721, 10.8290725], [-61.0768658, 10.8291278], [-61.076957, 10.8292358], [-61.0770267, 10.8293675], [-61.0771126, 10.8294887], [-61.0772225, 10.8295572], [-61.0773218, 10.8295941], [-61.0774398, 10.8296046], [-61.0775793, 10.8295625], [-61.0776731, 10.8294808], [-61.0777724, 10.8292911], [-61.0778207, 10.8292542], [-61.0779011, 10.8292305], [-61.0780942, 10.8291462], [-61.0782176, 10.8290698], [-61.0783571, 10.8289671], [-61.0785583, 10.8287537], [-61.078734, 10.8285877], [-61.0793307, 10.8282215], [-61.0801059, 10.8279054], [-61.0808113, 10.8277342], [-61.0809656, 10.8277394], [-61.08105, 10.8278224], [-61.0810916, 10.8279699], [-61.0811399, 10.8280622], [-61.081219, 10.8281636], [-61.0813545, 10.8282215], [-61.0815087, 10.8282367], [-61.081612, 10.828182], [-61.0816871, 10.8281741], [-61.0817769, 10.8281952], [-61.0819714, 10.8283533], [-61.0822302, 10.828402], [-61.0827854, 10.8283928], [-61.0834238, 10.8280687], [-61.083979, 10.8275577], [-61.0841882, 10.8273574], [-61.0844725, 10.8270466], [-61.0845208, 10.826741], [-61.0844833, 10.8263616], [-61.0845369, 10.8262141], [-61.0847917, 10.8259085], [-61.085178, 10.8255976], [-61.0855562, 10.8254132], [-61.0858351, 10.8252472], [-61.086098, 10.825155], [-61.0863662, 10.8251234], [-61.0866237, 10.8251339], [-61.0868624, 10.8251155], [-61.0872486, 10.8250154], [-61.0876724, 10.8249416], [-61.0881364, 10.8248837], [-61.0886729, 10.8248652], [-61.0891449, 10.8248758], [-61.0894051, 10.824939], [-61.0895795, 10.824989], [-61.0897699, 10.8251234], [-61.0899496, 10.8253078], [-61.0900891, 10.8254027], [-61.0902983, 10.8254527], [-61.0908857, 10.8254237], [-61.0914382, 10.8252788], [-61.0929564, 10.8238984], [-61.0933721, 10.8236876], [-61.0937744, 10.823577], [-61.0939944, 10.8235743], [-61.0941634, 10.8236468], [-61.0942908, 10.8238154], [-61.0944611, 10.8238944], [-61.0946918, 10.8239273], [-61.0949627, 10.823901], [-61.0951799, 10.8238167], [-61.0953757, 10.8237666], [-61.0955581, 10.8237614], [-61.0957646, 10.8238141], [-61.0960302, 10.8239748], [-61.096352, 10.8242593], [-61.0966069, 10.8244674], [-61.0970011, 10.8245912], [-61.0973337, 10.8245807], [-61.0977012, 10.8244832], [-61.0980016, 10.8243541], [-61.0986936, 10.8238035], [-61.0988492, 10.823656], [-61.0991429, 10.8233702], [-61.0993575, 10.8230988], [-61.0995224, 10.8228736], [-61.0996445, 10.8227537], [-61.0998335, 10.8226088], [-61.0999033, 10.822539], [-61.0999931, 10.8224217], [-61.1001514, 10.8222953], [-61.1003043, 10.8222426], [-61.1005095, 10.8222202], [-61.1006825, 10.8222044], [-61.1007951, 10.8221556], [-61.1009775, 10.822041], [-61.1011559, 10.8219963], [-61.1012658, 10.8220068], [-61.101357, 10.8220252], [-61.1014402, 10.8220173], [-61.1015622, 10.821937], [-61.1017352, 10.8217631], [-61.1019337, 10.8216406], [-61.1021175, 10.8215826], [-61.1022891, 10.8215655], [-61.1024407, 10.8215774], [-61.1026365, 10.8216406], [-61.1028001, 10.8216301], [-61.1030388, 10.8215405], [-61.1034223, 10.8214483], [-61.1038327, 10.8214457], [-61.1041224, 10.8214746], [-61.1043236, 10.8215616], [-61.1044389, 10.8216959], [-61.1045301, 10.8220147], [-61.1046213, 10.8221886], [-61.1047983, 10.8223308], [-61.1051416, 10.8223993], [-61.1053374, 10.822402], [-61.1058041, 10.8223519], [-61.1060831, 10.8223203], [-61.1065444, 10.8222465], [-61.1070514, 10.8220806], [-61.1076281, 10.8218277], [-61.1078855, 10.8217038], [-61.1080304, 10.8215668], [-61.1083683, 10.8210001], [-61.1087251, 10.8205815], [-61.1090148, 10.8204393], [-61.1094332, 10.8204156], [-61.1100233, 10.8206342], [-61.1102832, 10.8206487], [-61.1110157, 10.8200098], [-61.1111444, 10.8199677], [-61.1112759, 10.8199545], [-61.1115226, 10.8199571], [-61.1117238, 10.8199703], [-61.1118472, 10.8200125], [-61.1119813, 10.8200994], [-61.1120832, 10.8201705], [-61.1121261, 10.8201784], [-61.1121878, 10.8201705], [-61.1122441, 10.8201389], [-61.1123621, 10.8200652], [-61.1124399, 10.820052], [-61.1125177, 10.8200652], [-61.1125606, 10.8200941], [-61.1126894, 10.8202022], [-61.112735, 10.8202153], [-61.1127967, 10.8202259], [-61.1128342, 10.8202101], [-61.1128718, 10.82016], [-61.1128959, 10.8200915], [-61.1129308, 10.8198992], [-61.112971, 10.8198281], [-61.1130142, 10.8197801], [-61.1131185, 10.8197438], [-61.1132258, 10.8197358], [-61.1133036, 10.8197569], [-61.1133975, 10.8198175], [-61.1135101, 10.8199361], [-61.1136684, 10.8201916], [-61.1138802, 10.8205815], [-61.1139393, 10.8206474], [-61.1139983, 10.820679], [-61.114068, 10.8206948], [-61.1141431, 10.8206791], [-61.1144435, 10.8205657], [-61.1146876, 10.8204419], [-61.1149183, 10.8203471], [-61.1149907, 10.8202996], [-61.1150309, 10.8202733], [-61.11509, 10.8202338], [-61.1151597, 10.8202153], [-61.1152643, 10.8202153], [-61.1153635, 10.8202101], [-61.1154923, 10.8201705], [-61.1155546, 10.8201488], [-61.1156002, 10.8201225], [-61.1156479, 10.8200836], [-61.1157377, 10.8200151], [-61.1158323, 10.8199275], [-61.1159509, 10.8197872], [-61.1161387, 10.8195488], [-61.1162674, 10.8194263], [-61.1163399, 10.8193855], [-61.116423, 10.8193499], [-61.1165035, 10.819338], [-61.1166108, 10.8193552], [-61.1166832, 10.8193907], [-61.1168736, 10.8195804], [-61.1169997, 10.8197279], [-61.1171874, 10.8199967], [-61.1173645, 10.8202654], [-61.1175254, 10.8204103], [-61.1176783, 10.8204999], [-61.1177963, 10.8204999], [-61.1179599, 10.8204366], [-61.1181611, 10.8201732], [-61.1184266, 10.8198386], [-61.1187404, 10.8196594], [-61.1188665, 10.8196331], [-61.119006, 10.8196674], [-61.1197972, 10.8200915], [-61.1199904, 10.8201442], [-61.1202076, 10.8201705], [-61.1204785, 10.8201337], [-61.1206394, 10.82011], [-61.1207494, 10.8201284], [-61.1208943, 10.8202417], [-61.1210471, 10.8203734], [-61.1213288, 10.8207633], [-61.1215221, 10.8209814], [-61.1216426, 10.8211638], [-61.121825, 10.8213376], [-61.1220637, 10.821472], [-61.1222193, 10.8214667], [-61.12234, 10.821393], [-61.1224875, 10.8212059], [-61.1226216, 10.8211532], [-61.1227477, 10.8211875], [-61.1228737, 10.8212955], [-61.12304, 10.8214536], [-61.123323, 10.821526], [-61.1235698, 10.8214931], [-61.1237776, 10.8214154], [-61.1239506, 10.8212928], [-61.1240727, 10.8211835], [-61.1241692, 10.8211466], [-61.1242604, 10.8211585], [-61.1243328, 10.8211848], [-61.1244307, 10.8212955], [-61.1246024, 10.8214101], [-61.1246654, 10.8214233], [-61.1247499, 10.8214101], [-61.1248076, 10.8214114], [-61.1248961, 10.8214351], [-61.1250101, 10.821501], [-61.1251536, 10.8216301], [-61.125281, 10.8217802], [-61.1253306, 10.8218909], [-61.1253333, 10.8219949], [-61.1253025, 10.8221359], [-61.1253145, 10.8222255], [-61.1253615, 10.8223203], [-61.1254366, 10.8223862], [-61.1254781, 10.8223677], [-61.1255211, 10.82229], [-61.1255117, 10.8221715], [-61.1255036, 10.8220898], [-61.1255385, 10.8220424], [-61.125619, 10.822045], [-61.1258112, 10.8221428], [-61.126045, 10.8223665], [-61.1261487, 10.8225284], [-61.1261612, 10.8226381], [-61.1261579, 10.8227224], [-61.1261986, 10.8228924], [-61.1263457, 10.8231345], [-61.1266208, 10.8233715], [-61.1267414, 10.8234189], [-61.1268367, 10.8234097], [-61.1269118, 10.823357], [-61.126976, 10.8232999], [-61.1269931, 10.8232123], [-61.126903, 10.8230037], [-61.1267271, 10.8228103], [-61.1265732, 10.8226716], [-61.1265122, 10.8226369], [-61.126433, 10.8226127], [-61.1263964, 10.8225511], [-61.1263844, 10.8224473], [-61.1263967, 10.8223689], [-61.1265377, 10.8221825], [-61.126838, 10.822049], [-61.1283849, 10.8216174], [-61.1286075, 10.8214788], [-61.1290321, 10.8209003], [-61.1292627, 10.8207054], [-61.1294773, 10.8206105], [-61.1297142, 10.8206026], [-61.130477, 10.8207104], [-61.1310869, 10.8208914], [-61.1316862, 10.8210764], [-61.1321799, 10.8212162], [-61.1332794, 10.821709], [-61.1335985, 10.8220028], [-61.1336549, 10.8220792], [-61.1336803, 10.8221675], [-61.1336817, 10.8222097], [-61.1336415, 10.8223348], [-61.1336455, 10.8224244], [-61.1337005, 10.8224705], [-61.1337957, 10.8224757], [-61.1338721, 10.8224402], [-61.1339539, 10.8223546], [-61.1340518, 10.8222176], [-61.1341484, 10.8221438], [-61.1342329, 10.8220911], [-61.1343053, 10.8220476], [-61.1343656, 10.8219607], [-61.1351626, 10.821026], [-61.1355891, 10.8208106], [-61.1359754, 10.8208361], [-61.1376204, 10.8213358], [-61.1378056, 10.8213271], [-61.1379356, 10.8212395], [-61.1383039, 10.8207947], [-61.1385594, 10.8207034], [-61.1388554, 10.8207273], [-61.1392933, 10.8209652], [-61.1405736, 10.8219515], [-61.1413139, 10.8221833], [-61.14214, 10.822178], [-61.1425967, 10.8219571], [-61.1431736, 10.8213756], [-61.1432704, 10.8212795], [-61.1438766, 10.8207632], [-61.1455379, 10.8195025], [-61.1466315, 10.8186137], [-61.1467642, 10.8184159], [-61.1470109, 10.8179233], [-61.147204, 10.8177968], [-61.1474562, 10.8177758], [-61.147982, 10.8179177], [-61.1481885, 10.817975], [-61.1483344, 10.8179551], [-61.1495128, 10.8174462], [-61.1505668, 10.8168054], [-61.1508828, 10.8166632], [-61.1514347, 10.8165092], [-61.151659, 10.8164376], [-61.1517933, 10.8162925], [-61.1520091, 10.8157216], [-61.1521259, 10.8154126], [-61.1522976, 10.8148619], [-61.1525014, 10.8136869], [-61.1526811, 10.8134182], [-61.1529199, 10.8132519], [-61.1540344, 10.8128115], [-61.1544957, 10.8126533], [-61.1550238, 10.812432], [-61.1555495, 10.812082], [-61.156182, 10.8117484], [-61.15686, 10.8115608], [-61.1576325, 10.8113711], [-61.1587161, 10.8112605], [-61.1594081, 10.8112288], [-61.1600518, 10.8112763], [-61.1607224, 10.8114027], [-61.1610013, 10.8113764], [-61.1613232, 10.8112763], [-61.1616826, 10.8111972], [-61.1625248, 10.8111445], [-61.1633456, 10.8111445], [-61.1639732, 10.8109733], [-61.1640885, 10.8109733], [-61.1641529, 10.8110128], [-61.1642039, 10.8111393], [-61.1643112, 10.8112631], [-61.1644989, 10.8113421], [-61.1646491, 10.8113474], [-61.1647537, 10.8113105], [-61.1656474, 10.8108861], [-61.1660213, 10.8107448], [-61.1662129, 10.8107256], [-61.1662906, 10.8106993], [-61.1663845, 10.8106492], [-61.1665294, 10.810586], [-61.1666071, 10.810557], [-61.1666581, 10.8105412], [-61.1666983, 10.8105465], [-61.1667654, 10.8106097], [-61.1668432, 10.8106967], [-61.1668941, 10.8107836], [-61.1669666, 10.8109417], [-61.1669987, 10.8110523], [-61.1669987, 10.8111419], [-61.1669666, 10.8112209], [-61.1669371, 10.8113], [-61.1669531, 10.8113737], [-61.1670148, 10.8114238], [-61.1670551, 10.811437], [-61.1671516, 10.8114159], [-61.1672817, 10.8113382], [-61.1673608, 10.8113316], [-61.1674333, 10.8113527], [-61.1675124, 10.8114238], [-61.1675714, 10.8115002], [-61.1676331, 10.8115252], [-61.1677015, 10.8115226], [-61.1677659, 10.8114739], [-61.1678557, 10.8113039], [-61.1679603, 10.811105], [-61.1680824, 10.8109206], [-61.1682138, 10.8107414], [-61.1684015, 10.8105228], [-61.1685383, 10.8103831], [-61.1687127, 10.810233], [-61.168828, 10.8101487], [-61.1689299, 10.8100907], [-61.1689863, 10.810038], [-61.1690399, 10.8099326], [-61.169048, 10.8098114], [-61.1690158, 10.8096692], [-61.1689809, 10.809461], [-61.1689648, 10.809382], [-61.1689702, 10.8093346], [-61.169005, 10.8092819], [-61.1692478, 10.809021], [-61.1693001, 10.8089828], [-61.1693645, 10.8089815], [-61.1694771, 10.8090144], [-61.1696246, 10.8091198], [-61.1699009, 10.8091607], [-61.170145, 10.809108], [-61.1706546, 10.8088801], [-61.1708209, 10.8087681], [-61.1711159, 10.8083202], [-61.1712514, 10.8082056], [-61.1714204, 10.8081529], [-61.17159, 10.8080943], [-61.171765, 10.808041], [-61.1719836, 10.8079777], [-61.1722451, 10.8079659], [-61.1724879, 10.8079988], [-61.1727709, 10.8080568], [-61.1730404, 10.8081977], [-61.1733113, 10.8083861], [-61.1734602, 10.8085336], [-61.1735346, 10.8086687], [-61.173548, 10.8088254], [-61.1735232, 10.8089413], [-61.1734226, 10.8090988], [-61.1733972, 10.8092516], [-61.1734924, 10.809432], [-61.1736077, 10.8095651], [-61.1738035, 10.8096204], [-61.1740369, 10.8095888], [-61.1742555, 10.80949], [-61.1747476, 10.8090803], [-61.1747966, 10.8090065], [-61.1747872, 10.8089189], [-61.1747316, 10.8087945], [-61.1747275, 10.8087246], [-61.1747476, 10.8086311], [-61.1747772, 10.8085415], [-61.1748362, 10.8084862], [-61.1749716, 10.8084744], [-61.1750923, 10.8085099], [-61.1752613, 10.8085626], [-61.1754437, 10.8085508], [-61.1757293, 10.8084151], [-61.1759627, 10.808257], [-61.176542, 10.8078565], [-61.1744025, 10.8046278], [-61.172171, 10.7998393], [-61.170558, 10.7990717], [-61.1680912, 10.7987566], [-61.1665899, 10.7985861], [-61.1654699, 10.7986879], [-61.1638928, 10.7997102], [-61.1631632, 10.7983296], [-61.1622512, 10.7977499], [-61.161398, 10.7971688], [-61.1604342, 10.7953135], [-61.1596871, 10.7940824], [-61.1591506, 10.7917216], [-61.157713, 10.7908364], [-61.1565757, 10.7903094], [-61.1562324, 10.7895295], [-61.1568332, 10.7884545], [-61.1577554, 10.7856651], [-61.1580581, 10.7837775], [-61.1580455, 10.7826368], [-61.1573053, 10.7813721], [-61.1566186, 10.779475], [-61.156353, 10.7785195], [-61.156565, 10.7775146], [-61.1564362, 10.7770719], [-61.1553311, 10.7759864], [-61.1552775, 10.774416], [-61.1551166, 10.7734041], [-61.1552453, 10.7713594], [-61.1548591, 10.7697363], [-61.1552453, 10.7669959], [-61.1567474, 10.7644874], [-61.1593652, 10.7631383], [-61.1621762, 10.7626323], [-61.1652446, 10.762548], [-61.1663175, 10.7634966], [-61.166575, 10.764635], [-61.1704159, 10.7626113], [-61.171294, 10.7624545], [-61.1730123, 10.7621475], [-61.1736775, 10.7621897], [-61.174686, 10.7620843], [-61.1763168, 10.7617259], [-61.1776686, 10.7608405], [-61.180501, 10.7603346], [-61.1806298, 10.7566455], [-61.1811633, 10.755088], [-61.1824107, 10.752851], [-61.183312, 10.7516494], [-61.1839128, 10.750764], [-61.1838699, 10.7496467], [-61.1839074, 10.7490353], [-61.1847067, 10.7482342], [-61.1861658, 10.7455569], [-61.1870885, 10.745072], [-61.1883545, 10.7449034], [-61.1903715, 10.7438282], [-61.1911226, 10.7430482], [-61.1923027, 10.7407925], [-61.1946845, 10.7367026], [-61.1960364, 10.7353111], [-61.1964226, 10.7341516], [-61.1968947, 10.730926], [-61.1971307, 10.7303989], [-61.2003708, 10.7301038], [-61.2027526, 10.7303146], [-61.2054134, 10.728744], [-61.2091899, 10.7280166], [-61.2121296, 10.7285648], [-61.2142754, 10.7297454], [-61.215477, 10.7294503], [-61.2171078, 10.7286913], [-61.2181807, 10.728101], [-61.2198866, 10.7275634], [-61.2218285, 10.7278901], [-61.2235773, 10.7280272], [-61.2251115, 10.7278638], [-61.2267506, 10.7285209], [-61.227386, 10.7287756], [-61.2285769, 10.7296716], [-61.2302506, 10.7297559], [-61.2309051, 10.7294292], [-61.2316561, 10.7285753], [-61.2324607, 10.727848], [-61.2334371, 10.7276582], [-61.2347996, 10.7275001], [-61.2356705, 10.7279873], [-61.237042, 10.7287545], [-61.2397188, 10.7295609], [-61.2435684, 10.7295683], [-61.2447989, 10.7267464], [-61.2451208, 10.7258135], [-61.2452495, 10.7244326]]], [[[-61.1737539, 10.8099563], [-61.1737445, 10.8098812], [-61.1737177, 10.809843], [-61.1736278, 10.8097917], [-61.173593, 10.8097798], [-61.1735299, 10.8097772], [-61.1734803, 10.8098127], [-61.1734535, 10.8098786], [-61.1734535, 10.8099919], [-61.1735165, 10.8100657], [-61.1735997, 10.8100946], [-61.1736721, 10.8100617], [-61.1737257, 10.8100182], [-61.1737539, 10.8099563]]], [[[-61.1733422, 10.8095387], [-61.1733261, 10.8094241], [-61.1732925, 10.8093859], [-61.173247, 10.8093714], [-61.1732014, 10.8093688], [-61.1731088, 10.8094334], [-61.1730619, 10.8095005], [-61.1730029, 10.8096165], [-61.1729774, 10.8096995], [-61.1729707, 10.809789], [-61.1729828, 10.8098378], [-61.1730364, 10.8099669], [-61.1730833, 10.8100103], [-61.1731665, 10.8100156], [-61.1732443, 10.8099721], [-61.1732778, 10.809876], [-61.1733395, 10.8097034], [-61.1733422, 10.8095387]]], [[[-61.1665508, 10.8111748], [-61.1665414, 10.8111195], [-61.1664985, 10.8110589], [-61.1664529, 10.8110036], [-61.1664207, 10.8109917], [-61.1663778, 10.8110023], [-61.1663134, 10.8110642], [-61.1661981, 10.8111669], [-61.1661337, 10.8112407], [-61.1661116, 10.8112881], [-61.166119, 10.8113257], [-61.1661424, 10.8113639], [-61.1661968, 10.8113757], [-61.1662719, 10.8113685], [-61.166351, 10.8113454], [-61.1664066, 10.8113066], [-61.166524, 10.8112117], [-61.1665508, 10.8111748]]], [[[-61.1663483, 10.811491], [-61.1663121, 10.8114172], [-61.1662786, 10.811408], [-61.1661968, 10.8114185], [-61.1661324, 10.811462], [-61.1660908, 10.8115397], [-61.1660667, 10.8116715], [-61.1660318, 10.8117439], [-61.1659822, 10.8118032], [-61.1659192, 10.8118743], [-61.1658588, 10.8119402], [-61.1658146, 10.8120021], [-61.1658052, 10.8120561], [-61.1658239, 10.8121022], [-61.1658642, 10.8121312], [-61.1659111, 10.8121444], [-61.1659835, 10.8121325], [-61.1660506, 10.8121141], [-61.1661311, 10.8120719], [-61.1662504, 10.8119705], [-61.1662906, 10.8118743], [-61.1663269, 10.8117136], [-61.1663483, 10.811491]]], [[[-61.1257905, 10.8235486], [-61.1257844, 10.8234972], [-61.1257571, 10.8234729], [-61.125737, 10.8234782], [-61.1257256, 10.8235006], [-61.1256981, 10.8235441], [-61.1257258, 10.8235759], [-61.1257736, 10.8235774], [-61.1257905, 10.8235486]]], [[[-61.1257511, 10.823139], [-61.1257209, 10.8231008], [-61.1256927, 10.8230751], [-61.125638, 10.823069], [-61.1256129, 10.8230646], [-61.1255718, 10.8230962], [-61.1255425, 10.8231238], [-61.1255412, 10.8231554], [-61.1255394, 10.8232506], [-61.125601, 10.8232869], [-61.1256272, 10.8232975], [-61.1256519, 10.8233353], [-61.1256858, 10.8233323], [-61.1257166, 10.8233111], [-61.1257222, 10.823272], [-61.1257175, 10.8232351], [-61.1257149, 10.8232141], [-61.1257216, 10.8231943], [-61.1257491, 10.823166], [-61.1257511, 10.823139]]], [[[-61.1256384, 10.8229546], [-61.1256351, 10.8229085], [-61.1256129, 10.8228413], [-61.1256029, 10.8228083], [-61.1255834, 10.8227965], [-61.1255459, 10.8227873], [-61.125517, 10.82284], [-61.1254886, 10.8229177], [-61.125484, 10.8230387], [-61.1255286, 10.8230796], [-61.1255718, 10.8230478], [-61.1256223, 10.8229855], [-61.1256384, 10.8229546]]], [[[-61.0432678, 10.8412756], [-61.0432463, 10.8412335], [-61.0432483, 10.8411953], [-61.0432671, 10.8411676], [-61.0432664, 10.8411439], [-61.0432322, 10.8411373], [-61.0432088, 10.8410721], [-61.04319, 10.841002], [-61.0431568, 10.8409565], [-61.0430773, 10.8409424], [-61.0430149, 10.8409371], [-61.0429915, 10.8409369], [-61.0429439, 10.8409364], [-61.0429164, 10.8409114], [-61.0428869, 10.840887], [-61.0428709, 10.8408949], [-61.0428681, 10.8409246], [-61.0427916, 10.840974], [-61.0427374, 10.8410096], [-61.042726, 10.8410451], [-61.0427192, 10.8411209], [-61.0427553, 10.8411851], [-61.0427826, 10.8412282], [-61.0428185, 10.841211], [-61.0428507, 10.8412051], [-61.0428832, 10.8412473], [-61.0429013, 10.8413092], [-61.042905, 10.8412302], [-61.0428976, 10.841188], [-61.0428976, 10.8411209], [-61.0429083, 10.8410998], [-61.0429258, 10.8410668], [-61.042962, 10.8410148], [-61.0430059, 10.8409987], [-61.0430451, 10.8410155], [-61.04308, 10.8410582], [-61.0431203, 10.8410801], [-61.0431176, 10.8411334], [-61.043129, 10.8412111], [-61.0431222, 10.8412973], [-61.0431752, 10.8413362], [-61.0431819, 10.8413784], [-61.0432657, 10.8414033], [-61.0432544, 10.8413593], [-61.0432638, 10.8413079], [-61.0432678, 10.8412756]]], [[[-61.0148223, 10.7018875], [-61.0147324, 10.7017808], [-61.0145795, 10.7016095], [-61.0145018, 10.7015779], [-61.014263, 10.701512], [-61.0141504, 10.7014593], [-61.0140793, 10.7014237], [-61.0140163, 10.701425], [-61.013917, 10.7014882], [-61.0137776, 10.7015884], [-61.0136917, 10.7016148], [-61.0136005, 10.7016385], [-61.0135522, 10.7016846], [-61.0135227, 10.7017623], [-61.0135295, 10.7018546], [-61.0135657, 10.7019679], [-61.0136609, 10.7020378], [-61.0137735, 10.7020404], [-61.0140082, 10.7019785], [-61.0141531, 10.7019547], [-61.014609, 10.7020074], [-61.0147539, 10.7020338], [-61.0148183, 10.7019758], [-61.0148223, 10.7018875]]], [[[-61.0068253, 10.8437578], [-61.0068192, 10.8437265], [-61.0067891, 10.8436485], [-61.006771, 10.8436333], [-61.0067368, 10.8436215], [-61.0066757, 10.8436142], [-61.0066107, 10.8436241], [-61.0065591, 10.8436465], [-61.0065463, 10.8436775], [-61.006541, 10.8437275], [-61.0065524, 10.8437624], [-61.0065832, 10.8437782], [-61.0066234, 10.8437874], [-61.0067435, 10.8438], [-61.0068005, 10.8437901], [-61.0068145, 10.8437815], [-61.0068253, 10.8437578]]], [[[-60.9127012, 10.8156036], [-60.9126871, 10.8155897], [-60.9126549, 10.8155864], [-60.9126301, 10.8155746], [-60.912614, 10.8155568], [-60.9125973, 10.8155417], [-60.9125835, 10.815537], [-60.9125664, 10.8155351], [-60.9124491, 10.8155588], [-60.9124298, 10.8155701], [-60.9124155, 10.8155878], [-60.9124061, 10.8156207], [-60.9124149, 10.8156536], [-60.912437, 10.8156754], [-60.9124873, 10.8156813], [-60.9125336, 10.8156806], [-60.9126127, 10.8156707], [-60.9126817, 10.8156484], [-60.9126998, 10.8156279], [-60.9127012, 10.8156036]]], [[[-60.9088589, 10.8334706], [-60.9088536, 10.8334193], [-60.9088026, 10.8333547], [-60.9087195, 10.8333093], [-60.9086216, 10.8332948], [-60.9084841, 10.833304], [-60.9083097, 10.8333468], [-60.9082139, 10.8333718], [-60.9081334, 10.8333969], [-60.9080744, 10.8334351], [-60.9080476, 10.8334509], [-60.9080214, 10.8334592], [-60.9079604, 10.8334535], [-60.9078947, 10.8334449], [-60.9078216, 10.8334515], [-60.9076989, 10.8334904], [-60.9076627, 10.8335075], [-60.9076003, 10.8335464], [-60.9075969, 10.8335872], [-60.907607, 10.83363], [-60.9076305, 10.8336708], [-60.907656, 10.8337163], [-60.9076948, 10.833765], [-60.9077445, 10.8338045], [-60.9078149, 10.8338256], [-60.9078571, 10.8338171], [-60.907886, 10.8337861], [-60.9078866, 10.8337729], [-60.9078813, 10.8337466], [-60.9078813, 10.8337229], [-60.9079114, 10.8336906], [-60.9079805, 10.8336656], [-60.9080261, 10.8336724], [-60.9080728, 10.8337068], [-60.9080905, 10.8337275], [-60.9080961, 10.8337481], [-60.9080663, 10.833796], [-60.908069, 10.8338039], [-60.9080905, 10.8338131], [-60.9081078, 10.83381], [-60.9081508, 10.833767], [-60.908187, 10.8337512], [-60.9082058, 10.8337525], [-60.9082239, 10.8337624], [-60.908244, 10.8337673], [-60.9082739, 10.8337588], [-60.9084774, 10.8336827], [-60.9085498, 10.8336465], [-60.9086215, 10.833622], [-60.9087087, 10.8335865], [-60.9087919, 10.8335628], [-60.9088363, 10.8335257], [-60.9088589, 10.8334706]]], [[[-60.9078256, 10.8334071], [-60.9078159, 10.833386], [-60.9078105, 10.8333811], [-60.9077978, 10.8333784], [-60.9077435, 10.8334025], [-60.9077166, 10.8334219], [-60.9077002, 10.8334387], [-60.9076918, 10.8334512], [-60.9076945, 10.8334617], [-60.9077032, 10.8334693], [-60.9077123, 10.833472], [-60.9077542, 10.8334614], [-60.9078159, 10.8334331], [-60.9078223, 10.8334209], [-60.9078256, 10.8334071]]], [[[-60.9076501, 10.8338766], [-60.9076244, 10.8337848], [-60.9075621, 10.833744], [-60.9074913, 10.8337206], [-60.9074454, 10.8337479], [-60.9074152, 10.8337874], [-60.907412, 10.8338307], [-60.9074026, 10.8338651], [-60.9073669, 10.8338908], [-60.9073609, 10.8339198], [-60.9073696, 10.8339573], [-60.9073931, 10.8339738], [-60.9074286, 10.8339751], [-60.9074481, 10.8339613], [-60.9074521, 10.8339369], [-60.9074716, 10.8339297], [-60.907491, 10.8339501], [-60.9075138, 10.8339442], [-60.9075497, 10.8339155], [-60.9075956, 10.8339461], [-60.9076305, 10.8339382], [-60.9076501, 10.8338766]]], [[[-60.9073186, 10.8334225], [-60.9073069, 10.8333858], [-60.9072555, 10.8333743], [-60.9072041, 10.8333949], [-60.9071598, 10.8334408], [-60.9071575, 10.8334665], [-60.9071681, 10.8334946], [-60.9071795, 10.8335145], [-60.9072275, 10.8335119], [-60.9072929, 10.8334844], [-60.9073186, 10.8334225]]], [[[-60.9072427, 10.8336777], [-60.9072157, 10.8336662], [-60.9071986, 10.833661], [-60.9071728, 10.8336638], [-60.9071525, 10.8336751], [-60.9071498, 10.8336847], [-60.9071604, 10.8337134], [-60.9071569, 10.8337473], [-60.9071296, 10.8337756], [-60.9071155, 10.8337894], [-60.9070974, 10.8338085], [-60.9070896, 10.8338176], [-60.9070666, 10.8338263], [-60.9070578, 10.8338446], [-60.9070622, 10.8338672], [-60.9070861, 10.8338863], [-60.9071162, 10.8338793], [-60.9071277, 10.8338611], [-60.9071498, 10.8338602], [-60.9071799, 10.8338846], [-60.9071958, 10.8338715], [-60.9071936, 10.8338543], [-60.907212, 10.833819], [-60.907211, 10.8337948], [-60.9072268, 10.8337693], [-60.9072418, 10.8337325], [-60.9072427, 10.8336777]]]]}, "bbox": [-61.2452495, 10.4306158, -60.9070578, 10.8438566]}