{"type": "Feature", "properties": {"name": "Tobago", "display_name": "Tobago, Trinidad and Tobago", "osm_type": "relation", "osm_id": 5176041, "category": "boundary", "type": "administrative", "source": "OpenStreetMap / Nominatim", "license": "ODbL"}, "geometry": {"type": "Polygon", "coordinates": [[[-60.8457023, 11.1503506], [-60.845646, 11.1498032], [-60.8456031, 11.1495348], [-60.8455601, 11.1493559], [-60.8455073, 11.1491621], [-60.8454099, 11.1488954], [-60.8453912, 11.148769], [-60.8453253, 11.1484267], [-60.8453537, 11.1480845], [-60.8451506, 11.1474425], [-60.8452202, 11.1469234], [-60.8450211, 11.1466997], [-60.8449943, 11.1464267], [-60.8448856, 11.1462917], [-60.8446628, 11.1460162], [-60.84433, 11.14602], [-60.843846, 11.1456778], [-60.8432086, 11.1455497], [-60.8429298, 11.1455046], [-60.8424024, 11.1450489], [-60.8424107, 11.1445042], [-60.8422257, 11.1443742], [-60.8420498, 11.1444182], [-60.8416861, 11.1443088], [-60.8414925, 11.1441302], [-60.8412174, 11.1441184], [-60.8406042, 11.1442484], [-60.8403322, 11.1445147], [-60.8392513, 11.1444986], [-60.839132, 11.1443694], [-60.8387871, 11.1444536], [-60.8386463, 11.1447346], [-60.8380547, 11.1447644], [-60.8377368, 11.1450247], [-60.8371979, 11.1450545], [-60.8366562, 11.1452525], [-60.8358209, 11.1453938], [-60.8354319, 11.1458083], [-60.8349826, 11.1460792], [-60.8333223, 11.1460494], [-60.8331608, 11.1461708], [-60.8330599, 11.1464958], [-60.8326228, 11.146885], [-60.8322999, 11.1470305], [-60.8322109, 11.1472781], [-60.8321679, 11.1475723], [-60.8316415, 11.147897], [-60.8308943, 11.1480517], [-60.830287, 11.1481278], [-60.8297353, 11.1480815], [-60.8293784, 11.1479401], [-60.8290887, 11.1479401], [-60.8287239, 11.1480296], [-60.8281285, 11.1482769], [-60.8279514, 11.1483138], [-60.827592, 11.1483085], [-60.8209759, 11.1479193], [-60.8208582, 11.1478639], [-60.8205163, 11.14776], [-60.8201361, 11.1476787], [-60.8199721, 11.1476612], [-60.8193741, 11.1476416], [-60.8180549, 11.1476841], [-60.8152088, 11.1479405], [-60.814823, 11.147903], [-60.8141294, 11.1475793], [-60.8134283, 11.1469726], [-60.8118041, 11.1463966], [-60.8105246, 11.1457505], [-60.8090477, 11.1458786], [-60.8087008, 11.145888], [-60.8084491, 11.1457944], [-60.8083079, 11.1456051], [-60.8080049, 11.1455358], [-60.8075034, 11.1452957], [-60.8045943, 11.1446088], [-60.8042716, 11.1443254], [-60.80426, 11.1443152], [-60.8042083, 11.1442699], [-60.8014625, 11.1438322], [-60.8007901, 11.1436399], [-60.8000101, 11.14312], [-60.799842, 11.1424219], [-60.7997574, 11.1421742], [-60.7997453, 11.1420597], [-60.7997587, 11.1419992], [-60.799799, 11.1419558], [-60.8001329, 11.1418202], [-60.8001537, 11.1417854], [-60.8001604, 11.1417512], [-60.8001426, 11.1417238], [-60.8000746, 11.1416735], [-60.7999337, 11.1415755], [-60.7997225, 11.1413676], [-60.7994825, 11.1411373], [-60.7992974, 11.1408584], [-60.7992612, 11.1406978], [-60.799288, 11.1405518], [-60.799453, 11.1402741], [-60.7997212, 11.1400439], [-60.799921, 11.1398662], [-60.8000337, 11.1397254], [-60.8000511, 11.1395557], [-60.8000149, 11.1394359], [-60.7999197, 11.139307], [-60.799688, 11.1391207], [-60.79951, 11.1387428], [-60.7994021, 11.138417], [-60.79943, 11.1373717], [-60.7995759, 11.1368769], [-60.7996349, 11.1365439], [-60.7999493, 11.1361085], [-60.79994, 11.13565], [-60.7997294, 11.1354572], [-60.799629, 11.1352866], [-60.7995931, 11.1351054], [-60.79952, 11.1349852], [-60.7987401, 11.1344406], [-60.7980302, 11.1345403], [-60.796811, 11.1345147], [-60.7965575, 11.1345686], [-60.7963604, 11.1347002], [-60.7963336, 11.1347535], [-60.7963336, 11.1348121], [-60.7963926, 11.1349594], [-60.7964301, 11.1351186], [-60.7964301, 11.1352187], [-60.7963537, 11.1353331], [-60.7962477, 11.1353621], [-60.7961257, 11.1353463], [-60.7959594, 11.1352423], [-60.7959098, 11.1351713], [-60.795887, 11.1350864], [-60.7958682, 11.1349331], [-60.7958454, 11.1348384], [-60.7958132, 11.1347607], [-60.795785, 11.1347502], [-60.7957636, 11.1347555], [-60.7957394, 11.1347976], [-60.7957381, 11.1349371], [-60.7957046, 11.1351042], [-60.7956, 11.1352923], [-60.7955343, 11.1353937], [-60.7954444, 11.135441], [-60.7953331, 11.1354213], [-60.7952258, 11.1353397], [-60.7951722, 11.1351937], [-60.7951896, 11.1349252], [-60.7952178, 11.1346094], [-60.7951936, 11.1345134], [-60.795085, 11.1344331], [-60.7947765, 11.1343581], [-60.7941476, 11.1342976], [-60.793931, 11.1342864], [-60.7938552, 11.1342936], [-60.7938317, 11.1343041], [-60.7938176, 11.1343324], [-60.7938176, 11.1343857], [-60.7938331, 11.1344061], [-60.7938565, 11.1344245], [-60.7938887, 11.1344699], [-60.7939034, 11.1345392], [-60.7939015, 11.1345903], [-60.79388, 11.134643], [-60.7938083, 11.1346963], [-60.793762, 11.1347009], [-60.7937204, 11.1346857], [-60.7936554, 11.1346719], [-60.7936051, 11.1346502], [-60.7935675, 11.1346048], [-60.7935441, 11.1345476], [-60.7935407, 11.1345022], [-60.7935474, 11.1344627], [-60.7935756, 11.1344469], [-60.7935863, 11.1344337], [-60.7935843, 11.1344114], [-60.7935635, 11.1343903], [-60.793532, 11.1343798], [-60.7934944, 11.1343956], [-60.7934415, 11.1344344], [-60.7934354, 11.1344548], [-60.7934394, 11.1344759], [-60.7934301, 11.1344903], [-60.7934012, 11.1344982], [-60.793308, 11.1345087], [-60.7930639, 11.134516], [-60.7928681, 11.1345002], [-60.7924658, 11.1343344], [-60.7923049, 11.1343186], [-60.7921654, 11.134337], [-60.7907068, 11.1342747], [-60.7904622, 11.1341153], [-60.7902632, 11.1342323], [-60.7896155, 11.1345077], [-60.7891016, 11.134351], [-60.788415, 11.134512], [-60.7877975, 11.1343637], [-60.7869986, 11.1347619], [-60.7863422, 11.1345882], [-60.7859277, 11.134745], [-60.7856875, 11.1346616], [-60.7854311, 11.1349399], [-60.7851353, 11.1350721], [-60.7848565, 11.1350526], [-60.7845954, 11.1349143], [-60.7842688, 11.1350358], [-60.7839439, 11.1354779], [-60.7837815, 11.1358306], [-60.7836742, 11.1361216], [-60.7834392, 11.1364079], [-60.7830294, 11.1371106], [-60.7829108, 11.1373628], [-60.7825621, 11.1376038], [-60.7823781, 11.1379333], [-60.7824538, 11.1381091], [-60.7824967, 11.1383302], [-60.7823717, 11.1384128], [-60.7822226, 11.1384465], [-60.782207, 11.1386439], [-60.7824007, 11.1390323], [-60.7828432, 11.1394144], [-60.7833443, 11.1399423], [-60.7833791, 11.1402187], [-60.7832327, 11.140526], [-60.7826561, 11.1408392], [-60.7825031, 11.1410224], [-60.7823111, 11.1411797], [-60.7823116, 11.1414471], [-60.7823854, 11.1417652], [-60.7827193, 11.1419519], [-60.7827993, 11.1423224], [-60.7828642, 11.1426293], [-60.7827901, 11.1430256], [-60.7829092, 11.1434309], [-60.7834501, 11.14377], [-60.7836577, 11.1442115], [-60.7836362, 11.1445379], [-60.7835691, 11.1447247], [-60.7835423, 11.1449774], [-60.7835113, 11.1452743], [-60.7834107, 11.1455519], [-60.7833674, 11.1457102], [-60.7832779, 11.1460887], [-60.7832558, 11.1461164], [-60.7832447, 11.1461302], [-60.7831424, 11.1462585], [-60.7827505, 11.1462892], [-60.7821517, 11.1458695], [-60.7818552, 11.1457379], [-60.781705, 11.1455168], [-60.7816031, 11.1453905], [-60.7815358, 11.1452887], [-60.7814647, 11.1450993], [-60.7814265, 11.1448335], [-60.7813742, 11.144692], [-60.7812562, 11.1446098], [-60.7811087, 11.1445802], [-60.7808445, 11.1445696], [-60.7806802, 11.1445933], [-60.7805387, 11.144667], [-60.7803818, 11.1447499], [-60.780306, 11.1448078], [-60.7802839, 11.1449045], [-60.7802993, 11.1450683], [-60.7804804, 11.1454769], [-60.780532, 11.1455532], [-60.7805387, 11.1456308], [-60.7805125, 11.1457308], [-60.7804448, 11.1458203], [-60.7803503, 11.1458894], [-60.7802128, 11.1459447], [-60.7800016, 11.1460868], [-60.7793793, 11.1463822], [-60.7791272, 11.146523], [-60.7788201, 11.1467006], [-60.7787034, 11.1467335], [-60.7785626, 11.146723], [-60.7784526, 11.1466361], [-60.7783386, 11.1463019], [-60.778167, 11.1459045], [-60.7780986, 11.1456795], [-60.7780838, 11.1454085], [-60.7782072, 11.1447979], [-60.778285, 11.1443769], [-60.778357, 11.1442365], [-60.7786337, 11.14399], [-60.7787195, 11.14389], [-60.7787436, 11.1438045], [-60.7787356, 11.1437019], [-60.778694, 11.1435992], [-60.7786658, 11.1434979], [-60.7786712, 11.143365], [-60.7786953, 11.1432084], [-60.7787235, 11.1429992], [-60.778745, 11.1428834], [-60.7787383, 11.1427953], [-60.7787101, 11.1426703], [-60.7787061, 11.1424953], [-60.7786725, 11.1422867], [-60.7789001, 11.1421695], [-60.7788923, 11.1421611], [-60.7786695, 11.1422745], [-60.7786598, 11.1421577], [-60.7786497, 11.1420012], [-60.7786578, 11.1418683], [-60.7786719, 11.1418137], [-60.7786967, 11.1417801], [-60.7787255, 11.1417715], [-60.7787523, 11.1417663], [-60.7787611, 11.1417459], [-60.778753, 11.1417196], [-60.7787161, 11.1416867], [-60.7786189, 11.14164], [-60.7784982, 11.1415768], [-60.7783882, 11.1415163], [-60.778285, 11.1414794], [-60.7781334, 11.1414544], [-60.777943, 11.141461], [-60.7778156, 11.1414847], [-60.7776788, 11.1414873], [-60.7775232, 11.1414321], [-60.7773811, 11.1414347], [-60.7772335, 11.1415058], [-60.7770351, 11.1415768], [-60.7767937, 11.1416031], [-60.7765523, 11.1416321], [-60.7760509, 11.1417483], [-60.775654, 11.141622], [-60.7753858, 11.1415483], [-60.7751605, 11.1416431], [-60.7745347, 11.1413649], [-60.7739159, 11.1413273], [-60.7736906, 11.1415483], [-60.7731888, 11.1417893], [-60.7730681, 11.14184], [-60.7729825, 11.1418536], [-60.7729554, 11.1418702], [-60.7729373, 11.1418887], [-60.7729749, 11.1419288], [-60.7730044, 11.1419683], [-60.7730024, 11.1420176], [-60.7729876, 11.1420577], [-60.7728864, 11.1421584], [-60.7727965, 11.142238], [-60.7726879, 11.14229], [-60.7725994, 11.1423156], [-60.7725511, 11.1423512], [-60.7725296, 11.1424255], [-60.7725269, 11.1425038], [-60.7725149, 11.1426117], [-60.7724599, 11.1426992], [-60.7723144, 11.1428486], [-60.772242, 11.1429255], [-60.7721782, 11.1430255], [-60.7720837, 11.1431453], [-60.771963, 11.1432729], [-60.7718664, 11.1433216], [-60.7718101, 11.1433597], [-60.7717752, 11.1434466], [-60.7717538, 11.1435716], [-60.7717659, 11.1436926], [-60.7718919, 11.1440361], [-60.7719164, 11.1440624], [-60.771956, 11.1440769], [-60.7720203, 11.1440788], [-60.7720602, 11.1440841], [-60.7721065, 11.1441236], [-60.7721387, 11.1441782], [-60.7721668, 11.1442644], [-60.7721816, 11.1443085], [-60.7722104, 11.1443367], [-60.7723117, 11.1443835], [-60.7723452, 11.1444275], [-60.7723559, 11.1444742], [-60.77236, 11.1445519], [-60.7723734, 11.1445762], [-60.7724036, 11.144594], [-60.7725249, 11.1446045], [-60.7726081, 11.144669], [-60.7726631, 11.1447696], [-60.7726906, 11.1448493], [-60.772718, 11.1449012], [-60.7727589, 11.1449493], [-60.7728448, 11.1450144], [-60.7728699, 11.1450539], [-60.7729045, 11.1451308], [-60.7729299, 11.1451736], [-60.7729688, 11.1452072], [-60.7730406, 11.1452197], [-60.7731861, 11.1452322], [-60.7732974, 11.1452979], [-60.7735046, 11.1455206], [-60.7739803, 11.146001], [-60.7741678, 11.146219], [-60.7743287, 11.146698], [-60.7743877, 11.1471927], [-60.7744011, 11.1478111], [-60.7743019, 11.1480322], [-60.774208, 11.1481743], [-60.7741007, 11.1483743], [-60.7741141, 11.1485243], [-60.7742026, 11.1487375], [-60.7742295, 11.1491243], [-60.7741919, 11.1493164], [-60.774039, 11.1498559], [-60.7736421, 11.1512296], [-60.7730037, 11.1524243], [-60.7713139, 11.1556348], [-60.770756, 11.1567348], [-60.7692808, 11.1591821], [-60.7684279, 11.1604873], [-60.7672262, 11.1617083], [-60.7663947, 11.1623162], [-60.7661024, 11.1625898], [-60.7658134, 11.1631096], [-60.7655596, 11.1637598], [-60.765397, 11.1640069], [-60.7653017, 11.1639516], [-60.7651703, 11.1640871], [-60.7648042, 11.1645766], [-60.7644678, 11.1648604], [-60.7641334, 11.1649448], [-60.7622331, 11.1659407], [-60.7617581, 11.166285], [-60.7613904, 11.1663476], [-60.7611829, 11.1661523], [-60.7607276, 11.1658303], [-60.7603677, 11.1655194], [-60.7601666, 11.1654366], [-60.7598832, 11.165537], [-60.7591034, 11.1654045], [-60.7583125, 11.1653419], [-60.7576001, 11.1652002], [-60.7558714, 11.1653648], [-60.7555902, 11.1655573], [-60.7553548, 11.1656266], [-60.7551234, 11.1657045], [-60.7547559, 11.1660224], [-60.7542456, 11.1664722], [-60.7539547, 11.1666372], [-60.7537564, 11.1668555], [-60.7534828, 11.1673739], [-60.7533126, 11.1679862], [-60.7530248, 11.1684715], [-60.7527762, 11.168942], [-60.7523966, 11.1693921], [-60.7520371, 11.169771], [-60.7515909, 11.1701911], [-60.7511029, 11.1708826], [-60.7505919, 11.1714097], [-60.7497368, 11.1722504], [-60.7494432, 11.172409], [-60.7492796, 11.172484], [-60.7492353, 11.1725734], [-60.7492608, 11.1726695], [-60.7492541, 11.1727524], [-60.7492152, 11.1728037], [-60.7491682, 11.1728247], [-60.7491119, 11.1728366], [-60.7489993, 11.1728432], [-60.7489456, 11.1728642], [-60.748845, 11.1729918], [-60.748778, 11.1731102], [-60.7486251, 11.1732379], [-60.7485098, 11.1733036], [-60.7482496, 11.1734089], [-60.7481168, 11.1735128], [-60.7480122, 11.1736602], [-60.7477976, 11.173976], [-60.747567, 11.1741957], [-60.7474731, 11.1744404], [-60.7472545, 11.1747785], [-60.7470211, 11.1750943], [-60.7467905, 11.1753456], [-60.7467073, 11.17551], [-60.7466269, 11.1756508], [-60.746482, 11.1758179], [-60.7463653, 11.1759705], [-60.7462513, 11.1761745], [-60.7459711, 11.1765231], [-60.74579, 11.176781], [-60.7455164, 11.1770849], [-60.7453622, 11.1773007], [-60.7451208, 11.177573], [-60.7447922, 11.1779006], [-60.7445495, 11.1781493], [-60.744005, 11.1787479], [-60.7437234, 11.1789966], [-60.743317, 11.1793426], [-60.7427377, 11.1798083], [-60.7422119, 11.1802701], [-60.7419048, 11.1805346], [-60.7416044, 11.1807832], [-60.7413469, 11.1809621], [-60.7409976, 11.1811042], [-60.7408856, 11.1811259], [-60.740789, 11.1811424], [-60.7406911, 11.18117], [-60.7400917, 11.1814128], [-60.7396182, 11.1816318], [-60.739118, 11.1819002], [-60.7390134, 11.1819752], [-60.738949, 11.1820626], [-60.7388994, 11.1821528], [-60.7388645, 11.182191], [-60.7387807, 11.1822528], [-60.7385011, 11.1823449], [-60.7384401, 11.1823409], [-60.7383556, 11.1823159], [-60.7380974, 11.1822238], [-60.737854, 11.1821548], [-60.7373873, 11.1820475], [-60.7371221, 11.1819821], [-60.7370899, 11.1819756], [-60.7370556, 11.1819668], [-60.7360954, 11.1817512], [-60.7360844, 11.1817482], [-60.7360536, 11.1817213], [-60.7360469, 11.1816831], [-60.73624, 11.1809552], [-60.7362474, 11.1809154], [-60.7362544, 11.1808752], [-60.7360708, 11.1808331], [-60.7358819, 11.1807832], [-60.7352771, 11.1806438], [-60.7351604, 11.180603], [-60.735092, 11.180574], [-60.7350625, 11.1805161], [-60.7350719, 11.1804175], [-60.7351483, 11.18013], [-60.735149, 11.1800537], [-60.7351309, 11.1799918], [-60.7350706, 11.1799149], [-60.7348962, 11.1797379], [-60.7346803, 11.1795853], [-60.7346629, 11.1795692], [-60.7346461, 11.1795537], [-60.7345536, 11.1794906], [-60.7344262, 11.1794327], [-60.7342243, 11.1794037], [-60.7341211, 11.1793913], [-60.7340138, 11.1793498], [-60.7339092, 11.1792847], [-60.7336852, 11.1790821], [-60.7334881, 11.1789031], [-60.7333311, 11.1786795], [-60.7332359, 11.1783953], [-60.7329753, 11.1776035], [-60.7325204, 11.1770983], [-60.7320912, 11.1766183], [-60.7317737, 11.1763657], [-60.73168, 11.1760999], [-60.7313874, 11.1756837], [-60.7307609, 11.1753974], [-60.7300742, 11.1747575], [-60.7294235, 11.1744591], [-60.7289842, 11.1740501], [-60.7287526, 11.1739681], [-60.7285568, 11.1739523], [-60.7283744, 11.173926], [-60.7282349, 11.1738444], [-60.7281116, 11.1737155], [-60.7278863, 11.1733707], [-60.7277387, 11.1731523], [-60.7272989, 11.1727918], [-60.7272077, 11.1726497], [-60.7271433, 11.1724708], [-60.7271487, 11.1723156], [-60.7271755, 11.1722366], [-60.7272828, 11.1720787], [-60.7272694, 11.1720261], [-60.727146, 11.1719472], [-60.7270199, 11.171963], [-60.7268, 11.172184], [-60.7266417, 11.1723287], [-60.7265076, 11.1724603], [-60.7263976, 11.1726261], [-60.7262984, 11.1727024], [-60.7261214, 11.1727129], [-60.7259229, 11.1726629], [-60.7258371, 11.1725787], [-60.725829, 11.1723419], [-60.7257834, 11.1721787], [-60.7256842, 11.1720735], [-60.7255474, 11.172034], [-60.725373, 11.1720498], [-60.7252497, 11.1720735], [-60.7251316, 11.1720708], [-60.7250485, 11.1720103], [-60.7249948, 11.1719077], [-60.7249948, 11.1716867], [-60.7249707, 11.1714788], [-60.724901, 11.1713762], [-60.724799, 11.1713498], [-60.7246247, 11.1713762], [-60.724453, 11.1714446], [-60.7243699, 11.1715367], [-60.7242841, 11.1717261], [-60.7241848, 11.1718288], [-60.723981, 11.1719077], [-60.7237422, 11.1719287], [-60.7233802, 11.1718893], [-60.7231361, 11.1717919], [-60.7230918, 11.1717406], [-60.7230637, 11.1716788], [-60.723069, 11.1713551], [-60.7230449, 11.1712183], [-60.7229698, 11.1711209], [-60.722774, 11.1709867], [-60.7225084, 11.170842], [-60.7223596, 11.1708038], [-60.7221611, 11.1708328], [-60.721917, 11.1709183], [-60.7216354, 11.1710038], [-60.721424, 11.1710713], [-60.7212304, 11.1712222], [-60.7211392, 11.1712564], [-60.7210346, 11.171238], [-60.7208575, 11.171088], [-60.7206953, 11.1710314], [-60.7205021, 11.1710367], [-60.7201052, 11.1712183], [-60.7197833, 11.1714235], [-60.7196009, 11.1714919], [-60.7193756, 11.1714814], [-60.7190879, 11.171423], [-60.7185669, 11.1708538], [-60.718284, 11.1706466], [-60.7182625, 11.1705986], [-60.7182558, 11.1705249], [-60.7182933, 11.1704289], [-60.718292, 11.1703512], [-60.7182558, 11.1702973], [-60.7181928, 11.1702723], [-60.718111, 11.1702565], [-60.718001, 11.1702276], [-60.7178494, 11.1701539], [-60.7177918, 11.170067], [-60.7177328, 11.1698236], [-60.7176952, 11.1696539], [-60.7176402, 11.1695394], [-60.7174096, 11.1692237], [-60.7171245, 11.1687058], [-60.7170644, 11.1686506], [-60.7170179, 11.1686303], [-60.7169757, 11.168629], [-60.7169375, 11.1686763], [-60.7168952, 11.1686987], [-60.7168443, 11.1686862], [-60.7167806, 11.1686211], [-60.7166974, 11.1685842], [-60.7165593, 11.1686092], [-60.7162775, 11.1687376], [-60.7160255, 11.1688895], [-60.7158002, 11.1690907], [-60.7154102, 11.1695444], [-60.7151109, 11.1698236], [-60.7148409, 11.1700464], [-60.7146093, 11.1702973], [-60.7145047, 11.1704157], [-60.7142714, 11.1706236], [-60.714039, 11.1707986], [-60.7140139, 11.1709183], [-60.7140407, 11.1714604], [-60.7141346, 11.1721235], [-60.7141265, 11.1723156], [-60.7140809, 11.1724761], [-60.7139629, 11.1727761], [-60.7136545, 11.173405], [-60.7135069, 11.1737128], [-60.7130322, 11.174547], [-60.7129088, 11.1746891], [-60.7127854, 11.1748206], [-60.7127023, 11.1749311], [-60.7125816, 11.1751259], [-60.7124287, 11.1753179], [-60.7122409, 11.175539], [-60.7120344, 11.1757284], [-60.7117555, 11.1759258], [-60.7114926, 11.1760942], [-60.7112244, 11.1762284], [-60.7109588, 11.1763468], [-60.7107362, 11.1764126], [-60.710358, 11.1764889], [-60.7101944, 11.1765257], [-60.7099772, 11.1766178], [-60.709717, 11.1767494], [-60.7094407, 11.1768547], [-60.7091698, 11.1769783], [-60.7087943, 11.1771362], [-60.7083088, 11.1772862], [-60.7078636, 11.1773678], [-60.7075444, 11.1774046], [-60.7072547, 11.1774046], [-60.706965, 11.1773888], [-60.7064018, 11.1774125], [-60.7059699, 11.1774072], [-60.7057741, 11.1773914], [-60.7054737, 11.1772757], [-60.7052833, 11.1771652], [-60.7050982, 11.1770046], [-60.7048917, 11.1766573], [-60.7050742, 11.1759102], [-60.7052009, 11.1753954], [-60.7050488, 11.1751257], [-60.7048312, 11.1750411], [-60.7046617, 11.1749811], [-60.704527, 11.1748027], [-60.7043051, 11.1747103], [-60.70404, 11.1746], [-60.7037157, 11.1744978], [-60.7034236, 11.1744196], [-60.7033082, 11.1741112], [-60.7031473, 11.1739791], [-60.7030663, 11.1740846], [-60.7029547, 11.1742612], [-60.702546, 11.1744128], [-60.7022085, 11.1746954], [-60.7018572, 11.1749374], [-60.7015702, 11.1750937], [-60.701362, 11.1753121], [-60.70103, 11.1758601], [-60.7007092, 11.176291], [-60.7006861, 11.1766578], [-60.7009618, 11.1771983], [-60.7011555, 11.1774503], [-60.7013518, 11.1780282], [-60.7015233, 11.1782999], [-60.7016619, 11.1789855], [-60.7019681, 11.1792307], [-60.7020834, 11.1795044], [-60.7021008, 11.179761], [-60.7019681, 11.1801359], [-60.7017642, 11.1803477], [-60.7014786, 11.1804438], [-60.7010119, 11.1805793], [-60.7009314, 11.1805819], [-60.7008469, 11.1805503], [-60.7007638, 11.1804819], [-60.7006726, 11.1804754], [-60.7005921, 11.1805109], [-60.7004835, 11.1806253], [-60.7003789, 11.1806766], [-60.7002501, 11.1806582], [-60.7000449, 11.1804859], [-60.699892, 11.1804043], [-60.6998009, 11.1803846], [-60.6997392, 11.1803905], [-60.6996413, 11.1804911], [-60.699538, 11.1807635], [-60.699538, 11.1809056], [-60.6995219, 11.181024], [-60.6994562, 11.1810845], [-60.6993134, 11.1811753], [-60.6993053, 11.1812075], [-60.6993087, 11.1812463], [-60.6993328, 11.1813088], [-60.6993556, 11.1813654], [-60.6994119, 11.1814272], [-60.6995219, 11.181495], [-60.699605, 11.181595], [-60.6996439, 11.1817278], [-60.6996171, 11.1819239], [-60.699538, 11.1821199], [-60.6994361, 11.1822304], [-60.6993274, 11.1822791], [-60.6991544, 11.1823291], [-60.699074, 11.1823751], [-60.6990297, 11.1824488], [-60.6988661, 11.1826988], [-60.6987306, 11.1828488], [-60.6985295, 11.1829672], [-60.6984182, 11.1830211], [-60.6983645, 11.1830909], [-60.698323, 11.1832237], [-60.6982854, 11.18335], [-60.6981929, 11.1834592], [-60.6980896, 11.1835053], [-60.6979877, 11.1835619], [-60.6979421, 11.1836342], [-60.6979226, 11.1837493], [-60.6979367, 11.1838888], [-60.6979367, 11.1840138], [-60.6979126, 11.1841092], [-60.697761, 11.1842907], [-60.6976511, 11.1844223], [-60.6976336, 11.1845288], [-60.6976457, 11.1846315], [-60.6977449, 11.1847157], [-60.6978187, 11.184742], [-60.6978378, 11.1847703], [-60.6978415, 11.1848025], [-60.6978107, 11.1848906], [-60.6977771, 11.1849998], [-60.6977637, 11.1851209], [-60.6977691, 11.1857142], [-60.6977972, 11.186005], [-60.6978482, 11.18618], [-60.6979716, 11.1865957], [-60.6979702, 11.1867773], [-60.697934, 11.1869641], [-60.6977195, 11.1873588], [-60.6972259, 11.1879218], [-60.6968772, 11.1883586], [-60.6963113, 11.1889112], [-60.6958821, 11.1895006], [-60.6948361, 11.1907767], [-60.6944445, 11.1912003], [-60.6927896, 11.1927817], [-60.6926622, 11.192837], [-60.6925575, 11.1928541], [-60.6924489, 11.1928527], [-60.6923229, 11.1928554], [-60.6922129, 11.1928725], [-60.6920117, 11.1929817], [-60.6919527, 11.1930001], [-60.6918776, 11.1930027], [-60.6916805, 11.1929448], [-60.691317, 11.1927804], [-60.6912379, 11.1927593], [-60.6911601, 11.1927751], [-60.6909013, 11.1929369], [-60.6906492, 11.1930356], [-60.690503, 11.1930646], [-60.6903434, 11.1930698], [-60.6901865, 11.1930106], [-60.6901114, 11.1930027], [-60.6900242, 11.193033], [-60.6899048, 11.1931619], [-60.6897466, 11.1932724], [-60.6895816, 11.1934119], [-60.6892122, 11.1936473], [-60.6886898, 11.1938868], [-60.6881775, 11.1940013], [-60.6873286, 11.1939736], [-60.6871355, 11.1938526], [-60.6870496, 11.1936316], [-60.6870684, 11.1934553], [-60.6870671, 11.193354], [-60.6870081, 11.1932843], [-60.6868646, 11.1932474], [-60.6866902, 11.1932895], [-60.6865212, 11.1933658], [-60.6863362, 11.1933921], [-60.6862128, 11.1933553], [-60.6861216, 11.1933027], [-60.6859392, 11.1929869], [-60.6858587, 11.1928922], [-60.6851764, 11.1927168], [-60.6844296, 11.1922836], [-60.6841114, 11.1923154], [-60.6838322, 11.1920733], [-60.6839296, 11.1916656], [-60.6836853, 11.19138], [-60.6832087, 11.1913872], [-60.6830478, 11.1914345], [-60.6828439, 11.1915529], [-60.6827286, 11.1916398], [-60.6826897, 11.1916963], [-60.6826615, 11.1917976], [-60.682624, 11.1918371], [-60.6825368, 11.1918318], [-60.682506, 11.1917845], [-60.6824791, 11.1916319], [-60.6824309, 11.1915556], [-60.6821519, 11.1913135], [-60.6819347, 11.1911477], [-60.6817415, 11.191053], [-60.6814036, 11.1909609], [-60.6811193, 11.1909083], [-60.6807733, 11.1908793], [-60.680497, 11.190882], [-60.6803387, 11.190882], [-60.6801537, 11.1908767], [-60.6799766, 11.190903], [-60.679695, 11.1910004], [-60.6794643, 11.1910583], [-60.679239, 11.1910846], [-60.6790084, 11.1911267], [-60.6788716, 11.1911819], [-60.6787589, 11.1912477], [-60.6786463, 11.1913845], [-60.6785578, 11.1914135], [-60.6784022, 11.1913793], [-60.6782493, 11.1914003], [-60.6780213, 11.1915319], [-60.6778067, 11.1916213], [-60.6774688, 11.1917713], [-60.6772515, 11.1919081], [-60.677112, 11.1919213], [-60.6769243, 11.1918634], [-60.6767312, 11.1918529], [-60.6765193, 11.191895], [-60.6759346, 11.1919897], [-60.6757844, 11.1920147], [-60.6756502, 11.1920634], [-60.6755725, 11.1921252], [-60.6755121, 11.1921581], [-60.6754464, 11.1921699], [-60.6753297, 11.1921502], [-60.6752399, 11.1921489], [-60.6751084, 11.1921844], [-60.674922, 11.1922976], [-60.6746189, 11.1924765], [-60.6744895, 11.1925232], [-60.6744037, 11.1925416], [-60.6743132, 11.1925396], [-60.6742381, 11.1925561], [-60.6741616, 11.1925909], [-60.6740959, 11.1926344], [-60.6735916, 11.1929133], [-60.6731384, 11.1931001], [-60.673015, 11.1931343], [-60.6728929, 11.193133], [-60.6727186, 11.1930777], [-60.6725174, 11.1930132], [-60.6722935, 11.192933], [-60.6721191, 11.1928685], [-60.6719917, 11.1928172], [-60.6718723, 11.192787], [-60.671757, 11.1927975], [-60.6714512, 11.1928764], [-60.6711629, 11.1929277], [-60.6708665, 11.1929948], [-60.6703301, 11.1931474], [-60.6702235, 11.1931639], [-60.670137, 11.1931487], [-60.6700256, 11.1930843], [-60.6698634, 11.1930238], [-60.6697038, 11.1929698], [-60.6694356, 11.1929738], [-60.6692317, 11.1929711], [-60.6691217, 11.1930106], [-60.6689125, 11.193158], [-60.6687704, 11.1932264], [-60.6685236, 11.1932869], [-60.6681937, 11.1932869], [-60.6673864, 11.1931448], [-60.6671557, 11.1930817], [-60.6670806, 11.1930106], [-60.6670511, 11.1929106], [-60.6671047, 11.192387], [-60.6668821, 11.1923449], [-60.6668124, 11.192929], [-60.666748, 11.1929922], [-60.6665871, 11.1930054], [-60.6661901, 11.1929343], [-60.6657422, 11.1928685], [-60.6653211, 11.1928501], [-60.6648624, 11.1928606], [-60.6643984, 11.1928185], [-60.664124, 11.1927083], [-60.6640577, 11.1926817], [-60.6638405, 11.1924844], [-60.6638002, 11.1923554], [-60.663819, 11.1922134], [-60.6638163, 11.1921528], [-60.6637895, 11.1921107], [-60.6636205, 11.1920292], [-60.663524, 11.1919529], [-60.6634864, 11.1918581], [-60.6634703, 11.1917319], [-60.6634784, 11.1915687], [-60.6635106, 11.1914477], [-60.6634945, 11.1913582], [-60.6633684, 11.1911767], [-60.6632933, 11.1910609], [-60.6632665, 11.1909767], [-60.6632799, 11.1908688], [-60.6633362, 11.1907057], [-60.6633335, 11.1906136], [-60.6632477, 11.1905031], [-60.6631324, 11.1904531], [-60.6630009, 11.1904557], [-60.6628856, 11.1904662], [-60.6628266, 11.1904268], [-60.6628051, 11.1903399], [-60.6627649, 11.19024], [-60.6626871, 11.1901426], [-60.6625852, 11.1901058], [-60.6624565, 11.1901321], [-60.6623384, 11.1901794], [-60.6622392, 11.1901689], [-60.6621024, 11.1900479], [-60.6617242, 11.1896558], [-60.6616223, 11.1894585], [-60.6615445, 11.189169], [-60.6615606, 11.1889322], [-60.6615351, 11.1888349], [-60.6614533, 11.1887454], [-60.6613433, 11.1886573], [-60.6612602, 11.1885454], [-60.661051, 11.1883928], [-60.660831, 11.1881534], [-60.6606326, 11.187864], [-60.6602501, 11.18715], [-60.6601927, 11.1870233], [-60.6601927, 11.1868667], [-60.6603992, 11.1863905], [-60.6608096, 11.18603], [-60.6609464, 11.1858168], [-60.6610161, 11.1855511], [-60.661006, 11.1854123], [-60.6609531, 11.1853472], [-60.6609035, 11.185313], [-60.6608471, 11.1853143], [-60.660762, 11.1853274], [-60.6607224, 11.1853656], [-60.6607093, 11.1854014], [-60.660709, 11.1854307], [-60.6607191, 11.1854814], [-60.660707, 11.1855235], [-60.6606721, 11.1855478], [-60.6604086, 11.1855761], [-60.6602155, 11.1856274], [-60.6600854, 11.1856669], [-60.6600022, 11.1857077], [-60.6599338, 11.1857945], [-60.6598131, 11.1859603], [-60.6595677, 11.1861523], [-60.659443, 11.1862852], [-60.6594028, 11.1863826], [-60.6594081, 11.1866089], [-60.6594081, 11.1866667], [-60.6593947, 11.1867325], [-60.6593625, 11.1867799], [-60.6591828, 11.1869246], [-60.6588703, 11.1871456], [-60.6584868, 11.1874647], [-60.6579651, 11.1878008], [-60.6575279, 11.1880403], [-60.6569231, 11.1884218], [-60.6566602, 11.188627], [-60.6561855, 11.1890638], [-60.6557509, 11.1894795], [-60.6553352, 11.1898847], [-60.6551126, 11.1900926], [-60.6549409, 11.1902084], [-60.6548175, 11.1902689], [-60.6546378, 11.1902926], [-60.654383, 11.1901847], [-60.6541792, 11.1901926], [-60.6537849, 11.1903873], [-60.6535488, 11.1904741], [-60.6532297, 11.1905846], [-60.6528863, 11.1905741], [-60.6525403, 11.1904452], [-60.6521031, 11.1901768], [-60.6518993, 11.1899716], [-60.6518215, 11.1897427], [-60.6517786, 11.1894743], [-60.6517035, 11.1893348], [-60.6515613, 11.1892138], [-60.6510544, 11.1889664], [-60.6507191, 11.1888033], [-60.6505233, 11.1887849], [-60.6501639, 11.1888901], [-60.6496838, 11.1890927], [-60.6491447, 11.1894217], [-60.648635, 11.1896321], [-60.6482998, 11.1897848], [-60.6480637, 11.189819], [-60.6479082, 11.1897716], [-60.6478223, 11.1896927], [-60.6478062, 11.1895585], [-60.6477633, 11.1894664], [-60.6476802, 11.189448], [-60.6476131, 11.1895032], [-60.6475997, 11.1896137], [-60.6476426, 11.1897427], [-60.6476292, 11.1898611], [-60.6475541, 11.1899268], [-60.6474495, 11.1899374], [-60.6473315, 11.1899479], [-60.6472188, 11.1899689], [-60.6469238, 11.1900663], [-60.6466878, 11.1902373], [-60.6462699, 11.1906301], [-60.6460801, 11.1907535], [-60.6458671, 11.1908651], [-60.645588, 11.1909583], [-60.6453306, 11.1909951], [-60.645057, 11.1910846], [-60.6449282, 11.191253], [-60.6448263, 11.191674], [-60.6446761, 11.191916], [-60.6443703, 11.1921423], [-60.6441504, 11.1921528], [-60.6439894, 11.1920686], [-60.6438768, 11.1917634], [-60.6437588, 11.1916529], [-60.6435764, 11.1916634], [-60.6433028, 11.1918055], [-60.6427127, 11.1920792], [-60.6421709, 11.1924318], [-60.6418115, 11.192537], [-60.6413488, 11.1925646], [-60.6411678, 11.1925962], [-60.6410055, 11.1927422], [-60.6408687, 11.1929514], [-60.6407185, 11.1932145], [-60.6406944, 11.1932724], [-60.6407007, 11.1933461], [-60.6407138, 11.1934369], [-60.6407138, 11.1934928], [-60.6406749, 11.1935283], [-60.6406005, 11.193525], [-60.6405576, 11.1935401], [-60.6405441, 11.1935684], [-60.6405374, 11.1936283], [-60.6405294, 11.1936987], [-60.6405059, 11.1937355], [-60.6404583, 11.1937447], [-60.6404248, 11.193748], [-60.6403899, 11.1937671], [-60.6403685, 11.1938065], [-60.6403772, 11.193894], [-60.6403524, 11.193971], [-60.6402665, 11.1940631], [-60.6398267, 11.1944841], [-60.6389791, 11.1951261], [-60.6382012, 11.1955471], [-60.6374127, 11.1960523], [-60.6370962, 11.1963469], [-60.6367716, 11.1967969], [-60.6364042, 11.1972205], [-60.6361413, 11.1974783], [-60.6358248, 11.1976994], [-60.6355351, 11.1977678], [-60.635342, 11.1978993], [-60.635224, 11.1981361], [-60.6350792, 11.1982414], [-60.6348109, 11.1983835], [-60.6346983, 11.1985019], [-60.6346259, 11.1986176], [-60.6345964, 11.1987887], [-60.634532, 11.1990623], [-60.6343979, 11.1993254], [-60.6341243, 11.199678], [-60.6338292, 11.2000305], [-60.6334376, 11.2003568], [-60.6329656, 11.2006252], [-60.632354, 11.2009712], [-60.6318726, 11.2012961], [-60.6316459, 11.2014553], [-60.6315359, 11.2015092], [-60.6313971, 11.2015454], [-60.6313019, 11.2015434], [-60.6312416, 11.2015586], [-60.6312148, 11.2015776], [-60.6311993, 11.2016007], [-60.6311712, 11.2016697], [-60.631143, 11.2017171], [-60.6311081, 11.2017487], [-60.6309754, 11.201846], [-60.6307082, 11.2021314], [-60.6304336, 11.202388], [-60.6302083, 11.2026459], [-60.6300634, 11.2030063], [-60.6300044, 11.2033076], [-60.6299414, 11.2035996], [-60.6298663, 11.2037483], [-60.6298099, 11.2038391], [-60.6297952, 11.2039049], [-60.6298099, 11.2039562], [-60.6298482, 11.2039871], [-60.6300051, 11.2039805], [-60.630054, 11.2040075], [-60.6300795, 11.2040621], [-60.6300353, 11.2043863], [-60.6300648, 11.20451], [-60.6300822, 11.2046337], [-60.6300554, 11.2047586], [-60.629991, 11.2048876], [-60.6294706, 11.2055427], [-60.6289127, 11.2061505], [-60.6284836, 11.2066583], [-60.6277058, 11.2078501], [-60.6270593, 11.2089762], [-60.6265095, 11.2098182], [-60.6261796, 11.2101707], [-60.6257907, 11.2105522], [-60.6255707, 11.2107653], [-60.6252971, 11.2109732], [-60.6250182, 11.2111389], [-60.6247741, 11.2112047], [-60.6245729, 11.2111968], [-60.6244335, 11.211181], [-60.6243476, 11.2111284], [-60.6243369, 11.2110574], [-60.624361, 11.2110179], [-60.6244603, 11.2109706], [-60.624522, 11.2108995], [-60.6245327, 11.2108232], [-60.6244817, 11.2107469], [-60.6243852, 11.2106996], [-60.6241143, 11.2107127], [-60.6237844, 11.2107469], [-60.6234893, 11.2107496], [-60.6232238, 11.2107706], [-60.6228268, 11.2108653], [-60.6224862, 11.2109969], [-60.6221187, 11.2112152], [-60.6219873, 11.2113415], [-60.6218854, 11.2114836], [-60.6217593, 11.2115967], [-60.6216306, 11.2117099], [-60.6214884, 11.2119283], [-60.6213811, 11.2119967], [-60.6212389, 11.2120046], [-60.6210324, 11.211873], [-60.6209412, 11.2118598], [-60.6208313, 11.211894], [-60.6208152, 11.2119809], [-60.6208339, 11.2120598], [-60.6210002, 11.2121835], [-60.6210297, 11.2122256], [-60.6210083, 11.2122755], [-60.6208634, 11.2123255], [-60.6208393, 11.2124071], [-60.6208769, 11.2125071], [-60.620952, 11.2126123], [-60.6209868, 11.2127623], [-60.6209761, 11.2128754], [-60.6208876, 11.2130306], [-60.6208849, 11.2131096], [-60.6209305, 11.2131648], [-60.6209198, 11.2132438], [-60.6207508, 11.2134516], [-60.6206918, 11.2135226], [-60.6206811, 11.2135937], [-60.6207213, 11.2136884], [-60.6207186, 11.2138936], [-60.620665, 11.2140988], [-60.6205174, 11.2143698], [-60.6203619, 11.2145777], [-60.6201781, 11.2147369], [-60.620048, 11.2148237], [-60.6199113, 11.2148855], [-60.6197785, 11.2148908], [-60.6196699, 11.2148131], [-60.6195036, 11.2146553], [-60.6193869, 11.2145395], [-60.6192635, 11.2145132], [-60.6191629, 11.2145264], [-60.6190637, 11.2145882], [-60.6189792, 11.2146803], [-60.6189416, 11.214796], [-60.6189537, 11.2149421], [-60.6190301, 11.2150513], [-60.6191307, 11.2151144], [-60.6191482, 11.215167], [-60.619124, 11.2152394], [-60.61901, 11.2153486], [-60.618947, 11.2153801], [-60.6188692, 11.2153788], [-60.6187579, 11.2153275], [-60.6186841, 11.2153236], [-60.6185836, 11.2153657], [-60.6185246, 11.2154262], [-60.618491, 11.2154919], [-60.6185085, 11.2155998], [-60.6185111, 11.2156932], [-60.618483, 11.2157827], [-60.6185018, 11.2158761], [-60.6185809, 11.2159708], [-60.6186801, 11.2160458], [-60.6186909, 11.2161089], [-60.618656, 11.2162457], [-60.6186479, 11.2163615], [-60.6186023, 11.2164536], [-60.6184495, 11.216572], [-60.6182671, 11.2167246], [-60.6181759, 11.2167377], [-60.6180713, 11.216693], [-60.617972, 11.2165983], [-60.6178728, 11.2165667], [-60.6177682, 11.2165851], [-60.6176528, 11.2166588], [-60.6175616, 11.2166719], [-60.6174704, 11.216643], [-60.6173712, 11.2165588], [-60.6172612, 11.216522], [-60.6171325, 11.2165404], [-60.6169716, 11.216543], [-60.6168482, 11.2165062], [-60.6166658, 11.2163878], [-60.6165531, 11.2163431], [-60.6164029, 11.2163325], [-60.6162205, 11.2163615], [-60.616124, 11.2164115], [-60.6158879, 11.2166167], [-60.6155419, 11.2168587], [-60.615491, 11.217014], [-60.6155258, 11.2172928], [-60.6155473, 11.2174928], [-60.615558, 11.2176428], [-60.6155446, 11.2177006], [-60.615094, 11.2182189], [-60.6148177, 11.2185084], [-60.6146756, 11.2186162], [-60.6145066, 11.2186925], [-60.6143886, 11.218732], [-60.6142437, 11.2187583], [-60.6141338, 11.218782], [-60.6138924, 11.2188346], [-60.6137589, 11.2188359], [-60.6136362, 11.2187964], [-60.6135618, 11.2188037], [-60.6134974, 11.2188366], [-60.613419, 11.2189063], [-60.6132862, 11.21898], [-60.613085, 11.2190319], [-60.6128141, 11.218999], [-60.6126612, 11.2189148], [-60.6124547, 11.2187741], [-60.6124212, 11.2187662], [-60.612391, 11.2187866], [-60.6123863, 11.2188228], [-60.6124011, 11.2188431], [-60.6124735, 11.2188997], [-60.6124882, 11.218951], [-60.6124681, 11.2190109], [-60.6124212, 11.2190681], [-60.6123434, 11.2191148], [-60.6122723, 11.2191279], [-60.6121677, 11.2190714], [-60.6121214, 11.2190786], [-60.6120873, 11.2191043], [-60.6120175, 11.2192384], [-60.6119183, 11.2193713], [-60.6117761, 11.219516], [-60.6115937, 11.2196094], [-60.6114301, 11.2196291], [-60.6112544, 11.2196028], [-60.6111445, 11.2195502], [-60.6110224, 11.2194173], [-60.6108923, 11.2193345], [-60.6107958, 11.2193108], [-60.6107327, 11.2193239], [-60.6107113, 11.2193542], [-60.6107073, 11.2194081], [-60.6107569, 11.2196041], [-60.6107689, 11.219741], [-60.6107368, 11.2198593], [-60.6105933, 11.2200317], [-60.6100354, 11.2205105], [-60.6093568, 11.2210314], [-60.6086728, 11.2214945], [-60.6081712, 11.2217576], [-60.6075865, 11.2219865], [-60.6072244, 11.2220417], [-60.6069455, 11.2220417], [-60.6066906, 11.2220075], [-60.6065056, 11.221968], [-60.6063849, 11.2219023], [-60.6063071, 11.2218247], [-60.6062964, 11.2217549], [-60.6063205, 11.2216813], [-60.6063218, 11.2215852], [-60.6062923, 11.2214379], [-60.6062534, 11.2213735], [-60.6061783, 11.2213471], [-60.6060711, 11.2213629], [-60.6058994, 11.2213879], [-60.6058042, 11.221384], [-60.6057197, 11.2213366], [-60.605552, 11.2211985], [-60.6052932, 11.2210485], [-60.6051591, 11.2210433], [-60.6050706, 11.2210722], [-60.6049982, 11.2211406], [-60.6049392, 11.2212656], [-60.604915, 11.2213419], [-60.6048855, 11.2213813], [-60.6048346, 11.2213919], [-60.6046495, 11.2214103], [-60.6045234, 11.2214655], [-60.6043598, 11.2215708], [-60.6042579, 11.2216813], [-60.6041828, 11.2218996], [-60.604164, 11.2219838], [-60.6041265, 11.222068], [-60.6040755, 11.2221075], [-60.6039414, 11.2221364], [-60.6038287, 11.2221009], [-60.6036483, 11.2219472], [-60.6034358, 11.2218299], [-60.603299, 11.2218115], [-60.6031863, 11.221851], [-60.6030066, 11.221943], [-60.60267, 11.2221851], [-60.6024796, 11.2223153], [-60.6023723, 11.2224206], [-60.6023374, 11.2225442], [-60.6023884, 11.2226968], [-60.6024461, 11.222802], [-60.6024662, 11.2229283], [-60.6024715, 11.2230467], [-60.6025024, 11.2231388], [-60.6025077, 11.2232335], [-60.6024782, 11.223344], [-60.6024487, 11.2234282], [-60.602442, 11.2235571], [-60.6024085, 11.2236466], [-60.6023267, 11.223711], [-60.6021765, 11.2237702], [-60.6017822, 11.2238939], [-60.601345, 11.224128], [-60.601007, 11.2242648], [-60.6005591, 11.2243595], [-60.5999808, 11.2242908], [-60.5996418, 11.2241622], [-60.5995747, 11.2240912], [-60.599446, 11.2240123], [-60.5992314, 11.224007], [-60.5989203, 11.2240333], [-60.5986789, 11.2239965], [-60.5983302, 11.2238728], [-60.5979976, 11.2236518], [-60.5978099, 11.2234019], [-60.5977235, 11.2231879], [-60.597724, 11.2230625], [-60.5977616, 11.2229625], [-60.5978662, 11.2228626], [-60.5979171, 11.2228047], [-60.5979842, 11.2226784], [-60.5980432, 11.2225416], [-60.5981424, 11.222439], [-60.5982336, 11.2222916], [-60.5983329, 11.2220733], [-60.5983597, 11.2218391], [-60.5983007, 11.2215392], [-60.5982685, 11.2213682], [-60.5982712, 11.2212919], [-60.5983074, 11.2212485], [-60.5983664, 11.2212274], [-60.5983946, 11.2211932], [-60.5984026, 11.221159], [-60.5983798, 11.2211393], [-60.5982605, 11.2211327], [-60.5980969, 11.2210788], [-60.5978528, 11.2209446], [-60.5976677, 11.2209078], [-60.5974826, 11.2209604], [-60.5974129, 11.2210446], [-60.5973405, 11.2212288], [-60.5972895, 11.2213682], [-60.5972198, 11.221455], [-60.5971018, 11.2215339], [-60.5969113, 11.2216339], [-60.5967718, 11.2217523], [-60.5966485, 11.221897], [-60.5965734, 11.222068], [-60.5965546, 11.2222548], [-60.5965626, 11.2223522], [-60.5965492, 11.2224311], [-60.5964661, 11.2224916], [-60.5963615, 11.2225232], [-60.5962595, 11.2224837], [-60.5961844, 11.2223522], [-60.5960959, 11.2222811], [-60.5959994, 11.2222732], [-60.5958787, 11.2223653], [-60.5957633, 11.22246], [-60.5955091, 11.2225565], [-60.5950633, 11.222408], [-60.5947709, 11.2224554], [-60.5946593, 11.2227164], [-60.5946008, 11.2229269], [-60.5945081, 11.2231027], [-60.5946164, 11.223592], [-60.5943332, 11.2236678], [-60.5941881, 11.2234617], [-60.5936294, 11.2231374], [-60.5935178, 11.2236593], [-60.5941818, 11.2240252], [-60.5944957, 11.2239559], [-60.5948224, 11.224055], [-60.5949597, 11.2243497], [-60.5951899, 11.2245575], [-60.5953202, 11.2246023], [-60.5958181, 11.2246359], [-60.596273, 11.2245097], [-60.5962644, 11.2246696], [-60.5961302, 11.2247997], [-60.596067, 11.2249559], [-60.5962215, 11.2250653], [-60.5964446, 11.224838], [-60.5966935, 11.2249222], [-60.5968751, 11.2253238], [-60.5968496, 11.2255435], [-60.5967209, 11.2258644], [-60.5966444, 11.2259933], [-60.5965036, 11.2260815], [-60.596391, 11.2260959], [-60.5962864, 11.2260367], [-60.5961476, 11.2259361], [-60.5960885, 11.2259262], [-60.5960517, 11.2259341], [-60.5960087, 11.2259697], [-60.595994, 11.2260631], [-60.5960128, 11.2261275], [-60.5960852, 11.2261893], [-60.5961013, 11.2262433], [-60.5960946, 11.2262992], [-60.5960275, 11.2263814], [-60.5959578, 11.2263959], [-60.5958586, 11.2263728], [-60.5952725, 11.2260723], [-60.595015, 11.2260262], [-60.5948916, 11.2260486], [-60.5948125, 11.2261407], [-60.5947991, 11.2262249], [-60.5948125, 11.2264551], [-60.5948098, 11.226676], [-60.5947924, 11.2267931], [-60.5948018, 11.2268451], [-60.5948299, 11.226901], [-60.5948661, 11.2269536], [-60.594909, 11.2270338], [-60.5949453, 11.2270904], [-60.5949801, 11.2271088], [-60.5950552, 11.2271009], [-60.5950847, 11.2270694], [-60.595127, 11.2269812], [-60.5951525, 11.2269648], [-60.595192, 11.2269661], [-60.5952383, 11.2269812], [-60.595296, 11.2269812], [-60.5954126, 11.2269707], [-60.5955125, 11.226947], [-60.595589, 11.2269332], [-60.5956366, 11.226926], [-60.5957177, 11.2269358], [-60.595772, 11.2269352], [-60.5958337, 11.2269089], [-60.5958948, 11.2268681], [-60.5959813, 11.2268076], [-60.5960738, 11.2267418], [-60.5961187, 11.2267122], [-60.5961784, 11.2267096], [-60.5962381, 11.2267352], [-60.5962857, 11.2268161], [-60.5963152, 11.2268793], [-60.5963206, 11.2269319], [-60.5962937, 11.2269733], [-60.5961281, 11.2270325], [-60.596045, 11.2270746], [-60.5959906, 11.2271088], [-60.5959638, 11.2271582], [-60.5959558, 11.2271956], [-60.5959511, 11.2272759], [-60.5959591, 11.2273594], [-60.5959665, 11.2274344], [-60.5959551, 11.2274798], [-60.5959343, 11.2275304], [-60.5959236, 11.227564], [-60.5959397, 11.2275903], [-60.5959551, 11.2275975], [-60.5959886, 11.2275936], [-60.596049, 11.2275758], [-60.5960671, 11.2275824], [-60.5960721, 11.2275964], [-60.5960691, 11.2276087], [-60.5960383, 11.2276528], [-60.5959833, 11.2277376], [-60.595931, 11.2278238], [-60.5959243, 11.2279264], [-60.5959377, 11.2280145], [-60.5959471, 11.2280934], [-60.5959296, 11.2281546], [-60.5958894, 11.2282191], [-60.5958726, 11.2282736], [-60.5958941, 11.2283355], [-60.5959457, 11.2284118], [-60.5960771, 11.2286847], [-60.5961174, 11.2287452], [-60.5961818, 11.2287873], [-60.5962515, 11.2287821], [-60.5964189, 11.228576], [-60.5965331, 11.2285111], [-60.5966538, 11.2284611], [-60.5968201, 11.2284927], [-60.5969462, 11.228619], [-60.5969811, 11.2287242], [-60.5969864, 11.2288715], [-60.5969328, 11.2290057], [-60.5969086, 11.2291241], [-60.5969569, 11.2292767], [-60.5970535, 11.2294082], [-60.5971822, 11.2295108], [-60.597311, 11.229574], [-60.5974612, 11.2296555], [-60.5975497, 11.229766], [-60.5976221, 11.2299344], [-60.5977428, 11.2300186], [-60.5980057, 11.2301291], [-60.5981585, 11.2302475], [-60.5982578, 11.2304711], [-60.5982229, 11.2308236], [-60.5981424, 11.2315418], [-60.5980432, 11.2317023], [-60.5978823, 11.2318444], [-60.5977589, 11.2319496], [-60.5976436, 11.2321259], [-60.5975282, 11.2323863], [-60.597378, 11.2325389], [-60.5971205, 11.2326231], [-60.5968899, 11.2327073], [-60.5964527, 11.2327994], [-60.5961764, 11.2329309], [-60.5959672, 11.2331598], [-60.5957258, 11.2336018], [-60.5956373, 11.2338885], [-60.595585, 11.2343608], [-60.5955353, 11.2346081], [-60.5954576, 11.2347475], [-60.5953074, 11.2349251], [-60.595255, 11.2349751], [-60.5951773, 11.2350224], [-60.5951719, 11.2350724], [-60.5952027, 11.2351276], [-60.5952188, 11.2352013], [-60.5951947, 11.235271], [-60.5951035, 11.2353815], [-60.5950928, 11.2354394], [-60.5951276, 11.2355236], [-60.5952801, 11.2360533], [-60.5948058, 11.2368984], [-60.5939662, 11.2380452], [-60.5936256, 11.238545], [-60.5932876, 11.2388897], [-60.5928049, 11.2392185], [-60.5923006, 11.2395184], [-60.5919305, 11.2398052], [-60.5916435, 11.2400814], [-60.5913779, 11.2402945], [-60.5909997, 11.2405076], [-60.5906162, 11.2406891], [-60.5896693, 11.2409048], [-60.5893904, 11.2409338], [-60.589149, 11.2409048], [-60.5889948, 11.2408483], [-60.5888204, 11.2407338], [-60.5887668, 11.2407325], [-60.5887346, 11.2407667], [-60.5886608, 11.240939], [-60.5884892, 11.2410995], [-60.5881834, 11.2412889], [-60.5879822, 11.2413547], [-60.5878025, 11.241331], [-60.5876148, 11.2412495], [-60.5874404, 11.2411995], [-60.5873519, 11.2412153], [-60.5873466, 11.2412442], [-60.5874002, 11.2413705], [-60.5874619, 11.2415415], [-60.5874726, 11.2417256], [-60.5873546, 11.242015], [-60.587014, 11.2426885], [-60.5867136, 11.2430515], [-60.5863702, 11.2433567], [-60.585123, 11.2444195], [-60.5841038, 11.2454797], [-60.583519, 11.2459848], [-60.5824515, 11.246745], [-60.5816066, 11.2472659], [-60.5807027, 11.247771], [-60.58035, 11.2479788], [-60.5800201, 11.2481419], [-60.5797827, 11.2482498], [-60.5794689, 11.2483669], [-60.5792946, 11.2484432], [-60.5790143, 11.24858], [-60.5788828, 11.2486497], [-60.578565, 11.2487733], [-60.5782445, 11.2488773], [-60.5778006, 11.2490114], [-60.5773111, 11.2491377], [-60.5768008, 11.2492501], [-60.5764031, 11.2493323], [-60.5761322, 11.2493784], [-60.5758385, 11.249406], [-60.5755046, 11.2494349], [-60.5752779, 11.2494402], [-60.5749434, 11.2494499], [-60.5747308, 11.249452], [-60.5744787, 11.2494257], [-60.5742453, 11.2493494], [-60.5741179, 11.2493179], [-60.5739596, 11.2493047], [-60.5736606, 11.2493369], [-60.5735198, 11.249329], [-60.573391, 11.2492863], [-60.5730866, 11.2491482], [-60.5728653, 11.2490877], [-60.572758, 11.2490555], [-60.5726179, 11.2489778], [-60.5725354, 11.2488792], [-60.5725019, 11.2488489], [-60.5724429, 11.2488325], [-60.5720727, 11.248751], [-60.5719265, 11.2487181], [-60.5718139, 11.2486286], [-60.5717285, 11.2484727], [-60.571669, 11.2481064], [-60.571653, 11.2480183], [-60.571598, 11.2479552], [-60.5711098, 11.2477118], [-60.5709013, 11.2475362], [-60.5707343, 11.247308], [-60.5707061, 11.2471133], [-60.5707692, 11.2468989], [-60.5707712, 11.2468286], [-60.5707397, 11.2467661], [-60.5699028, 11.2462689], [-60.5693818, 11.2458453], [-60.5693362, 11.2458217], [-60.5692879, 11.2458335], [-60.5691551, 11.245894], [-60.5689996, 11.2459874], [-60.5689868, 11.2460058], [-60.5689895, 11.2460295], [-60.569015, 11.2460808], [-60.569011, 11.2461163], [-60.5689788, 11.2461518], [-60.5688272, 11.2462215], [-60.5685718, 11.2463147], [-60.5682352, 11.2463765], [-60.5677943, 11.2464737], [-60.5671989, 11.2465479], [-60.5666614, 11.2466252], [-60.5656395, 11.2466063], [-60.5644995, 11.2465188], [-60.5639979, 11.2464478], [-60.5635071, 11.2462847], [-60.5631664, 11.2460979], [-60.562917, 11.2460006], [-60.5626917, 11.2458743], [-60.5625147, 11.2458059], [-60.5621848, 11.2457086], [-60.5617368, 11.2454981], [-60.5613881, 11.2452113], [-60.5612433, 11.2449825], [-60.5612192, 11.2448062], [-60.5612916, 11.2446773], [-60.5614498, 11.2445695], [-60.5614954, 11.24448], [-60.5615196, 11.2440091], [-60.5615142, 11.2438302], [-60.5614471, 11.2437303], [-60.5610958, 11.2436198], [-60.5608732, 11.243454], [-60.5605459, 11.2429358], [-60.5602053, 11.2425491], [-60.5600175, 11.2424675], [-60.5594516, 11.242507], [-60.559127, 11.2424833], [-60.558942, 11.2424596], [-60.5587569, 11.2424964], [-60.5585155, 11.2427279], [-60.5583546, 11.2427621], [-60.5581078, 11.2427095], [-60.5579281, 11.2427148], [-60.5577832, 11.2427963], [-60.5576813, 11.2428042], [-60.5575901, 11.2427648], [-60.5574828, 11.2427832], [-60.5573487, 11.242891], [-60.5569249, 11.2431383], [-60.5566862, 11.2431883], [-60.5563644, 11.243162], [-60.5562249, 11.2432225], [-60.5561686, 11.2433172], [-60.5561927, 11.2434146], [-60.5561525, 11.2434882], [-60.5560157, 11.2435014], [-60.5558306, 11.2434909], [-60.5556536, 11.2435329], [-60.5555517, 11.2436461], [-60.5554953, 11.2436961], [-60.5553907, 11.2437276], [-60.5552244, 11.2438171], [-60.5549723, 11.2439775], [-60.5547175, 11.2440459], [-60.554652, 11.2440472], [-60.5545834, 11.2440302], [-60.554527, 11.2439881], [-60.5542937, 11.2436145], [-60.5542508, 11.2435829], [-60.554181, 11.2435619], [-60.5541086, 11.2435856], [-60.553996, 11.2437145], [-60.5539665, 11.2437776], [-60.5539745, 11.2438355], [-60.5540147, 11.2439723], [-60.5540121, 11.2440565], [-60.5539477, 11.2441512], [-60.5538189, 11.2443432], [-60.5537304, 11.2444247], [-60.55365, 11.2444721], [-60.5535749, 11.2444958], [-60.5534434, 11.244551], [-60.553304, 11.2446063], [-60.5531859, 11.2446221], [-60.5530706, 11.2445958], [-60.5529767, 11.2445563], [-60.5528131, 11.2444432], [-60.5527803, 11.2444327], [-60.5527487, 11.2444511], [-60.5527407, 11.2444932], [-60.5528185, 11.2446063], [-60.5528104, 11.2446694], [-60.5527675, 11.2447352], [-60.5527219, 11.2447904], [-60.5526307, 11.2448772], [-60.5526039, 11.2449772], [-60.5526334, 11.2450246], [-60.5527139, 11.2450482], [-60.5528453, 11.2450062], [-60.5529499, 11.2449956], [-60.5531095, 11.2450101], [-60.5532765, 11.2450765], [-60.5534247, 11.245191], [-60.5534394, 11.2452403], [-60.5534381, 11.2452837], [-60.5534106, 11.2453199], [-60.5533663, 11.245337], [-60.5533181, 11.2453626], [-60.5532758, 11.2453968], [-60.5532745, 11.2454244], [-60.5532999, 11.2454468], [-60.5533281, 11.245456], [-60.5533576, 11.2455007], [-60.5533764, 11.2455796], [-60.5533683, 11.2456901], [-60.553304, 11.2458033], [-60.5532315, 11.2458717], [-60.5531457, 11.245898], [-60.5530626, 11.2459322], [-60.5529633, 11.2459743], [-60.5528507, 11.2460216], [-60.5527192, 11.2460716], [-60.5525529, 11.2461295], [-60.5524725, 11.2461663], [-60.5524054, 11.2461847], [-60.5523545, 11.246161], [-60.5522981, 11.2460821], [-60.5522887, 11.2460492], [-60.55227, 11.2460295], [-60.5522056, 11.2460308], [-60.5521774, 11.2460532], [-60.5521694, 11.2460979], [-60.5522203, 11.2461452], [-60.5522284, 11.2462031], [-60.5522075, 11.2462464], [-60.5520541, 11.2463557], [-60.5519763, 11.2463846], [-60.5518448, 11.2463794], [-60.5517805, 11.2463347], [-60.5517456, 11.2463452], [-60.5517215, 11.2463846], [-60.5517483, 11.2465004], [-60.5518019, 11.2465767], [-60.5518529, 11.2466267], [-60.5519494, 11.246674], [-60.5520675, 11.2467056], [-60.5522633, 11.2467924], [-60.5524242, 11.2468976], [-60.552628, 11.2470634], [-60.5527005, 11.2471712], [-60.5527139, 11.2472686], [-60.5526415, 11.2474422], [-60.5525174, 11.2475816], [-60.5523662, 11.2476835], [-60.5522995, 11.2477197], [-60.5522505, 11.2477441], [-60.552221, 11.247769], [-60.5522056, 11.2478131], [-60.5522203, 11.2478907], [-60.5522639, 11.2479598], [-60.5523102, 11.2479894], [-60.5523773, 11.2480176], [-60.5523927, 11.2480344], [-60.552398, 11.2480643], [-60.5523746, 11.2481406], [-60.552392, 11.248163], [-60.5524215, 11.248163], [-60.5524993, 11.2480795], [-60.552565, 11.248063], [-60.5526254, 11.248092], [-60.5526542, 11.2481308], [-60.5526689, 11.2481669], [-60.5526582, 11.2482196], [-60.5526093, 11.2482577], [-60.5524269, 11.2483682], [-60.5521935, 11.2484668], [-60.5521318, 11.2485063], [-60.5521184, 11.2485438], [-60.5521204, 11.2485911], [-60.5521546, 11.2486714], [-60.5522197, 11.2487378], [-60.55228, 11.2487569], [-60.5523451, 11.2487411], [-60.5524014, 11.2486904], [-60.5524939, 11.2485821], [-60.5525503, 11.2485576], [-60.5526113, 11.2485694], [-60.5527313, 11.2488207], [-60.552785, 11.2489575], [-60.5528272, 11.2491015], [-60.5528493, 11.2492475], [-60.5528708, 11.2493415], [-60.5529352, 11.2493942], [-60.5530129, 11.2494165], [-60.5532503, 11.2493863], [-60.5537103, 11.2493863], [-60.553945, 11.2494783], [-60.5540094, 11.2495783], [-60.5540214, 11.2496993], [-60.5538967, 11.2500176], [-60.5537975, 11.2502386], [-60.5535266, 11.2506411], [-60.5531672, 11.2509489], [-60.5529687, 11.2510331], [-60.5528936, 11.2510304], [-60.5527112, 11.2508805], [-60.5526307, 11.2508621], [-60.5525664, 11.2509094], [-60.5525556, 11.2509568], [-60.5526415, 11.2510883], [-60.5526683, 11.2512225], [-60.5527031, 11.2513698], [-60.5527005, 11.2514882], [-60.552671, 11.2515671], [-60.5526227, 11.2516434], [-60.552502, 11.251696], [-60.5524845, 11.2517157], [-60.5524859, 11.2517486], [-60.5525234, 11.2518512], [-60.5525744, 11.2519801], [-60.5525556, 11.252009], [-60.5525208, 11.2520169], [-60.5519875, 11.2518399], [-60.5517429, 11.2518117], [-60.5515498, 11.2518512], [-60.551362, 11.2519406], [-60.5512682, 11.2520222], [-60.5512413, 11.2521116], [-60.5512695, 11.2522261], [-60.5513325, 11.252351], [-60.5515538, 11.2525181], [-60.5517261, 11.2526154], [-60.5518053, 11.2526779], [-60.5518207, 11.2527094], [-60.5518388, 11.2527752], [-60.551881, 11.2528627], [-60.5520125, 11.253031], [-60.5521935, 11.2533559], [-60.552223, 11.2534704], [-60.5521815, 11.2536466], [-60.5521211, 11.2537466], [-60.5520205, 11.2537913], [-60.5518676, 11.2538913], [-60.5517389, 11.2540294], [-60.5516034, 11.2544345], [-60.5516678, 11.2548133], [-60.551818, 11.2551947], [-60.5523625, 11.2556051], [-60.5525476, 11.2558419], [-60.5526817, 11.2559971], [-60.5528909, 11.2561391], [-60.5531216, 11.2562654], [-60.5533992, 11.2564219], [-60.5534314, 11.2564614], [-60.5534394, 11.2565219], [-60.5534072, 11.2565824], [-60.5533482, 11.2566192], [-60.5532892, 11.2566363], [-60.5532302, 11.2566508], [-60.553088, 11.2566994], [-60.5529432, 11.256731], [-60.5528158, 11.2567363], [-60.5527206, 11.2567402], [-60.5526307, 11.2567455], [-60.5525731, 11.2567547], [-60.5525328, 11.2567678], [-60.5525181, 11.2567928], [-60.5525248, 11.2568218], [-60.5525731, 11.2568691], [-60.5526911, 11.2569743], [-60.5527447, 11.2570112], [-60.5528024, 11.2570559], [-60.5528413, 11.2570861], [-60.5528882, 11.2571072], [-60.5529298, 11.2571388], [-60.5529378, 11.2571624], [-60.5529204, 11.2571782], [-60.5528896, 11.2571795], [-60.5528533, 11.2571901], [-60.5528292, 11.2572058], [-60.5528171, 11.2572361], [-60.5528238, 11.2573005], [-60.552844, 11.2574465], [-60.5528708, 11.2575439], [-60.5529271, 11.2576964], [-60.5529553, 11.2578253], [-60.5529539, 11.2579095], [-60.5529298, 11.2580082], [-60.5530009, 11.2581739], [-60.5530505, 11.2582397], [-60.5532664, 11.2583988], [-60.5533663, 11.258462], [-60.55342, 11.2584764], [-60.553481, 11.2584718], [-60.5535802, 11.2584093], [-60.5536674, 11.2583765], [-60.5537438, 11.2584225], [-60.5537881, 11.2585777], [-60.5537894, 11.2586645], [-60.5538431, 11.2587539], [-60.5539504, 11.2588], [-60.5540764, 11.2587382], [-60.5541623, 11.2586882], [-60.554283, 11.2586606], [-60.5543755, 11.2586566], [-60.5544506, 11.2587027], [-60.5545029, 11.2588092], [-60.5545834, 11.258896], [-60.554698, 11.2589539], [-60.5547356, 11.2590269], [-60.5547282, 11.2591005], [-60.5546853, 11.2591643], [-60.5546249, 11.2592156], [-60.5546102, 11.2592748], [-60.5546343, 11.2593156], [-60.5547215, 11.2593445], [-60.5549267, 11.2593577], [-60.55503, 11.2593708], [-60.5550689, 11.2594537], [-60.5550581, 11.2595234], [-60.5549904, 11.2596168], [-60.5549569, 11.2596727], [-60.5549475, 11.2597509], [-60.5549119, 11.2599601], [-60.5548771, 11.2602093], [-60.5548771, 11.2602422], [-60.5548885, 11.2603034], [-60.5549374, 11.2603336], [-60.5550414, 11.2603836], [-60.5550474, 11.260427], [-60.5550145, 11.2604428], [-60.5549307, 11.2604402], [-60.5548503, 11.2604033], [-60.5548006, 11.2604027], [-60.5547684, 11.2604184], [-60.5547684, 11.2604579], [-60.5547926, 11.260502], [-60.5548798, 11.2605375], [-60.5549414, 11.2605737], [-60.5549938, 11.2606506], [-60.5550098, 11.2607453], [-60.5549911, 11.2608308], [-60.5547698, 11.2610649], [-60.5547597, 11.2610952], [-60.5547604, 11.2611373], [-60.5547879, 11.2611958], [-60.5547798, 11.2612379], [-60.5547128, 11.2612635], [-60.5545747, 11.2612471], [-60.5545291, 11.2612721], [-60.554523, 11.2613201], [-60.5547161, 11.2615976], [-60.5548798, 11.2617515], [-60.5550165, 11.2617857], [-60.5551185, 11.2618357], [-60.5551614, 11.2619198], [-60.5552124, 11.2620566], [-60.5552566, 11.2621934], [-60.5552365, 11.2624012], [-60.555089, 11.2627919], [-60.554806, 11.2632851], [-60.5543996, 11.2638625], [-60.554, 11.2643492], [-60.5536982, 11.2646504], [-60.553147, 11.2650857], [-60.552907, 11.2652488], [-60.5527259, 11.2652738], [-60.5525503, 11.2652554], [-60.5524309, 11.2652409], [-60.5523062, 11.265233], [-60.5520562, 11.2652569], [-60.5516893, 11.2655303], [-60.5514559, 11.2657802], [-60.5512011, 11.2659643], [-60.5511636, 11.2660551], [-60.551168, 11.2661454], [-60.5512065, 11.2662971], [-60.5512219, 11.2663543], [-60.5512179, 11.2664122], [-60.5511917, 11.2664503], [-60.5510878, 11.2665443], [-60.5506459, 11.2667535], [-60.5501644, 11.2669244], [-60.5493531, 11.267177], [-60.5490097, 11.2672217], [-60.548645, 11.2671691], [-60.548358, 11.267106], [-60.5480777, 11.2669981], [-60.547843, 11.2668613], [-60.5476646, 11.2667929], [-60.5474138, 11.2667719], [-60.5470155, 11.2667548], [-60.546809, 11.2667035], [-60.5464348, 11.2665628], [-60.5461277, 11.2664233], [-60.5458175, 11.2662043], [-60.5455931, 11.2659989], [-60.5455791, 11.2656609], [-60.5452863, 11.265077], [-60.5452174, 11.2643669], [-60.5453447, 11.2639498], [-60.5450436, 11.263624], [-60.5447657, 11.2629724], [-60.5447657, 11.2626512], [-60.5444956, 11.2622721], [-60.544196, 11.2620179], [-60.5442317, 11.2617363], [-60.5441262, 11.2615323], [-60.5438794, 11.2614409], [-60.543735, 11.2609538], [-60.5435515, 11.2607418], [-60.5436116, 11.2598043], [-60.5438499, 11.259066], [-60.5440998, 11.2585697], [-60.5440346, 11.2583855], [-60.5436791, 11.2583611], [-60.5435115, 11.2581389], [-60.5432678, 11.2581084], [-60.5430908, 11.2579425], [-60.5429045, 11.2579973], [-60.5427648, 11.2582622], [-60.5424417, 11.2582564], [-60.54213, 11.2580649], [-60.5419036, 11.2576908], [-60.5417807, 11.2574553], [-60.5416379, 11.2576289], [-60.5414532, 11.2575604], [-60.54137, 11.2572599], [-60.5407888, 11.2569257], [-60.5404455, 11.2566731], [-60.5402148, 11.2566468], [-60.5400324, 11.2567047], [-60.5398017, 11.2567678], [-60.5395442, 11.2567258], [-60.5390078, 11.256489], [-60.5387476, 11.2564232], [-60.5384821, 11.2563943], [-60.538246, 11.2562733], [-60.5378974, 11.2559471], [-60.5378115, 11.255905], [-60.5377123, 11.255926], [-60.537613, 11.2560181], [-60.5375218, 11.2560181], [-60.5374602, 11.255926], [-60.5373636, 11.2556709], [-60.5372536, 11.2555209], [-60.5370712, 11.2552842], [-60.5368298, 11.2550685], [-60.5366126, 11.2549553], [-60.5364731, 11.2549553], [-60.5362719, 11.2550422], [-60.5361512, 11.2551658], [-60.5360413, 11.2552316], [-60.5359206, 11.2552316], [-60.535824, 11.2551921], [-60.5356899, 11.2551605], [-60.5355424, 11.2552053], [-60.5354378, 11.2553157], [-60.5353224, 11.2554894], [-60.5352071, 11.2555893], [-60.5350435, 11.255663], [-60.535014, 11.2557103], [-60.5350274, 11.255763], [-60.535081, 11.2558129], [-60.5351561, 11.2558419], [-60.5353063, 11.2558708], [-60.5355477, 11.2560497], [-60.5356362, 11.2562259], [-60.5356041, 11.2563654], [-60.5352205, 11.2567889], [-60.5350891, 11.2568652], [-60.5350274, 11.2569257], [-60.5349523, 11.2570335], [-60.5348906, 11.2570835], [-60.5348181, 11.2571072], [-60.5347377, 11.2571151], [-60.534609, 11.2571203], [-60.5345204, 11.2571414], [-60.534448, 11.257215], [-60.5344185, 11.2572782], [-60.534389, 11.2573308], [-60.5343381, 11.2573676], [-60.5341369, 11.2574071], [-60.5340806, 11.2574071], [-60.5340242, 11.2573808], [-60.5339867, 11.2573729], [-60.533925, 11.257386], [-60.5339009, 11.2574202], [-60.5338687, 11.2574676], [-60.5338365, 11.2574939], [-60.5337936, 11.2575334], [-60.533748, 11.2576123], [-60.5337479, 11.2576754], [-60.5337761, 11.2577214], [-60.5338258, 11.2577464], [-60.5339626, 11.2577596], [-60.5340859, 11.257799], [-60.5341852, 11.2578885], [-60.5342951, 11.2580253], [-60.5343917, 11.2581002], [-60.5345097, 11.2581331], [-60.5346975, 11.2581437], [-60.5347779, 11.2581358], [-60.5348195, 11.2581344], [-60.5348383, 11.2581515], [-60.5348477, 11.2581765], [-60.5348182, 11.258362], [-60.5347994, 11.2585435], [-60.5347672, 11.2586961], [-60.5347189, 11.2588118], [-60.5346304, 11.258917], [-60.5345124, 11.2589828], [-60.5344668, 11.2590565], [-60.5344749, 11.2591564], [-60.5345339, 11.2592432], [-60.5347243, 11.2593906], [-60.5350435, 11.2596168], [-60.5351481, 11.2597457], [-60.5351481, 11.2598377], [-60.5351079, 11.2599219], [-60.5350301, 11.2600429], [-60.5349711, 11.2601718], [-60.5349362, 11.2602692], [-60.5349737, 11.2603323], [-60.5351695, 11.2604165], [-60.53525, 11.2604954], [-60.5352286, 11.2606059], [-60.5351239, 11.2606716], [-60.5349389, 11.2607058], [-60.5346251, 11.2607506], [-60.534448, 11.2607769], [-60.5343542, 11.2607611], [-60.5342469, 11.2606848], [-60.5341396, 11.2606506], [-60.5339438, 11.2606427], [-60.5338177, 11.2606782], [-60.5337855, 11.2607072], [-60.5337802, 11.2607479], [-60.5338191, 11.2608005], [-60.5338325, 11.2608334], [-60.5338083, 11.2608663], [-60.5337533, 11.2608847], [-60.5337024, 11.2608847], [-60.5336514, 11.2608979], [-60.5335656, 11.2609255], [-60.533473, 11.2609334], [-60.5332196, 11.2608847], [-60.5330855, 11.2609031], [-60.5328521, 11.2609821], [-60.5326, 11.2610741], [-60.5324203, 11.2611925], [-60.5323103, 11.2613056], [-60.5322191, 11.2613582], [-60.5320984, 11.2614135], [-60.5319777, 11.2614871], [-60.5319268, 11.2615845], [-60.5319348, 11.2616713], [-60.5319938, 11.2617107], [-60.5320716, 11.2617291], [-60.5320957, 11.261808], [-60.5320314, 11.2619291], [-60.5319107, 11.2621053], [-60.5319026, 11.2622316], [-60.5319643, 11.262371], [-60.5319455, 11.2624262], [-60.5318677, 11.2624762], [-60.5316773, 11.2625393], [-60.5315459, 11.2626301], [-60.5314258, 11.2627116], [-60.5313259, 11.262784], [-60.5313139, 11.2628313], [-60.5313353, 11.2628787], [-60.5315271, 11.2631023], [-60.5317618, 11.2634206], [-60.5319724, 11.263702], [-60.5321132, 11.2638704], [-60.5322486, 11.2639848], [-60.5324069, 11.264073], [-60.5326308, 11.26419], [-60.5327676, 11.26434], [-60.5327931, 11.2644162], [-60.5327884, 11.2644708], [-60.5327448, 11.2645307], [-60.5324779, 11.2646451], [-60.5322929, 11.2647451], [-60.5322151, 11.2647937], [-60.5321722, 11.2648766], [-60.5321896, 11.264945], [-60.5322634, 11.2650002], [-60.5323894, 11.2650042], [-60.5324122, 11.2650436], [-60.5324136, 11.2650831], [-60.5322969, 11.2651449], [-60.5320775, 11.2652042], [-60.531515, 11.2653185], [-60.5314131, 11.2653882], [-60.5313654, 11.265524], [-60.5314815, 11.2658459], [-60.5315124, 11.2659683], [-60.5314788, 11.2660722], [-60.5314077, 11.2661787], [-60.53128, 11.2662711], [-60.5311221, 11.2662708], [-60.5309746, 11.2663194], [-60.5308405, 11.2664352], [-60.5307828, 11.2665562], [-60.5307359, 11.266689], [-60.5307385, 11.2668008], [-60.5308525, 11.2668797], [-60.5309612, 11.2669021], [-60.5310376, 11.2669823], [-60.5310456, 11.2670468], [-60.5310148, 11.2670915], [-60.5309169, 11.2671191], [-60.530646, 11.2671395], [-60.5306235, 11.2671556], [-60.5306232, 11.267177], [-60.5307325, 11.2672598], [-60.5307486, 11.2673124], [-60.5307271, 11.267346], [-60.5306648, 11.2673697], [-60.5305736, 11.2673776], [-60.530424, 11.267369], [-60.5303483, 11.2673644], [-60.5303007, 11.2673881], [-60.5302772, 11.2674229], [-60.5303456, 11.2675689], [-60.5303925, 11.2677149], [-60.5303845, 11.2678872], [-60.5299768, 11.2685698], [-60.5299661, 11.2686527], [-60.5299795, 11.2687408], [-60.5300492, 11.2688434], [-60.530068, 11.2689], [-60.530072, 11.2689815], [-60.5299714, 11.2693037], [-60.5298963, 11.2694668], [-60.5297595, 11.2695563], [-60.5296831, 11.2695839], [-60.5295584, 11.269555], [-60.5293921, 11.2694826], [-60.5291721, 11.2694116], [-60.5290742, 11.2693734], [-60.5289857, 11.2693471], [-60.5289166, 11.2693432], [-60.5288563, 11.2693656], [-60.5287959, 11.2694254], [-60.5287014, 11.2694642], [-60.5285592, 11.2694747], [-60.5284037, 11.26943], [-60.5282669, 11.2692906], [-60.528008, 11.2688763], [-60.5279195, 11.268558], [-60.5279061, 11.2683962], [-60.5279557, 11.2682568], [-60.5279524, 11.2681884], [-60.5279182, 11.2681358], [-60.5278552, 11.2680464], [-60.5272932, 11.2675913], [-60.5272101, 11.2675466], [-60.5271229, 11.2675518], [-60.5270854, 11.2675821], [-60.527072, 11.267661], [-60.5271055, 11.267711], [-60.5272181, 11.2677859], [-60.5272597, 11.2678504], [-60.5272664, 11.2678951], [-60.5272423, 11.267953], [-60.5271658, 11.2680082], [-60.5269057, 11.2680713], [-60.526797, 11.2680819], [-60.526683, 11.2680832], [-60.5264859, 11.26807], [-60.5262995, 11.2681424], [-60.5261829, 11.2682362], [-60.5261627, 11.2684186], [-60.5262163, 11.2685343], [-60.5262955, 11.2685738], [-60.5263692, 11.2685619], [-60.5265985, 11.2685225], [-60.52673, 11.2685356], [-60.5267702, 11.2685922], [-60.5267662, 11.2686869], [-60.5266884, 11.2689131], [-60.5264309, 11.2696207], [-60.5264872, 11.2697759], [-60.5266267, 11.2699311], [-60.5267501, 11.2700153], [-60.5267823, 11.2701152], [-60.5267286, 11.2701994], [-60.5265999, 11.2702678], [-60.5265006, 11.2703625], [-60.5264765, 11.2704191], [-60.5264899, 11.2704809], [-60.5265945, 11.270615], [-60.5266462, 11.2707051], [-60.5266515, 11.2707413], [-60.5266374, 11.2707781], [-60.5265845, 11.270857], [-60.5265845, 11.2708899], [-60.526616, 11.2709189], [-60.526789, 11.270932], [-60.5268654, 11.2709702], [-60.5268963, 11.2710109], [-60.5268815, 11.2710491], [-60.5268011, 11.2711175], [-60.5265516, 11.2712385], [-60.5264711, 11.2713042], [-60.5264577, 11.2713779], [-60.5264631, 11.2716067], [-60.5265006, 11.2719513], [-60.5264443, 11.2720697], [-60.5262995, 11.2721381], [-60.5261198, 11.2721407], [-60.5257979, 11.2720039], [-60.5255887, 11.2719881], [-60.5254599, 11.2720276], [-60.5254385, 11.272075], [-60.5254492, 11.272117], [-60.5255324, 11.2721407], [-60.525704, 11.272167], [-60.5257697, 11.2722065], [-60.5257724, 11.2722643], [-60.5257228, 11.2723091], [-60.5253272, 11.2725668], [-60.5253004, 11.2726392], [-60.5253352, 11.2727076], [-60.5253983, 11.2727155], [-60.5261117, 11.2723222], [-60.5261868, 11.2723222], [-60.5262378, 11.2723827], [-60.5262029, 11.2725116], [-60.5258998, 11.2730903], [-60.5258864, 11.2732455], [-60.5259696, 11.2734112], [-60.5260929, 11.2735428], [-60.5261037, 11.2736716], [-60.5260286, 11.2738295], [-60.5259106, 11.273982], [-60.5257711, 11.2740636], [-60.5256262, 11.2740978], [-60.5255458, 11.2741741], [-60.5254519, 11.2744345], [-60.5254519, 11.2746712], [-60.5255458, 11.2748369], [-60.5257309, 11.2750105], [-60.5258301, 11.2751605], [-60.5263397, 11.2761258], [-60.5264738, 11.2763337], [-60.5266804, 11.2764678], [-60.5269057, 11.2765257], [-60.5270773, 11.2766362], [-60.5272222, 11.2768255], [-60.5274314, 11.277228], [-60.5277264, 11.2774384], [-60.5280456, 11.2775147], [-60.528574, 11.277491], [-60.5289656, 11.277591], [-60.5291949, 11.2778133], [-60.52927, 11.2780053], [-60.5292338, 11.2782276], [-60.5289723, 11.2784432], [-60.5287564, 11.2787313], [-60.5287336, 11.2788549], [-60.5287591, 11.2789535], [-60.5288409, 11.2790706], [-60.5288717, 11.27916], [-60.5288395, 11.2792376], [-60.5287939, 11.2792653], [-60.5285579, 11.2792337], [-60.5284372, 11.2792245], [-60.5283165, 11.2792521], [-60.5279303, 11.2793218], [-60.5273777, 11.2793876], [-60.5267206, 11.2793271], [-60.5266334, 11.2793639], [-60.5266053, 11.2794218], [-60.5266589, 11.2800846], [-60.5266669, 11.2808185], [-60.5267501, 11.2810539], [-60.5267528, 11.2811631], [-60.52673, 11.2812328], [-60.5266254, 11.2814182], [-60.5265838, 11.2815156], [-60.5265878, 11.2815682], [-60.5266401, 11.2816523], [-60.5268118, 11.281818], [-60.5271095, 11.2821258], [-60.5275789, 11.2827545], [-60.5278847, 11.2831122], [-60.5280751, 11.2834384], [-60.528236, 11.2837777], [-60.5282789, 11.2839408], [-60.5282736, 11.2840933], [-60.5281717, 11.284259], [-60.5279678, 11.2844169], [-60.527831, 11.2844563], [-60.527705, 11.2843958], [-60.5274636, 11.2841749], [-60.527308, 11.2840591], [-60.5272128, 11.2840374], [-60.5270934, 11.2840604], [-60.5270076, 11.2841328], [-60.52697, 11.2841841], [-60.5269191, 11.2842038], [-60.5268668, 11.2841985], [-60.5267474, 11.2841393], [-60.5266455, 11.2841262], [-60.5265529, 11.2841525], [-60.526506, 11.2842354], [-60.5264698, 11.2842709], [-60.5264068, 11.2842774], [-60.5263236, 11.2842275], [-60.526278, 11.2841288], [-60.5263008, 11.283925], [-60.526329, 11.2837737], [-60.5262914, 11.2836817], [-60.5262271, 11.2836409], [-60.5260272, 11.2835686], [-60.5258462, 11.2835567], [-60.5256853, 11.2835791], [-60.5255699, 11.2836343], [-60.5254667, 11.2836606], [-60.5253258, 11.2836909], [-60.5252333, 11.2837027], [-60.5251595, 11.2837277], [-60.5251072, 11.2837711], [-60.525069, 11.2837935], [-60.5250321, 11.283802], [-60.5249503, 11.2837921], [-60.5249088, 11.2837948], [-60.5248739, 11.2838184], [-60.5248618, 11.2838592], [-60.5248685, 11.283925], [-60.52489, 11.2840157], [-60.5248819, 11.2840683], [-60.5248484, 11.2840933], [-60.5248015, 11.2840894], [-60.5247612, 11.284069], [-60.5246982, 11.283971], [-60.5246144, 11.2839184], [-60.5245701, 11.2839072], [-60.5245299, 11.2839191], [-60.524485, 11.2839828], [-60.5244984, 11.2840341], [-60.5245507, 11.2840861], [-60.5246734, 11.2841393], [-60.5247136, 11.2841906], [-60.5247203, 11.2842617], [-60.5246633, 11.284357], [-60.5245829, 11.2844313], [-60.5244863, 11.2844852], [-60.5244166, 11.2845313], [-60.5242959, 11.2846641], [-60.5240652, 11.2849166], [-60.5239257, 11.285056], [-60.5238399, 11.2851915], [-60.523738, 11.2854637], [-60.5236387, 11.2860082], [-60.5235208, 11.2866447], [-60.5235368, 11.2869552], [-60.5236066, 11.2874075], [-60.523569, 11.2877706], [-60.5234456, 11.2881125], [-60.5231667, 11.2885018], [-60.5229789, 11.2889016], [-60.5230032, 11.2892258], [-60.5231613, 11.2894329], [-60.5233437, 11.2894855], [-60.5237031, 11.2896118], [-60.5239713, 11.2898222], [-60.5240357, 11.2899958], [-60.5240786, 11.2901483], [-60.5240518, 11.2903009], [-60.5237429, 11.2907718], [-60.5238888, 11.2910312], [-60.5238647, 11.2911958], [-60.5236667, 11.2913084], [-60.5234972, 11.2915162], [-60.5234081, 11.2917318], [-60.5238533, 11.2920229], [-60.5242846, 11.2919987], [-60.5246162, 11.2918872], [-60.5250432, 11.2918051], [-60.5254412, 11.2919745], [-60.5258907, 11.2918556], [-60.5265559, 11.2919808], [-60.5268359, 11.2925889], [-60.5272522, 11.2928046], [-60.5276653, 11.2927015], [-60.5279442, 11.2924522], [-60.5282715, 11.2924984], [-60.5282994, 11.2928036], [-60.5282876, 11.2931792], [-60.5283423, 11.2934506], [-60.5287274, 11.2934748], [-60.528897, 11.2932402], [-60.5288004, 11.2929961], [-60.5288079, 11.2926236], [-60.5291491, 11.2925058], [-60.5302424, 11.2927667], [-60.5309236, 11.2925668], [-60.5310213, 11.2926243], [-60.5312155, 11.2927385], [-60.5316285, 11.2929814], [-60.5318435, 11.2931654], [-60.5318687, 11.2931867], [-60.5318838, 11.2931994], [-60.5318947, 11.2932086], [-60.53193, 11.29324], [-60.5322285, 11.2934678], [-60.5324636, 11.2938306], [-60.5325147, 11.293902], [-60.5327433, 11.2942313], [-60.533064, 11.294693], [-60.5332302, 11.2949393], [-60.5335939, 11.2957324], [-60.5339921, 11.297162], [-60.5340591, 11.2975223], [-60.534039, 11.2976551], [-60.53398, 11.2977761], [-60.5339116, 11.2978563], [-60.5337399, 11.2979458], [-60.5336595, 11.2979865], [-60.5336554, 11.2980234], [-60.5337024, 11.2980418], [-60.5338687, 11.2980286], [-60.5339867, 11.2980313], [-60.5340725, 11.2981102], [-60.5341047, 11.298268], [-60.5340913, 11.2984942], [-60.5340511, 11.2987177], [-60.5340322, 11.2989392], [-60.5340296, 11.2989702], [-60.5340484, 11.2994752], [-60.5340403, 11.299975], [-60.5339518, 11.300551], [-60.5338794, 11.3009534], [-60.5337748, 11.3014163], [-60.5336782, 11.3017136], [-60.5335361, 11.3019555], [-60.5333188, 11.3021633], [-60.5329916, 11.3023632], [-60.5327663, 11.3025473], [-60.5325955, 11.3027062], [-60.5324766, 11.3028419], [-60.5323264, 11.3031233], [-60.5322218, 11.3032627], [-60.5320931, 11.303339], [-60.5320019, 11.3033311], [-60.5319321, 11.3032811], [-60.5318624, 11.3032917], [-60.5318409, 11.3033706], [-60.5318302, 11.303631], [-60.5318007, 11.3037993], [-60.5316854, 11.3040334], [-60.5315217, 11.3042464], [-60.531275, 11.3044253], [-60.5308056, 11.3045594], [-60.530481, 11.3046331], [-60.5301833, 11.3047146], [-60.5299258, 11.3047199], [-60.5296201, 11.3046173], [-60.5294779, 11.3045279], [-60.5293787, 11.3043464], [-60.5293062, 11.3042333], [-60.5292016, 11.3041544], [-60.5290863, 11.3041438], [-60.5288932, 11.3042149], [-60.5286893, 11.3041938], [-60.5284211, 11.3039755], [-60.5283889, 11.3040018], [-60.528397, 11.3040544], [-60.5284855, 11.3041991], [-60.5286435, 11.3044471], [-60.5296737, 11.3052801], [-60.5297488, 11.3054274], [-60.5297273, 11.3057509], [-60.5292855, 11.3065268], [-60.5292446, 11.3066101], [-60.5291318, 11.306706], [-60.5286138, 11.3071169], [-60.528456, 11.3072455], [-60.528261, 11.3073357], [-60.5282497, 11.3073416], [-60.5282391, 11.3073471], [-60.5278627, 11.3075348], [-60.5274003, 11.3076316], [-60.5269615, 11.3072192], [-60.5268069, 11.3069452], [-60.5262163, 11.3068194], [-60.5257953, 11.3069383], [-60.5256987, 11.3071738], [-60.5256209, 11.3076025], [-60.5261573, 11.3078945], [-60.5260527, 11.3081917], [-60.5259267, 11.3086309], [-60.5263343, 11.3093279], [-60.52683, 11.3099301], [-60.5273005, 11.3104343], [-60.5272812, 11.3113391], [-60.5274604, 11.312166], [-60.5270701, 11.31289], [-60.5262351, 11.3133137], [-60.5257298, 11.3132296], [-60.5253135, 11.3131244], [-60.5248157, 11.3128582], [-60.5242353, 11.3120671], [-60.5235862, 11.3118724], [-60.5232967, 11.3121967], [-60.5231579, 11.3122401], [-60.5229997, 11.3122289], [-60.5228555, 11.3121934], [-60.522714, 11.31215], [-60.5225974, 11.3120783], [-60.5225176, 11.3119922], [-60.5223908, 11.3118219], [-60.522299, 11.3117154], [-60.5222098, 11.3116503], [-60.5220743, 11.3115911], [-60.5219053, 11.3115595], [-60.5217706, 11.3116016], [-60.5214608, 11.3117331], [-60.5211637, 11.3119028], [-60.5210477, 11.3120001], [-60.5209377, 11.3120987], [-60.5208807, 11.3121848], [-60.5208606, 11.312269], [-60.5208761, 11.3123367], [-60.5209143, 11.3123933], [-60.5209753, 11.312434], [-60.5210323, 11.3124419], [-60.5212187, 11.3124084], [-60.5213656, 11.3124137], [-60.5214702, 11.3124551], [-60.5215681, 11.3125004], [-60.5216572, 11.312555], [-60.5217028, 11.3125964], [-60.5217277, 11.3126405], [-60.5217706, 11.3127194], [-60.5218805, 11.312843], [-60.5220535, 11.3129627], [-60.5220804, 11.3130324], [-60.5220696, 11.3131244], [-60.5220656, 11.3132395], [-60.5220495, 11.3133927], [-60.5220502, 11.3135157], [-60.5221193, 11.3136544], [-60.5221769, 11.3137405], [-60.5222265, 11.3138076], [-60.5222936, 11.3138401], [-60.5223271, 11.3138332], [-60.5223637, 11.3138046], [-60.522422, 11.3137741], [-60.5225048, 11.3137626], [-60.5225833, 11.3138125], [-60.5226104, 11.3138941], [-60.5226074, 11.313993], [-60.5225927, 11.3141515], [-60.5225672, 11.314283], [-60.5225303, 11.3144086], [-60.5224579, 11.3145506], [-60.5224525, 11.3145887], [-60.5224693, 11.3146275], [-60.5225122, 11.3146479], [-60.522539, 11.3146788], [-60.522539, 11.3147268], [-60.5225042, 11.3148011], [-60.5224572, 11.3148195], [-60.5223989, 11.3148228], [-60.5223171, 11.314736], [-60.5222661, 11.3147058], [-60.5222131, 11.3146887], [-60.5221434, 11.3147012], [-60.5220522, 11.3147906], [-60.5219838, 11.3148511], [-60.5219865, 11.3148958], [-60.5220019, 11.3149231], [-60.5220529, 11.3149425], [-60.5220784, 11.3149596], [-60.5220787, 11.31498], [-60.5220482, 11.3150109], [-60.5220428, 11.3150398], [-60.5220629, 11.3150622], [-60.5221079, 11.3150852], [-60.5221836, 11.3150911], [-60.5222252, 11.3150786], [-60.5222963, 11.3150063], [-60.522362, 11.3149668], [-60.522425, 11.3149747], [-60.5224988, 11.3150339], [-60.5225404, 11.315168], [-60.5226195, 11.3156322], [-60.5226067, 11.3157065], [-60.5225645, 11.315744], [-60.5224961, 11.3157414], [-60.5223888, 11.3157262], [-60.5222923, 11.3157795], [-60.5222547, 11.3158808], [-60.5222976, 11.315982], [-60.5223828, 11.3160057], [-60.5224177, 11.316028], [-60.5224337, 11.3160543], [-60.522417, 11.3161267], [-60.5222272, 11.316201], [-60.5221836, 11.31622], [-60.5221581, 11.3162424], [-60.5221581, 11.3162615], [-60.5221809, 11.3162832], [-60.522248, 11.3162779], [-60.5222815, 11.3162838], [-60.5223177, 11.316316], [-60.5223278, 11.3163515], [-60.5223231, 11.3163765], [-60.5222011, 11.3164916], [-60.5221628, 11.3165633], [-60.5221491, 11.3166027], [-60.5221253, 11.3166372], [-60.5220857, 11.3166803], [-60.5220234, 11.3167145], [-60.522019, 11.3167299], [-60.5220281, 11.316748], [-60.5220723, 11.3167559], [-60.5220948, 11.3167579], [-60.5221119, 11.3167681], [-60.5221102, 11.3167868], [-60.5220435, 11.3168611], [-60.5220519, 11.3168943], [-60.522081, 11.3169055], [-60.5221179, 11.3169019], [-60.5221488, 11.3169282], [-60.5221427, 11.3169676], [-60.5220683, 11.3170511], [-60.5220542, 11.3171208], [-60.5220549, 11.317157], [-60.5220837, 11.317182], [-60.5221561, 11.3171899], [-60.5222084, 11.3171859], [-60.522244, 11.3172109], [-60.5222527, 11.317255], [-60.5222218, 11.3173286], [-60.5221682, 11.3174161], [-60.5221246, 11.3174739], [-60.522071, 11.3175061], [-60.5219979, 11.3175298], [-60.5219369, 11.3175338], [-60.5218564, 11.3175088], [-60.5217813, 11.31747], [-60.5217263, 11.3174555], [-60.521668, 11.3174542], [-60.5216311, 11.317441], [-60.521615, 11.31742], [-60.521619, 11.3173944], [-60.5216539, 11.31737], [-60.5216586, 11.3173434], [-60.5216398, 11.3173207], [-60.5215258, 11.3172227], [-60.5214487, 11.3171419], [-60.5213763, 11.3170919], [-60.5212938, 11.3170748], [-60.5212328, 11.3171129], [-60.5212221, 11.3172116], [-60.521277, 11.3173247], [-60.5213293, 11.3174167], [-60.5214044, 11.3174956], [-60.5214299, 11.3175508], [-60.5214588, 11.3176784], [-60.5215037, 11.3178849], [-60.5217733, 11.3183267], [-60.5220294, 11.3186213], [-60.5220924, 11.3187357], [-60.5220981, 11.3188253], [-60.5220844, 11.3190513], [-60.5220214, 11.3192985], [-60.5218363, 11.3194642], [-60.5214715, 11.3195812], [-60.5210276, 11.3196812], [-60.5205488, 11.3197956], [-60.520003, 11.3197877], [-60.5196905, 11.3197088], [-60.5194491, 11.3194787], [-60.5193231, 11.3193708], [-60.5191728, 11.3193038], [-60.5189797, 11.3193038], [-60.5188376, 11.3193669], [-60.5187383, 11.3195536], [-60.5186874, 11.3196983], [-60.5186257, 11.319793], [-60.5185372, 11.3198324], [-60.5184433, 11.3198745], [-60.5184299, 11.3199481], [-60.5184916, 11.320027], [-60.5185962, 11.3201243], [-60.5186418, 11.3202032], [-60.5186471, 11.320269], [-60.518615, 11.3202953], [-60.5185533, 11.3203058], [-60.5184701, 11.320269], [-60.5183521, 11.3202164], [-60.5182448, 11.3201954], [-60.5181295, 11.3202585], [-60.5181214, 11.3203137], [-60.518167, 11.3203347], [-60.5182877, 11.3203505], [-60.5183601, 11.3204136], [-60.5184031, 11.3205057], [-60.5184674, 11.3206162], [-60.5185559, 11.320724], [-60.5185828, 11.3207976], [-60.5185613, 11.3208739], [-60.5184165, 11.3209975], [-60.5183977, 11.3210606], [-60.5184406, 11.3211027], [-60.5186525, 11.3211211], [-60.5186874, 11.3211764], [-60.5186713, 11.3212237], [-60.5185989, 11.3212658], [-60.5185398, 11.3213263], [-60.5185506, 11.3213946], [-60.5187048, 11.3215419], [-60.5189824, 11.3217221], [-60.5191594, 11.3218575], [-60.5191889, 11.3219364], [-60.5191836, 11.3220219], [-60.5191326, 11.3220771], [-60.5190253, 11.3220627], [-60.5183462, 11.3216731], [-60.5180007, 11.3216051], [-60.5177486, 11.321705], [-60.5176467, 11.3218944], [-60.5176038, 11.3222836], [-60.5177969, 11.3226465], [-60.5179793, 11.3228727], [-60.5181429, 11.3229174], [-60.5185184, 11.3229437], [-60.5187906, 11.322995], [-60.5190709, 11.3230884], [-60.519205, 11.3230989], [-60.5193874, 11.32302], [-60.5195805, 11.3229542], [-60.5198161, 11.3229229], [-60.5199721, 11.3229279], [-60.5200526, 11.3229464], [-60.5201304, 11.3229884], [-60.5202109, 11.323112], [-60.5202967, 11.3231962], [-60.5203477, 11.3232199], [-60.5205113, 11.3232514], [-60.5206722, 11.3232146], [-60.5207983, 11.323162], [-60.5209646, 11.3231594], [-60.5211201, 11.3231909], [-60.5212086, 11.3232409], [-60.5212918, 11.3232488], [-60.5214554, 11.3232172], [-60.5215466, 11.3231804], [-60.5216271, 11.3231909], [-60.5217599, 11.3232801], [-60.5218846, 11.3233908], [-60.5219436, 11.3235092], [-60.521957, 11.3235933], [-60.5218765, 11.3237275], [-60.5216646, 11.32388], [-60.5214822, 11.323955], [-60.5214138, 11.3239773], [-60.5212797, 11.3239773], [-60.5211751, 11.3239655], [-60.5210263, 11.3239142], [-60.5209565, 11.3238866], [-60.5209176, 11.3238945], [-60.5209056, 11.3239221], [-60.5209243, 11.3239589], [-60.5209552, 11.3239839], [-60.5211081, 11.3240799], [-60.5211899, 11.3241167], [-60.5212127, 11.3241614], [-60.5212086, 11.3242153], [-60.5211805, 11.3242469], [-60.5211389, 11.3242521], [-60.5210692, 11.3242114], [-60.5210316, 11.3241851], [-60.5209458, 11.3241588], [-60.5208519, 11.3241588], [-60.5207795, 11.3241982], [-60.5207366, 11.3242587], [-60.5206722, 11.3242982], [-60.52064, 11.3243192], [-60.5205569, 11.3243403], [-60.5204979, 11.3243718], [-60.5204791, 11.3244086], [-60.5204791, 11.3244507], [-60.520514, 11.3244717], [-60.5206373, 11.3245165], [-60.5207084, 11.3245428], [-60.5207419, 11.3245769], [-60.5207607, 11.3246401], [-60.5207527, 11.3247216], [-60.5206937, 11.3248242], [-60.5206159, 11.3248847], [-60.5204757, 11.3249918], [-60.5204603, 11.325028], [-60.5204603, 11.3250734], [-60.5204784, 11.3251135], [-60.5205233, 11.325149], [-60.5205716, 11.3251378], [-60.5206776, 11.3250339], [-60.5207721, 11.3250175], [-60.5208559, 11.3250221], [-60.5209398, 11.3250563], [-60.5210095, 11.325097], [-60.5210444, 11.3251786], [-60.5210524, 11.3252305], [-60.5210377, 11.3252785], [-60.5209941, 11.3252995], [-60.5209438, 11.3253087], [-60.5208828, 11.325341], [-60.5208311, 11.325412], [-60.520748, 11.3256046], [-60.5205589, 11.3258637], [-60.5204469, 11.3259827], [-60.5204375, 11.3260313], [-60.5204516, 11.3260681], [-60.5205086, 11.3260997], [-60.5205361, 11.3261392], [-60.5205321, 11.3261852], [-60.5205207, 11.3262167], [-60.5204737, 11.3262292], [-60.5204456, 11.3262233], [-60.5203859, 11.3261766], [-60.520345, 11.3261674], [-60.5202893, 11.3261733], [-60.5202129, 11.3262759], [-60.5202048, 11.3263226], [-60.5202303, 11.3263588], [-60.5203061, 11.3263962], [-60.5204992, 11.3264653], [-60.5205287, 11.3264843], [-60.5205435, 11.3265139], [-60.5205368, 11.326606], [-60.5204979, 11.3266573], [-60.5204389, 11.3266941], [-60.5204134, 11.3267414], [-60.520412, 11.3268269], [-60.5204268, 11.3269308], [-60.520469, 11.3270445], [-60.5204958, 11.3270675], [-60.520526, 11.3270807], [-60.5206045, 11.3270863], [-60.5206343, 11.327103], [-60.5206511, 11.3271408], [-60.5206521, 11.3271767], [-60.5206092, 11.327224], [-60.5205777, 11.3272608], [-60.520574, 11.3272835], [-60.5205817, 11.3273055], [-60.5206507, 11.327343], [-60.5206782, 11.3273897], [-60.5206923, 11.3274462], [-60.5206916, 11.3275278], [-60.5206675, 11.3276257], [-60.5205622, 11.3278368], [-60.5204724, 11.3279565], [-60.5203678, 11.3280064], [-60.5202682, 11.3279926], [-60.5202112, 11.3279644], [-60.5201941, 11.3279657], [-60.5201773, 11.3279824], [-60.520177, 11.3280189], [-60.5201643, 11.3280377], [-60.5201344, 11.32804], [-60.5200647, 11.3279913], [-60.520005, 11.3279722], [-60.5199514, 11.3279617], [-60.5199051, 11.3279617], [-60.5198709, 11.32799], [-60.5198675, 11.3280321], [-60.5198997, 11.3280932], [-60.5199426, 11.3281425], [-60.5199956, 11.3281925], [-60.5200385, 11.3282425], [-60.5200392, 11.3282813], [-60.5200251, 11.3283036], [-60.5199809, 11.3283233], [-60.5198937, 11.3283404], [-60.5198072, 11.3283483], [-60.519663, 11.3283562], [-60.5195772, 11.3283608], [-60.5195551, 11.3283812], [-60.5195584, 11.3284167], [-60.5196744, 11.3284772], [-60.519771, 11.32856], [-60.5198454, 11.3286264], [-60.5198635, 11.3286896], [-60.5198367, 11.3288138], [-60.5197348, 11.3290492], [-60.5196771, 11.3292557], [-60.5196463, 11.3293201], [-60.519602, 11.3293543], [-60.5195484, 11.3293635], [-60.5194236, 11.329324], [-60.5192855, 11.3293332], [-60.5191675, 11.3294108], [-60.5190602, 11.329516], [-60.5190354, 11.3295772], [-60.5190334, 11.3296646], [-60.5190602, 11.3297567], [-60.5190481, 11.3298264], [-60.5189891, 11.3298711], [-60.5189046, 11.329879], [-60.5188228, 11.3299118], [-60.5188027, 11.3299447], [-60.5188148, 11.3300078], [-60.5188698, 11.3300361], [-60.5189241, 11.3300354], [-60.5190508, 11.3300012], [-60.5191521, 11.3299756], [-60.5192446, 11.3299763], [-60.5193552, 11.3300072], [-60.5194297, 11.3300391], [-60.5194585, 11.3300667], [-60.5194739, 11.3301091], [-60.5195075, 11.3301456], [-60.5196248, 11.3301827], [-60.5197683, 11.3301722], [-60.5199561, 11.3300775], [-60.5200613, 11.3300249], [-60.52018, 11.3299638], [-60.520231, 11.3299526], [-60.5203061, 11.329971], [-60.520408, 11.3301209], [-60.5204174, 11.3302208], [-60.5204241, 11.330305], [-60.5204697, 11.3303865], [-60.5206014, 11.3304078], [-60.5207808, 11.3304247], [-60.5209109, 11.3303984], [-60.5210343, 11.3303287], [-60.5211081, 11.3302629], [-60.5211751, 11.3301761], [-60.5212449, 11.3300617], [-60.5212878, 11.3299171], [-60.5213964, 11.3296725], [-60.5214393, 11.3296278], [-60.5215533, 11.3296068], [-60.5216512, 11.3296699], [-60.5216847, 11.3297922], [-60.5216405, 11.3299039], [-60.5215453, 11.3300144], [-60.5214165, 11.3302169], [-60.521277, 11.3303668], [-60.5212824, 11.3304378], [-60.5213347, 11.3304641], [-60.5214393, 11.3304207], [-60.5215453, 11.3302984], [-60.5216351, 11.3301972], [-60.5218269, 11.3301156], [-60.522075, 11.3300867], [-60.5223593, 11.3302077], [-60.522539, 11.3304207], [-60.5227134, 11.3307915], [-60.5226807, 11.3310379], [-60.5226034, 11.3313202], [-60.52247, 11.33178], [-60.522244, 11.3323406], [-60.5220374, 11.3327719], [-60.52193, 11.33334], [-60.5213951, 11.3343945], [-60.5213843, 11.3344484], [-60.5214152, 11.3345379], [-60.5214836, 11.3345918], [-60.5215761, 11.3346102], [-60.5216378, 11.3346128], [-60.5216955, 11.3346174], [-60.5217545, 11.3346628], [-60.5217598, 11.3347101], [-60.5217491, 11.3347614], [-60.5215774, 11.3350086], [-60.5214769, 11.3351164], [-60.5213702, 11.3351841], [-60.5212609, 11.3352229], [-60.5211979, 11.3352624], [-60.5211496, 11.3353216], [-60.5211429, 11.3353978], [-60.5211617, 11.335507], [-60.5212127, 11.335549], [-60.5212502, 11.3355865], [-60.5212506, 11.3356309], [-60.5212335, 11.3356608], [-60.5211919, 11.3356766], [-60.5210732, 11.3357029], [-60.5209324, 11.3357489], [-60.5207393, 11.3358304], [-60.5205703, 11.3359199], [-60.5204228, 11.3359698], [-60.5202994, 11.3360224], [-60.5202323, 11.3360698], [-60.5202216, 11.336125], [-60.5201894, 11.3362013], [-60.5201304, 11.3362933], [-60.5200499, 11.336388], [-60.5200204, 11.3364642], [-60.5199105, 11.3366957], [-60.5199105, 11.3367562], [-60.5199292, 11.3368035], [-60.5199587, 11.3368377], [-60.5199668, 11.3368719], [-60.519948, 11.3369166], [-60.519881, 11.3370639], [-60.5198615, 11.3371013], [-60.5198675, 11.3371217], [-60.5198873, 11.3371316], [-60.5199078, 11.337127], [-60.519948, 11.337098], [-60.5201143, 11.3369376], [-60.5203342, 11.3367325], [-60.5204067, 11.3366141], [-60.5204576, 11.33648], [-60.520522, 11.3364327], [-60.5205649, 11.3364379], [-60.5206078, 11.336459], [-60.5206239, 11.3365221], [-60.520632, 11.3365931], [-60.5205971, 11.3367009], [-60.5205676, 11.3368798], [-60.5205864, 11.3369113], [-60.52064, 11.3369113], [-60.5207124, 11.3368745], [-60.5208358, 11.3368088], [-60.5208921, 11.3368009], [-60.5209377, 11.3368298], [-60.5209485, 11.3368798], [-60.5209109, 11.3369823], [-60.5208412, 11.3371059], [-60.5207795, 11.337219], [-60.5207586, 11.3373555], [-60.5207849, 11.3374242], [-60.5208519, 11.3374452], [-60.5209297, 11.3374189], [-60.5210155, 11.33734], [-60.5212247, 11.3370481], [-60.5214581, 11.3367641], [-60.5216432, 11.3365458], [-60.5218121, 11.3363959], [-60.5218631, 11.3363854], [-60.5219167, 11.3363906], [-60.5219811, 11.3364485], [-60.5220348, 11.3365773], [-60.5220455, 11.3366983], [-60.522024, 11.3367535], [-60.5219221, 11.3368666], [-60.5219167, 11.3369218], [-60.5219302, 11.3369534], [-60.5219784, 11.3369771], [-60.522016, 11.3369666], [-60.5221099, 11.3368719], [-60.5222306, 11.3367404], [-60.5223057, 11.3367167], [-60.5224237, 11.336693], [-60.5224934, 11.3367193], [-60.5225605, 11.3367693], [-60.5225712, 11.3367982], [-60.5225766, 11.3368219], [-60.5225256, 11.3368508], [-60.5225015, 11.3368955], [-60.5225229, 11.3369534], [-60.5225498, 11.3369797], [-60.5225873, 11.3369823], [-60.5227134, 11.336935], [-60.5227697, 11.3369192], [-60.5227992, 11.3369429], [-60.5228207, 11.3369639], [-60.5228072, 11.3370297], [-60.522818, 11.337077], [-60.5228555, 11.337098], [-60.5228958, 11.3371086], [-60.5229885, 11.3371135], [-60.5230513, 11.337077], [-60.5231774, 11.3367338], [-60.5232203, 11.3366746], [-60.5233169, 11.3366694], [-60.5233946, 11.3366891], [-60.5236481, 11.3368508], [-60.523805, 11.336914], [-60.5239673, 11.3369337], [-60.5241027, 11.3369955], [-60.5242677, 11.3371954], [-60.5243267, 11.337361], [-60.5244622, 11.3374163], [-60.5245748, 11.3374084], [-60.5246593, 11.3373111], [-60.5247384, 11.3370928], [-60.5248417, 11.3368824], [-60.5249892, 11.3367917], [-60.5250885, 11.3367982], [-60.5252011, 11.3368969], [-60.5252595, 11.3370099], [-60.5253024, 11.3370967], [-60.5253346, 11.3371263], [-60.5253574, 11.3371158], [-60.5253708, 11.3370796], [-60.5253815, 11.3370349], [-60.5254097, 11.3370198], [-60.5254385, 11.3370297], [-60.5254579, 11.33705], [-60.5254593, 11.3370632], [-60.5254385, 11.3371316], [-60.5254529, 11.3371503], [-60.5254697, 11.3371569], [-60.5254945, 11.3371477], [-60.5255136, 11.3371243], [-60.525582, 11.3370073], [-60.5256383, 11.3369692], [-60.5257751, 11.3369179], [-60.5258368, 11.33686], [-60.5259085, 11.3367654], [-60.5259568, 11.3367522], [-60.5260004, 11.3367719], [-60.5260172, 11.3368219], [-60.5259414, 11.3370001], [-60.5259377, 11.337033], [-60.5259481, 11.3370566], [-60.5260963, 11.3371013], [-60.526107, 11.3371395], [-60.5260956, 11.3371835], [-60.5260212, 11.3372473], [-60.5260232, 11.3372927], [-60.5260688, 11.3373321], [-60.5261339, 11.3373847], [-60.5262063, 11.337436], [-60.5262773, 11.3374728], [-60.526333, 11.3374965], [-60.5264524, 11.3374794], [-60.526561, 11.3374452], [-60.5266213, 11.3373873], [-60.5266723, 11.3373058], [-60.5267072, 11.3372085], [-60.5267601, 11.3371487], [-60.5268131, 11.3371257], [-60.5268721, 11.3371165], [-60.5269305, 11.3371138], [-60.527025, 11.3370915], [-60.5271269, 11.337027], [-60.5271826, 11.336981], [-60.5272785, 11.3369389], [-60.5274193, 11.3369547], [-60.5279314, 11.3371109], [-60.5281046, 11.3371769], [-60.5281918, 11.3372572], [-60.5282646, 11.3374088], [-60.5283366, 11.3374728], [-60.5284101, 11.3375001], [-60.5286585, 11.3375425], [-60.5288422, 11.3376437], [-60.5289012, 11.3377667], [-60.5289066, 11.3379133], [-60.5288959, 11.338102], [-60.5288342, 11.3383144], [-60.5287319, 11.3384786], [-60.5286189, 11.3386227], [-60.5285512, 11.3387029], [-60.5285029, 11.3388048], [-60.5284251, 11.3390849], [-60.528405, 11.339246], [-60.5283909, 11.3393216], [-60.528348, 11.3393893], [-60.5282897, 11.3394373], [-60.5282608, 11.3394833], [-60.5282447, 11.3395773], [-60.5282474, 11.3396924], [-60.5282186, 11.3397963], [-60.5281314, 11.3399791], [-60.528051, 11.340079], [-60.5279507, 11.3401321], [-60.527772, 11.3401395], [-60.5275762, 11.3400935], [-60.5274864, 11.340075], [-60.5274367, 11.3400935], [-60.5274327, 11.3401217], [-60.527477, 11.3402019], [-60.5274823, 11.3402401], [-60.5274649, 11.3402743], [-60.5273978, 11.3403144], [-60.5273408, 11.34034], [-60.5272651, 11.3403499], [-60.5271739, 11.340365], [-60.5271149, 11.3404044], [-60.5270626, 11.3404564], [-60.5270525, 11.3405208], [-60.5270847, 11.3405616], [-60.5271927, 11.3405997], [-60.5272476, 11.340676], [-60.527245, 11.3407154], [-60.5272208, 11.3407404], [-60.5271725, 11.3407733], [-60.5271363, 11.3408259], [-60.5271524, 11.3408587], [-60.5271994, 11.3408837], [-60.5272557, 11.3408969], [-60.5272879, 11.3408798], [-60.5273375, 11.3408061], [-60.5273757, 11.3407371], [-60.5273999, 11.3406852], [-60.5274307, 11.3405997], [-60.5274904, 11.3404629], [-60.5275856, 11.3404235], [-60.5276674, 11.3404274], [-60.5277425, 11.3404761], [-60.5277734, 11.3405905], [-60.5277492, 11.3407917], [-60.5277787, 11.3409442], [-60.5278833, 11.3410205], [-60.5280603, 11.3410507], [-60.5283782, 11.3409666], [-60.5285364, 11.3409468], [-60.5287564, 11.3409508], [-60.5289964, 11.3408929], [-60.529144, 11.3408167], [-60.5293907, 11.340647], [-60.5296147, 11.3405616], [-60.5298185, 11.3405418], [-60.5298916, 11.3405944], [-60.5299325, 11.3407029], [-60.5299057, 11.3408035], [-60.5297501, 11.3410284], [-60.5296616, 11.3412545], [-60.5296378, 11.3414689], [-60.5296528, 11.3415203], [-60.5296898, 11.3415386], [-60.5297441, 11.3415323], [-60.5298407, 11.3415004], [-60.5299563, 11.3415037], [-60.5301005, 11.3415616], [-60.5301565, 11.3416464], [-60.5301495, 11.3417111], [-60.5300968, 11.3417687], [-60.5300552, 11.3418469], [-60.5300224, 11.3419271], [-60.5300096, 11.3419797], [-60.5300244, 11.3420083], [-60.5300546, 11.3420257], [-60.5301337, 11.3420349], [-60.5302148, 11.3420468], [-60.5302859, 11.342075], [-60.5303168, 11.3421401], [-60.5303074, 11.3422131], [-60.5302846, 11.3422736], [-60.530239, 11.342361], [-60.5302128, 11.3424748], [-60.5302048, 11.3426681], [-60.5301867, 11.3428068], [-60.5301377, 11.3429172], [-60.5300707, 11.3430159], [-60.5300224, 11.3431395], [-60.5299942, 11.3432617], [-60.5300197, 11.3434833], [-60.5300009, 11.3435398], [-60.5299372, 11.3435747], [-60.5298561, 11.3436016], [-60.5296576, 11.3436418], [-60.5295486, 11.3436608], [-60.5293773, 11.3436687], [-60.5292238, 11.3436608], [-60.5291292, 11.3436713], [-60.5290447, 11.3437042], [-60.5290186, 11.3437746], [-60.5290132, 11.343839], [-60.5290434, 11.3439225], [-60.5291122, 11.3440202], [-60.529203, 11.3440987], [-60.5293461, 11.3441659], [-60.5294985, 11.3441816], [-60.5296294, 11.3441552], [-60.5297542, 11.3441223], [-60.5298346, 11.3440592], [-60.5299211, 11.3439889], [-60.530017, 11.3439573], [-60.5300955, 11.3439356], [-60.5302081, 11.3439422], [-60.5302665, 11.3439475], [-60.5302973, 11.343979], [-60.5303, 11.3440132], [-60.5302463, 11.3440954], [-60.530245, 11.3441375], [-60.5302685, 11.3441651], [-60.5303147, 11.3441631], [-60.5305233, 11.3440737], [-60.5305944, 11.3440822], [-60.5306212, 11.3441099], [-60.5306232, 11.3441881], [-60.5304985, 11.3444524], [-60.5304589, 11.3445076], [-60.5304033, 11.3445576], [-60.5303483, 11.3446062], [-60.5303228, 11.3446667], [-60.5303389, 11.3447443], [-60.5304421, 11.3448981], [-60.5305595, 11.3451247], [-60.5305615, 11.3452269], [-60.5305247, 11.3453161], [-60.5303369, 11.3454445], [-60.5301991, 11.3455602], [-60.5299988, 11.3457062], [-60.529777, 11.3457765], [-60.5295557, 11.345762], [-60.5294806, 11.3457673], [-60.5293974, 11.3457923], [-60.5293599, 11.3458081], [-60.5293411, 11.3458251], [-60.5293465, 11.345862], [-60.5294457, 11.3459409], [-60.5294491, 11.3459921], [-60.529433, 11.3460329], [-60.5293297, 11.3461111], [-60.529262, 11.346142], [-60.5291943, 11.3461407], [-60.5289736, 11.3460829], [-60.5288476, 11.3460605], [-60.5287845, 11.3460671], [-60.5287524, 11.3461118], [-60.5287161, 11.3461881], [-60.528688, 11.3462453], [-60.5286303, 11.3463077], [-60.5285592, 11.3463366], [-60.5284989, 11.3463708], [-60.5284821, 11.3464339], [-60.5284935, 11.3465128], [-60.5285499, 11.3466154], [-60.5286652, 11.3466995], [-60.5287363, 11.3467272], [-60.5288181, 11.3467153], [-60.5289482, 11.346668], [-60.5292419, 11.3465444], [-60.5294028, 11.3465194], [-60.5295557, 11.3465194], [-60.5297756, 11.3465076], [-60.5300184, 11.3464708], [-60.5305468, 11.3463301], [-60.5308047, 11.3462518], [-60.530992, 11.3461867], [-60.5311811, 11.346119], [-60.531283, 11.3460842], [-60.5313179, 11.3460625], [-60.5313199, 11.3460382], [-60.5313025, 11.3459967], [-60.5312515, 11.3459632], [-60.5311851, 11.3459428], [-60.5311395, 11.3459224], [-60.5310912, 11.3458718], [-60.5309685, 11.3457305], [-60.5309558, 11.3456963], [-60.5309705, 11.3456601], [-60.5309967, 11.345645], [-60.531047, 11.3456503], [-60.5312267, 11.3456739], [-60.5313863, 11.3456424], [-60.5316344, 11.3455793], [-60.5319607, 11.3454439], [-60.5322027, 11.3453503], [-60.5321136, 11.3456144], [-60.5322708, 11.34585], [-60.5325301, 11.3455201], [-60.5326517, 11.345343], [-60.5327252, 11.3452506], [-60.5328206, 11.3451489], [-60.532973, 11.34511], [-60.5332192, 11.3450547], [-60.5333195, 11.3448428], [-60.5333097, 11.3444965], [-60.5332384, 11.3442091], [-60.5332088, 11.3438751], [-60.5331793, 11.3438173], [-60.533115, 11.3437463], [-60.5330801, 11.3436963], [-60.5330479, 11.3436253], [-60.5330372, 11.3435727], [-60.5329996, 11.3434833], [-60.5329889, 11.3434386], [-60.5330104, 11.3434018], [-60.5330613, 11.3433886], [-60.5331203, 11.3434044], [-60.5332598, 11.3434412], [-60.5333698, 11.343436], [-60.5333939, 11.3434255], [-60.5334342, 11.3433886], [-60.5334744, 11.3433439], [-60.5335254, 11.3432677], [-60.533579, 11.3432361], [-60.5336541, 11.3432282], [-60.5337507, 11.3432282], [-60.5338258, 11.3432098], [-60.5338901, 11.3431441], [-60.533917, 11.3430941], [-60.533917, 11.3430362], [-60.533866, 11.3429416], [-60.5338231, 11.3428758], [-60.5337989, 11.3428646], [-60.5337748, 11.3428653], [-60.5337212, 11.3428916], [-60.5336836, 11.3428758], [-60.5336729, 11.3428337], [-60.5336943, 11.3428074], [-60.533748, 11.3427733], [-60.5337882, 11.3427207], [-60.533866, 11.3424393], [-60.5339599, 11.3421684], [-60.533984, 11.3420764], [-60.533976, 11.3420106], [-60.5339062, 11.3419212], [-60.5337936, 11.3418817], [-60.5337453, 11.3418739], [-60.5337077, 11.3418423], [-60.5337051, 11.3418029], [-60.5337158, 11.3417397], [-60.5338472, 11.3414715], [-60.5345446, 11.3408246], [-60.5349885, 11.3405103], [-60.5351454, 11.3404564], [-60.5353117, 11.3404551], [-60.535419, 11.3404735], [-60.5355799, 11.3405603], [-60.5356725, 11.3406207], [-60.5357677, 11.340605], [-60.5358294, 11.3405563], [-60.5358428, 11.3403893], [-60.535875, 11.3402762], [-60.5359527, 11.3401855], [-60.5362108, 11.3400511], [-60.5366614, 11.3399133], [-60.5371906, 11.3398265], [-60.5375701, 11.3398686], [-60.5377686, 11.3399501], [-60.5379537, 11.3400961], [-60.5381267, 11.3403288], [-60.5382125, 11.3404366], [-60.5383587, 11.3405142], [-60.5385263, 11.3406128], [-60.538584, 11.3407457], [-60.5385585, 11.3409008], [-60.53847, 11.3411059], [-60.5384378, 11.3412427], [-60.5384204, 11.341432], [-60.5384358, 11.3415925], [-60.5384465, 11.3416661], [-60.5384687, 11.3416858], [-60.5385076, 11.3416977], [-60.5385552, 11.3416714], [-60.5386209, 11.341622], [-60.5386859, 11.3415346], [-60.5387543, 11.3415359], [-60.5387731, 11.3415701], [-60.5387127, 11.3417384], [-60.5385599, 11.3419601], [-60.5387569, 11.342183], [-60.5389329, 11.3422403], [-60.5389071, 11.3423886], [-60.5389831, 11.3425168], [-60.5394649, 11.342623], [-60.5397236, 11.3426926], [-60.5399359, 11.342542], [-60.5401168, 11.3422713], [-60.5400817, 11.3420137], [-60.5401168, 11.3418316], [-60.5399552, 11.3416006], [-60.5401699, 11.3413078], [-60.5404277, 11.3410976], [-60.5405298, 11.3408728], [-60.5405506, 11.3403687], [-60.5407896, 11.3403511], [-60.5412186, 11.340401], [-60.541493, 11.3402924], [-60.5416054, 11.3403447], [-60.5417426, 11.3405665], [-60.5421385, 11.3406212], [-60.5424099, 11.3402846], [-60.5431471, 11.3403131], [-60.5435237, 11.3403447], [-60.5436949, 11.3402732], [-60.543771, 11.3401107], [-60.5438, 11.3399501], [-60.5442113, 11.3395556], [-60.5447327, 11.3396156], [-60.5452091, 11.3392842], [-60.5455438, 11.3393862], [-60.5458635, 11.3396555], [-60.5454408, 11.3402183], [-60.5455526, 11.3403021], [-60.5456851, 11.3401796], [-60.5457671, 11.3402227], [-60.5456765, 11.34039], [-60.5457366, 11.3404541], [-60.5462526, 11.3401406], [-60.5462773, 11.3403663], [-60.5464388, 11.3404562], [-60.5467992, 11.3402548], [-60.5468883, 11.3400107], [-60.5471013, 11.3398487], [-60.5474181, 11.3396313], [-60.5476161, 11.3388555], [-60.5476, 11.3381801], [-60.5483507, 11.3379012], [-60.5494718, 11.3378091], [-60.5506813, 11.3373049], [-60.5520862, 11.3366667], [-60.5524296, 11.3366115], [-60.5526227, 11.3365589], [-60.5528373, 11.3365826], [-60.5530277, 11.3365616], [-60.5532745, 11.3364537], [-60.5535185, 11.3363748], [-60.553768, 11.336246], [-60.5539235, 11.3362591], [-60.5540925, 11.3363722], [-60.5542374, 11.33648], [-60.5543688, 11.3364721], [-60.5545002, 11.3363985], [-60.5546129, 11.336388], [-60.5547148, 11.33648], [-60.5547684, 11.3366773], [-60.5547148, 11.3368482], [-60.5545136, 11.337098], [-60.554527, 11.3371638], [-60.5545941, 11.3371664], [-60.5548033, 11.3370086], [-60.5549777, 11.3368429], [-60.5550635, 11.3368482], [-60.5551145, 11.3369403], [-60.555144, 11.3371112], [-60.5550984, 11.3372453], [-60.5550098, 11.337411], [-60.5549991, 11.3374952], [-60.555034, 11.3375267], [-60.555101, 11.3374952], [-60.5552217, 11.3372637], [-60.5552727, 11.3371927], [-60.5553639, 11.3371743], [-60.5554095, 11.337198], [-60.555431, 11.3372611], [-60.5554578, 11.3374478], [-60.5555302, 11.3375425], [-60.5556187, 11.3375741], [-60.5557367, 11.3375925], [-60.5558386, 11.3376661], [-60.5559111, 11.3377976], [-60.5559433, 11.3379922], [-60.5559218, 11.3381579], [-60.5558521, 11.3382657], [-60.5558065, 11.3383499], [-60.5558024, 11.3383972], [-60.5558521, 11.3384564], [-60.5559111, 11.3384511], [-60.5559915, 11.3383407], [-60.5560465, 11.3382973], [-60.556127, 11.338296], [-60.5561954, 11.3383262], [-60.5563, 11.338342], [-60.5563335, 11.3383946], [-60.5563134, 11.338505], [-60.5563536, 11.3385734], [-60.5564421, 11.338651], [-60.5565468, 11.3386418], [-60.5566326, 11.3385787], [-60.5567426, 11.3383762], [-60.5567694, 11.3380632], [-60.5566889, 11.3378186], [-60.5566862, 11.3376056], [-60.5567506, 11.3374531], [-60.5569437, 11.3373873], [-60.5571637, 11.3373716], [-60.5573568, 11.3372769], [-60.5574815, 11.3371375], [-60.5575284, 11.3369376], [-60.5574453, 11.3366957], [-60.5573085, 11.3363735], [-60.5571556, 11.3360435], [-60.5569974, 11.3357963], [-60.5568579, 11.3355859], [-60.556713, 11.335386], [-60.5564663, 11.3352164], [-60.5563617, 11.3350533], [-60.556253, 11.3346878], [-60.5560157, 11.3342933], [-60.5557944, 11.3338607], [-60.5556858, 11.333595], [-60.5553666, 11.3330506], [-60.5548623, 11.3326456], [-60.5545297, 11.3324326], [-60.5540061, 11.3322229], [-60.5535293, 11.3320434], [-60.5533013, 11.3319671], [-60.5530894, 11.3319724], [-60.5527045, 11.3321078], [-60.5524698, 11.3321709], [-60.5522257, 11.3321617], [-60.5519857, 11.3321341], [-60.5517469, 11.3321354], [-60.5514184, 11.3321289], [-60.5511904, 11.332146], [-60.5510509, 11.3321012], [-60.5509141, 11.3319277], [-60.5507317, 11.3317883], [-60.550603, 11.3315569], [-60.5505279, 11.331307], [-60.5504072, 11.3311229], [-60.5502194, 11.3310309], [-60.5499566, 11.3309572], [-60.5497205, 11.3308626], [-60.5495878, 11.3306692], [-60.549445, 11.3303424], [-60.5492874, 11.3296909], [-60.549105, 11.3289795], [-60.5490902, 11.3288322], [-60.5491653, 11.3287376], [-60.5495931, 11.3285916], [-60.5497473, 11.328489], [-60.5498602, 11.3283966], [-60.5498962, 11.3282339], [-60.5498251, 11.3281077], [-60.5496615, 11.3279433], [-60.549463, 11.3277198], [-60.5493262, 11.3275265], [-60.5492109, 11.3272845], [-60.5490647, 11.3269571], [-60.5490714, 11.326769], [-60.5491251, 11.3266178], [-60.5492418, 11.3263417], [-60.549223, 11.3261326], [-60.549121, 11.3257035], [-60.549062, 11.3254041], [-60.549003, 11.325191], [-60.5488158, 11.3248599], [-60.5487161, 11.3244916], [-60.5487052, 11.3243074], [-60.5487153, 11.3240123], [-60.5487495, 11.3237778], [-60.5487545, 11.3237562], [-60.54876, 11.3237326], [-60.5487648, 11.3237007], [-60.548941, 11.3233653], [-60.5491466, 11.3230192], [-60.54958, 11.3224205], [-60.5500739, 11.3218394], [-60.5503904, 11.3214618], [-60.5508694, 11.3209901], [-60.551059, 11.3208476], [-60.5514076, 11.3206346], [-60.551818, 11.3203873], [-60.5521399, 11.3201848], [-60.5523893, 11.3200376], [-60.5528104, 11.3198298], [-60.553025, 11.3197483], [-60.5532289, 11.3196825], [-60.5534319, 11.3196506], [-60.5535775, 11.3196352], [-60.5536848, 11.319672], [-60.5537814, 11.3197456], [-60.5539477, 11.319935], [-60.5540711, 11.3199876], [-60.5546263, 11.3200402], [-60.5550903, 11.3201743], [-60.555431, 11.3204242], [-60.5555999, 11.3206425], [-60.5556321, 11.3208423], [-60.5555919, 11.3210633], [-60.5556643, 11.321179], [-60.5557957, 11.3212605], [-60.5559647, 11.3212395], [-60.5561391, 11.3212237], [-60.5563268, 11.3212737], [-60.5564475, 11.3212132], [-60.5566245, 11.3208949], [-60.5567533, 11.3205846], [-60.556912, 11.3203544], [-60.5571181, 11.3201585], [-60.5572549, 11.3200257], [-60.557542, 11.3198737], [-60.557688, 11.3198153], [-60.5578201, 11.3196826], [-60.5579174, 11.3194379], [-60.5582231, 11.3187278], [-60.5583465, 11.3184122], [-60.5585021, 11.3182597], [-60.5588107, 11.3181969], [-60.5590653, 11.3181018], [-60.5592424, 11.3179809], [-60.5594033, 11.3178441], [-60.5596277, 11.3174757], [-60.5596553, 11.3174705], [-60.5602348, 11.3174855], [-60.5604194, 11.3174683], [-60.5605888, 11.3176653], [-60.5608356, 11.3177652], [-60.5609697, 11.3178494], [-60.5610985, 11.3178651], [-60.5612969, 11.3178441], [-60.5615759, 11.3177336], [-60.5617368, 11.3175864], [-60.561828, 11.3174128], [-60.5619729, 11.317276], [-60.5622679, 11.3170183], [-60.5627239, 11.3166658], [-60.5629438, 11.3166343], [-60.563094, 11.3166501], [-60.5631799, 11.3166448], [-60.5634159, 11.3164449], [-60.5635285, 11.3164081], [-60.5637538, 11.316466], [-60.5640006, 11.3165396], [-60.564124, 11.3164502], [-60.5641826, 11.3162822], [-60.5640936, 11.3160813], [-60.5639094, 11.3157243], [-60.5639595, 11.3153764], [-60.5641688, 11.3151732], [-60.5645376, 11.3150113], [-60.5649179, 11.3151088], [-60.5654115, 11.3151141], [-60.5658031, 11.3151246], [-60.5662853, 11.31521], [-60.5662776, 11.3154813], [-60.566318, 11.3158032], [-60.5665755, 11.3160504], [-60.5667901, 11.3161135], [-60.5669886, 11.3161503], [-60.5671978, 11.3161872], [-60.5674177, 11.3162661], [-60.5675572, 11.3163239], [-60.5677235, 11.316366], [-60.5678362, 11.3163292], [-60.5679435, 11.3162292], [-60.5681527, 11.316124], [-60.568437, 11.3160241], [-60.5688125, 11.3159031], [-60.569129, 11.3157479], [-60.5694589, 11.3155744], [-60.5697459, 11.3154981], [-60.5700352, 11.3155194], [-60.5703029, 11.3156536], [-60.5705506, 11.3159347], [-60.5706981, 11.3161503], [-60.5708295, 11.3163555], [-60.5709851, 11.3166895], [-60.5710226, 11.3169131], [-60.5709931, 11.3170735], [-60.5709127, 11.3171471], [-60.5707759, 11.3172024], [-60.5706283, 11.3172944], [-60.5705828, 11.3173339], [-60.5705425, 11.3173917], [-60.5705747, 11.3175679], [-60.5706391, 11.3178231], [-60.5706659, 11.3178914], [-60.5706632, 11.3179256], [-60.5706123, 11.3180203], [-60.5705988, 11.3181176], [-60.570631, 11.3182938], [-60.5705988, 11.318449], [-60.5704325, 11.3186805], [-60.5703521, 11.3187436], [-60.5701697, 11.3189329], [-60.5701321, 11.3190329], [-60.5702233, 11.3192012], [-60.5702931, 11.319338], [-60.5703789, 11.3194221], [-60.5705774, 11.319501], [-60.5707437, 11.3194958], [-60.5709797, 11.3193537], [-60.5712372, 11.3190224], [-60.5716744, 11.3188356], [-60.5721357, 11.3187646], [-60.5729672, 11.3188514], [-60.5732274, 11.3189934], [-60.5734742, 11.3192117], [-60.57367, 11.3194774], [-60.5738363, 11.3197969], [-60.5738497, 11.3199218], [-60.5738014, 11.3200875], [-60.5736686, 11.320315], [-60.5736056, 11.3204781], [-60.5735493, 11.3206523], [-60.573556, 11.3206891], [-60.5735761, 11.3207069], [-60.5736753, 11.3207082], [-60.5737203, 11.3207352], [-60.5737337, 11.3207766], [-60.5736405, 11.3209423], [-60.57356, 11.3211106], [-60.5735479, 11.3211875], [-60.5735721, 11.3212178], [-60.5735996, 11.3212184], [-60.5736472, 11.3211987], [-60.5737223, 11.3211777], [-60.5737773, 11.3211974], [-60.5737947, 11.3212342], [-60.5737759, 11.3213079], [-60.573788, 11.3213789], [-60.573839, 11.3213999], [-60.5739181, 11.3213946], [-60.5740602, 11.3212553], [-60.574193, 11.3212237], [-60.5743378, 11.3212763], [-60.5744277, 11.3213854], [-60.5745122, 11.3215643], [-60.5746047, 11.3217116], [-60.5746235, 11.3217799], [-60.5746061, 11.3218391], [-60.5745538, 11.3218825], [-60.5744331, 11.3219548], [-60.5743928, 11.3219956], [-60.5743928, 11.3220245], [-60.5744156, 11.3220627], [-60.5744746, 11.3221126], [-60.5745417, 11.3221639], [-60.5745618, 11.3222231], [-60.5745605, 11.3223257], [-60.5745497, 11.3224348], [-60.5745725, 11.3224637], [-60.5746047, 11.3224637], [-60.5746342, 11.3224296], [-60.5746859, 11.3223631], [-60.574718, 11.3223539], [-60.5747576, 11.3223631], [-60.5747744, 11.3223862], [-60.5747777, 11.3224118], [-60.5747388, 11.3224802], [-60.5747294, 11.3225157], [-60.574712, 11.3225926], [-60.5747268, 11.3226202], [-60.5747449, 11.3226294], [-60.5747878, 11.3226222], [-60.5748092, 11.3226215], [-60.57482, 11.3226465], [-60.5748092, 11.3226669], [-60.5746838, 11.3227715], [-60.5746624, 11.3228109], [-60.5746624, 11.3228536], [-60.5746745, 11.3229076], [-60.5747415, 11.3229575], [-60.5748193, 11.3229713], [-60.5749333, 11.3230029], [-60.5750111, 11.3230621], [-60.5750379, 11.3231857], [-60.5750862, 11.3233119], [-60.5751988, 11.3234224], [-60.5752391, 11.3234724], [-60.5752444, 11.3235486], [-60.5751827, 11.3236459], [-60.5751291, 11.3237222], [-60.5751237, 11.3237551], [-60.5751506, 11.3237748], [-60.5751881, 11.3237695], [-60.5752686, 11.3237301], [-60.5754671, 11.323546], [-60.5755127, 11.3235223], [-60.5755743, 11.3235302], [-60.5756012, 11.3235749], [-60.5756012, 11.323617], [-60.5755636, 11.3236959], [-60.5755073, 11.3237695], [-60.5754885, 11.3238327], [-60.575518, 11.3239326], [-60.5755676, 11.3240575], [-60.5755448, 11.3241285], [-60.5753718, 11.3243679], [-60.5753329, 11.3244481], [-60.5753356, 11.3245138], [-60.5754013, 11.3245743], [-60.5755824, 11.3246019], [-60.5757031, 11.3246111], [-60.575738, 11.3246401], [-60.575742, 11.3246914], [-60.5757286, 11.324761], [-60.5757219, 11.324861], [-60.5757728, 11.3249596], [-60.575923, 11.3251588], [-60.5760363, 11.3253173], [-60.576037, 11.3253705], [-60.5760075, 11.3254231], [-60.5760008, 11.3254836], [-60.5760357, 11.3255422], [-60.5761041, 11.3255816], [-60.5761309, 11.3256421], [-60.5761309, 11.3257013], [-60.5760866, 11.3258288], [-60.5760491, 11.3259196], [-60.5760089, 11.3260011], [-60.5759968, 11.3260576], [-60.5760491, 11.3261142], [-60.576143, 11.3261339], [-60.576261, 11.3261102], [-60.5764031, 11.3260747], [-60.576729, 11.3261076], [-60.5769403, 11.326243], [-60.5769597, 11.3263265], [-60.5769537, 11.3263844], [-60.576957, 11.3264449], [-60.5769731, 11.3264981], [-60.5770247, 11.3265317], [-60.5770864, 11.3265435], [-60.5771327, 11.3265185], [-60.5771998, 11.3264745], [-60.5772755, 11.3264745], [-60.5773205, 11.3265014], [-60.5773379, 11.3265356], [-60.5773305, 11.3265678], [-60.5773252, 11.3266198], [-60.577354, 11.3266513], [-60.5773969, 11.3266487], [-60.5774465, 11.3266264], [-60.5774673, 11.3266277], [-60.5774874, 11.3266474], [-60.5775089, 11.3266993], [-60.5775444, 11.3267809], [-60.5776195, 11.326798], [-60.5777711, 11.3267848], [-60.5779052, 11.3268006], [-60.5780138, 11.3268361], [-60.5781452, 11.3269623], [-60.5783115, 11.3271293], [-60.5783223, 11.3271964], [-60.5782592, 11.3272687], [-60.5781761, 11.3273305], [-60.5781238, 11.3274147], [-60.5781439, 11.3275041], [-60.5782539, 11.327654], [-60.5783209, 11.3276803], [-60.5783893, 11.3276737], [-60.5785489, 11.3276356], [-60.5788037, 11.3276119], [-60.5789781, 11.3275777], [-60.5791578, 11.3274936], [-60.579536, 11.3272464], [-60.5797586, 11.3271833], [-60.5800268, 11.3271517], [-60.5803165, 11.3271701], [-60.5804747, 11.3272464], [-60.5806196, 11.3274147], [-60.5806611, 11.3276106], [-60.5806518, 11.3277395], [-60.5805941, 11.3278329], [-60.580519, 11.3278855], [-60.5804506, 11.3279407], [-60.5804412, 11.3280354], [-60.5804479, 11.3280682], [-60.58047, 11.3280919], [-60.5805445, 11.3280991], [-60.5805787, 11.3281215], [-60.5805894, 11.3281452], [-60.5805646, 11.3281813], [-60.5804405, 11.3282352], [-60.5803889, 11.3282786], [-60.5803822, 11.3283247], [-60.5803936, 11.32837], [-60.580464, 11.3284825], [-60.5805096, 11.328518], [-60.58057, 11.3284969], [-60.5806578, 11.3284128], [-60.5807255, 11.3283766], [-60.5807631, 11.3283773], [-60.580806, 11.3284141], [-60.5808536, 11.3284897], [-60.5809857, 11.3286363], [-60.5810729, 11.3286902], [-60.5810876, 11.3287297], [-60.5810756, 11.3287744], [-60.58103, 11.328848], [-60.5810474, 11.3289046], [-60.581101, 11.3289217], [-60.5812727, 11.3289072], [-60.5814967, 11.3288559], [-60.5817045, 11.3287783], [-60.5818212, 11.3286744], [-60.5819352, 11.3285061], [-60.5819875, 11.3284075], [-60.5819935, 11.3283634], [-60.5819768, 11.3283181], [-60.5818816, 11.3282497], [-60.581781, 11.328203], [-60.5817642, 11.3281603], [-60.5817769, 11.328109], [-60.5818185, 11.3280768], [-60.5819265, 11.3280663], [-60.5819888, 11.3280873], [-60.5820177, 11.3281274], [-60.5820183, 11.3281905], [-60.5820405, 11.328301], [-60.5820961, 11.3284292], [-60.5821484, 11.3284608], [-60.5822276, 11.3284483], [-60.5823375, 11.3283904], [-60.5824354, 11.3283233], [-60.5825172, 11.3282247], [-60.5825796, 11.3280774], [-60.5826145, 11.328011], [-60.5826285, 11.3279999], [-60.5826688, 11.3279874], [-60.5826969, 11.3280031], [-60.5827231, 11.3280419], [-60.5827466, 11.3280972], [-60.5827935, 11.3281208], [-60.5828364, 11.3281156], [-60.5829015, 11.3280603], [-60.5829457, 11.3280479], [-60.5829813, 11.3280656], [-60.5829987, 11.3281432], [-60.583051, 11.3281886], [-60.5831154, 11.3281905], [-60.5832092, 11.32818], [-60.5833595, 11.3281491], [-60.5835713, 11.328134], [-60.5837175, 11.3281813], [-60.5837658, 11.3282629], [-60.5837524, 11.3283851], [-60.5833755, 11.3290439], [-60.5833353, 11.3291741], [-60.5833367, 11.3292846], [-60.5833514, 11.3293635], [-60.5833769, 11.3294095], [-60.5834144, 11.3294279], [-60.5834708, 11.3293858], [-60.5835231, 11.3292583], [-60.583574, 11.3292123], [-60.5836585, 11.3292109], [-60.5838221, 11.3293109], [-60.5840367, 11.3293398], [-60.5842432, 11.3292635], [-60.5843961, 11.3290716], [-60.584541, 11.3288165], [-60.5853859, 11.3281353], [-60.5855803, 11.3280577], [-60.5856997, 11.328109], [-60.5857895, 11.3282576], [-60.5858874, 11.3283115], [-60.5860148, 11.328326], [-60.5867216, 11.3281879], [-60.5881391, 11.327892], [-60.588634, 11.3277855], [-60.5893233, 11.3275856], [-60.5896559, 11.3274804], [-60.5900475, 11.3272306], [-60.5903855, 11.3271754], [-60.5909354, 11.3273621], [-60.5912733, 11.3273121], [-60.5919043, 11.3270424], [-60.5929578, 11.3262061], [-60.5940299, 11.3251701], [-60.5944003, 11.324949], [-60.5947753, 11.3246802], [-60.5949577, 11.3244393], [-60.5953401, 11.32415], [-60.5971447, 11.3225597], [-60.5975899, 11.3222941], [-60.5978689, 11.3221863], [-60.5982605, 11.3221626], [-60.5991456, 11.3220942], [-60.5996633, 11.3219811], [-60.6000629, 11.3217813], [-60.6009346, 11.3211264], [-60.6011868, 11.3210264], [-60.6014711, 11.3210475], [-60.6025493, 11.3216734], [-60.6027049, 11.3217418], [-60.6029141, 11.3217734], [-60.6032816, 11.3217694], [-60.6034217, 11.3217911], [-60.6034653, 11.3218108], [-60.6035417, 11.3218707], [-60.6036276, 11.3219252], [-60.603759, 11.3219706], [-60.6039454, 11.3220061], [-60.6040634, 11.3220469], [-60.6042083, 11.3221863], [-60.6043088, 11.3222731], [-60.6044953, 11.3223414], [-60.6046978, 11.3223638], [-60.6049311, 11.3223309], [-60.6051578, 11.3222441], [-60.6054018, 11.3222034], [-60.6056567, 11.3222231], [-60.6058672, 11.3222652], [-60.6062239, 11.3222889], [-60.6068221, 11.3222468], [-60.6068985, 11.3222402], [-60.606975, 11.3221942], [-60.6070273, 11.322089], [-60.6070863, 11.3220548], [-60.6071346, 11.3220627], [-60.6071828, 11.3221047], [-60.6072848, 11.3221994], [-60.6073223, 11.3222369], [-60.6073552, 11.3222402], [-60.6073833, 11.3222244], [-60.6073974, 11.3221034], [-60.6074316, 11.3220252], [-60.6074772, 11.3219759], [-60.607553, 11.3219496], [-60.6078574, 11.3219233], [-60.6079339, 11.3219391], [-60.6080505, 11.3219838], [-60.6083053, 11.3222415], [-60.6085722, 11.3225992], [-60.6088391, 11.3229003], [-60.6089357, 11.3230253], [-60.6089618, 11.323045], [-60.6089953, 11.3230463], [-60.6090704, 11.3230121], [-60.6091167, 11.3229871], [-60.6091811, 11.322995], [-60.6092045, 11.3230509], [-60.6091885, 11.3230949], [-60.6090999, 11.3232034], [-60.6090973, 11.3232481], [-60.6091278, 11.3232764], [-60.6091945, 11.3232883], [-60.6092937, 11.3233106], [-60.6093903, 11.3233303], [-60.6094855, 11.3233579], [-60.6095687, 11.3234316], [-60.6097886, 11.3236749], [-60.6099348, 11.3237143], [-60.6100756, 11.3237091], [-60.6103157, 11.3237025], [-60.6103921, 11.3236643], [-60.6104122, 11.3235802], [-60.6104028, 11.323404], [-60.6104176, 11.3233356], [-60.6104712, 11.3232948], [-60.6105638, 11.3233146], [-60.6106308, 11.3233343], [-60.6107247, 11.3233527], [-60.610785, 11.3233277], [-60.6108467, 11.3232541], [-60.610895, 11.3231568], [-60.6109124, 11.3230732], [-60.610948, 11.3230154], [-60.6109973, 11.3229799], [-60.6111773, 11.3229371], [-60.6113403, 11.3228885], [-60.6114355, 11.3228412], [-60.6115361, 11.3228135], [-60.611634, 11.3228135], [-60.6116836, 11.3227688], [-60.6116983, 11.3226702], [-60.6117386, 11.3225019], [-60.6118029, 11.3223441], [-60.6117842, 11.3222441], [-60.6117252, 11.3221442], [-60.6116956, 11.322018], [-60.6117278, 11.3218996], [-60.6117949, 11.3218076], [-60.6119478, 11.3217681], [-60.6121731, 11.3217471], [-60.612385, 11.321634], [-60.6124789, 11.3214893], [-60.6125459, 11.3212579], [-60.6125835, 11.3210948], [-60.6126264, 11.3209765], [-60.6127095, 11.3209028], [-60.6128705, 11.3208239], [-60.6130502, 11.3207214], [-60.6131414, 11.3206083], [-60.6132621, 11.3204242], [-60.6133157, 11.3203584], [-60.6135705, 11.3201796], [-60.6136563, 11.3201243], [-60.6136805, 11.3200507], [-60.6136671, 11.3199955], [-60.6136235, 11.3199429], [-60.6135926, 11.3199231], [-60.6135444, 11.3199153], [-60.6135075, 11.3199014], [-60.6134686, 11.3198738], [-60.6134391, 11.3198456], [-60.6134149, 11.3197857], [-60.6133908, 11.3197581], [-60.6133486, 11.3197496], [-60.6132922, 11.319745], [-60.6132641, 11.3197266], [-60.6132419, 11.319674], [-60.6132399, 11.3196371], [-60.61325, 11.3195832], [-60.6132916, 11.3195037], [-60.6133533, 11.319359], [-60.6134176, 11.3193222], [-60.6134981, 11.3193222], [-60.6137314, 11.3193011], [-60.6139594, 11.3193222], [-60.614174, 11.3193064], [-60.6143403, 11.319338], [-60.6144825, 11.3193669], [-60.6145898, 11.3193695], [-60.6147105, 11.3193353], [-60.6148714, 11.3193301], [-60.615031, 11.3193695], [-60.6151959, 11.3194655], [-60.6153703, 11.3196141], [-60.6154628, 11.3196062], [-60.6155205, 11.3195734], [-60.615676, 11.3192078], [-60.6156586, 11.319146], [-60.6155969, 11.3191052], [-60.615495, 11.3190973], [-60.6152844, 11.3190381], [-60.6149438, 11.318925], [-60.61463, 11.3187988], [-60.6145173, 11.3186647], [-60.6144851, 11.3184858], [-60.6145334, 11.3181702], [-60.6146434, 11.3178257], [-60.6147105, 11.3175101], [-60.6147534, 11.3171971], [-60.6148419, 11.3169736], [-60.6149974, 11.3167789], [-60.6152362, 11.3165738], [-60.6154588, 11.316466], [-60.6156734, 11.3164607], [-60.6159684, 11.3165764], [-60.6161803, 11.3168026], [-60.6164593, 11.3169236], [-60.6168079, 11.3169814], [-60.6171995, 11.3168394], [-60.6175321, 11.3166132], [-60.6178165, 11.3164291], [-60.6181705, 11.3162555], [-60.6186104, 11.3161503], [-60.6189752, 11.3161451], [-60.6192863, 11.3161293], [-60.6195599, 11.3160872], [-60.6198442, 11.316103], [-60.6200641, 11.3161714], [-60.6201768, 11.3162345], [-60.6204021, 11.3163029], [-60.6205845, 11.3163239], [-60.6207991, 11.3163502], [-60.6209332, 11.3163345], [-60.6210136, 11.316245], [-60.6210083, 11.3160925], [-60.6210619, 11.315961], [-60.621137, 11.3158716], [-60.6212872, 11.3157821], [-60.6214964, 11.3156875], [-60.6217271, 11.3156349], [-60.6219631, 11.3156191], [-60.6222367, 11.3156454], [-60.6225479, 11.315698], [-60.6229717, 11.3156612], [-60.6232506, 11.3155665], [-60.6235617, 11.3153403], [-60.6237388, 11.315072], [-60.6239212, 11.3148314], [-60.624117, 11.3146012], [-60.6242913, 11.3143119], [-60.624463, 11.3141252], [-60.6246373, 11.3139779], [-60.6248358, 11.3138069], [-60.6251121, 11.3136439], [-60.6253669, 11.3134992], [-60.6255694, 11.3133348], [-60.6257263, 11.313202], [-60.625973, 11.3129706], [-60.626201, 11.3126865], [-60.6263378, 11.3125116], [-60.6264035, 11.312388], [-60.6264706, 11.3123131], [-60.6265591, 11.3122894], [-60.6267294, 11.3123091], [-60.6270486, 11.3122894], [-60.6272149, 11.312271], [-60.6274429, 11.3121658], [-60.6276548, 11.3120185], [-60.6278774, 11.311837], [-60.6281255, 11.3115569], [-60.6282771, 11.3114438], [-60.6284675, 11.3113228], [-60.628666, 11.311215], [-60.6288397, 11.3111433], [-60.6289543, 11.3110881], [-60.6290288, 11.3110434], [-60.629071, 11.3109796], [-60.629069, 11.3109079], [-60.6290013, 11.3108047], [-60.6289114, 11.3106587], [-60.628843, 11.3104707], [-60.6288497, 11.3102747], [-60.6289597, 11.3100946], [-60.6291166, 11.3099538], [-60.6293352, 11.3097684], [-60.6295364, 11.3095771], [-60.6297657, 11.3094489], [-60.6299239, 11.3093936], [-60.6300741, 11.3093726], [-60.6301734, 11.3094094], [-60.630219, 11.3094752], [-60.6302116, 11.3095659], [-60.6302337, 11.3095994], [-60.6302699, 11.3096106], [-60.6306253, 11.309439], [-60.6306314, 11.3094114], [-60.6306113, 11.3093916], [-60.630455, 11.3093752], [-60.6304275, 11.3093522], [-60.6304175, 11.3093174], [-60.6304389, 11.3092227], [-60.6305623, 11.3090464], [-60.6306884, 11.3087677], [-60.6307206, 11.3086388], [-60.630793, 11.3085336], [-60.630911, 11.3084783], [-60.6311256, 11.3084783], [-60.6313643, 11.3085441], [-60.6314662, 11.3086361], [-60.6314743, 11.3087492], [-60.6314394, 11.3088334], [-60.6314481, 11.308865], [-60.6315145, 11.3088886], [-60.6318015, 11.3088124], [-60.6318283, 11.3087755], [-60.6317988, 11.3087335], [-60.6317693, 11.3087124], [-60.6317049, 11.3086204], [-60.6317291, 11.3085152], [-60.6318498, 11.3084705], [-60.6320214, 11.3084994], [-60.6322441, 11.3086098], [-60.6323835, 11.3085993], [-60.6324774, 11.3085231], [-60.6324868, 11.3083521], [-60.6324439, 11.3081759], [-60.6323768, 11.308026], [-60.6322561, 11.3078944], [-60.6320871, 11.3077998], [-60.6319731, 11.3076788], [-60.631835, 11.3075052], [-60.6316379, 11.3073566], [-60.6314635, 11.3072553], [-60.6312248, 11.3070041], [-60.6310585, 11.3068858], [-60.6305784, 11.3066372], [-60.6302029, 11.3063716], [-60.6301144, 11.306173], [-60.6301653, 11.3059429], [-60.6304657, 11.3056128], [-60.630801, 11.3053511], [-60.6308037, 11.3052788], [-60.6307594, 11.3052262], [-60.6301479, 11.3053156], [-60.6299923, 11.3052893], [-60.6298542, 11.3051223], [-60.6297603, 11.3048514], [-60.6296611, 11.3043674], [-60.6296986, 11.3038966], [-60.6298542, 11.3031943], [-60.6302324, 11.3025], [-60.6303799, 11.3024605], [-60.6305677, 11.3024474], [-60.6309029, 11.3024816], [-60.6311739, 11.3025105], [-60.6317532, 11.3024947], [-60.6324694, 11.3024816], [-60.6327859, 11.3024684], [-60.6329522, 11.3024921], [-60.6333464, 11.3025999], [-60.6334658, 11.3026341], [-60.6335235, 11.3026933], [-60.6335476, 11.3027709], [-60.6335342, 11.3028669], [-60.6335141, 11.3029537], [-60.6335221, 11.3030076], [-60.6335476, 11.3030391], [-60.6336576, 11.3030655], [-60.6337917, 11.3030944], [-60.6339365, 11.3030628], [-60.6340921, 11.3030023], [-60.6342021, 11.3029787], [-60.634355, 11.3030155], [-60.6345105, 11.3030628], [-60.6348243, 11.3030444], [-60.635106, 11.3029471], [-60.6353661, 11.3027078], [-60.6355761, 11.302504], [-60.6357121, 11.3023987], [-60.635908, 11.3023185], [-60.6361681, 11.3023159], [-60.6365061, 11.3023553], [-60.6368709, 11.3024658], [-60.6370881, 11.3025973], [-60.637359, 11.3029208], [-60.6374395, 11.3031207], [-60.6378257, 11.3040413], [-60.6378391, 11.3042859], [-60.637756, 11.3044358], [-60.6376514, 11.3045384], [-60.6376031, 11.3046357], [-60.6376018, 11.3047698], [-60.6376943, 11.3048934], [-60.6380188, 11.3050013], [-60.6383139, 11.3050118], [-60.6385124, 11.3048829], [-60.6387323, 11.3044963], [-60.6388584, 11.3043201], [-60.6390689, 11.3042688], [-60.6392138, 11.3042964], [-60.6394672, 11.3044568], [-60.6395906, 11.3045252], [-60.6397972, 11.3045726], [-60.6401472, 11.3045857], [-60.6405187, 11.3046278], [-60.6407775, 11.3046594], [-60.6409277, 11.3046909], [-60.6411316, 11.3047554], [-60.6412764, 11.3047935], [-60.6414762, 11.3048842], [-60.6416009, 11.3049553], [-60.6416787, 11.3050118], [-60.6418464, 11.3051262], [-60.6418692, 11.305217], [-60.6418437, 11.3053248], [-60.6415929, 11.305505], [-60.6415956, 11.3055576], [-60.6416546, 11.3055878], [-60.6418625, 11.305476], [-60.6419282, 11.3054431], [-60.6419832, 11.3054694], [-60.6419992, 11.3055181], [-60.6418933, 11.3056864], [-60.6419174, 11.3057417], [-60.6419899, 11.3057719], [-60.6420998, 11.3057535], [-60.6423788, 11.3055852], [-60.6425974, 11.3055523], [-60.6427342, 11.3055944], [-60.6428616, 11.3056404], [-60.643048, 11.3056851], [-60.6432854, 11.3056338], [-60.6434315, 11.305547], [-60.6435335, 11.305355], [-60.6435831, 11.3052406], [-60.6436796, 11.305121], [-60.6437722, 11.3051117], [-60.6439358, 11.3051933], [-60.6442577, 11.3054405], [-60.6446546, 11.3056457], [-60.6448182, 11.3056536], [-60.6450945, 11.3055878], [-60.6452259, 11.3055825], [-60.6453708, 11.3056693], [-60.6455398, 11.3058403], [-60.6457168, 11.3058561], [-60.6458509, 11.3058377], [-60.6460387, 11.3057614], [-60.6461486, 11.3057298], [-60.6463069, 11.305672], [-60.6465268, 11.305501], [-60.6467843, 11.30538], [-60.6469077, 11.3052564], [-60.6470311, 11.3050144], [-60.6471518, 11.3048777], [-60.6473073, 11.3047882], [-60.6475166, 11.304754], [-60.6477043, 11.3046804], [-60.647766, 11.3045805], [-60.6477472, 11.3044595], [-60.6476453, 11.3043174], [-60.6474602, 11.3041754], [-60.6473368, 11.3040097], [-60.6472671, 11.3038387], [-60.647251, 11.3036652], [-60.6473234, 11.3034153], [-60.6473905, 11.303247], [-60.6475675, 11.3030891], [-60.6479296, 11.3029445], [-60.6485023, 11.3027406], [-60.6486163, 11.302713], [-60.6486873, 11.3026959], [-60.6487611, 11.3026959], [-60.6488295, 11.3027341], [-60.6489006, 11.3027748], [-60.6489488, 11.3028051], [-60.6489918, 11.3028156], [-60.6490816, 11.3028366], [-60.6491058, 11.302834], [-60.6491299, 11.3028182], [-60.6491272, 11.3027972], [-60.6491017, 11.3027617], [-60.649095, 11.302717], [-60.6491044, 11.3026723], [-60.6491768, 11.3025815], [-60.6492868, 11.3024868], [-60.6493136, 11.302475], [-60.6493324, 11.3024855], [-60.6493633, 11.3025131], [-60.6493834, 11.3025276], [-60.6494343, 11.3025329], [-60.6494665, 11.3025394], [-60.6495161, 11.302567], [-60.6495306, 11.3025677], [-60.6495423, 11.3025592], [-60.6495564, 11.3025368], [-60.6495778, 11.3024881], [-60.6495939, 11.3024697], [-60.6496181, 11.3024487], [-60.6496422, 11.3024369], [-60.6496606, 11.3024234], [-60.649663, 11.3024073], [-60.6496593, 11.3023987], [-60.6496442, 11.3023928], [-60.6495798, 11.3023869], [-60.649555, 11.302377], [-60.6495456, 11.3023566], [-60.649547, 11.3023369], [-60.6495644, 11.3023172], [-60.6496274, 11.3023021], [-60.6497691, 11.3022591], [-60.6499198, 11.3022264], [-60.6500861, 11.3022054], [-60.6503543, 11.3021686], [-60.6505179, 11.3021765], [-60.6506306, 11.3022028], [-60.6508184, 11.3022422], [-60.6509712, 11.302237], [-60.6511107, 11.3022264], [-60.651226, 11.3021922], [-60.6513333, 11.3021396], [-60.6514567, 11.3021081], [-60.6515533, 11.3020713], [-60.6516203, 11.30202], [-60.6517068, 11.3019325], [-60.6517263, 11.3018911], [-60.6517229, 11.301872], [-60.6517088, 11.3018582], [-60.6516814, 11.3018483], [-60.6516331, 11.3018503], [-60.6514916, 11.3019003], [-60.6513736, 11.3019424], [-60.6512824, 11.3019608], [-60.6512475, 11.3019424], [-60.6512341, 11.3019134], [-60.6511885, 11.3018582], [-60.6511456, 11.3018451], [-60.6510463, 11.3018477], [-60.6508854, 11.3018398], [-60.650821, 11.3018477], [-60.6507647, 11.3018635], [-60.6507164, 11.3018635], [-60.6505716, 11.3017977], [-60.6504348, 11.3017399], [-60.6503409, 11.3017162], [-60.6502309, 11.3016399], [-60.6500861, 11.30144], [-60.6499158, 11.3010534], [-60.6498675, 11.3008745], [-60.6498467, 11.3006924], [-60.6498568, 11.30053], [-60.6498962, 11.3003544], [-60.6499001, 11.3003368], [-60.649905, 11.3003144], [-60.6499788, 11.3000407], [-60.650121, 11.2997225], [-60.6504214, 11.2992648], [-60.6507567, 11.2989466], [-60.6511456, 11.2987177], [-60.6514782, 11.2986336], [-60.651729, 11.2986428], [-60.6518939, 11.2986888], [-60.6519878, 11.2988177], [-60.6520227, 11.2989834], [-60.6519958, 11.2991123], [-60.6520334, 11.2991964], [-60.6521407, 11.2992727], [-60.6522426, 11.2993806], [-60.652315, 11.2995094], [-60.6523928, 11.2995568], [-60.6526396, 11.2996015], [-60.6529132, 11.2996094], [-60.6531465, 11.2995805], [-60.6534067, 11.2994752], [-60.6536943, 11.2993128], [-60.6537507, 11.2993016], [-60.6538083, 11.2993102], [-60.6538613, 11.2993937], [-60.6538881, 11.2994345], [-60.6539404, 11.2994496], [-60.6540296, 11.2994332], [-60.6540598, 11.2994023], [-60.6540678, 11.2993595], [-60.6540491, 11.2993148], [-60.6539606, 11.2992609], [-60.6539109, 11.2992162], [-60.6539015, 11.2991741], [-60.653917, 11.2991221], [-60.6540692, 11.2990518], [-60.6544018, 11.2987966], [-60.6544876, 11.2986494], [-60.6544903, 11.2985205], [-60.6544125, 11.2983863], [-60.6543884, 11.2982759], [-60.6544608, 11.2981259], [-60.6545493, 11.2980549], [-60.6546606, 11.2980523], [-60.6547142, 11.2980694], [-60.6547974, 11.298118], [-60.654898, 11.298118], [-60.6550093, 11.2980799], [-60.6551166, 11.298001], [-60.6551944, 11.2979747], [-60.6552668, 11.2979852], [-60.6554344, 11.2980681], [-60.65559, 11.2981075], [-60.6557885, 11.2980891], [-60.6559414, 11.2979865], [-60.6560379, 11.297855], [-60.6561667, 11.2978182], [-60.6563705, 11.297855], [-60.6566763, 11.2979182], [-60.6570518, 11.2978919], [-60.6574917, 11.2978866], [-60.6576634, 11.2979602], [-60.6577277, 11.2980812], [-60.6577492, 11.2983022], [-60.6578189, 11.2984389], [-60.6579369, 11.2984547], [-60.6580496, 11.2984021], [-60.6582481, 11.2983969], [-60.6584144, 11.298481], [-60.6586584, 11.2987703], [-60.6588006, 11.2990176], [-60.6589374, 11.2991123], [-60.6590983, 11.2990833], [-60.6592137, 11.2989597], [-60.6592834, 11.2988151], [-60.65938, 11.2987572], [-60.6595007, 11.2987835], [-60.6596133, 11.2988545], [-60.6597394, 11.298869], [-60.6598695, 11.2988348], [-60.6599741, 11.2987677], [-60.6601484, 11.2987401], [-60.6602852, 11.298748], [-60.6603684, 11.2987796], [-60.6604971, 11.2987625], [-60.6605588, 11.2987125], [-60.6606098, 11.2986323], [-60.6606191, 11.2985349], [-60.66065, 11.2984666], [-60.6606885, 11.2984534], [-60.6607331, 11.2984495], [-60.6608243, 11.298485], [-60.660874, 11.2984968], [-60.6609289, 11.2984777], [-60.6611073, 11.2983909], [-60.6611777, 11.2983396], [-60.6612079, 11.2982765], [-60.6612213, 11.2982062], [-60.6612086, 11.298101], [-60.6612206, 11.2980556], [-60.6612528, 11.2980326], [-60.6613051, 11.2980365], [-60.6613527, 11.2980773], [-60.6613856, 11.2981312], [-60.6614111, 11.2981391], [-60.6614412, 11.2981273], [-60.6615338, 11.2980181], [-60.6615821, 11.2979352], [-60.6616578, 11.2979175], [-60.6616954, 11.2979326], [-60.6617269, 11.297976], [-60.6617376, 11.2980668], [-60.6617604, 11.2981424], [-60.6617879, 11.298166], [-60.6618181, 11.2981733], [-60.661863, 11.29817], [-60.6619482, 11.2981871], [-60.6620434, 11.2982265], [-60.6621909, 11.2983179], [-60.6625021, 11.2984626], [-60.6626791, 11.2985073], [-60.6627059, 11.2985257], [-60.6627086, 11.2985731], [-60.6625047, 11.2988677], [-60.662325, 11.2990965], [-60.6621668, 11.2992175], [-60.6620193, 11.2993122], [-60.6620032, 11.2993621], [-60.66203, 11.2994384], [-60.6620836, 11.2994674], [-60.6621701, 11.2994795], [-60.6622607, 11.2994332], [-60.6624082, 11.2993122], [-60.6624833, 11.2992122], [-60.6625101, 11.2991701], [-60.6625477, 11.2991491], [-60.6626576, 11.2991175], [-60.6627488, 11.2990518], [-60.6628454, 11.2988992], [-60.6629071, 11.2986914], [-60.6629661, 11.2985573], [-60.6630573, 11.2984126], [-60.663127, 11.2983784], [-60.6632718, 11.2983469], [-60.6633604, 11.2983732], [-60.663406, 11.298431], [-60.6633765, 11.298581], [-60.6633174, 11.2988361], [-60.6632987, 11.2989834], [-60.6633094, 11.2991649], [-60.6633416, 11.299207], [-60.6633952, 11.2991991], [-60.6634489, 11.2991386], [-60.6635535, 11.2990123], [-60.6636071, 11.2989255], [-60.6636339, 11.2988335], [-60.6636849, 11.298819], [-60.6637332, 11.2988414], [-60.6637466, 11.2989255], [-60.6637278, 11.2990281], [-60.663693, 11.2991044], [-60.6636214, 11.2992552], [-60.6636044, 11.2993937], [-60.6636071, 11.2994884], [-60.6635723, 11.2996304], [-60.6635883, 11.2997646], [-60.6636232, 11.2998145], [-60.663701, 11.2998145], [-60.6638888, 11.2996725], [-60.6639987, 11.2995831], [-60.6640846, 11.2994411], [-60.6641087, 11.2993306], [-60.6640738, 11.2992201], [-60.6639585, 11.2991281], [-60.6639075, 11.2990939], [-60.6638968, 11.2990439], [-60.6639236, 11.2989913], [-60.6640014, 11.2989466], [-60.6643179, 11.2988598], [-60.6643555, 11.2988098], [-60.6643501, 11.2987256], [-60.6643226, 11.2986586], [-60.6643092, 11.298579], [-60.6643112, 11.2984889], [-60.6644963, 11.298197], [-60.6646559, 11.2979445], [-60.6648168, 11.2977814], [-60.6648785, 11.2977498], [-60.6649616, 11.2977472], [-60.6650341, 11.2978077], [-60.6650609, 11.2982916], [-60.6651628, 11.2986862], [-60.6653532, 11.2987625], [-60.665592, 11.2986809], [-60.66575, 11.29844], [-60.6658387, 11.2980839], [-60.6658843, 11.2973658], [-60.6659567, 11.2971843], [-60.6660989, 11.2969976], [-60.6666085, 11.2966846], [-60.6668365, 11.2966688], [-60.6670538, 11.2967345], [-60.6672308, 11.2966846], [-60.6673086, 11.2965557], [-60.667322, 11.2963716], [-60.6673501, 11.2963019], [-60.6674199, 11.2962769], [-60.6676774, 11.2963637], [-60.6677632, 11.29634], [-60.6678101, 11.2962966], [-60.667837, 11.296123], [-60.6678665, 11.2959652], [-60.6679644, 11.2958981], [-60.668081, 11.2959034], [-60.6682393, 11.2960454], [-60.6684914, 11.2963874], [-60.6686376, 11.2964755], [-60.668769, 11.2964952], [-60.6688173, 11.2964755], [-60.6688428, 11.2964281], [-60.668828, 11.296344], [-60.6688736, 11.2963045], [-60.668942, 11.2962979], [-60.6693336, 11.2967635], [-60.6696475, 11.2968989], [-60.6700552, 11.2968476], [-60.6702536, 11.2966635], [-60.6704253, 11.2964715], [-60.6705339, 11.2964268], [-60.6706131, 11.2964334], [-60.6706882, 11.2965044], [-60.6707338, 11.2966517], [-60.670778, 11.2968384], [-60.6708317, 11.2970094], [-60.6708598, 11.2971514], [-60.670896, 11.2972737], [-60.6709497, 11.2973934], [-60.6710342, 11.2975473], [-60.6710838, 11.2975756], [-60.6711783, 11.2975756], [-60.6712454, 11.2975545], [-60.671299, 11.2974986], [-60.6713098, 11.2974191], [-60.6712769, 11.2973145], [-60.6711656, 11.2971843], [-60.6710798, 11.2970844], [-60.6710462, 11.2969634], [-60.6710368, 11.2968069], [-60.671069, 11.2966662], [-60.6710945, 11.296557], [-60.6711254, 11.2965162], [-60.6712018, 11.2965018], [-60.6713024, 11.2965005], [-60.6713882, 11.2964768], [-60.6714351, 11.2964137], [-60.6714338, 11.2963301], [-60.6714117, 11.296242], [-60.6714217, 11.2961835], [-60.6714727, 11.2961638], [-60.6716739, 11.2962072], [-60.6718335, 11.2961875], [-60.6719273, 11.2960967], [-60.6719971, 11.2959428], [-60.6719381, 11.2957535], [-60.6714392, 11.2953116], [-60.6711506, 11.2951585], [-60.6708705, 11.2949276], [-60.6707311, 11.2946299], [-60.6706439, 11.2942437], [-60.6706586, 11.2941569], [-60.6707177, 11.2940714], [-60.6708263, 11.294032], [-60.6708933, 11.2939715], [-60.6709296, 11.293861], [-60.670884, 11.293694], [-60.6706667, 11.2931627], [-60.6704414, 11.292605], [-60.6702375, 11.2920422], [-60.6701571, 11.2918475], [-60.670141, 11.291595], [-60.6701946, 11.2913688], [-60.6703441, 11.2908703], [-60.6705877, 11.2905471], [-60.6709931, 11.2902193], [-60.6714961, 11.2898629], [-60.6720277, 11.2896248], [-60.6724254, 11.2896183], [-60.6726132, 11.2896472], [-60.6727956, 11.2897012], [-60.6728071, 11.2901931], [-60.6728862, 11.2903127], [-60.6729734, 11.2903943], [-60.673082, 11.2904541], [-60.6731632, 11.2904469], [-60.6732021, 11.290416], [-60.6732135, 11.2903574], [-60.6731839, 11.2901865], [-60.6732161, 11.2900629], [-60.6733663, 11.2899997], [-60.6740295, 11.2900732], [-60.674363, 11.290144], [-60.6746498, 11.2902141], [-60.674957, 11.2903449], [-60.6751891, 11.2905649], [-60.6753668, 11.2907244], [-60.6754942, 11.2910111], [-60.6755215, 11.2913359], [-60.6755456, 11.2915148], [-60.6756663, 11.2916029], [-60.6757575, 11.2916003], [-60.6758367, 11.2915674], [-60.6758729, 11.2914793], [-60.6758943, 11.2913096], [-60.6759641, 11.291261], [-60.6760687, 11.2912478], [-60.6761357, 11.2912912], [-60.6761746, 11.291378], [-60.6761639, 11.2914701], [-60.6761035, 11.2916174], [-60.6761827, 11.2916923], [-60.676302, 11.2916989], [-60.6764106, 11.2916075], [-60.6764328, 11.2915536], [-60.6764402, 11.2914517], [-60.6765407, 11.2913892], [-60.6766044, 11.2913879], [-60.6766541, 11.2914398], [-60.6766648, 11.2914997], [-60.6766541, 11.2916338], [-60.676636, 11.2916864], [-60.6766085, 11.2917147], [-60.6765716, 11.2917272], [-60.6765072, 11.2917331], [-60.6764811, 11.2917601], [-60.676479, 11.2918028], [-60.6766443, 11.2919501], [-60.676707, 11.2919672], [-60.6767654, 11.2919626], [-60.6768049, 11.2919415], [-60.6768351, 11.2919093], [-60.6768767, 11.2918699], [-60.6769605, 11.2918344], [-60.6770705, 11.2918054], [-60.6771154, 11.2917686], [-60.6771181, 11.2917318], [-60.6770919, 11.2916903], [-60.6770048, 11.2916792], [-60.6769565, 11.2916187], [-60.6769511, 11.2915713], [-60.6769779, 11.2915108], [-60.677053, 11.2914687], [-60.6771684, 11.2914372], [-60.6772944, 11.2914109], [-60.677399, 11.2913846], [-60.677501, 11.2912741], [-60.677568, 11.2911268], [-60.6775841, 11.2909769], [-60.6775627, 11.2908454], [-60.6775251, 11.2905508], [-60.6775787, 11.2904508], [-60.677686, 11.2903667], [-60.6779328, 11.2902036], [-60.6780642, 11.2901168], [-60.6781179, 11.2900405], [-60.6781715, 11.2899274], [-60.678201, 11.2898616], [-60.6782439, 11.2898011], [-60.678311, 11.2897827], [-60.6783754, 11.2897985], [-60.678429, 11.2898669], [-60.6785148, 11.2899616], [-60.6785846, 11.2900484], [-60.6787321, 11.290151], [-60.6788448, 11.2901404], [-60.6788904, 11.290101], [-60.6789333, 11.2900379], [-60.6789413, 11.2899195], [-60.6788957, 11.2897748], [-60.6788555, 11.2896617], [-60.6788716, 11.2895986], [-60.6791586, 11.2894566], [-60.6792256, 11.2893014], [-60.6792069, 11.2890015], [-60.6792283, 11.2888884], [-60.6793624, 11.2888095], [-60.6796092, 11.2887701], [-60.6799364, 11.2887622], [-60.6802905, 11.2888095], [-60.6805448, 11.2888318], [-60.680674, 11.2889147], [-60.6808001, 11.289041], [-60.6808993, 11.2892383], [-60.6810039, 11.2893671], [-60.6810254, 11.2895197], [-60.6809771, 11.2896959], [-60.6809288, 11.2898537], [-60.6809396, 11.2900931], [-60.6809261, 11.2903272], [-60.6808323, 11.2906192], [-60.6806767, 11.2909216], [-60.6805667, 11.2910584], [-60.6805372, 11.2911899], [-60.6805801, 11.291282], [-60.6807303, 11.2914424], [-60.6808671, 11.2914898], [-60.6814626, 11.2914135], [-60.6816423, 11.2913451], [-60.6816638, 11.2912846], [-60.6816423, 11.291232], [-60.6815887, 11.2911584], [-60.6815967, 11.2911216], [-60.6816396, 11.2911005], [-60.6817013, 11.2910952], [-60.681763, 11.2911242], [-60.6818086, 11.291232], [-60.6818569, 11.2914109], [-60.6819132, 11.2914635], [-60.6820312, 11.2915056], [-60.6822109, 11.2915161], [-60.6827769, 11.2913504], [-60.6831135, 11.2912057], [-60.6832798, 11.2910992], [-60.6834917, 11.2909821], [-60.6835748, 11.2909795], [-60.6836499, 11.2909992], [-60.6836995, 11.2910742], [-60.683725, 11.2911899], [-60.6838055, 11.2913346], [-60.6838726, 11.2913714], [-60.6839342, 11.2913701], [-60.6840509, 11.2913201], [-60.6841917, 11.2912912], [-60.6843071, 11.2912951], [-60.6843956, 11.2913438], [-60.6845485, 11.2914911], [-60.6846712, 11.2916022], [-60.6846993, 11.29167], [-60.684704, 11.2917377], [-60.6846799, 11.2918146], [-60.6846826, 11.2919093], [-60.6847201, 11.291979], [-60.6848167, 11.2919869], [-60.6849441, 11.2919554], [-60.6851225, 11.2918962], [-60.685388, 11.2918436], [-60.6856294, 11.2918344], [-60.6856911, 11.291791], [-60.6857045, 11.2917568], [-60.6856857, 11.2916884], [-60.6855744, 11.29162], [-60.6854188, 11.2915621], [-60.6852499, 11.2915661], [-60.6850916, 11.2916594], [-60.684983, 11.2916923], [-60.684926, 11.2916923], [-60.6848864, 11.2916358], [-60.6848878, 11.2914806], [-60.6848925, 11.291401], [-60.684926, 11.2913333], [-60.6849873, 11.2912836], [-60.685037, 11.2912685], [-60.6850554, 11.2912439], [-60.6850584, 11.2912113], [-60.6850346, 11.2911794], [-60.6849816, 11.2911452], [-60.6849132, 11.2911031], [-60.6848925, 11.2910551], [-60.6849025, 11.2910098], [-60.6849629, 11.2909624], [-60.6850353, 11.2909558], [-60.6852378, 11.2909479], [-60.6853625, 11.2909045], [-60.685451, 11.2908441], [-60.6855959, 11.2907178], [-60.6857166, 11.2906021], [-60.6858534, 11.2905258], [-60.6859861, 11.2904929], [-60.6860746, 11.2904403], [-60.6861149, 11.2903561], [-60.6861216, 11.2902457], [-60.6859821, 11.28998], [-60.6858775, 11.2897485], [-60.6858292, 11.2896118], [-60.6858373, 11.2893882], [-60.6858748, 11.2892304], [-60.6859446, 11.2891173], [-60.6861243, 11.2889779], [-60.6863442, 11.2889147], [-60.6865588, 11.2889068], [-60.6866795, 11.2889437], [-60.68676, 11.2889568], [-60.6868994, 11.2889963], [-60.6870362, 11.2889752], [-60.6871167, 11.2889147], [-60.6871784, 11.2888069], [-60.6872723, 11.2887674], [-60.687401, 11.2887779], [-60.6875338, 11.2887937], [-60.6876652, 11.2887819], [-60.6877872, 11.2887082], [-60.6878972, 11.2886306], [-60.6879938, 11.2885702], [-60.6880823, 11.2885123], [-60.6881534, 11.2884176], [-60.6881627, 11.2883321], [-60.6881024, 11.2882151], [-60.6880065, 11.2881269], [-60.6879924, 11.2880645], [-60.6880005, 11.2879967], [-60.6880541, 11.2879165], [-60.688097, 11.2878521], [-60.6881728, 11.2878166], [-60.68827, 11.2878468], [-60.6883277, 11.2879257], [-60.688386, 11.2879533], [-60.6884377, 11.2879441], [-60.6884712, 11.2879297], [-60.6884953, 11.2878784], [-60.6884913, 11.2876903], [-60.6884953, 11.2875614], [-60.6885222, 11.2874049], [-60.6886375, 11.2873326], [-60.6888253, 11.2872695], [-60.6890331, 11.2872274], [-60.6891726, 11.2872655], [-60.6893376, 11.287372], [-60.6893617, 11.2875114], [-60.6893148, 11.2877206], [-60.6892571, 11.2878942], [-60.6892571, 11.287956], [-60.6892765, 11.2879796], [-60.6893094, 11.2879875], [-60.6893966, 11.287952], [-60.6895803, 11.2878402], [-60.6897463, 11.2877413], [-60.6897778, 11.2877403], [-60.6897965, 11.2877561], [-60.6897982, 11.2877903], [-60.6897734, 11.2878212], [-60.6896517, 11.2879385], [-60.6896346, 11.2879718], [-60.6896403, 11.2880043], [-60.6896862, 11.2880323], [-60.6897627, 11.2880572], [-60.6898901, 11.2880888], [-60.6899598, 11.2881309], [-60.6899719, 11.2881861], [-60.6899585, 11.2882486], [-60.6899645, 11.2882894], [-60.6899934, 11.288315], [-60.6900255, 11.2883242], [-60.6901288, 11.2883288], [-60.6902495, 11.2883518], [-60.6903715, 11.2884123], [-60.6905258, 11.288532], [-60.6905808, 11.2885583], [-60.6906398, 11.2885452], [-60.6907323, 11.2884755], [-60.6907819, 11.2884544], [-60.6908436, 11.2884715], [-60.6908785, 11.2885162], [-60.6908919, 11.2885715], [-60.690853, 11.2886399], [-60.6908047, 11.2887109], [-60.690802, 11.2887753], [-60.6908637, 11.2888424], [-60.6909575, 11.2888606], [-60.6912902, 11.2888043], [-60.6913284, 11.2887852], [-60.6913385, 11.2887503], [-60.6913237, 11.2886635], [-60.6913408, 11.2886451], [-60.6913599, 11.2886451], [-60.6913754, 11.2886537], [-60.6914216, 11.2888332], [-60.6914592, 11.28887], [-60.6915316, 11.2888779], [-60.691655, 11.2889068], [-60.6917381, 11.2889174], [-60.6917656, 11.2889147], [-60.6917891, 11.2889042], [-60.6918032, 11.2888772], [-60.6918052, 11.288849], [-60.691765, 11.288749], [-60.691716, 11.2886392], [-60.691722, 11.2886162], [-60.6917368, 11.2885958], [-60.6917596, 11.2885892], [-60.6917864, 11.2885991], [-60.6918642, 11.2886412], [-60.6919608, 11.2886517], [-60.6920647, 11.2886491], [-60.6921452, 11.2886458], [-60.6922296, 11.2886583], [-60.6923336, 11.28868], [-60.6924737, 11.2886833], [-60.6926253, 11.2886957], [-60.6926655, 11.2887135], [-60.692687, 11.2887431], [-60.6926863, 11.288772], [-60.6926762, 11.2888075], [-60.6926782, 11.2888378], [-60.6927138, 11.2889055], [-60.6927567, 11.2889285], [-60.6928633, 11.2889404], [-60.6929123, 11.2889502], [-60.6929626, 11.2889765], [-60.6930142, 11.2889844], [-60.6930685, 11.2889779], [-60.6931168, 11.2889621], [-60.6931543, 11.2889331], [-60.6931785, 11.2888647], [-60.6931731, 11.2888069], [-60.693149, 11.2887332], [-60.6931195, 11.2886727], [-60.69309, 11.2885807], [-60.6930819, 11.2885438], [-60.6930444, 11.2884939], [-60.6929746, 11.2884702], [-60.6928539, 11.2884781], [-60.6927466, 11.2884715], [-60.6926595, 11.2884531], [-60.6925978, 11.288411], [-60.692587, 11.2883518], [-60.6926005, 11.2882703], [-60.6926581, 11.2881112], [-60.692811, 11.2878573], [-60.6929901, 11.287664], [-60.6931107, 11.2875904], [-60.6932864, 11.2875105], [-60.693333, 11.2874911], [-60.693387, 11.287495], [-60.6935312, 11.2876456], [-60.6936532, 11.2877298], [-60.6938463, 11.2878231], [-60.6939617, 11.2879362], [-60.6939966, 11.2879967], [-60.6940475, 11.2880967], [-60.6941199, 11.2881519], [-60.6942782, 11.2881677], [-60.6943721, 11.2881362], [-60.6944096, 11.288073], [-60.6944311, 11.2879389], [-60.694482, 11.2878442], [-60.6945652, 11.2878126], [-60.6946752, 11.2878363], [-60.6948575, 11.2878442], [-60.694989, 11.2878074], [-60.695056, 11.287739], [-60.6951392, 11.2876022], [-60.6952277, 11.2874654], [-60.6952974, 11.2874417], [-60.6954047, 11.2874602], [-60.6955496, 11.2875391], [-60.695807, 11.2876574], [-60.6959868, 11.2876837], [-60.6961343, 11.2876285], [-60.6962094, 11.287518], [-60.6962469, 11.2873865], [-60.6963314, 11.287276], [-60.6964293, 11.2871932], [-60.6965125, 11.287109], [-60.696597, 11.2870419], [-60.6967123, 11.2869985], [-60.6968625, 11.2869696], [-60.696959, 11.2869249], [-60.6970395, 11.2868683], [-60.6971294, 11.2868302], [-60.69723, 11.2868091], [-60.6973654, 11.2867421], [-60.6974673, 11.2867421], [-60.6975237, 11.2867657], [-60.6976309, 11.2868052], [-60.6977302, 11.2868157], [-60.6978053, 11.2868262], [-60.6979367, 11.2868315], [-60.6979877, 11.2867894], [-60.697985, 11.2867184], [-60.6978214, 11.2866027], [-60.6977463, 11.2865843], [-60.6976524, 11.2865395], [-60.6975988, 11.2864975], [-60.6975719, 11.2864212], [-60.6975397, 11.286266], [-60.6975076, 11.2860924], [-60.6975129, 11.2859319], [-60.6975827, 11.285782], [-60.6976497, 11.2857084], [-60.6977141, 11.2856978], [-60.6977677, 11.2857162], [-60.6979984, 11.2858451], [-60.6981218, 11.285832], [-60.6983337, 11.285711], [-60.6985214, 11.2855374], [-60.6986609, 11.2853953], [-60.6986609, 11.2853348], [-60.6986341, 11.2852796], [-60.698506, 11.2851424], [-60.6980267, 11.2850277], [-60.6976819, 11.2849193], [-60.6973815, 11.2846615], [-60.6972711, 11.2842917], [-60.697351, 11.2840681], [-60.6975961, 11.2838513], [-60.6980221, 11.2836609], [-60.6982532, 11.2836356], [-60.698411, 11.2835768], [-60.6985027, 11.2834357], [-60.6984758, 11.2832989], [-60.6981915, 11.2831043], [-60.697875, 11.282978], [-60.6976336, 11.2827571], [-60.6973976, 11.2825887], [-60.6972003, 11.2824111], [-60.6970623, 11.2821758], [-60.6969135, 11.2821297], [-60.6967673, 11.2821521], [-60.6965902, 11.2822652], [-60.6964535, 11.2823073], [-60.6963301, 11.2822994], [-60.6961504, 11.2821442], [-60.6959063, 11.2817786], [-60.6958682, 11.2816183], [-60.695807, 11.2812893], [-60.6957749, 11.2807896], [-60.6958017, 11.2804213], [-60.6958982, 11.2798952], [-60.6959894, 11.2795743], [-60.6963703, 11.278559], [-60.6965822, 11.2781513], [-60.6969363, 11.2776436], [-60.6972742, 11.2771991], [-60.6973466, 11.277086], [-60.6973869, 11.2769439], [-60.6974553, 11.2768137], [-60.6974895, 11.2767854], [-60.6975397, 11.2767835], [-60.6975867, 11.2768301], [-60.6976484, 11.2769229], [-60.6976873, 11.2770189], [-60.6977503, 11.2770912], [-60.6978308, 11.2771346], [-60.6979047, 11.2771361], [-60.6979674, 11.2770889], [-60.697989, 11.2770333], [-60.697962, 11.2769563], [-60.6978957, 11.2768668], [-60.6978397, 11.2767628], [-60.6977932, 11.2766717], [-60.6977838, 11.2765914], [-60.6978334, 11.2765296], [-60.6979354, 11.2765033], [-60.6979997, 11.2764954], [-60.6980319, 11.2764586], [-60.6980145, 11.2763955], [-60.6979407, 11.2763415], [-60.6978603, 11.2762902], [-60.6978174, 11.276189], [-60.6978107, 11.2760535], [-60.6979072, 11.2758549], [-60.6982505, 11.2754814], [-60.6987602, 11.2750553], [-60.6992859, 11.2748343], [-60.6996828, 11.2747238], [-60.7006323, 11.2746554], [-60.7010293, 11.2744924], [-60.7016288, 11.2742109], [-60.7016851, 11.2741754], [-60.7017394, 11.274109], [-60.7017548, 11.274032], [-60.7017481, 11.2739123], [-60.7017414, 11.2736881], [-60.7017783, 11.2736342], [-60.7018152, 11.2736177], [-60.7018715, 11.2736151], [-60.7019091, 11.2736348], [-60.7019379, 11.2736506], [-60.7019795, 11.2736519], [-60.7020157, 11.2736388], [-60.702075, 11.2735931], [-60.7021381, 11.2735303], [-60.7021934, 11.2734796], [-60.7022537, 11.2734231], [-60.7022799, 11.273354], [-60.7022658, 11.2732587], [-60.7022249, 11.2731449], [-60.702188, 11.2730298], [-60.7021954, 11.2729818], [-60.7022336, 11.2729404], [-60.702585, 11.2727983], [-60.7027305, 11.2727747], [-60.702821, 11.2728089], [-60.7030571, 11.2729562], [-60.7031529, 11.2730226], [-60.7033078, 11.2731258], [-60.7033984, 11.2731607], [-60.7034654, 11.2731548], [-60.703511, 11.2731245], [-60.7035352, 11.2730982], [-60.7035378, 11.2730617], [-60.7035043, 11.2729779], [-60.7035157, 11.2729384], [-60.7035653, 11.272897], [-60.7036626, 11.2728766], [-60.7037075, 11.272847], [-60.7037303, 11.272799], [-60.703737, 11.2726471], [-60.7037397, 11.2724117], [-60.703804, 11.2721473], [-60.7039744, 11.2718856], [-60.7042748, 11.2715712], [-60.7043646, 11.2715357], [-60.7044464, 11.2715318], [-60.7045323, 11.2715791], [-60.7046194, 11.2716646], [-60.7046818, 11.2716574], [-60.7047173, 11.2716238], [-60.7047395, 11.2715318], [-60.7047723, 11.2714838], [-60.7048139, 11.2714673], [-60.704887, 11.2715068], [-60.7050794, 11.2716948], [-60.705294, 11.2718461], [-60.7054321, 11.2719697], [-60.7055622, 11.2720158], [-60.7056762, 11.2720013], [-60.7057621, 11.2719526], [-60.7058211, 11.2718224], [-60.7058908, 11.2717935], [-60.7059552, 11.2718211], [-60.7060128, 11.2718829], [-60.7061322, 11.2719566], [-60.7062274, 11.2719474], [-60.7063025, 11.2718908], [-60.7063951, 11.2717646], [-60.7064782, 11.2717146], [-60.7065989, 11.2717133], [-60.7067545, 11.2717185], [-60.7068953, 11.2716751], [-60.7070147, 11.271512], [-60.7070267, 11.2713779], [-60.7069865, 11.2712608], [-60.7069154, 11.2711793], [-60.706906, 11.2711267], [-60.7069181, 11.2710833], [-60.7069516, 11.2710596], [-60.7070965, 11.2710675], [-60.7072279, 11.2711148], [-60.7073104, 11.2712089], [-60.7073566, 11.271224], [-60.7074016, 11.2711957], [-60.7074156, 11.2711346], [-60.7073915, 11.271053], [-60.7073754, 11.2708991], [-60.7074317, 11.2706861], [-60.7075578, 11.2703678], [-60.7078663, 11.2699679], [-60.708164, 11.2697207], [-60.7086361, 11.2694208], [-60.7092905, 11.2692104], [-60.7094729, 11.269042], [-60.7096607, 11.2685527], [-60.7098591, 11.2683318], [-60.7103258, 11.2680582], [-60.7105887, 11.2677425], [-60.7107765, 11.2675531], [-60.7108918, 11.2675479], [-60.7110125, 11.2676373], [-60.7111117, 11.2677189], [-60.7112405, 11.2677531], [-60.7114443, 11.2677004], [-60.7115704, 11.2675847], [-60.7117313, 11.2674348], [-60.7119191, 11.2672217], [-60.7121122, 11.2671165], [-60.7123482, 11.267127], [-60.7125199, 11.2672007], [-60.7128686, 11.2674269], [-60.7130349, 11.2674479], [-60.7133567, 11.2673111], [-60.7137215, 11.2670481], [-60.7140756, 11.2670007], [-60.7144564, 11.2670849], [-60.7146281, 11.2671533], [-60.7147515, 11.2671375], [-60.7148749, 11.267006], [-60.7149553, 11.2666219], [-60.715127, 11.266422], [-60.7154489, 11.2663642], [-60.7157815, 11.266422], [-60.7160443, 11.2664273], [-60.7161583, 11.2663312], [-60.716114, 11.2660169], [-60.7161476, 11.2658933], [-60.7161946, 11.2657802], [-60.7163608, 11.2656276], [-60.7165325, 11.2654645], [-60.7165727, 11.2653409], [-60.7165754, 11.2652225], [-60.7164306, 11.2647332], [-60.7162911, 11.2642124], [-60.7163233, 11.2638757], [-60.7164037, 11.2637231], [-60.7165378, 11.2635021], [-60.7169402, 11.2631549], [-60.7169831, 11.2630128], [-60.7169187, 11.2628813], [-60.7166505, 11.2627287], [-60.7164306, 11.2625814], [-60.7163715, 11.2624236], [-60.7163936, 11.2621659], [-60.716621, 11.2618002], [-60.7169455, 11.2614319], [-60.717254, 11.2612372], [-60.7173049, 11.2612135], [-60.7173559, 11.2612109], [-60.7175678, 11.2612951], [-60.7176644, 11.2612767], [-60.7177904, 11.2611662], [-60.7179728, 11.2607821], [-60.718005, 11.2606401], [-60.7180104, 11.2604402], [-60.7180533, 11.2602639], [-60.7181633, 11.2600877], [-60.7184261, 11.2599351], [-60.7186353, 11.2598404], [-60.7188767, 11.2598088], [-60.7191262, 11.2599167], [-60.7194319, 11.260156], [-60.7197994, 11.2604296], [-60.7198209, 11.2604717], [-60.719786, 11.260598], [-60.7198048, 11.2607637], [-60.7198826, 11.2609163], [-60.7200167, 11.2610268], [-60.7203117, 11.2610873], [-60.7206363, 11.2611346], [-60.7210064, 11.2611346], [-60.7212183, 11.2610846], [-60.7213873, 11.2610005], [-60.721508, 11.2610031], [-60.7216716, 11.261032], [-60.7217601, 11.2610426], [-60.7218272, 11.2610031], [-60.721854, 11.2609373], [-60.7218111, 11.2608426], [-60.7216501, 11.2607585], [-60.7216086, 11.2607085], [-60.7215871, 11.260644], [-60.721626, 11.2605559], [-60.7216327, 11.2604743], [-60.7216367, 11.2603744], [-60.721681, 11.2603284], [-60.7217816, 11.260331], [-60.7218298, 11.2603455], [-60.721858, 11.260331], [-60.7218634, 11.2602942], [-60.721866, 11.2602297], [-60.7219103, 11.2602073], [-60.7219854, 11.2602205], [-60.7220458, 11.2602784], [-60.7221222, 11.260527], [-60.7222831, 11.260769], [-60.7223851, 11.2608584], [-60.7224414, 11.2608426], [-60.7225031, 11.2607348], [-60.7225835, 11.2605401], [-60.7226533, 11.260327], [-60.722672, 11.2601376], [-60.7227445, 11.2600535], [-60.7228598, 11.2600087], [-60.7230717, 11.2599877], [-60.7232004, 11.2599298], [-60.7233185, 11.2598641], [-60.7233506, 11.259793], [-60.7233211, 11.259722], [-60.7230851, 11.2596089], [-60.7229885, 11.2595221], [-60.7229912, 11.2594169], [-60.723061, 11.2593485], [-60.723187, 11.25933], [-60.7233399, 11.2593774], [-60.7234713, 11.2593906], [-60.7235786, 11.2593511], [-60.7236162, 11.2592459], [-60.7235518, 11.2586514], [-60.7236108, 11.2585698], [-60.7237422, 11.258533], [-60.723871, 11.2585567], [-60.7240507, 11.2586724], [-60.7241312, 11.2587908], [-60.7241687, 11.2589144], [-60.7241848, 11.258996], [-60.7242599, 11.2590986], [-60.7243672, 11.2591222], [-60.7244664, 11.2590722], [-60.7244772, 11.2589618], [-60.724445, 11.2588565], [-60.7244289, 11.2587803], [-60.724437, 11.2586855], [-60.7245737, 11.2585093], [-60.7245952, 11.2584093], [-60.7244853, 11.2580253], [-60.7244719, 11.2579306], [-60.7245308, 11.2578385], [-60.7246757, 11.2577859], [-60.7249868, 11.2577096], [-60.7251155, 11.2576359], [-60.7251316, 11.2575807], [-60.725078, 11.2574939], [-60.7249922, 11.2574308], [-60.7246113, 11.2571309], [-60.7244825, 11.2570204], [-60.724386, 11.2569046], [-60.7243699, 11.2567521], [-60.7244343, 11.2565258], [-60.7246327, 11.2561891], [-60.7249492, 11.255884], [-60.7252979, 11.2556367], [-60.7256144, 11.2554841], [-60.7259041, 11.2554262], [-60.7262796, 11.2555209], [-60.726521, 11.2557787], [-60.7267302, 11.256005], [-60.7269877, 11.2561365], [-60.7272613, 11.2561312], [-60.7273966, 11.2560271], [-60.7275027, 11.2559681], [-60.7275885, 11.2559839], [-60.7277227, 11.2561049], [-60.7278514, 11.256126], [-60.7279372, 11.2560155], [-60.7279265, 11.2557945], [-60.7278353, 11.2554841], [-60.7275832, 11.2553421], [-60.7271969, 11.2552737], [-60.7271165, 11.255179], [-60.7271004, 11.2549422], [-60.7271916, 11.2547002], [-60.7274652, 11.254132], [-60.7278782, 11.2537742], [-60.7284415, 11.2534006], [-60.7289887, 11.2533165], [-60.7298362, 11.2533165], [-60.7300991, 11.253398], [-60.7302547, 11.2535322], [-60.7303834, 11.2537584], [-60.7304961, 11.2541504], [-60.7306194, 11.2543266], [-60.7307482, 11.2544292], [-60.7308447, 11.2544266], [-60.7308716, 11.2542977], [-60.7308072, 11.2540188], [-60.730783, 11.2538137], [-60.7308233, 11.2536453], [-60.7309359, 11.2535164], [-60.7310861, 11.2533586], [-60.73129, 11.2530376], [-60.7313839, 11.252964], [-60.7314804, 11.2529771], [-60.7315877, 11.2530534], [-60.7317674, 11.2530955], [-60.7319525, 11.2530744], [-60.7322314, 11.2529797], [-60.7324487, 11.2529455], [-60.7327196, 11.2529797], [-60.7330012, 11.253106], [-60.7331702, 11.2532744], [-60.7333463, 11.2535002], [-60.7334599, 11.253569], [-60.7335779, 11.2535716], [-60.7336745, 11.2535164], [-60.7337576, 11.2534217], [-60.7338837, 11.2532349], [-60.7340446, 11.2530929], [-60.7341412, 11.2529903], [-60.7341546, 11.2529008], [-60.7341009, 11.2527614], [-60.7340875, 11.252672], [-60.7341331, 11.2525983], [-60.7342243, 11.2525352], [-60.7342431, 11.2524747], [-60.7342055, 11.2523668], [-60.7341948, 11.2522405], [-60.7342672, 11.2521458], [-60.7343692, 11.2521011], [-60.7345408, 11.2520722], [-60.7346213, 11.2519854], [-60.734632, 11.2518749], [-60.734573, 11.2516802], [-60.7345864, 11.2516092], [-60.7346508, 11.2515829], [-60.7347474, 11.251625], [-60.7348385, 11.2517302], [-60.7348868, 11.2518565], [-60.7349378, 11.2519959], [-60.7350397, 11.2521143], [-60.7352248, 11.2522169], [-60.7353535, 11.2521958], [-60.7354286, 11.2521116], [-60.735485, 11.2520038], [-60.7355493, 11.2519932], [-60.7355896, 11.2520235], [-60.7355976, 11.2520827], [-60.7355775, 11.2521866], [-60.735603, 11.2522326], [-60.7356714, 11.2522432], [-60.7357505, 11.25223], [-60.7358471, 11.2522576], [-60.7359262, 11.2523273], [-60.7361448, 11.2525115], [-60.7364237, 11.2525694], [-60.7366651, 11.2525536], [-60.7368609, 11.252501], [-60.7370943, 11.2523931], [-60.737223, 11.2523826], [-60.7373276, 11.2524431], [-60.7374162, 11.2524641], [-60.7375181, 11.2524299], [-60.7375744, 11.2522537], [-60.7375664, 11.2520485], [-60.7375234, 11.2518512], [-60.7374457, 11.251717], [-60.7373732, 11.2516276], [-60.7373437, 11.2515592], [-60.7373437, 11.2515276], [-60.7373759, 11.2514908], [-60.73751, 11.2514697], [-60.737628, 11.2513356], [-60.7376844, 11.251112], [-60.7376871, 11.2509462], [-60.7377809, 11.2508805], [-60.737966, 11.2508857], [-60.7381028, 11.2509147], [-60.7381457, 11.250962], [-60.7381457, 11.2510462], [-60.7380384, 11.2514119], [-60.7380545, 11.2514724], [-60.7380867, 11.2515697], [-60.7381725, 11.2516381], [-60.7382718, 11.2516223], [-60.7385105, 11.251475], [-60.7385856, 11.2514776], [-60.7386178, 11.2515276], [-60.7385749, 11.2516513], [-60.738363, 11.2518459], [-60.738371, 11.2519012], [-60.7384542, 11.2519275], [-60.7385883, 11.2519143], [-60.7388029, 11.2518985], [-60.7390979, 11.2517354], [-60.7392079, 11.2516197], [-60.7392293, 11.2514356], [-60.7391623, 11.2513224], [-60.7389289, 11.2512119], [-60.7388189, 11.2511541], [-60.7387653, 11.2510541], [-60.7388431, 11.250841], [-60.7390603, 11.2505648], [-60.739401, 11.2503885], [-60.7396397, 11.2503017], [-60.740042, 11.2503359], [-60.7400776, 11.2503254], [-60.740099, 11.2503024], [-60.7401031, 11.2502642], [-60.7400702, 11.2502281], [-60.7399133, 11.2501998], [-60.7398871, 11.2501695], [-60.7398831, 11.2501321], [-60.7399126, 11.2501011], [-60.7399495, 11.2500919], [-60.7401185, 11.2501307], [-60.740262, 11.2502005], [-60.7403545, 11.2501912], [-60.7404014, 11.2501255], [-60.7403961, 11.2500479], [-60.7403559, 11.2499308], [-60.7404001, 11.249869], [-60.7404645, 11.2498493], [-60.7405503, 11.2498624], [-60.7406187, 11.2499466], [-60.7406817, 11.2499643], [-60.7407501, 11.2499374], [-60.7408011, 11.2498387], [-60.7408494, 11.2497361], [-60.7408923, 11.2496375], [-60.7409835, 11.2494875], [-60.7411793, 11.249356], [-60.7413094, 11.2493402], [-60.7413737, 11.2493678], [-60.7414663, 11.2495415], [-60.7415481, 11.249648], [-60.7416219, 11.2497151], [-60.7417037, 11.2497322], [-60.7417573, 11.2497019], [-60.7417975, 11.2496388], [-60.7417969, 11.249431], [-60.7418291, 11.2493836], [-60.7418787, 11.24936], [-60.7420872, 11.2494007], [-60.7422052, 11.2494915], [-60.7422736, 11.249598], [-60.7422797, 11.2496875], [-60.7422093, 11.2498532], [-60.7421824, 11.2499716], [-60.7421905, 11.2501097], [-60.7422254, 11.2503425], [-60.7422857, 11.2506687], [-60.742393, 11.2507108], [-60.7424641, 11.250674], [-60.7425553, 11.250528], [-60.7427283, 11.2503517], [-60.7429366, 11.2502859], [-60.7431266, 11.2502504], [-60.7432634, 11.2502241], [-60.7433586, 11.2501663], [-60.7435745, 11.2499874], [-60.7436885, 11.2498716], [-60.7437019, 11.2497046], [-60.7436925, 11.24926], [-60.7436134, 11.2482222], [-60.7437086, 11.2480788], [-60.7438615, 11.2479762], [-60.7440721, 11.2479407], [-60.744355, 11.2479354], [-60.7445548, 11.2479183], [-60.7447413, 11.2478355], [-60.7448486, 11.2477079], [-60.7449988, 11.2475369], [-60.7451476, 11.2474948], [-60.7453246, 11.2475027], [-60.7454775, 11.2476053], [-60.7457149, 11.2477408], [-60.7460864, 11.2477697], [-60.7466497, 11.2477381], [-60.7469152, 11.247796], [-60.7470205, 11.2477717], [-60.7470828, 11.2476809], [-60.7470741, 11.2475454], [-60.7470976, 11.2473935], [-60.7471901, 11.247262], [-60.7473524, 11.2472357], [-60.7474852, 11.2472515], [-60.7476119, 11.2472376], [-60.7476964, 11.2471903], [-60.7477185, 11.2471081], [-60.7476836, 11.2469654], [-60.7475951, 11.2468424], [-60.7475241, 11.2467661], [-60.7474758, 11.2466293], [-60.7474731, 11.2464373], [-60.7475334, 11.2462189], [-60.7476622, 11.2460058], [-60.7477896, 11.2458151], [-60.7479505, 11.2456165], [-60.7485935, 11.2450236], [-60.7489175, 11.244751], [-60.7492715, 11.2446773], [-60.7494807, 11.2447036], [-60.7496819, 11.2448378], [-60.749808, 11.245014], [-60.7499501, 11.2450561], [-60.7500789, 11.2450088], [-60.7501942, 11.2448667], [-60.7503337, 11.2448299], [-60.7505187, 11.2448983], [-60.7506502, 11.2448799], [-60.7507521, 11.2447957], [-60.7507789, 11.24463], [-60.7507333, 11.2445353], [-60.7505563, 11.2443695], [-60.7505107, 11.2442248], [-60.7505912, 11.2439512], [-60.7507306, 11.2437013], [-60.7508782, 11.2435698], [-60.7511169, 11.2434856], [-60.7512376, 11.243404], [-60.7512832, 11.2432909], [-60.7512456, 11.2431568], [-60.751141, 11.2430305], [-60.7511115, 11.2428989], [-60.7511356, 11.2427858], [-60.7512054, 11.2426332], [-60.7513046, 11.2425412], [-60.7514548, 11.2424885], [-60.7516775, 11.2424675], [-60.7517832, 11.2424139], [-60.7518035, 11.2423175], [-60.7517552, 11.2420413], [-60.7517338, 11.2417704], [-60.7517847, 11.2415152], [-60.7519028, 11.241281], [-60.7520637, 11.2410732], [-60.7521978, 11.2408706], [-60.7522783, 11.2407417], [-60.7523829, 11.2406207], [-60.752466, 11.2405786], [-60.7526296, 11.2405681], [-60.7527798, 11.2405418], [-60.7528871, 11.2405155], [-60.7529676, 11.2404155], [-60.7530105, 11.2402945], [-60.7530642, 11.2401524], [-60.7531661, 11.2399472], [-60.7532385, 11.2398367], [-60.753378, 11.2397341], [-60.7535791, 11.2397236], [-60.7537106, 11.2396736], [-60.7538447, 11.2395631], [-60.7539439, 11.2393474], [-60.754011, 11.2390028], [-60.754137, 11.2387213], [-60.7542014, 11.2385608], [-60.7543194, 11.2384714], [-60.7545206, 11.2384714], [-60.754703, 11.2385792], [-60.7548693, 11.2385766], [-60.7550731, 11.2383951], [-60.7551751, 11.2382846], [-60.7552153, 11.2381741], [-60.7552367, 11.2380636], [-60.7552394, 11.2379584], [-60.7552663, 11.2378716], [-60.7553628, 11.23779], [-60.7553816, 11.2377374], [-60.7553682, 11.2376716], [-60.7552904, 11.2375874], [-60.7552958, 11.2375217], [-60.7553414, 11.2374927], [-60.755403, 11.237448], [-60.7554245, 11.2373743], [-60.7553896, 11.2372875], [-60.7553253, 11.2371665], [-60.7552341, 11.237006], [-60.7551107, 11.2367245], [-60.7551, 11.2364615], [-60.7551456, 11.2362431], [-60.7552877, 11.2359406], [-60.7555693, 11.2356591], [-60.7559019, 11.2354591], [-60.7562506, 11.2353749], [-60.7563767, 11.2353453], [-60.7564719, 11.2353526], [-60.7566295, 11.2353966], [-60.7567374, 11.2354098], [-60.7568669, 11.2353802], [-60.7571022, 11.2352066], [-60.757408, 11.2350106], [-60.7574636, 11.2350053], [-60.7575139, 11.2350198], [-60.7575515, 11.2350553], [-60.7575609, 11.2351487], [-60.7575797, 11.2353131], [-60.7575904, 11.2353947], [-60.7576253, 11.2354473], [-60.7576883, 11.2354657], [-60.7577634, 11.2354302], [-60.7578693, 11.2353736], [-60.7579666, 11.2352302], [-60.7579753, 11.2351612], [-60.7579505, 11.2351151], [-60.75787, 11.2350494], [-60.7578566, 11.2349718], [-60.7579035, 11.234906], [-60.7580826, 11.2348238], [-60.7583039, 11.2348264], [-60.7585734, 11.2349251], [-60.7587692, 11.2349461], [-60.7589087, 11.2348751], [-60.7589516, 11.2347567], [-60.758898, 11.2346173], [-60.7588148, 11.234441], [-60.7587692, 11.2341779], [-60.7588255, 11.233949], [-60.7589972, 11.2335728], [-60.7592011, 11.2332913], [-60.7593647, 11.2331387], [-60.759598, 11.2330335], [-60.759818, 11.2330098], [-60.7600594, 11.2330046], [-60.7602552, 11.2330309], [-60.7604376, 11.2330072], [-60.7606468, 11.2328862], [-60.7607809, 11.2327441], [-60.7608184, 11.2326468], [-60.7608452, 11.232581], [-60.7608908, 11.2325679], [-60.7609767, 11.2325915], [-60.7611966, 11.2326494], [-60.7613468, 11.2326573], [-60.7615292, 11.2326099], [-60.7616875, 11.2325073], [-60.7618457, 11.2324389], [-60.7621515, 11.2323653], [-60.7623366, 11.2322706], [-60.7625109, 11.2320811], [-60.7628328, 11.2316944], [-60.7631385, 11.231455], [-60.7633451, 11.2313471], [-60.7636347, 11.2312682], [-60.7638145, 11.2311814], [-60.7638869, 11.231092], [-60.7638949, 11.2310025], [-60.7637796, 11.2307973], [-60.7637769, 11.2306605], [-60.7637849, 11.2304895], [-60.7638332, 11.2304395], [-60.7639191, 11.2304369], [-60.7640183, 11.2304527], [-60.7641283, 11.2304211], [-60.7653406, 11.2298528], [-60.7655659, 11.2296976], [-60.7657054, 11.2295187], [-60.7657403, 11.2293372], [-60.765692, 11.2291241], [-60.7654828, 11.2288426], [-60.7652146, 11.2285085], [-60.7651609, 11.228298], [-60.7652199, 11.2280612], [-60.7654023, 11.2276824], [-60.765582, 11.2273772], [-60.7657671, 11.2271614], [-60.7659361, 11.2270562], [-60.7661292, 11.2270167], [-60.7663277, 11.2270588], [-60.7664618, 11.2271904], [-60.7666388, 11.2273956], [-60.7667542, 11.227485], [-60.7668722, 11.2274877], [-60.7669929, 11.2274351], [-60.7671243, 11.2274798], [-60.7672021, 11.2275929], [-60.7672638, 11.2277139], [-60.7673818, 11.2277955], [-60.7676044, 11.2278113], [-60.76776, 11.2276718], [-60.7678109, 11.227464], [-60.7678056, 11.2272641], [-60.7677332, 11.2268905], [-60.7677493, 11.2266879], [-60.7678244, 11.2265905], [-60.767988, 11.2265248], [-60.7682616, 11.2265248], [-60.7687497, 11.226484], [-60.7689469, 11.2264866], [-60.7690461, 11.2264656], [-60.7690957, 11.2264274], [-60.7691199, 11.2263656], [-60.7691199, 11.2263209], [-60.7691118, 11.226242], [-60.7691071, 11.2261722], [-60.769146, 11.2261012], [-60.7693311, 11.2259749], [-60.7694773, 11.2259276], [-60.7695463, 11.2259302], [-60.7696234, 11.2259651], [-60.7696878, 11.2259979], [-60.7697998, 11.2260986], [-60.7699218, 11.2261985], [-60.769999, 11.2262577], [-60.7700399, 11.2262715], [-60.7701062, 11.2262735], [-60.7701887, 11.2262544], [-60.7702531, 11.2262301], [-60.7703114, 11.2261985], [-60.7703349, 11.2261604], [-60.7703443, 11.2261163], [-60.7703336, 11.2261005], [-60.7703007, 11.2260966], [-60.7701988, 11.2261315], [-60.7701143, 11.226138], [-60.7700533, 11.2261308], [-60.7699943, 11.2260631], [-60.7699862, 11.2259946], [-60.7700573, 11.2258355], [-60.7701552, 11.2256934], [-60.7702598, 11.225627], [-60.7703979, 11.2255974], [-60.770528, 11.2255934], [-60.7706521, 11.225604], [-60.77076, 11.2256309], [-60.7709699, 11.2256921], [-60.7710524, 11.2257302], [-60.7711483, 11.2257697], [-60.7712033, 11.2257763], [-60.7712824, 11.22575], [-60.7713146, 11.2257092], [-60.7713119, 11.2256717], [-60.7712857, 11.2256474], [-60.7711845, 11.2256493], [-60.7711054, 11.2256375], [-60.7710551, 11.225577], [-60.7710564, 11.2254869], [-60.7711047, 11.2253751], [-60.7711892, 11.2252422], [-60.7713045, 11.2250975], [-60.7713729, 11.2250508], [-60.7714507, 11.2250403], [-60.7715285, 11.2250587], [-60.7715499, 11.2250975], [-60.7715667, 11.2251981], [-60.7716103, 11.2252488], [-60.7716961, 11.2252527], [-60.7717739, 11.2252185], [-60.7717994, 11.2251863], [-60.7718021, 11.2251251], [-60.7717833, 11.2250469], [-60.7717934, 11.2249614], [-60.7718235, 11.2248962], [-60.7719228, 11.2248528], [-60.772014, 11.2248397], [-60.7720931, 11.2248436], [-60.77214, 11.2248686], [-60.7721682, 11.2249186], [-60.7722057, 11.2250462], [-60.7722782, 11.2252277], [-60.7722989, 11.2252738], [-60.7723399, 11.2252948], [-60.7723821, 11.2252948], [-60.7724109, 11.225258], [-60.772431, 11.2251357], [-60.7724552, 11.2251192], [-60.7724981, 11.2251179], [-60.7725859, 11.2252185], [-60.7726517, 11.2252777], [-60.7727087, 11.2252777], [-60.7727408, 11.2252527], [-60.7727556, 11.225187], [-60.7727717, 11.2250791], [-60.7728092, 11.2250442], [-60.7728528, 11.2250456], [-60.7729433, 11.2250923], [-60.7730533, 11.2251311], [-60.7731278, 11.2251324], [-60.7732183, 11.225108], [-60.7732793, 11.2250909], [-60.7733497, 11.2251054], [-60.7735308, 11.2252343], [-60.7737038, 11.2254948], [-60.7738258, 11.2257579], [-60.7738365, 11.2258763], [-60.7738144, 11.2259407], [-60.7737064, 11.2260025], [-60.773512, 11.226088], [-60.7733671, 11.2261525], [-60.7732867, 11.2262367], [-60.7732558, 11.2263327], [-60.7732652, 11.2263972], [-60.7733175, 11.2264498], [-60.7733846, 11.22648], [-60.7734798, 11.2264682], [-60.7735656, 11.2264419], [-60.7736997, 11.2264169], [-60.7738499, 11.2264235], [-60.7739881, 11.2264301], [-60.7741892, 11.2264064], [-60.7743716, 11.226309], [-60.7749307, 11.2256708], [-60.7749859, 11.2254579], [-60.7749201, 11.2252225], [-60.774751, 11.22503], [-60.7745808, 11.2248765], [-60.7745326, 11.2247713], [-60.7745527, 11.2246161], [-60.7746573, 11.22447], [-60.7748571, 11.2243096], [-60.7752782, 11.2240912], [-60.7763471, 11.2237413], [-60.7769063, 11.2236637], [-60.777086, 11.2236624], [-60.777365, 11.2236729], [-60.7774468, 11.2237137], [-60.7775246, 11.2237735], [-60.7775977, 11.2238445], [-60.7777604, 11.2241629], [-60.7779577, 11.2245858], [-60.778002, 11.2245996], [-60.7780449, 11.2245726], [-60.7780731, 11.224328], [-60.7781374, 11.2241478], [-60.7782206, 11.2240438], [-60.7783185, 11.2239491], [-60.7784405, 11.2239136], [-60.7786417, 11.2239162], [-60.7786953, 11.2239162], [-60.7787503, 11.223936], [-60.7787852, 11.2240215], [-60.7788335, 11.224057], [-60.7788791, 11.2240557], [-60.7789139, 11.2240202], [-60.7789099, 11.2239504], [-60.7788938, 11.2238452], [-60.7789059, 11.2237531], [-60.7789327, 11.2237176], [-60.778973, 11.2237031], [-60.7790293, 11.2236913], [-60.7791446, 11.2236466], [-60.7791902, 11.2235979], [-60.7793471, 11.2234295], [-60.7794786, 11.2233624], [-60.779614, 11.2233151], [-60.7797602, 11.223198], [-60.7798004, 11.2231349], [-60.7798286, 11.2230507], [-60.7798474, 11.2230073], [-60.779897, 11.2229481], [-60.7799654, 11.2228902], [-60.7800338, 11.222827], [-60.7800847, 11.2227218], [-60.7801639, 11.2226613], [-60.7802671, 11.2226363], [-60.7804066, 11.2226442], [-60.7805179, 11.2226231], [-60.7806185, 11.2225968], [-60.7808076, 11.2224627], [-60.7809779, 11.2222969], [-60.7810678, 11.2221351], [-60.7811992, 11.2218299], [-60.781226, 11.2216379], [-60.7812381, 11.2214037], [-60.7812059, 11.2212801], [-60.7811227, 11.2209722], [-60.7810999, 11.2207841], [-60.7811026, 11.2206947], [-60.7811321, 11.2206368], [-60.7812233, 11.2205618], [-60.7812837, 11.2205145], [-60.7813065, 11.2204697], [-60.7813011, 11.2204329], [-60.7812649, 11.2203803], [-60.781104, 11.2201369], [-60.7810128, 11.2200659], [-60.780939, 11.2200396], [-60.7807566, 11.2200488], [-60.7806547, 11.220029], [-60.7805233, 11.2199935], [-60.7804576, 11.2199935], [-60.7803288, 11.2200225], [-60.7802725, 11.2200567], [-60.7802336, 11.2201106], [-60.7801625, 11.2202566], [-60.7800901, 11.2203461], [-60.7799774, 11.2203987], [-60.7798621, 11.2204105], [-60.7797334, 11.2203947], [-60.7796167, 11.2202935], [-60.779551, 11.2202264], [-60.779492, 11.2202224], [-60.7794102, 11.2202724], [-60.7792921, 11.2204026], [-60.7791942, 11.2204829], [-60.7790628, 11.2205473], [-60.7789448, 11.2205907], [-60.7787986, 11.2206079], [-60.7786269, 11.2205658], [-60.7784137, 11.2203895], [-60.778226, 11.2201922], [-60.7780489, 11.2200212], [-60.7778424, 11.219858], [-60.7775688, 11.2195318], [-60.7772362, 11.2187583], [-60.7771558, 11.2179743], [-60.7771772, 11.2171692], [-60.7773811, 11.2159905], [-60.7775742, 11.2151276], [-60.7779658, 11.2141488], [-60.778513, 11.2132543], [-60.779264, 11.2124387], [-60.7802296, 11.2114862], [-60.7815032, 11.2101572], [-60.7823632, 11.2094781], [-60.78308, 11.20893], [-60.7836406, 11.2085887], [-60.7850963, 11.2079911], [-60.7855651, 11.2079762], [-60.7857067, 11.2079818], [-60.7860592, 11.2076829], [-60.7860412, 11.2074445], [-60.7858958, 11.2072625], [-60.7851249, 11.2064498], [-60.7848253, 11.2064179], [-60.7845935, 11.2063143], [-60.7843882, 11.2059588], [-60.7843324, 11.2057922], [-60.7842743, 11.2055506], [-60.7843119, 11.2052243], [-60.7844353, 11.2048349], [-60.7845318, 11.2046402], [-60.7847142, 11.2043877], [-60.7852078, 11.2039167], [-60.7861224, 11.203201], [-60.7868815, 11.2026722], [-60.7879061, 11.2020512], [-60.788177, 11.2019013], [-60.7885471, 11.2017408], [-60.7887805, 11.2017197], [-60.7889575, 11.2017645], [-60.7890755, 11.2018671], [-60.7891586, 11.2018907], [-60.7891975, 11.201875], [-60.789223, 11.2018381], [-60.7891989, 11.2017566], [-60.789164, 11.2017066], [-60.7891265, 11.2016197], [-60.7891452, 11.2015171], [-60.7891747, 11.2014435], [-60.7892954, 11.2013408], [-60.7895261, 11.2012527], [-60.7897756, 11.2011869], [-60.790021, 11.2011632], [-60.7901216, 11.2012001], [-60.7902315, 11.201283], [-60.7902771, 11.20135], [-60.7903066, 11.2014382], [-60.7903227, 11.2014711], [-60.7903562, 11.2015211], [-60.7904166, 11.201525], [-60.7904783, 11.2015132], [-60.7905306, 11.2014777], [-60.79054, 11.2014014], [-60.7905158, 11.2013185], [-60.7905427, 11.201258], [-60.7905775, 11.2012461], [-60.7906419, 11.2012514], [-60.7907881, 11.2012461], [-60.7909088, 11.2011909], [-60.7909678, 11.2011356], [-60.7909893, 11.2010804], [-60.7909732, 11.2010225], [-60.7909302, 11.2009541], [-60.7909249, 11.2009054], [-60.7909584, 11.2008317], [-60.7910389, 11.2007436], [-60.7912132, 11.2006778], [-60.7914788, 11.2006357], [-60.7917577, 11.2006568], [-60.7920474, 11.2007067], [-60.7923317, 11.200712], [-60.7926482, 11.2006594], [-60.7928816, 11.2005647], [-60.7930532, 11.2004594], [-60.7931846, 11.2003226], [-60.7932436, 11.2001831], [-60.7932316, 11.2000174], [-60.793131, 11.1999148], [-60.7930546, 11.1998622], [-60.7930183, 11.1997937], [-60.7930237, 11.1996806], [-60.7930693, 11.1995767], [-60.7931833, 11.1994477], [-60.7933724, 11.1993044], [-60.7937385, 11.1991439], [-60.7942602, 11.1989741], [-60.7947108, 11.1989005], [-60.7953814, 11.1987768], [-60.7960412, 11.1987729], [-60.7963724, 11.1987965], [-60.7964771, 11.1988058], [-60.7965421, 11.1988584], [-60.796577, 11.1989149], [-60.7965937, 11.1989991], [-60.7966011, 11.1990478], [-60.7966306, 11.1990919], [-60.7967278, 11.1991123], [-60.7968847, 11.1990952], [-60.7970524, 11.1990452], [-60.7972321, 11.1989465], [-60.7974601, 11.198736], [-60.79768, 11.1985413], [-60.7978353, 11.1984102], [-60.7980448, 11.1981098], [-60.7981414, 11.1979099], [-60.798136, 11.1977572], [-60.7979965, 11.1975994], [-60.7970685, 11.1972573], [-60.7967788, 11.1971942], [-60.796414, 11.1971679], [-60.7963121, 11.19711], [-60.7962249, 11.1969499], [-60.7960197, 11.1960917], [-60.7960385, 11.1953221], [-60.7960298, 11.1952741], [-60.796007, 11.1951912], [-60.7958803, 11.195009], [-60.7956429, 11.1947472], [-60.7955369, 11.1945656], [-60.7954779, 11.1943683], [-60.7954699, 11.1941394], [-60.7954887, 11.1938368], [-60.7955074, 11.1935013], [-60.7955557, 11.1930632], [-60.795781, 11.1925331], [-60.7959916, 11.1922791], [-60.7961995, 11.1920549], [-60.7963443, 11.1918108], [-60.7964167, 11.191474], [-60.7963282, 11.191224], [-60.7958534, 11.1905662], [-60.795722, 11.1902821], [-60.7957113, 11.1898137], [-60.7958427, 11.1894243], [-60.7959983, 11.1891848], [-60.7961324, 11.1890559], [-60.7962504, 11.1888691], [-60.796296, 11.1886691], [-60.7963067, 11.1884876], [-60.7963362, 11.188335], [-60.796418, 11.1881547], [-60.7969692, 11.1875982], [-60.7976425, 11.1870956], [-60.7986429, 11.1866273], [-60.7993135, 11.1864273], [-60.7999438, 11.1863168], [-60.8004373, 11.1862431], [-60.8005956, 11.1862115], [-60.8006626, 11.18613], [-60.8007029, 11.1859037], [-60.8008182, 11.1857169], [-60.8010247, 11.1855485], [-60.8012635, 11.1853958], [-60.8014914, 11.1853459], [-60.801816, 11.1853432], [-60.8020145, 11.1852827], [-60.8022183, 11.1850722], [-60.802457, 11.1847775], [-60.8027253, 11.1845986], [-60.8030176, 11.1845407], [-60.8033422, 11.1845881], [-60.8036131, 11.1847749], [-60.8038062, 11.185059], [-60.8039483, 11.1852853], [-60.8040771, 11.1853353], [-60.8043453, 11.1852959], [-60.8046363, 11.1851874], [-60.8051339, 11.1847775], [-60.805437, 11.1846407], [-60.8056703, 11.1845881], [-60.8060324, 11.1845328], [-60.8064106, 11.1844302], [-60.8067459, 11.1842907], [-60.8069953, 11.1842118], [-60.8072582, 11.1841749], [-60.8075371, 11.1840802], [-60.8077061, 11.1840697], [-60.8079046, 11.1841328], [-60.8080575, 11.1841618], [-60.8082104, 11.1841513], [-60.8083901, 11.1841618], [-60.8085296, 11.1842381], [-60.808661, 11.1842723], [-60.8088139, 11.1842512], [-60.8089748, 11.1842065], [-60.8090901, 11.1842302], [-60.809243, 11.1843565], [-60.8093476, 11.1844881], [-60.80953, 11.1847301], [-60.8096749, 11.1847828], [-60.8098975, 11.1847354], [-60.8100235, 11.1845802], [-60.8101255, 11.1843618], [-60.8102717, 11.1842078], [-60.8103696, 11.1841263], [-60.8104487, 11.1840855], [-60.8105063, 11.1840776], [-60.8105573, 11.1840684], [-60.8106136, 11.18405], [-60.8107008, 11.1839947], [-60.8107907, 11.1839381], [-60.8109194, 11.1838579], [-60.8110723, 11.1837895], [-60.811138, 11.1837303], [-60.8111823, 11.18365], [-60.8111809, 11.1835513], [-60.8111554, 11.1834356], [-60.8111373, 11.183231], [-60.8111159, 11.1831829], [-60.8110857, 11.1831619], [-60.8109221, 11.1830961], [-60.8107471, 11.1830711], [-60.8107095, 11.1830718], [-60.8106787, 11.1830777], [-60.8105674, 11.1831356], [-60.8104996, 11.1831599], [-60.8104648, 11.1831678], [-60.8103763, 11.1831658], [-60.8103072, 11.183156], [-60.8101228, 11.1831409], [-60.8097741, 11.1830093], [-60.8095917, 11.1828304], [-60.8094925, 11.1826041], [-60.8094254, 11.1820515], [-60.8093825, 11.1817621], [-60.8092913, 11.1816094], [-60.8091733, 11.1815516], [-60.8090311, 11.1814858], [-60.8089077, 11.1813621], [-60.8087924, 11.1811753], [-60.8087012, 11.1810542], [-60.8085993, 11.180999], [-60.8084437, 11.1810121], [-60.8081555, 11.1810948], [-60.8081457, 11.1810976], [-60.8080561, 11.1811371], [-60.8080012, 11.1811569], [-60.8077946, 11.1811437], [-60.8077396, 11.1811529], [-60.8072877, 11.1813582], [-60.8069631, 11.1806438], [-60.8069373, 11.180559], [-60.8069342, 11.1805488], [-60.8069312, 11.1805389], [-60.8068947, 11.1804195], [-60.8068195, 11.1796497], [-60.8067803, 11.1790871], [-60.8069562, 11.1778988], [-60.8078628, 11.1764621], [-60.8085409, 11.1756822], [-60.8094239, 11.1749812], [-60.8109007, 11.1739818], [-60.8122944, 11.1733234], [-60.8128941, 11.1731771], [-60.8133501, 11.1730999], [-60.8139391, 11.1726556], [-60.8157514, 11.1727002], [-60.8162406, 11.1725318], [-60.8181211, 11.1727892], [-60.8189486, 11.1730668], [-60.8191364, 11.1730892], [-60.8192933, 11.1730418], [-60.8194944, 11.172955], [-60.819642, 11.1729155], [-60.8199021, 11.1729234], [-60.8202884, 11.172976], [-60.8209428, 11.1730826], [-60.8213036, 11.1731023], [-60.8216067, 11.1730668], [-60.821895, 11.1730102], [-60.8220908, 11.1730116], [-60.8224247, 11.173051], [-60.8226916, 11.1730497], [-60.8229223, 11.1729958], [-60.8231154, 11.1729234], [-60.8232924, 11.1728326], [-60.8237243, 11.1725471], [-60.8242822, 11.1721103], [-60.824551, 11.1718825], [-60.8246925, 11.1717182], [-60.8247596, 11.1715209], [-60.8247918, 11.1713354], [-60.8248723, 11.1706578], [-60.8250386, 11.1696065], [-60.8250345, 11.16915], [-60.8250037, 11.1690013], [-60.8249769, 11.1689658], [-60.8249091, 11.1689441], [-60.8248246, 11.1689711], [-60.8247435, 11.169075], [-60.8247153, 11.169321], [-60.8246617, 11.1697223], [-60.8245799, 11.1700723], [-60.8243814, 11.1703907], [-60.82425, 11.1705617], [-60.8241642, 11.1706578], [-60.8240756, 11.1706999], [-60.823971, 11.1706959], [-60.8238235, 11.1706775], [-60.8236559, 11.1706959], [-60.8234735, 11.1707736], [-60.8232844, 11.1708828], [-60.8231543, 11.1709288], [-60.8230524, 11.170942], [-60.8229572, 11.1709328], [-60.8227775, 11.1709433], [-60.8226594, 11.1709736], [-60.8223617, 11.1710959], [-60.8216804, 11.1715761], [-60.8214176, 11.1717603], [-60.8212593, 11.1717919], [-60.821034, 11.1717551], [-60.8208503, 11.1715617], [-60.8206746, 11.1713433], [-60.8205244, 11.1712643], [-60.8204265, 11.1712485], [-60.8203125, 11.1712735], [-60.8202213, 11.171338], [-60.8201475, 11.1713591], [-60.8200604, 11.1713525], [-60.819941, 11.1713301], [-60.8198847, 11.1712939], [-60.8198431, 11.1712446], [-60.8198002, 11.1711617], [-60.8197171, 11.1710801], [-60.8196178, 11.1710222], [-60.8195022, 11.1709993], [-60.8187125, 11.1709572], [-60.8177684, 11.1707887], [-60.8175957, 11.1704741], [-60.817468, 11.1701572], [-60.8169101, 11.1697783], [-60.8164638, 11.1695257], [-60.8163894, 11.1692697], [-60.816438, 11.1679005], [-60.8168414, 11.1671258], [-60.8175538, 11.1670416], [-60.8180946, 11.1671932], [-60.8186099, 11.1672099], [-60.8194, 11.1669601], [-60.81966, 11.1669601], [-60.8200167, 11.1668868], [-60.8216737, 11.1668732], [-60.8226171, 11.1670023], [-60.8237662, 11.1669212], [-60.8241862, 11.1669986], [-60.8247549, 11.166857], [-60.8249678, 11.1667742], [-60.8252108, 11.1667381], [-60.8254935, 11.1666844], [-60.8260363, 11.1667291], [-60.8262885, 11.1667234], [-60.8268829, 11.1665928], [-60.8271736, 11.1665712], [-60.8274794, 11.1665396], [-60.8277959, 11.1665028], [-60.8281392, 11.1664133], [-60.828284, 11.1663738], [-60.8283457, 11.1663607], [-60.8284557, 11.1663817], [-60.8286139, 11.1664344], [-60.8287132, 11.1665054], [-60.8288339, 11.1665554], [-60.828917, 11.1665738], [-60.8289921, 11.1665633], [-60.8290565, 11.1665159], [-60.8291638, 11.1664396], [-60.8292416, 11.1664054], [-60.8293059, 11.166366], [-60.8293811, 11.1663396], [-60.8294374, 11.166316], [-60.8295125, 11.1663212], [-60.8295769, 11.1663686], [-60.8296412, 11.1664107], [-60.8297163, 11.166416], [-60.8298424, 11.1663475], [-60.8299926, 11.1663054], [-60.8300757, 11.1662949], [-60.8301348, 11.1663081], [-60.8302447, 11.1663502], [-60.8302957, 11.1663581], [-60.8303869, 11.1663581], [-60.8305103, 11.166387], [-60.8307034, 11.1664502], [-60.8308134, 11.1664844], [-60.8308965, 11.1665423], [-60.830926, 11.1665844], [-60.8309716, 11.1666054], [-60.8310869, 11.1666107], [-60.8312398, 11.1666554], [-60.8313739, 11.1666844], [-60.8314946, 11.1667422], [-60.8315671, 11.1667765], [-60.8316475, 11.1668054], [-60.831728, 11.1668238], [-60.8317924, 11.166837], [-60.831854, 11.1668317], [-60.8319345, 11.166837], [-60.8319694, 11.166858], [-60.8319882, 11.1669054], [-60.8320123, 11.1669607], [-60.8320713, 11.1670185], [-60.8321598, 11.1670738], [-60.8322617, 11.167108], [-60.8323449, 11.1671343], [-60.8324066, 11.167137], [-60.8324495, 11.167108], [-60.8324683, 11.1670659], [-60.8325139, 11.1670212], [-60.8325622, 11.1670159], [-60.8326909, 11.1670738], [-60.8327982, 11.1671133], [-60.8328706, 11.1671264], [-60.8330369, 11.1672027], [-60.8330986, 11.1672238], [-60.8331496, 11.1672133], [-60.8332032, 11.1671817], [-60.8332622, 11.1671501], [-60.8333507, 11.1671396], [-60.8334553, 11.1671501], [-60.8335868, 11.1671554], [-60.8337933, 11.1670949], [-60.8339113, 11.1670791], [-60.8339891, 11.1671001], [-60.8340642, 11.1671449], [-60.834142, 11.1671554], [-60.8342439, 11.1671554], [-60.8343968, 11.1670896], [-60.8344504, 11.1670764], [-60.8345094, 11.1670685], [-60.8346033, 11.1670817], [-60.8347294, 11.1671791], [-60.8349413, 11.1673633], [-60.8353248, 11.1677843], [-60.8357137, 11.1682027], [-60.8359337, 11.1684895], [-60.8362328, 11.1689213], [-60.8364487, 11.1692947], [-60.8366941, 11.1697783], [-60.8368188, 11.1702157], [-60.8368644, 11.1704525], [-60.8368761, 11.1707763], [-60.8367834, 11.1714553], [-60.8368065, 11.1717103], [-60.8368826, 11.1719741], [-60.8369619, 11.1721607], [-60.8370521, 11.1723768], [-60.8372223, 11.1726369], [-60.8373074, 11.172724], [-60.8374617, 11.1728281], [-60.8376437, 11.1729398], [-60.8378826, 11.1730398], [-60.8382067, 11.1731447], [-60.8384612, 11.1732066], [-60.838687, 11.1732307], [-60.8388189, 11.173244], [-60.8389309, 11.1732387], [-60.8390752, 11.1731745], [-60.8392025, 11.1730795], [-60.8392997, 11.1729752], [-60.8394129, 11.1728571], [-60.8394566, 11.1727836], [-60.8394404, 11.1726927], [-60.8393755, 11.17264], [-60.8393662, 11.1725231], [-60.8394457, 11.1722537], [-60.839565, 11.1716269], [-60.8396723, 11.1714033], [-60.8397915, 11.1712245], [-60.8398653, 11.1711971], [-60.8398897, 11.1711561], [-60.8399077, 11.1711258], [-60.8399555, 11.1711531], [-60.840153, 11.1708536], [-60.8410026, 11.17005], [-60.8412267, 11.1696787], [-60.8413518, 11.1687362], [-60.8413639, 11.1678635], [-60.8413044, 11.1672398], [-60.8411575, 11.1664554], [-60.8410261, 11.1658842], [-60.8407169, 11.165234], [-60.8403165, 11.1646985], [-60.8403326, 11.1640774], [-60.8402073, 11.163747], [-60.8402495, 11.1634728], [-60.8401662, 11.1631921], [-60.8401658, 11.1631752], [-60.8398159, 11.1625018], [-60.8398792, 11.1620425], [-60.8398792, 11.1619056], [-60.8398443, 11.1617372], [-60.8396995, 11.1613609], [-60.8389726, 11.1600241], [-60.8387929, 11.1596505], [-60.8385569, 11.1589557], [-60.8385115, 11.1586923], [-60.8384979, 11.1586137], [-60.8384737, 11.15824], [-60.8385086, 11.1580479], [-60.8385656, 11.1579851], [-60.8386707, 11.1579811], [-60.8387125, 11.1579795], [-60.838809, 11.1580071], [-60.8388613, 11.1579729], [-60.8389324, 11.1577426], [-60.8390182, 11.1574663], [-60.8391429, 11.1572676], [-60.8392891, 11.1571571], [-60.8394916, 11.15709], [-60.8396317, 11.1570719], [-60.8397196, 11.1570562], [-60.8397532, 11.1570502], [-60.8398444, 11.1570268], [-60.8399114, 11.1570163], [-60.8399496, 11.1569841], [-60.8399496, 11.1569394], [-60.8399221, 11.1568611], [-60.8398421, 11.1567753], [-60.8397263, 11.156694], [-60.8397062, 11.1566578], [-60.8396995, 11.156613], [-60.8398591, 11.1563098], [-60.840409, 11.1554808], [-60.8406866, 11.1550598], [-60.8409199, 11.1548729], [-60.8411519, 11.1548006], [-60.8414456, 11.1547947], [-60.8416951, 11.1547611], [-60.8418788, 11.1547124], [-60.8421949, 11.1546355], [-60.8428001, 11.1544096], [-60.8428913, 11.1543269], [-60.8429598, 11.1542537], [-60.8430952, 11.1539085], [-60.8431864, 11.1538085], [-60.8437336, 11.1534874], [-60.8441104, 11.1532789], [-60.844264, 11.1532026], [-60.8443498, 11.1531815], [-60.8444618, 11.1531631], [-60.84451, 11.153148], [-60.8445637, 11.1531105], [-60.8447729, 11.1529394], [-60.8449781, 11.1527644], [-60.8451323, 11.1526381], [-60.845314, 11.1524513], [-60.8453912, 11.1523], [-60.845428, 11.1522092], [-60.8454609, 11.152044], [-60.8456138, 11.151448], [-60.8456755, 11.1511164], [-60.8457023, 11.1503506]]]}, "bbox": [-60.8457023, 11.1341153, -60.5176038, 11.3467272]}